date,tenor_yrs,yield_pct
2020-07-22,0.4462696783025325,2.07
2020-07-22,0.4462696783025325,2.06
2020-07-22,1.4455852156057496,3.07
2020-07-22,2.4449007529089664,4.1899999999999995
2020-07-22,2.4449007529089664,4.09
2020-07-22,4.446269678302532,5.699999999999999
2020-07-22,4.446269678302532,5.380000000000001
2020-07-22,5.44558521560575,6.119999999999999
2020-07-22,6.444900752908967,6.140000000000001
2020-07-22,8.446269678302533,6.48
2020-07-22,10.444900752908966,6.71
2020-07-23,0.44353182751540043,2.08
2020-07-23,0.44353182751540043,2.07
2020-07-23,1.4428473648186173,3.1
2020-07-23,2.4421629021218343,4.24
2020-07-23,2.4421629021218343,4.15
2020-07-23,4.4435318275154,5.79
2020-07-23,4.4435318275154,5.48
2020-07-23,5.4428473648186175,6.23
2020-07-23,6.442162902121835,6.25
2020-07-23,8.4435318275154,6.609999999999999
2020-07-23,10.442162902121835,6.859999999999999
2020-07-24,0.4407939767282683,2.0
2020-07-24,0.4407939767282683,1.9899999999999998
2020-07-24,1.4401095140314852,2.98
2020-07-24,2.439425051334702,4.109999999999999
2020-07-24,2.439425051334702,4.02
2020-07-24,4.440793976728268,5.71
2020-07-24,4.440793976728268,5.4
2020-07-24,5.4401095140314855,6.17
2020-07-24,6.439425051334703,6.24
2020-07-24,8.44079397672827,6.609999999999999
2020-07-24,10.439425051334702,6.890000000000001
2020-07-27,0.432580424366872,1.9699999999999998
2020-07-27,0.432580424366872,1.9699999999999998
2020-07-27,1.431895961670089,2.89
2020-07-27,2.431211498973306,3.94
2020-07-27,2.431211498973306,3.84
2020-07-27,4.432580424366872,5.59
2020-07-27,4.432580424366872,5.26
2020-07-27,5.431895961670089,6.08
2020-07-27,6.431211498973306,6.140000000000001
2020-07-27,8.432580424366872,6.550000000000001
2020-07-27,10.431211498973306,6.859999999999999
2020-07-28,0.42984257357973993,1.96
2020-07-28,0.42984257357973993,1.9699999999999998
2020-07-28,1.429158110882957,2.88
2020-07-28,2.428473648186174,3.98
2020-07-28,2.428473648186174,3.87
2020-07-28,4.42984257357974,5.609999999999999
2020-07-28,4.42984257357974,5.279999999999999
2020-07-28,5.429158110882957,6.109999999999999
2020-07-28,6.4284736481861735,6.17
2020-07-28,8.429842573579739,6.550000000000001
2020-07-28,10.428473648186174,6.84
2020-07-29,0.4271047227926078,1.94
2020-07-29,0.4271047227926078,1.9499999999999997
2020-07-29,1.4264202600958247,2.82
2020-07-29,2.425735797399042,3.91
2020-07-29,2.425735797399042,3.81
2020-07-29,4.427104722792608,5.52
2020-07-29,4.427104722792608,5.1899999999999995
2020-07-29,5.426420260095825,6.02
2020-07-29,6.425735797399041,6.08
2020-07-29,8.427104722792608,6.46
2020-07-29,10.425735797399042,6.75
2020-07-30,0.4243668720054757,1.96
2020-07-30,0.4243668720054757,1.9699999999999998
2020-07-30,1.4236824093086926,2.87
2020-07-30,2.42299794661191,4.0
2020-07-30,2.42299794661191,3.9
2020-07-30,4.424366872005476,5.640000000000001
2020-07-30,4.424366872005476,5.32
2020-07-30,5.423682409308693,6.119999999999999
2020-07-30,6.422997946611909,6.199999999999999
2020-07-30,8.424366872005475,6.5600000000000005
2020-07-30,10.42299794661191,6.84
2020-07-31,0.4216290212183436,1.94
2020-07-31,0.4216290212183436,1.9499999999999997
2020-07-31,1.4209445585215605,2.73
2020-07-31,2.4202600958247777,3.79
2020-07-31,2.4202600958247777,3.7
2020-07-31,4.421629021218344,5.41
2020-07-31,4.421629021218344,5.07
2020-07-31,5.420944558521561,5.9
2020-07-31,6.420260095824777,5.949999999999999
2020-07-31,8.421629021218344,6.35
2020-07-31,10.420260095824778,6.630000000000001
2020-08-03,0.4134154688569473,1.9499999999999997
2020-08-03,0.4134154688569473,1.96
2020-08-03,1.4127310061601643,2.7800000000000002
2020-08-03,2.412046543463381,3.84
2020-08-03,2.412046543463381,3.75
2020-08-03,4.413415468856948,5.4
2020-08-03,4.413415468856948,5.08
2020-08-03,5.412731006160164,5.869999999999999
2020-08-03,6.412046543463381,5.93
2020-08-03,8.413415468856947,6.32
2020-08-03,10.412046543463381,6.6
2020-08-04,0.4106776180698152,1.9300000000000002
2020-08-04,0.4106776180698152,1.9499999999999997
2020-08-04,1.4099931553730323,2.8
2020-08-04,2.409308692676249,3.84
2020-08-04,2.409308692676249,3.75
2020-08-04,4.4106776180698155,5.42
2020-08-04,4.4106776180698155,5.1
2020-08-04,5.409993155373032,5.9
2020-08-04,6.409308692676249,5.96
2020-08-04,8.410677618069816,6.35
2020-08-04,10.40930869267625,6.65
2020-08-05,0.4079397672826831,1.9499999999999997
2020-08-05,0.4079397672826831,1.96
2020-08-05,1.4072553045859,2.81
2020-08-05,2.406570841889117,3.89
2020-08-05,2.406570841889117,3.8
2020-08-05,4.407939767282683,5.449999999999999
2020-08-05,4.407939767282683,5.119999999999999
2020-08-05,5.4072553045859,5.91
2020-08-05,6.406570841889117,5.970000000000001
2020-08-05,8.407939767282683,6.369999999999999
2020-08-05,10.406570841889117,6.640000000000001
2020-08-06,0.405201916495551,1.9
2020-08-06,0.405201916495551,1.9100000000000001
2020-08-06,1.404517453798768,2.74
2020-08-06,2.403832991101985,3.86
2020-08-06,2.403832991101985,3.77
2020-08-06,4.405201916495551,5.5600000000000005
2020-08-06,4.405201916495551,5.220000000000001
2020-08-06,5.404517453798768,6.050000000000001
2020-08-06,6.403832991101985,6.1
2020-08-06,8.405201916495551,6.52
2020-08-06,10.403832991101986,6.83
2020-08-07,0.4024640657084189,1.8900000000000001
2020-08-07,0.4024640657084189,1.8900000000000001
2020-08-07,1.4017796030116358,2.69
2020-08-07,2.401095140314853,3.81
2020-08-07,2.401095140314853,3.71
2020-08-07,4.402464065708419,5.49
2020-08-07,4.402464065708419,5.15
2020-08-07,5.401779603011636,6.0
2020-08-07,6.401095140314853,6.050000000000001
2020-08-07,8.402464065708418,6.449999999999999
2020-08-07,10.401095140314853,6.76
2020-08-10,0.3942505133470226,1.9100000000000001
2020-08-10,0.3942505133470226,1.92
2020-08-10,1.3935660506502396,2.7800000000000002
2020-08-10,2.3928815879534566,3.93
2020-08-10,2.3928815879534566,3.83
2020-08-10,4.394250513347022,5.640000000000001
2020-08-10,4.394250513347022,5.279999999999999
2020-08-10,5.393566050650239,6.16
2020-08-10,6.392881587953457,6.18
2020-08-10,8.394250513347023,6.529999999999999
2020-08-10,10.392881587953456,6.82
2020-08-11,0.3915126625598905,1.9
2020-08-11,0.3915126625598905,1.9
2020-08-11,1.3908281998631074,2.79
2020-08-11,2.3901437371663246,3.97
2020-08-11,2.3901437371663246,3.87
2020-08-11,4.39151266255989,5.720000000000001
2020-08-11,4.39151266255989,5.359999999999999
2020-08-11,5.390828199863107,6.24
2020-08-11,6.3901437371663246,6.279999999999999
2020-08-11,8.39151266255989,6.619999999999999
2020-08-11,10.390143737166325,6.92
2020-08-12,0.3887748117727584,1.9100000000000001
2020-08-12,0.3887748117727584,1.92
2020-08-12,1.3880903490759753,2.84
2020-08-12,2.3874058863791925,4.0600000000000005
2020-08-12,2.3874058863791925,3.95
2020-08-12,4.388774811772758,5.85
2020-08-12,4.388774811772758,5.49
2020-08-12,5.388090349075975,6.390000000000001
2020-08-12,6.3874058863791925,6.4
2020-08-12,8.388774811772759,6.77
2020-08-12,10.387405886379192,7.07
2020-08-13,0.3860369609856263,1.9
2020-08-13,0.3860369609856263,1.92
2020-08-13,1.3853524982888432,2.83
2020-08-13,2.3846680355920604,4.050000000000001
2020-08-13,2.3846680355920604,3.95
2020-08-13,4.386036960985626,5.83
2020-08-13,4.386036960985626,5.48
2020-08-13,5.385352498288843,6.369999999999999
2020-08-13,6.38466803559206,6.390000000000001
2020-08-13,8.386036960985626,6.76
2020-08-13,10.38466803559206,7.050000000000001
2020-08-14,0.38329911019849416,1.94
2020-08-14,0.38329911019849416,1.9499999999999997
2020-08-14,1.3826146475017111,2.95
2020-08-14,2.3819301848049284,4.199999999999999
2020-08-14,2.3819301848049284,4.1
2020-08-14,4.383299110198494,6.07
2020-08-14,4.383299110198494,5.71
2020-08-14,5.382614647501711,6.630000000000001
2020-08-14,6.381930184804928,6.67
2020-08-14,8.383299110198495,7.0600000000000005
2020-08-14,10.381930184804927,7.380000000000001
2020-08-17,0.3750855578370979,1.94
2020-08-17,0.3750855578370979,1.9499999999999997
2020-08-17,1.374401095140315,2.92
2020-08-17,2.3737166324435317,4.140000000000001
2020-08-17,2.3737166324435317,4.050000000000001
2020-08-17,4.375085557837098,5.99
2020-08-17,4.375085557837098,5.65
2020-08-17,5.374401095140315,6.529999999999999
2020-08-17,6.373716632443532,6.59
2020-08-17,8.375085557837098,6.98
2020-08-17,10.373716632443532,7.29
2020-08-18,0.3723477070499658,1.92
2020-08-18,0.3723477070499658,1.94
2020-08-18,1.3716632443531827,2.86
2020-08-18,2.3709787816563996,4.07
2020-08-18,2.3709787816563996,3.98
2020-08-18,4.372347707049966,5.93
2020-08-18,4.372347707049966,5.58
2020-08-18,5.371663244353183,6.470000000000001
2020-08-18,6.3709787816564,6.51
2020-08-18,8.372347707049967,6.91
2020-08-18,10.3709787816564,7.23
2020-08-19,0.36960985626283366,1.9100000000000001
2020-08-19,0.36960985626283366,1.94
2020-08-19,1.3689253935660506,2.8
2020-08-19,2.3682409308692676,4.01
2020-08-19,2.3682409308692676,3.92
2020-08-19,4.369609856262834,5.85
2020-08-19,4.369609856262834,5.51
2020-08-19,5.368925393566051,6.4
2020-08-19,6.368240930869268,6.449999999999999
2020-08-19,8.369609856262834,6.85
2020-08-19,10.368240930869268,7.15
2020-08-20,0.3668720054757016,1.98
2020-08-20,0.3668720054757016,1.96
2020-08-20,1.3661875427789185,2.9699999999999998
2020-08-20,2.3655030800821355,4.1899999999999995
2020-08-20,2.3655030800821355,4.279999999999999
2020-08-20,4.3668720054757015,5.93
2020-08-20,4.3668720054757015,6.279999999999999
2020-08-20,5.366187542778919,6.82
2020-08-20,6.365503080082136,6.880000000000001
2020-08-20,8.366872005475702,7.25
2020-08-20,10.365503080082135,7.550000000000001
2020-08-21,0.36413415468856947,1.9699999999999998
2020-08-21,0.36413415468856947,1.98
2020-08-21,1.3634496919917864,2.93
2020-08-21,2.3627652292950034,4.140000000000001
2020-08-21,2.3627652292950034,4.04
2020-08-21,4.3641341546885695,6.02
2020-08-21,4.3641341546885695,5.68
2020-08-21,5.363449691991787,6.57
2020-08-21,6.362765229295003,6.6
2020-08-21,8.36413415468857,6.99
2020-08-21,10.362765229295004,7.279999999999999
2020-08-24,0.35592060232717315,1.9499999999999997
2020-08-24,0.35592060232717315,1.9499999999999997
2020-08-24,1.3552361396303902,2.88
2020-08-24,2.3545516769336072,4.050000000000001
2020-08-24,2.3545516769336072,3.95
2020-08-24,4.355920602327173,5.890000000000001
2020-08-24,4.355920602327173,5.54
2020-08-24,5.3552361396303905,6.449999999999999
2020-08-24,6.354551676933607,6.449999999999999
2020-08-24,8.355920602327172,6.85
2020-08-24,10.354551676933607,7.140000000000001
2020-08-25,0.3531827515400411,1.98
2020-08-25,0.3531827515400411,1.9699999999999998
2020-08-25,1.352498288843258,2.9
2020-08-25,2.351813826146475,4.119999999999999
2020-08-25,2.351813826146475,4.01
2020-08-25,4.353182751540041,5.99
2020-08-25,4.353182751540041,5.630000000000001
2020-08-25,5.352498288843258,6.54
2020-08-25,6.351813826146475,6.54
2020-08-25,8.353182751540041,6.92
2020-08-25,10.351813826146476,7.21
2020-08-26,0.35044490075290896,1.98
2020-08-26,0.35044490075290896,1.98
2020-08-26,1.3497604380561259,2.92
2020-08-26,2.349075975359343,4.15
2020-08-26,2.349075975359343,4.04
2020-08-26,4.350444900752909,6.029999999999999
2020-08-26,4.350444900752909,5.68
2020-08-26,5.349760438056126,6.58
2020-08-26,6.349075975359343,6.5600000000000005
2020-08-26,8.350444900752908,6.93
2020-08-26,10.349075975359343,7.24
2020-08-27,0.34770704996577684,2.02
2020-08-27,0.34770704996577684,2.02
2020-08-27,1.3470225872689938,2.99
2020-08-27,2.346338124572211,4.27
2020-08-27,2.346338124572211,4.16
2020-08-27,4.347707049965777,6.199999999999999
2020-08-27,4.347707049965777,5.84
2020-08-27,5.347022587268994,6.75
2020-08-27,6.346338124572211,6.720000000000001
2020-08-27,8.347707049965777,7.09
2020-08-27,10.346338124572211,7.34
2020-08-28,0.34496919917864477,2.03
2020-08-28,0.34496919917864477,2.02
2020-08-28,1.3442847364818618,2.98
2020-08-28,2.3436002737850785,4.220000000000001
2020-08-28,2.3436002737850785,4.119999999999999
2020-08-28,4.344969199178645,6.119999999999999
2020-08-28,4.344969199178645,5.76
2020-08-28,5.344284736481861,6.66
2020-08-28,6.3436002737850785,6.630000000000001
2020-08-28,8.344969199178644,6.99
2020-08-28,10.343600273785079,7.24
2020-08-31,0.33675564681724846,2.03
2020-08-31,0.33675564681724846,2.02
2020-08-31,1.3360711841204653,2.9699999999999998
2020-08-31,2.3353867214236823,4.21
2020-08-31,2.3353867214236823,4.109999999999999
2020-08-31,4.336755646817249,6.07
2020-08-31,4.336755646817249,5.73
2020-08-31,5.336071184120465,6.59
2020-08-31,6.335386721423682,6.58
2020-08-31,8.336755646817249,6.92
2020-08-31,10.335386721423683,7.18
2020-09-01,0.33401779603011633,2.06
2020-09-01,0.33401779603011633,2.04
2020-09-01,1.3333333333333333,2.9699999999999998
2020-09-01,2.3326488706365502,4.1899999999999995
2020-09-01,2.3326488706365502,4.1
2020-09-01,4.334017796030117,6.08
2020-09-01,4.334017796030117,5.73
2020-09-01,5.333333333333333,6.609999999999999
2020-09-01,6.33264887063655,6.59
2020-09-01,8.334017796030116,6.92
2020-09-01,10.33264887063655,7.18
2020-09-02,0.33127994524298426,2.03
2020-09-02,0.33127994524298426,2.01
2020-09-02,1.3305954825462012,2.92
2020-09-02,2.329911019849418,4.119999999999999
2020-09-02,2.329911019849418,4.03
2020-09-02,4.331279945242985,5.98
2020-09-02,4.331279945242985,5.630000000000001
2020-09-02,5.330595482546201,6.51
2020-09-02,6.329911019849418,6.48
2020-09-02,8.331279945242985,6.83
2020-09-02,10.329911019849419,7.1
2020-09-03,0.32854209445585214,2.03
2020-09-03,0.32854209445585214,2.0
2020-09-03,1.3278576317590691,2.98
2020-09-03,2.327173169062286,4.21
2020-09-03,2.327173169062286,4.109999999999999
2020-09-03,4.328542094455853,6.0600000000000005
2020-09-03,4.328542094455853,5.699999999999999
2020-09-03,5.327857631759069,6.58
2020-09-03,6.327173169062286,6.5600000000000005
2020-09-03,8.328542094455852,6.91
2020-09-03,10.327173169062286,7.18
2020-09-04,0.3258042436687201,1.9899999999999998
2020-09-04,0.3258042436687201,1.9499999999999997
2020-09-04,1.325119780971937,2.88
2020-09-04,2.324435318275154,4.109999999999999
2020-09-04,2.324435318275154,4.01
2020-09-04,4.32580424366872,5.949999999999999
2020-09-04,4.32580424366872,5.59
2020-09-04,5.325119780971937,6.470000000000001
2020-09-04,6.324435318275154,6.43
2020-09-04,8.32580424366872,6.79
2020-09-04,10.324435318275153,7.07
2020-09-08,0.31485284052019163,2.01
2020-09-08,0.31485284052019163,1.9499999999999997
2020-09-08,1.3141683778234086,2.92
2020-09-08,2.3134839151266258,4.15
2020-09-08,2.3134839151266258,4.050000000000001
2020-09-08,4.314852840520191,6.0
2020-09-08,4.314852840520191,5.630000000000001
2020-09-08,5.314168377823409,6.52
2020-09-08,6.313483915126626,6.49
2020-09-08,8.314852840520192,6.85
2020-09-08,10.313483915126625,7.119999999999999
2020-09-09,0.31211498973305957,2.01
2020-09-09,0.31211498973305957,1.94
2020-09-09,1.3114305270362765,2.94
2020-09-09,2.3107460643394937,4.1899999999999995
2020-09-09,2.3107460643394937,4.08
2020-09-09,4.312114989733059,6.050000000000001
2020-09-09,4.312114989733059,5.67
2020-09-09,5.3114305270362765,6.5600000000000005
2020-09-09,6.310746064339494,6.49
2020-09-09,8.31211498973306,6.85
2020-09-09,10.310746064339494,7.140000000000001
2020-09-10,0.30937713894592744,2.03
2020-09-10,0.30937713894592744,1.9499999999999997
2020-09-10,1.3086926762491444,2.9699999999999998
2020-09-10,2.308008213552361,4.23
2020-09-10,2.308008213552361,4.130000000000001
2020-09-10,4.309377138945927,6.08
2020-09-10,4.309377138945927,5.699999999999999
2020-09-10,5.308692676249144,6.59
2020-09-10,6.308008213552362,6.52
2020-09-10,8.309377138945928,6.880000000000001
2020-09-10,10.30800821355236,7.16
2020-09-11,0.3066392881587953,2.03
2020-09-11,0.3066392881587953,1.94
2020-09-11,1.3059548254620124,2.98
2020-09-11,2.305270362765229,4.27
2020-09-11,2.305270362765229,4.16
2020-09-11,4.306639288158795,6.23
2020-09-11,4.306639288158795,5.83
2020-09-11,5.305954825462012,6.75
2020-09-11,6.30527036276523,6.699999999999999
2020-09-11,8.306639288158795,7.0600000000000005
2020-09-11,10.30527036276523,7.369999999999999
2020-09-14,0.29842573579739906,2.01
2020-09-14,0.29842573579739906,1.92
2020-09-14,1.297741273100616,2.96
2020-09-14,2.297056810403833,4.27
2020-09-14,2.297056810403833,4.16
2020-09-14,4.298425735797399,6.199999999999999
2020-09-14,4.298425735797399,5.800000000000001
2020-09-14,5.297741273100616,6.720000000000001
2020-09-14,6.297056810403833,6.65
2020-09-14,8.2984257357974,7.029999999999999
2020-09-14,10.297056810403832,7.32
2020-09-15,0.29568788501026694,2.01
2020-09-15,0.29568788501026694,1.9100000000000001
2020-09-15,1.2950034223134839,2.95
2020-09-15,2.294318959616701,4.25
2020-09-15,2.294318959616701,4.140000000000001
2020-09-15,4.295687885010267,6.1899999999999995
2020-09-15,4.295687885010267,5.79
2020-09-15,5.295003422313484,6.73
2020-09-15,6.294318959616701,6.65
2020-09-15,8.295687885010267,7.01
2020-09-15,10.294318959616701,7.32
2020-09-16,0.2929500342231348,2.03
2020-09-16,0.2929500342231348,1.9300000000000002
2020-09-16,1.2922655715263518,2.99
2020-09-16,2.291581108829569,4.33
2020-09-16,2.291581108829569,4.23
2020-09-16,4.292950034223135,6.27
2020-09-16,4.292950034223135,5.869999999999999
2020-09-16,5.292265571526352,6.8100000000000005
2020-09-16,6.291581108829569,6.75
2020-09-16,8.292950034223136,7.09
2020-09-16,10.291581108829568,7.4
2020-09-17,0.29021218343600275,2.04
2020-09-17,0.29021218343600275,1.9300000000000002
2020-09-17,1.2895277207392197,3.02
2020-09-17,2.2888432580424367,4.46
2020-09-17,2.2888432580424367,4.359999999999999
2020-09-17,4.290212183436003,6.41
2020-09-17,4.290212183436003,6.02
2020-09-17,5.28952772073922,6.96
2020-09-17,6.288843258042436,6.9
2020-09-17,8.290212183436003,7.24
2020-09-17,10.288843258042437,7.54
2020-09-18,0.2874743326488706,2.04
2020-09-18,0.2874743326488706,1.9300000000000002
2020-09-18,1.2867898699520877,2.96
2020-09-18,2.2861054072553046,4.34
2020-09-18,2.2861054072553046,4.25
2020-09-18,4.287474332648871,6.32
2020-09-18,4.287474332648871,5.9399999999999995
2020-09-18,5.286789869952088,6.859999999999999
2020-09-18,6.286105407255304,6.8100000000000005
2020-09-18,8.28747433264887,7.140000000000001
2020-09-18,10.286105407255304,7.43
2020-09-21,0.2792607802874743,2.09
2020-09-21,0.2792607802874743,1.9699999999999998
2020-09-21,1.2785763175906912,3.15
2020-09-21,2.2778918548939084,4.68
2020-09-21,2.2778918548939084,4.58
2020-09-21,4.2792607802874745,6.6899999999999995
2020-09-21,4.2792607802874745,6.279999999999999
2020-09-21,5.278576317590692,7.220000000000001
2020-09-21,6.277891854893908,7.140000000000001
2020-09-21,8.279260780287474,7.4399999999999995
2020-09-21,10.277891854893909,7.75
2020-09-22,0.27652292950034224,2.09
2020-09-22,0.27652292950034224,1.9100000000000001
2020-09-22,1.2758384668035592,3.05
2020-09-22,2.2751540041067764,4.54
2020-09-22,2.2751540041067764,4.4399999999999995
2020-09-22,4.276522929500342,6.529999999999999
2020-09-22,4.276522929500342,6.1
2020-09-22,5.27583846680356,7.07
2020-09-22,6.275154004106776,6.96
2020-09-22,8.276522929500342,7.26
2020-09-22,10.275154004106776,7.57
2020-09-23,0.2737850787132101,2.15
2020-09-23,0.2737850787132101,1.9100000000000001
2020-09-23,1.273100616016427,3.05
2020-09-23,2.272416153319644,4.609999999999999
2020-09-23,2.272416153319644,4.49
2020-09-23,4.27378507871321,6.630000000000001
2020-09-23,4.27378507871321,6.16
2020-09-23,5.2731006160164275,7.16
2020-09-23,6.272416153319644,7.029999999999999
2020-09-23,8.27378507871321,7.300000000000001
2020-09-23,10.272416153319645,7.57
2020-09-24,0.27104722792607805,2.16
2020-09-24,0.27104722792607805,1.87
2020-09-24,1.270362765229295,3.05
2020-09-24,2.269678302532512,4.619999999999999
2020-09-24,2.269678302532512,4.5
2020-09-24,4.271047227926078,6.68
2020-09-24,4.271047227926078,6.220000000000001
2020-09-24,5.270362765229295,7.21
2020-09-24,6.269678302532512,7.08
2020-09-24,8.271047227926077,7.35
2020-09-24,10.269678302532512,7.67
2020-09-25,0.2683093771389459,2.17
2020-09-25,0.2683093771389459,1.83
2020-09-25,1.267624914442163,2.94
2020-09-25,2.2669404517453797,4.4399999999999995
2020-09-25,2.2669404517453797,4.32
2020-09-25,4.268309377138946,6.470000000000001
2020-09-25,4.268309377138946,6.029999999999999
2020-09-25,5.2676249144421625,7.01
2020-09-25,6.26694045174538,6.9
2020-09-25,8.268309377138946,7.18
2020-09-25,10.26694045174538,7.48
2020-09-28,0.2600958247775496,2.16
2020-09-28,0.2600958247775496,1.8399999999999999
2020-09-28,1.2594113620807665,2.91
2020-09-28,2.2587268993839835,4.369999999999999
2020-09-28,2.2587268993839835,4.25
2020-09-28,4.26009582477755,6.4
2020-09-28,4.26009582477755,5.949999999999999
2020-09-28,5.259411362080766,6.9399999999999995
2020-09-28,6.2587268993839835,6.85
2020-09-28,8.260095824777549,7.09
2020-09-28,10.258726899383984,7.390000000000001
2020-09-29,0.25735797399041754,2.23
2020-09-29,0.25735797399041754,1.9100000000000001
2020-09-29,1.2566735112936345,3.2
2020-09-29,2.2559890485968515,4.8100000000000005
2020-09-29,2.2559890485968515,4.68
2020-09-29,4.257357973990418,6.9399999999999995
2020-09-29,4.257357973990418,6.449999999999999
2020-09-29,5.256673511293634,7.48
2020-09-29,6.2559890485968515,7.390000000000001
2020-09-29,8.257357973990418,7.630000000000001
2020-09-29,10.255989048596852,7.92
2020-09-30,0.2546201232032854,2.2199999999999998
2020-09-30,0.2546201232032854,1.92
2020-09-30,1.2539356605065024,3.23
2020-09-30,2.2532511978097194,4.85
2020-09-30,2.2532511978097194,4.720000000000001
2020-09-30,4.254620123203286,6.869999999999999
2020-09-30,4.254620123203286,6.380000000000001
2020-09-30,5.253935660506502,7.41
2020-09-30,6.253251197809719,7.279999999999999
2020-09-30,8.254620123203285,7.52
2020-09-30,10.25325119780972,7.8100000000000005
2020-10-01,0.2518822724161533,2.06
2020-10-01,0.2518822724161533,1.98
2020-10-01,1.2511978097193703,3.13
2020-10-01,2.2505133470225873,4.74
2020-10-01,2.2505133470225873,4.609999999999999
2020-10-01,4.251882272416153,6.779999999999999
2020-10-01,4.251882272416153,6.279999999999999
2020-10-01,5.25119780971937,7.3100000000000005
2020-10-01,6.250513347022587,7.16
2020-10-01,8.251882272416154,7.41
2020-10-01,10.250513347022586,7.720000000000001
2020-10-02,0.24914442162902123,2.07
2020-10-02,0.24914442162902123,2.01
2020-10-02,1.2484599589322383,3.2
2020-10-02,2.2477754962354553,4.800000000000001
2020-10-02,2.2477754962354553,4.630000000000001
2020-10-02,4.249144421629021,6.76
2020-10-02,4.249144421629021,6.220000000000001
2020-10-02,5.248459958932238,7.27
2020-10-02,6.247775496235455,7.050000000000001
2020-10-02,8.24914442162902,7.300000000000001
2020-10-02,10.247775496235455,7.6
2020-10-05,0.24093086926762491,2.1
2020-10-05,0.24093086926762491,2.1
2020-10-05,1.2402464065708418,3.6
2020-10-05,2.239561943874059,5.21
2020-10-05,2.239561943874059,5.050000000000001
2020-10-05,4.240930869267625,7.130000000000001
2020-10-05,4.240930869267625,6.6
2020-10-05,5.240246406570842,7.59
2020-10-05,6.239561943874059,7.359999999999999
2020-10-05,8.240930869267626,7.58
2020-10-05,10.239561943874058,7.83
2020-10-06,0.23819301848049282,2.01
2020-10-06,0.23819301848049282,2.05
2020-10-06,1.2375085557837098,3.26
2020-10-06,2.236824093086927,4.84
2020-10-06,2.236824093086927,4.67
2020-10-06,4.238193018480493,6.75
2020-10-06,4.238193018480493,6.24
2020-10-06,5.23750855578371,7.220000000000001
2020-10-06,6.236824093086927,7.029999999999999
2020-10-06,8.238193018480493,7.26
2020-10-06,10.236824093086927,7.529999999999999
2020-10-07,0.23545516769336072,2.12
2020-10-07,0.23545516769336072,2.09
2020-10-07,1.2347707049965777,3.51
2020-10-07,2.2340862422997945,5.140000000000001
2020-10-07,2.2340862422997945,4.96
2020-10-07,4.2354551676933605,7.050000000000001
2020-10-07,4.2354551676933605,6.5600000000000005
2020-10-07,5.234770704996578,7.529999999999999
2020-10-07,6.234086242299795,7.359999999999999
2020-10-07,8.235455167693361,7.58
2020-10-07,10.234086242299794,7.82
2020-10-08,0.2327173169062286,2.14
2020-10-08,0.2327173169062286,2.11
2020-10-08,1.2320328542094456,3.38
2020-10-08,2.2313483915126624,5.01
2020-10-08,2.2313483915126624,4.859999999999999
2020-10-08,4.232717316906228,7.02
2020-10-08,4.232717316906228,6.5600000000000005
2020-10-08,5.232032854209446,7.52
2020-10-08,6.231348391512663,7.42
2020-10-08,8.232717316906228,7.68
2020-10-08,10.231348391512663,7.9399999999999995
2020-10-09,0.2299794661190965,2.08
2020-10-09,0.2299794661190965,2.07
2020-10-09,1.2292950034223136,3.32
2020-10-09,2.2286105407255303,4.92
2020-10-09,2.2286105407255303,4.779999999999999
2020-10-09,4.229979466119096,6.880000000000001
2020-10-09,4.229979466119096,6.4399999999999995
2020-10-09,5.229295003422314,7.4
2020-10-09,6.228610540725531,7.359999999999999
2020-10-09,8.229979466119097,7.71
2020-10-09,10.22861054072553,8.02
2020-10-13,0.2190280629705681,2.06
2020-10-13,0.2190280629705681,2.06
2020-10-13,1.218343600273785,3.31
2020-10-13,2.217659137577002,4.82
2020-10-13,2.217659137577002,4.699999999999999
2020-10-13,4.219028062970568,6.77
2020-10-13,4.219028062970568,6.359999999999999
2020-10-13,5.218343600273785,7.29
2020-10-13,6.217659137577002,7.29
2020-10-13,8.219028062970569,7.640000000000001
2020-10-13,10.217659137577002,7.9399999999999995
2020-10-14,0.216290212183436,2.03
2020-10-14,0.216290212183436,2.06
2020-10-14,1.215605749486653,3.26
2020-10-14,2.21492128678987,4.76
2020-10-14,2.21492128678987,4.66
2020-10-14,4.216290212183436,6.6899999999999995
2020-10-14,4.216290212183436,6.27
2020-10-14,5.215605749486653,7.21
2020-10-14,6.2149212867898695,7.16
2020-10-14,8.216290212183436,7.52
2020-10-14,10.21492128678987,7.83
2020-10-15,0.2135523613963039,2.05
2020-10-15,0.2135523613963039,2.08
2020-10-15,1.212867898699521,3.3
2020-10-15,2.212183436002738,4.84
2020-10-15,2.212183436002738,4.74
2020-10-15,4.213552361396304,6.83
2020-10-15,4.213552361396304,6.4
2020-10-15,5.212867898699521,7.34
2020-10-15,6.2121834360027375,7.26
2020-10-15,8.213552361396303,7.619999999999999
2020-10-15,10.212183436002737,7.93
2020-10-16,0.2108145106091718,2.05
2020-10-16,0.2108145106091718,2.07
2020-10-16,1.2101300479123889,3.43
2020-10-16,2.209445585215606,4.970000000000001
2020-10-16,2.209445585215606,4.869999999999999
2020-10-16,4.210814510609172,6.96
2020-10-16,4.210814510609172,6.49
2020-10-16,5.210130047912389,7.470000000000001
2020-10-16,6.209445585215605,7.359999999999999
2020-10-16,8.210814510609172,7.71
2020-10-16,10.209445585215606,8.02
2020-10-19,0.2026009582477755,2.03
2020-10-19,0.2026009582477755,2.05
2020-10-19,1.2019164955509924,3.42
2020-10-19,2.2012320328542097,4.970000000000001
2020-10-19,2.2012320328542097,4.869999999999999
2020-10-19,4.202600958247776,6.91
2020-10-19,4.202600958247776,6.43
2020-10-19,5.201916495550993,7.4
2020-10-19,6.201232032854209,7.27
2020-10-19,8.202600958247775,7.619999999999999
2020-10-19,10.20123203285421,7.92
2020-10-20,0.1998631074606434,2.04
2020-10-20,0.1998631074606434,2.05
2020-10-20,1.1991786447638604,3.33
2020-10-20,2.198494182067077,4.83
2020-10-20,2.198494182067077,4.73
2020-10-20,4.199863107460644,6.77
2020-10-20,4.199863107460644,6.300000000000001
2020-10-20,5.19917864476386,7.26
2020-10-20,6.198494182067077,7.130000000000001
2020-10-20,8.199863107460644,7.49
2020-10-20,10.198494182067078,7.800000000000001
2020-10-21,0.1971252566735113,2.02
2020-10-21,0.1971252566735113,2.0
2020-10-21,1.1964407939767283,3.32
2020-10-21,2.195756331279945,4.77
2020-10-21,2.195756331279945,4.6899999999999995
2020-10-21,4.1971252566735116,6.68
2020-10-21,4.1971252566735116,6.23
2020-10-21,5.196440793976728,7.16
2020-10-21,6.195756331279945,7.08
2020-10-21,8.19712525667351,7.43
2020-10-21,10.195756331279945,7.73
2020-10-22,0.1943874058863792,2.04
2020-10-22,0.1943874058863792,2.0
2020-10-22,1.1937029431895962,3.33
2020-10-22,2.193018480492813,4.82
2020-10-22,2.193018480492813,4.74
2020-10-22,4.1943874058863795,6.720000000000001
2020-10-22,4.1943874058863795,6.279999999999999
2020-10-22,5.193702943189596,7.1899999999999995
2020-10-22,6.193018480492813,7.130000000000001
2020-10-22,8.19438740588638,7.49
2020-10-22,10.193018480492814,7.8100000000000005
2020-10-23,0.19164955509924708,1.98
2020-10-23,0.19164955509924708,2.02
2020-10-23,1.1909650924024642,3.4
2020-10-23,2.190280629705681,4.84
2020-10-23,2.190280629705681,4.93
2020-10-23,4.191649555099247,6.34
2020-10-23,4.191649555099247,6.779999999999999
2020-10-23,5.190965092402464,7.25
2020-10-23,6.190280629705681,7.17
2020-10-23,8.191649555099247,7.58
2020-10-23,10.190280629705681,7.9
2020-10-26,0.1834360027378508,2.02
2020-10-26,0.1834360027378508,1.9899999999999998
2020-10-26,1.1827515400410678,3.52
2020-10-26,2.1820670773442847,5.1
2020-10-26,2.1820670773442847,5.0
2020-10-26,4.183436002737851,6.890000000000001
2020-10-26,4.183436002737851,6.46
2020-10-26,5.1827515400410675,7.35
2020-10-26,6.182067077344285,7.24
2020-10-26,8.183436002737851,7.619999999999999
2020-10-26,10.182067077344286,7.9399999999999995
2020-10-27,0.1806981519507187,2.02
2020-10-27,0.1806981519507187,1.9899999999999998
2020-10-27,1.1800136892539357,3.45
2020-10-27,2.1793292265571527,5.050000000000001
2020-10-27,2.1793292265571527,4.949999999999999
2020-10-27,4.180698151950718,6.880000000000001
2020-10-27,4.180698151950718,6.43
2020-10-27,5.1800136892539355,7.32
2020-10-27,6.179329226557153,7.199999999999999
2020-10-27,8.180698151950718,7.5600000000000005
2020-10-27,10.179329226557153,7.890000000000001
2020-10-28,0.17796030116358658,2.03
2020-10-28,0.17796030116358658,1.9899999999999998
2020-10-28,1.1772758384668036,3.56
2020-10-28,2.1765913757700206,5.24
2020-10-28,2.1765913757700206,5.140000000000001
2020-10-28,4.177960301163586,7.07
2020-10-28,4.177960301163586,6.619999999999999
2020-10-28,5.177275838466803,7.52
2020-10-28,6.176591375770021,7.390000000000001
2020-10-28,8.177960301163587,7.6899999999999995
2020-10-28,10.17659137577002,8.02
2020-10-29,0.17522245037645448,2.01
2020-10-29,0.17522245037645448,1.96
2020-10-29,1.1745379876796715,3.52
2020-10-29,2.1738535249828885,5.23
2020-10-29,2.1738535249828885,5.119999999999999
2020-10-29,4.175222450376454,7.02
2020-10-29,4.175222450376454,6.5600000000000005
2020-10-29,5.174537987679671,7.4399999999999995
2020-10-29,6.1738535249828885,7.279999999999999
2020-10-29,8.175222450376454,7.54
2020-10-29,10.173853524982889,7.85
2020-10-30,0.17248459958932238,2.0
2020-10-30,0.17248459958932238,1.96
2020-10-30,1.1718001368925393,3.5300000000000002
2020-10-30,2.1711156741957565,5.25
2020-10-30,2.1711156741957565,5.140000000000001
2020-10-30,4.172484599589322,7.0600000000000005
2020-10-30,4.172484599589322,6.5600000000000005
2020-10-30,5.171800136892539,7.470000000000001
2020-10-30,6.1711156741957565,7.300000000000001
2020-10-30,8.172484599589323,7.57
2020-10-30,10.171115674195756,7.859999999999999
2020-11-03,0.16153319644079397,2.02
2020-11-03,0.16153319644079397,1.98
2020-11-03,1.160848733744011,3.51
2020-11-03,2.1601642710472277,5.23
2020-11-03,2.1601642710472277,5.130000000000001
2020-11-03,4.161533196440794,7.02
2020-11-03,4.161533196440794,6.51
2020-11-03,5.160848733744011,7.43
2020-11-03,6.160164271047228,7.26
2020-11-03,8.161533196440795,7.54
2020-11-03,10.160164271047227,7.84
2020-11-04,0.15879534565366188,2.01
2020-11-04,0.15879534565366188,1.9699999999999998
2020-11-04,1.158110882956879,3.56
2020-11-04,2.1574264202600957,5.35
2020-11-04,2.1574264202600957,5.24
2020-11-04,4.158795345653662,7.130000000000001
2020-11-04,4.158795345653662,6.609999999999999
2020-11-04,5.158110882956879,7.54
2020-11-04,6.157426420260096,7.35
2020-11-04,8.158795345653662,7.57
2020-11-04,10.157426420260096,7.85
2020-11-05,0.15605749486652978,2.01
2020-11-05,0.15605749486652978,1.98
2020-11-05,1.1553730321697468,3.5
2020-11-05,2.1546885694729636,5.26
2020-11-05,2.1546885694729636,5.16
2020-11-05,4.15605749486653,7.04
2020-11-05,4.15605749486653,6.52
2020-11-05,5.155373032169747,7.449999999999999
2020-11-05,6.154688569472964,7.27
2020-11-05,8.15605749486653,7.529999999999999
2020-11-05,10.154688569472963,7.800000000000001
2020-11-06,0.15331964407939766,2.01
2020-11-06,0.15331964407939766,1.9699999999999998
2020-11-06,1.1526351813826146,3.5300000000000002
2020-11-06,2.1519507186858315,5.24
2020-11-06,2.1519507186858315,5.130000000000001
2020-11-06,4.153319644079398,6.949999999999999
2020-11-06,4.153319644079398,6.4399999999999995
2020-11-06,5.152635181382615,7.359999999999999
2020-11-06,6.151950718685832,7.18
2020-11-06,8.153319644079398,7.4399999999999995
2020-11-06,10.151950718685832,7.75
2020-11-09,0.14510609171800137,2.0
2020-11-09,0.14510609171800137,1.9699999999999998
2020-11-09,1.1444216290212184,3.34
2020-11-09,2.1437371663244353,5.0
2020-11-09,2.1437371663244353,4.890000000000001
2020-11-09,4.145106091718001,6.699999999999999
2020-11-09,4.145106091718001,6.1899999999999995
2020-11-09,5.144421629021219,7.109999999999999
2020-11-09,6.143737166324435,6.92
2020-11-09,8.145106091718,7.17
2020-11-09,10.143737166324435,7.48
2020-11-10,0.14236824093086928,2.0
2020-11-10,0.14236824093086928,1.9699999999999998
2020-11-10,1.1416837782340863,3.37
2020-11-10,2.1409993155373033,5.029999999999999
2020-11-10,2.1409993155373033,4.91
2020-11-10,4.142368240930869,6.71
2020-11-10,4.142368240930869,6.199999999999999
2020-11-10,5.1416837782340865,7.119999999999999
2020-11-10,6.140999315537303,6.9
2020-11-10,8.14236824093087,7.15
2020-11-10,10.140999315537304,7.43
2020-11-11,0.13963039014373715,2.01
2020-11-11,0.13963039014373715,1.98
2020-11-11,1.1389459274469542,3.46
2020-11-11,2.138261464750171,5.130000000000001
2020-11-11,2.138261464750171,5.01
2020-11-11,4.139630390143737,6.92
2020-11-11,4.139630390143737,6.41
2020-11-11,5.138945927446954,7.33
2020-11-11,6.138261464750171,7.119999999999999
2020-11-11,8.139630390143736,7.380000000000001
2020-11-11,10.13826146475017,7.66
2020-11-12,0.13689253935660506,2.01
2020-11-12,0.13689253935660506,1.9699999999999998
2020-11-12,1.136208076659822,3.44
2020-11-12,2.135523613963039,5.119999999999999
2020-11-12,2.135523613963039,5.0
2020-11-12,4.136892539356605,6.93
2020-11-12,4.136892539356605,6.4399999999999995
2020-11-12,5.136208076659822,7.369999999999999
2020-11-12,6.135523613963039,7.199999999999999
2020-11-12,8.136892539356605,7.449999999999999
2020-11-12,10.13552361396304,7.74
2020-11-13,0.13415468856947296,2.01
2020-11-13,0.13415468856947296,1.98
2020-11-13,1.1334702258726899,3.4699999999999998
2020-11-13,2.132785763175907,5.220000000000001
2020-11-13,2.132785763175907,5.1
2020-11-13,4.134154688569473,7.09
2020-11-13,4.134154688569473,6.59
2020-11-13,5.13347022587269,7.51
2020-11-13,6.132785763175907,7.34
2020-11-13,8.134154688569472,7.58
2020-11-13,10.132785763175907,7.85
2020-11-16,0.12594113620807665,2.01
2020-11-16,0.12594113620807665,1.98
2020-11-16,1.1252566735112937,3.38
2020-11-16,2.1245722108145104,5.09
2020-11-16,2.1245722108145104,4.98
2020-11-16,4.125941136208077,6.91
2020-11-16,4.125941136208077,6.43
2020-11-16,5.125256673511293,7.3100000000000005
2020-11-16,6.12457221081451,7.140000000000001
2020-11-16,8.125941136208077,7.369999999999999
2020-11-16,10.124572210814511,7.67
2020-11-17,0.12320328542094455,2.01
2020-11-17,0.12320328542094455,1.98
2020-11-17,1.1225188227241616,3.36
2020-11-17,2.1218343600273784,5.130000000000001
2020-11-17,2.1218343600273784,5.01
2020-11-17,4.123203285420945,6.99
2020-11-17,4.123203285420945,6.51
2020-11-17,5.122518822724161,7.41
2020-11-17,6.121834360027378,7.26
2020-11-17,8.123203285420944,7.49
2020-11-17,10.121834360027378,7.79
2020-11-18,0.12046543463381246,2.02
2020-11-18,0.12046543463381246,2.0
2020-11-18,1.1197809719370295,3.33
2020-11-18,2.1190965092402463,5.109999999999999
2020-11-18,2.1190965092402463,5.0
2020-11-18,4.120465434633813,6.970000000000001
2020-11-18,4.120465434633813,6.49
2020-11-18,5.119780971937029,7.4
2020-11-18,6.119096509240246,7.23
2020-11-18,8.120465434633813,7.49
2020-11-18,10.119096509240247,7.800000000000001
2020-11-19,0.11772758384668036,2.01
2020-11-19,0.11772758384668036,1.9899999999999998
2020-11-19,1.1170431211498972,3.38
2020-11-19,2.116358658453114,5.24
2020-11-19,2.116358658453114,5.140000000000001
2020-11-19,4.117727583846681,7.16
2020-11-19,4.117727583846681,6.6899999999999995
2020-11-19,5.117043121149897,7.59
2020-11-19,6.116358658453114,7.449999999999999
2020-11-19,8.11772758384668,7.699999999999999
2020-11-19,10.116358658453114,8.05
2020-11-20,0.11498973305954825,2.02
2020-11-20,0.11498973305954825,2.0
2020-11-20,1.1143052703627652,3.35
2020-11-20,2.113620807665982,5.21
2020-11-20,2.113620807665982,5.109999999999999
2020-11-20,4.114989733059549,7.1
2020-11-20,4.114989733059549,6.619999999999999
2020-11-20,5.114305270362765,7.52
2020-11-20,6.113620807665982,7.380000000000001
2020-11-20,8.114989733059549,7.640000000000001
2020-11-20,10.113620807665983,8.0
2020-11-23,0.10677618069815195,2.02
2020-11-23,0.10677618069815195,2.0
2020-11-23,1.106091718001369,3.44
2020-11-23,2.105407255304586,5.34
2020-11-23,2.105407255304586,5.24
2020-11-23,4.1067761806981515,7.26
2020-11-23,4.1067761806981515,6.779999999999999
2020-11-23,5.106091718001369,7.6899999999999995
2020-11-23,6.105407255304586,7.52
2020-11-23,8.106776180698152,7.79
2020-11-23,10.105407255304586,8.14
2020-11-24,0.10403832991101986,2.02
2020-11-24,0.10403832991101986,2.01
2020-11-24,1.103353867214237,3.52
2020-11-24,2.102669404517454,5.5
2020-11-24,2.102669404517454,5.4
2020-11-24,4.1040383299110195,7.4
2020-11-24,4.1040383299110195,6.91
2020-11-24,5.103353867214237,7.82
2020-11-24,6.102669404517454,7.6
2020-11-24,8.10403832991102,7.85
2020-11-24,10.102669404517453,8.17
2020-11-25,0.10130047912388775,2.02
2020-11-25,0.10130047912388775,2.01
2020-11-25,1.1006160164271048,3.46
2020-11-25,2.099931553730322,5.42
2020-11-25,2.099931553730322,5.33
2020-11-25,4.101300479123887,7.300000000000001
2020-11-25,4.101300479123887,6.8100000000000005
2020-11-25,5.100616016427105,7.699999999999999
2020-11-25,6.099931553730322,7.49
2020-11-25,8.101300479123887,7.73
2020-11-25,10.099931553730322,8.07
2020-11-26,0.09856262833675565,2.01
2020-11-26,0.09856262833675565,2.01
2020-11-26,1.0978781656399725,3.41
2020-11-26,2.0971937029431897,5.4
2020-11-26,2.0971937029431897,5.3100000000000005
2020-11-26,4.098562628336755,7.29
2020-11-26,4.098562628336755,6.8100000000000005
2020-11-26,5.0978781656399725,7.699999999999999
2020-11-26,6.09719370294319,7.5
2020-11-26,8.098562628336756,7.75
2020-11-26,10.097193702943189,8.07
2020-11-27,0.09582477754962354,2.02
2020-11-27,0.09582477754962354,2.03
2020-11-27,1.0951403148528405,3.33
2020-11-27,2.0944558521560577,5.18
2020-11-27,2.0944558521560577,5.09
2020-11-27,4.095824777549623,7.0600000000000005
2020-11-27,4.095824777549623,6.59
2020-11-27,5.0951403148528405,7.49
2020-11-27,6.094455852156058,7.33
2020-11-27,8.095824777549623,7.609999999999999
2020-11-27,10.094455852156058,7.96
2020-11-30,0.08761122518822724,2.01
2020-11-30,0.08761122518822724,2.01
2020-11-30,1.0869267624914443,3.32
2020-11-30,2.086242299794661,5.15
2020-11-30,2.086242299794661,5.08
2020-11-30,4.087611225188227,6.98
2020-11-30,4.087611225188227,6.52
2020-11-30,5.086926762491444,7.41
2020-11-30,6.0862422997946615,7.26
2020-11-30,8.087611225188228,7.54
2020-11-30,10.08624229979466,7.9399999999999995
2020-12-01,0.08487337440109514,2.01
2020-12-01,0.08487337440109514,2.01
2020-12-01,1.0841889117043122,3.3
2020-12-01,2.083504449007529,5.16
2020-12-01,2.083504449007529,5.09
2020-12-01,4.084873374401095,7.029999999999999
2020-12-01,4.084873374401095,6.5600000000000005
2020-12-01,5.084188911704312,7.449999999999999
2020-12-01,6.083504449007529,7.32
2020-12-01,8.084873374401095,7.609999999999999
2020-12-01,10.08350444900753,7.96
2020-12-02,0.08213552361396304,2.01
2020-12-02,0.08213552361396304,2.0
2020-12-02,1.08145106091718,3.16
2020-12-02,2.080766598220397,4.970000000000001
2020-12-02,2.080766598220397,4.890000000000001
2020-12-02,4.082135523613963,6.83
2020-12-02,4.082135523613963,6.359999999999999
2020-12-02,5.08145106091718,7.26
2020-12-02,6.080766598220397,7.130000000000001
2020-12-02,8.082135523613964,7.41
2020-12-02,10.080766598220396,7.779999999999999
2020-12-03,1.0787132101300478,3.1
2020-12-03,2.078028747433265,4.85
2020-12-03,2.078028747433265,4.76
2020-12-03,4.079397672826831,6.68
2020-12-03,4.079397672826831,6.21
2020-12-03,5.078713210130048,7.130000000000001
2020-12-03,6.078028747433265,7.01
2020-12-03,8.07939767282683,7.33
2020-12-03,10.078028747433265,7.720000000000001
2020-12-04,1.0759753593429158,3.09
2020-12-04,2.0752908966461328,4.73
2020-12-04,2.0752908966461328,4.640000000000001
2020-12-04,4.076659822039699,6.4399999999999995
2020-12-04,4.076659822039699,5.98
2020-12-04,5.075975359342916,6.880000000000001
2020-12-04,6.075290896646133,6.75
2020-12-04,8.0766598220397,7.0600000000000005
2020-12-04,10.075290896646132,7.46
2020-12-07,1.0677618069815196,3.12
2020-12-07,2.0670773442847366,4.73
2020-12-07,2.0670773442847366,4.640000000000001
2020-12-07,4.068446269678303,6.4399999999999995
2020-12-07,4.068446269678303,5.99
2020-12-07,5.06776180698152,6.869999999999999
2020-12-07,6.067077344284736,6.75
2020-12-07,8.068446269678303,7.050000000000001
2020-12-07,10.067077344284737,7.42
2020-12-08,1.0650239561943875,3.14
2020-12-08,2.0643394934976045,4.71
2020-12-08,2.0643394934976045,4.619999999999999
2020-12-08,4.0657084188911705,6.42
2020-12-08,4.0657084188911705,5.970000000000001
2020-12-08,5.065023956194388,6.869999999999999
2020-12-08,6.064339493497604,6.76
2020-12-08,8.06570841889117,7.07
2020-12-08,10.064339493497604,7.470000000000001
2020-12-09,1.0622861054072552,3.08
2020-12-09,2.0616016427104724,4.630000000000001
2020-12-09,2.0616016427104724,4.54
2020-12-09,4.0629705681040384,6.3100000000000005
2020-12-09,4.0629705681040384,5.859999999999999
2020-12-09,5.062286105407256,6.779999999999999
2020-12-09,6.061601642710472,6.71
2020-12-09,8.062970568104038,7.02
2020-12-09,10.061601642710473,7.41
2020-12-10,1.0595482546201231,3.16
2020-12-10,2.0588637919233403,4.74
2020-12-10,2.0588637919233403,4.65
2020-12-10,4.060232717316906,6.359999999999999
2020-12-10,4.060232717316906,5.9
2020-12-10,5.059548254620124,6.79
2020-12-10,6.05886379192334,6.699999999999999
2020-12-10,8.060232717316905,6.99
2020-12-10,10.05886379192334,7.390000000000001
2020-12-11,1.056810403832991,3.17
2020-12-11,2.0561259411362083,4.71
2020-12-11,2.0561259411362083,4.630000000000001
2020-12-11,4.057494866529774,6.35
2020-12-11,4.057494866529774,5.9
2020-12-11,5.0568104038329915,6.79
2020-12-11,6.056125941136208,6.6899999999999995
2020-12-11,8.057494866529774,7.0
2020-12-11,10.056125941136209,7.359999999999999
2020-12-14,1.0485968514715949,3.08
2020-12-14,2.0479123887748116,4.529999999999999
2020-12-14,2.0479123887748116,4.449999999999999
2020-12-14,4.049281314168378,6.17
2020-12-14,4.049281314168378,5.71
2020-12-14,5.048596851471594,6.619999999999999
2020-12-14,6.047912388774812,6.529999999999999
2020-12-14,8.049281314168377,6.859999999999999
2020-12-14,10.047912388774812,7.25
2020-12-15,1.0458590006844628,3.08
2020-12-15,2.0451745379876796,4.57
2020-12-15,2.0451745379876796,4.49
2020-12-15,4.046543463381246,6.24
2020-12-15,4.046543463381246,5.79
2020-12-15,5.045859000684462,6.699999999999999
2020-12-15,6.04517453798768,6.630000000000001
2020-12-15,8.046543463381246,6.96
2020-12-15,10.04517453798768,7.34
2020-12-16,1.0431211498973305,3.02
2020-12-16,2.0424366872005475,4.5
2020-12-16,2.0424366872005475,4.43
2020-12-16,4.043805612594114,6.16
2020-12-16,4.043805612594114,5.71
2020-12-16,5.04312114989733,6.630000000000001
2020-12-16,6.0424366872005475,6.550000000000001
2020-12-16,8.043805612594113,6.890000000000001
2020-12-16,10.042436687200547,7.279999999999999
2020-12-17,1.0403832991101984,3.05
2020-12-17,2.0396988364134154,4.550000000000001
2020-12-17,2.0396988364134154,4.48
2020-12-17,4.041067761806982,6.21
2020-12-17,4.041067761806982,5.76
2020-12-17,5.040383299110198,6.66
2020-12-17,6.039698836413415,6.58
2020-12-17,8.041067761806982,6.91
2020-12-17,10.039698836413416,7.27
2020-12-18,1.0376454483230664,3.08
2020-12-18,2.0369609856262834,4.6899999999999995
2020-12-18,2.0369609856262834,4.619999999999999
2020-12-18,4.03832991101985,6.33
2020-12-18,4.03832991101985,5.880000000000001
2020-12-18,5.037645448323066,6.76
2020-12-18,6.036960985626283,6.67
2020-12-18,8.038329911019849,6.98
2020-12-18,10.036960985626283,7.33
2020-12-21,1.0294318959616702,3.09
2020-12-21,2.028747433264887,4.74
2020-12-21,2.028747433264887,4.67
2020-12-21,4.030116358658453,6.369999999999999
2020-12-21,4.030116358658453,5.92
2020-12-21,5.02943189596167,6.800000000000001
2020-12-21,6.028747433264887,6.71
2020-12-21,8.030116358658454,7.01
2020-12-21,10.028747433264886,7.359999999999999
2020-12-22,1.0266940451745379,2.96
2020-12-22,2.026009582477755,4.54
2020-12-22,2.026009582477755,4.470000000000001
2020-12-22,4.027378507871321,6.17
2020-12-22,4.027378507871321,5.720000000000001
2020-12-22,5.026694045174538,6.59
2020-12-22,6.026009582477755,6.5
2020-12-22,8.02737850787132,6.84
2020-12-22,10.026009582477755,7.15
2020-12-23,1.0239561943874058,2.91
2020-12-23,2.023271731690623,4.46
2020-12-23,2.023271731690623,4.390000000000001
2020-12-23,4.024640657084189,6.07
2020-12-23,4.024640657084189,5.609999999999999
2020-12-23,5.023956194387406,6.5
2020-12-23,6.023271731690623,6.4
2020-12-23,8.02464065708419,6.77
2020-12-23,10.023271731690622,7.08
2020-12-28,1.0102669404517455,2.91
2020-12-28,2.0095824777549622,4.449999999999999
2020-12-28,2.0095824777549622,4.369999999999999
2020-12-28,4.010951403148528,6.0600000000000005
2020-12-28,4.010951403148528,5.609999999999999
2020-12-28,5.0102669404517455,6.5
2020-12-28,6.009582477754963,6.41
2020-12-28,8.010951403148528,6.79
2020-12-28,10.009582477754963,7.1
2020-12-29,1.0075290896646132,2.91
2020-12-29,2.00684462696783,4.470000000000001
2020-12-29,2.00684462696783,4.4
2020-12-29,4.008213552361396,6.050000000000001
2020-12-29,4.008213552361396,5.6
2020-12-29,5.007529089664613,6.470000000000001
2020-12-29,6.006844626967831,6.380000000000001
2020-12-29,8.008213552361397,6.75
2020-12-29,10.00684462696783,7.09
2020-12-30,1.0047912388774811,2.87
2020-12-30,2.004106776180698,4.42
2020-12-30,2.004106776180698,4.34
2020-12-30,4.005475701574264,5.949999999999999
2020-12-30,4.005475701574264,5.49
2020-12-30,5.004791238877481,6.359999999999999
2020-12-30,6.0041067761806985,6.24
2020-12-30,8.005475701574264,6.630000000000001
2020-12-30,10.004106776180699,6.949999999999999
2021-01-04,0.9911019849418207,2.84
2021-01-04,1.9904175222450375,4.380000000000001
2021-01-04,1.9904175222450375,4.3100000000000005
2021-01-04,3.991786447638604,5.91
2021-01-04,3.991786447638604,5.449999999999999
2021-01-04,4.991101984941821,6.33
2021-01-04,5.990417522245037,6.21
2021-01-04,7.991786447638604,6.59
2021-01-04,9.990417522245037,6.890000000000001
2021-01-05,0.9883641341546886,2.83
2021-01-05,1.9876796714579055,4.369999999999999
2021-01-05,1.9876796714579055,4.300000000000001
2021-01-05,3.9890485968514717,5.9399999999999995
2021-01-05,3.9890485968514717,5.46
2021-01-05,4.988364134154689,6.34
2021-01-05,5.987679671457905,6.199999999999999
2021-01-05,7.989048596851472,6.6
2021-01-05,9.987679671457906,6.890000000000001
2021-01-06,0.9856262833675564,2.94
2021-01-06,1.9849418206707734,4.58
2021-01-06,1.9849418206707734,4.52
2021-01-06,3.9863107460643397,6.17
2021-01-06,3.9863107460643397,5.699999999999999
2021-01-06,4.985626283367557,6.54
2021-01-06,5.984941820670773,6.4
2021-01-06,7.98631074606434,6.79
2021-01-06,9.984941820670773,7.050000000000001
2021-01-07,0.9828884325804244,2.99
2021-01-07,1.9822039698836413,4.66
2021-01-07,1.9822039698836413,4.6
2021-01-07,3.9835728952772076,6.279999999999999
2021-01-07,3.9835728952772076,5.800000000000001
2021-01-07,4.982888432580425,6.68
2021-01-07,5.982203969883641,6.54
2021-01-07,7.983572895277208,6.970000000000001
2021-01-07,9.982203969883642,7.199999999999999
2021-01-08,0.9801505817932923,3.04
2021-01-08,1.9794661190965093,4.76
2021-01-08,1.9794661190965093,4.71
2021-01-08,3.980835044490075,6.41
2021-01-08,3.980835044490075,5.92
2021-01-08,4.980150581793292,6.83
2021-01-08,5.979466119096509,6.720000000000001
2021-01-08,7.9808350444900755,7.1899999999999995
2021-01-08,9.979466119096509,7.449999999999999
2021-01-11,0.971937029431896,3.2199999999999998
2021-01-11,1.9712525667351128,5.01
2021-01-11,1.9712525667351128,4.91
2021-01-11,3.972621492128679,6.68
2021-01-11,3.972621492128679,6.16
2021-01-11,4.971937029431896,7.109999999999999
2021-01-11,5.971252566735113,6.970000000000001
2021-01-11,7.972621492128679,7.41
2021-01-11,9.971252566735114,7.65
2021-01-12,0.9691991786447639,3.36
2021-01-12,1.9685147159479808,5.220000000000001
2021-01-12,1.9685147159479808,5.119999999999999
2021-01-12,3.969883641341547,6.859999999999999
2021-01-12,3.969883641341547,6.35
2021-01-12,4.969199178644764,7.25
2021-01-12,5.968514715947981,7.08
2021-01-12,7.969883641341547,7.49
2021-01-12,9.96851471594798,7.720000000000001
2021-01-13,0.9664613278576317,3.25
2021-01-13,1.9657768651608487,5.109999999999999
2021-01-13,1.9657768651608487,5.0
2021-01-13,3.9671457905544147,6.75
2021-01-13,3.9671457905544147,6.220000000000001
2021-01-13,4.9664613278576315,7.140000000000001
2021-01-13,5.965776865160849,6.96
2021-01-13,7.967145790554415,7.369999999999999
2021-01-13,9.96577686516085,7.619999999999999
2021-01-14,0.9637234770704997,3.34
2021-01-14,1.9630390143737166,5.3100000000000005
2021-01-14,1.9630390143737166,5.1899999999999995
2021-01-14,3.9644079397672827,6.93
2021-01-14,3.9644079397672827,6.390000000000001
2021-01-14,4.963723477070499,7.29
2021-01-14,5.963039014373717,7.1
2021-01-14,7.964407939767283,7.48
2021-01-14,9.963039014373717,7.71
2021-01-15,0.9609856262833676,3.33
2021-01-15,1.9603011635865846,5.27
2021-01-15,1.9603011635865846,5.16
2021-01-15,3.9616700889801506,6.85
2021-01-15,3.9616700889801506,6.32
2021-01-15,4.960985626283367,7.1899999999999995
2021-01-15,5.960301163586585,6.98
2021-01-15,7.96167008898015,7.33
2021-01-15,9.960301163586584,7.550000000000001
2021-01-18,0.9527720739219713,3.3
2021-01-18,1.9520876112251881,5.25
2021-01-18,1.9520876112251881,5.130000000000001
2021-01-18,3.9534565366187544,6.800000000000001
2021-01-18,3.9534565366187544,6.27
2021-01-18,4.952772073921971,7.140000000000001
2021-01-18,5.952087611225188,6.91
2021-01-18,7.953456536618754,7.29
2021-01-18,9.952087611225188,7.51
2021-01-19,0.9500342231348392,3.25
2021-01-19,1.949349760438056,5.199999999999999
2021-01-19,1.949349760438056,5.07
2021-01-19,3.9507186858316223,6.73
2021-01-19,3.9507186858316223,6.1899999999999995
2021-01-19,4.950034223134839,7.0600000000000005
2021-01-19,5.949349760438056,6.8100000000000005
2021-01-19,7.950718685831622,7.21
2021-01-19,9.949349760438055,7.43
2021-01-20,0.947296372347707,3.27
2021-01-20,1.946611909650924,5.27
2021-01-20,1.946611909650924,5.15
2021-01-20,3.9479808350444903,6.83
2021-01-20,3.9479808350444903,6.3100000000000005
2021-01-20,4.947296372347707,7.16
2021-01-20,5.946611909650924,6.949999999999999
2021-01-20,7.94798083504449,7.35
2021-01-20,9.946611909650924,7.5600000000000005
2021-01-21,0.944558521560575,3.32
2021-01-21,1.943874058863792,5.140000000000001
2021-01-21,1.943874058863792,5.26
2021-01-21,3.9452429842573578,6.279999999999999
2021-01-21,3.9452429842573578,6.800000000000001
2021-01-21,4.944558521560575,7.130000000000001
2021-01-21,5.943874058863792,6.92
2021-01-21,7.945242984257358,7.35
2021-01-21,9.943874058863791,7.58
2021-01-22,0.9418206707734429,3.42
2021-01-22,1.9411362080766599,5.449999999999999
2021-01-22,1.9411362080766599,5.3100000000000005
2021-01-22,3.9425051334702257,7.04
2021-01-22,3.9425051334702257,6.529999999999999
2021-01-22,4.941820670773443,7.390000000000001
2021-01-22,5.94113620807666,7.199999999999999
2021-01-22,7.942505133470226,7.640000000000001
2021-01-22,9.94113620807666,7.9399999999999995
2021-01-26,0.9308692676249144,3.46
2021-01-26,1.9301848049281314,5.4399999999999995
2021-01-26,1.9301848049281314,5.300000000000001
2021-01-26,3.9315537303216974,7.04
2021-01-26,3.9315537303216974,6.529999999999999
2021-01-26,4.930869267624915,7.390000000000001
2021-01-26,5.930184804928132,7.21
2021-01-26,7.931553730321697,7.630000000000001
2021-01-26,9.930184804928132,7.9399999999999995
2021-01-27,0.9281314168377823,3.44
2021-01-27,1.9274469541409993,5.34
2021-01-27,1.9274469541409993,5.1899999999999995
2021-01-27,3.9288158795345653,6.949999999999999
2021-01-27,3.9288158795345653,6.4399999999999995
2021-01-27,4.9281314168377826,7.3100000000000005
2021-01-27,5.927446954141,7.15
2021-01-27,7.928815879534565,7.58
2021-01-27,9.927446954140999,7.9
2021-01-28,0.9253935660506503,3.4699999999999998
2021-01-28,1.9247091033538672,5.35
2021-01-28,1.9247091033538672,5.199999999999999
2021-01-28,3.9260780287474333,6.91
2021-01-28,3.9260780287474333,6.42
2021-01-28,4.9253935660506505,7.25
2021-01-28,5.924709103353867,7.09
2021-01-28,7.926078028747433,7.52
2021-01-28,9.924709103353868,7.8100000000000005
2021-01-29,0.9226557152635181,3.34
2021-01-29,1.9219712525667352,5.15
2021-01-29,1.9219712525667352,4.99
2021-01-29,3.923340177960301,6.74
2021-01-29,3.923340177960301,6.25
2021-01-29,4.922655715263518,7.1
2021-01-29,5.921971252566735,6.9399999999999995
2021-01-29,7.923340177960301,7.380000000000001
2021-01-29,9.921971252566735,7.6899999999999995
2021-02-01,0.9144421629021219,3.33
2021-02-01,1.9137577002053388,5.09
2021-02-01,1.9137577002053388,4.93
2021-02-01,3.915126625598905,6.6
2021-02-01,3.915126625598905,6.119999999999999
2021-02-01,4.914442162902122,6.96
2021-02-01,5.9137577002053385,6.800000000000001
2021-02-01,7.915126625598905,7.24
2021-02-01,9.91375770020534,7.550000000000001
2021-02-02,0.9117043121149897,3.38
2021-02-02,1.9110198494182067,5.130000000000001
2021-02-02,1.9110198494182067,4.98
2021-02-02,3.912388774811773,6.609999999999999
2021-02-02,3.912388774811773,6.130000000000001
2021-02-02,4.91170431211499,6.949999999999999
2021-02-02,5.9110198494182065,6.79
2021-02-02,7.912388774811773,7.24
2021-02-02,9.911019849418206,7.550000000000001
2021-02-03,0.9089664613278576,3.4
2021-02-03,1.9082819986310746,5.140000000000001
2021-02-03,1.9082819986310746,4.99
2021-02-03,3.909650924024641,6.609999999999999
2021-02-03,3.909650924024641,6.140000000000001
2021-02-03,4.908966461327857,6.970000000000001
2021-02-03,5.908281998631074,6.8100000000000005
2021-02-03,7.909650924024641,7.26
2021-02-03,9.908281998631075,7.550000000000001
2021-02-04,0.9062286105407256,3.4
2021-02-04,1.9055441478439425,5.09
2021-02-04,1.9055441478439425,4.9399999999999995
2021-02-04,3.9069130732375084,6.57
2021-02-04,3.9069130732375084,6.109999999999999
2021-02-04,4.906228610540725,6.9399999999999995
2021-02-04,5.905544147843942,6.800000000000001
2021-02-04,7.906913073237509,7.29
2021-02-04,9.905544147843942,7.59
2021-02-05,0.9034907597535934,3.44
2021-02-05,1.9028062970568105,5.199999999999999
2021-02-05,1.9028062970568105,5.0600000000000005
2021-02-05,3.9041752224503763,6.67
2021-02-05,3.9041752224503763,6.25
2021-02-05,4.903490759753593,7.02
2021-02-05,5.90280629705681,6.91
2021-02-05,7.904175222450377,7.35
2021-02-05,9.902806297056811,7.66
2021-02-08,0.8952772073921971,3.4699999999999998
2021-02-08,1.894592744695414,5.27
2021-02-08,1.894592744695414,5.130000000000001
2021-02-08,3.3921971252566734,6.470000000000001
2021-02-08,3.89596167008898,6.68
2021-02-08,3.89596167008898,6.279999999999999
2021-02-08,4.895277207392197,7.02
2021-02-08,5.894592744695414,6.91
2021-02-08,7.8959616700889805,7.369999999999999
2021-02-08,9.894592744695414,7.66
2021-02-09,0.892539356605065,3.42
2021-02-09,1.891854893908282,5.21
2021-02-09,1.891854893908282,5.08
2021-02-09,3.3894592744695413,6.52
2021-02-09,3.893223819301848,6.75
2021-02-09,3.893223819301848,6.35
2021-02-09,4.892539356605065,7.109999999999999
2021-02-09,5.891854893908282,7.0
2021-02-09,7.8932238193018485,7.46
2021-02-09,9.891854893908283,7.77
2021-02-10,0.8898015058179329,3.44
2021-02-10,1.88911704312115,5.29
2021-02-10,1.88911704312115,5.16
2021-02-10,3.3867214236824092,6.630000000000001
2021-02-10,3.890485968514716,6.869999999999999
2021-02-10,3.890485968514716,6.48
2021-02-10,4.889801505817933,7.23
2021-02-10,5.88911704312115,7.130000000000001
2021-02-10,7.8904859685147155,7.57
2021-02-10,9.88911704312115,7.869999999999999
2021-02-11,0.8870636550308009,3.42
2021-02-11,1.8863791923340179,5.18
2021-02-11,1.8863791923340179,5.0600000000000005
2021-02-11,3.383983572895277,6.52
2021-02-11,3.887748117727584,6.77
2021-02-11,3.887748117727584,6.369999999999999
2021-02-11,4.887063655030801,7.140000000000001
2021-02-11,5.886379192334018,7.029999999999999
2021-02-11,7.887748117727583,7.49
2021-02-11,9.886379192334017,7.79
2021-02-12,0.8843258042436687,3.38
2021-02-12,1.8836413415468858,5.199999999999999
2021-02-12,1.8836413415468858,5.09
2021-02-12,3.381245722108145,6.57
2021-02-12,3.885010266940452,6.82
2021-02-12,3.885010266940452,6.4399999999999995
2021-02-12,4.884325804243669,7.199999999999999
2021-02-12,5.883641341546886,7.119999999999999
2021-02-12,7.885010266940451,7.5600000000000005
2021-02-12,9.883641341546886,7.869999999999999
2021-02-17,0.8706365503080082,3.46
2021-02-17,1.8699520876112252,5.35
2021-02-17,1.8699520876112252,5.25
2021-02-17,3.3675564681724848,6.73
2021-02-17,3.871321013004791,6.98
2021-02-17,3.871321013004791,6.630000000000001
2021-02-17,4.870636550308008,7.359999999999999
2021-02-17,5.8699520876112254,7.279999999999999
2021-02-17,7.871321013004791,7.71
2021-02-17,9.869952087611225,8.02
2021-02-18,0.8678986995208761,3.43
2021-02-18,1.8672142368240932,5.32
2021-02-18,1.8672142368240932,5.220000000000001
2021-02-18,3.3648186173853527,6.71
2021-02-18,3.868583162217659,6.949999999999999
2021-02-18,3.868583162217659,6.59
2021-02-18,4.867898699520876,7.32
2021-02-18,5.867214236824093,7.24
2021-02-18,7.868583162217659,7.66
2021-02-18,9.867214236824093,7.9799999999999995
2021-02-19,0.865160848733744,3.48
2021-02-19,1.864476386036961,5.41
2021-02-19,1.864476386036961,5.3100000000000005
2021-02-19,3.36208076659822,6.800000000000001
2021-02-19,3.865845311430527,7.04
2021-02-19,3.865845311430527,6.6899999999999995
2021-02-19,4.865160848733744,7.390000000000001
2021-02-19,5.864476386036961,7.3100000000000005
2021-02-19,7.865845311430527,7.699999999999999
2021-02-19,9.86447638603696,8.0
2021-02-22,0.8569472963723477,3.63
2021-02-22,1.8562628336755647,5.65
2021-02-22,1.8562628336755647,5.550000000000001
2021-02-22,3.353867214236824,7.1
2021-02-22,3.8576317590691307,7.35
2021-02-22,3.8576317590691307,7.02
2021-02-22,4.856947296372348,7.73
2021-02-22,5.856262833675565,7.67
2021-02-22,7.857631759069131,8.059999999999999
2021-02-22,9.856262833675565,8.36
2021-02-23,0.8542094455852156,3.55
2021-02-23,1.8535249828884326,5.58
2021-02-23,1.8535249828884326,5.48
2021-02-23,3.351129363449692,6.98
2021-02-23,3.8548939082819986,7.23
2021-02-23,3.8548939082819986,6.9
2021-02-23,4.854209445585216,7.58
2021-02-23,5.853524982888432,7.52
2021-02-23,7.854893908281999,7.91
2021-02-23,9.853524982888432,8.190000000000001
2021-02-24,0.8514715947980835,3.48
2021-02-24,1.8507871321013005,5.449999999999999
2021-02-24,1.8507871321013005,5.34
2021-02-24,3.34839151266256,6.890000000000001
2021-02-24,3.8521560574948666,7.140000000000001
2021-02-24,3.8521560574948666,6.8100000000000005
2021-02-24,4.851471594798084,7.51
2021-02-24,5.8507871321013,7.470000000000001
2021-02-24,7.852156057494867,7.880000000000001
2021-02-24,9.850787132101301,8.18
2021-02-25,0.8487337440109514,3.6
2021-02-25,1.8480492813141685,5.66
2021-02-25,1.8480492813141685,5.550000000000001
2021-02-25,3.345653661875428,7.16
2021-02-25,3.8494182067077345,7.43
2021-02-25,3.8494182067077345,7.130000000000001
2021-02-25,4.848733744010952,7.800000000000001
2021-02-25,5.848049281314168,7.800000000000001
2021-02-25,7.8494182067077345,8.219999999999999
2021-02-25,9.848049281314168,8.52
2021-02-26,0.8459958932238193,3.67
2021-02-26,1.8453114305270362,5.720000000000001
2021-02-26,1.8453114305270362,5.619999999999999
2021-02-26,3.3429158110882957,7.220000000000001
2021-02-26,3.8466803559206024,7.48
2021-02-26,3.8466803559206024,7.18
2021-02-26,4.84599589322382,7.82
2021-02-26,5.845311430527036,7.77
2021-02-26,7.846680355920602,8.16
2021-02-26,9.845311430527037,8.46
2021-03-01,0.837782340862423,3.8
2021-03-01,1.83709787816564,5.91
2021-03-01,1.83709787816564,5.800000000000001
2021-03-01,3.3347022587268995,7.390000000000001
2021-03-01,3.838466803559206,7.640000000000001
2021-03-01,3.838466803559206,7.380000000000001
2021-03-01,4.837782340862423,7.97
2021-03-01,5.83709787816564,7.96
2021-03-01,7.838466803559206,8.29
2021-03-01,9.83709787816564,8.57
2021-03-02,0.8350444900752909,3.9
2021-03-02,1.834360027378508,6.1
2021-03-02,1.834360027378508,6.0
2021-03-02,3.3319644079397674,7.609999999999999
2021-03-02,3.8357289527720737,7.859999999999999
2021-03-02,3.8357289527720737,7.640000000000001
2021-03-02,4.8350444900752905,8.190000000000001
2021-03-02,5.834360027378508,8.219999999999999
2021-03-02,7.835728952772074,8.51
2021-03-02,9.834360027378509,8.74
2021-03-03,0.8323066392881588,3.95
2021-03-03,1.8316221765913758,6.15
2021-03-03,1.8316221765913758,6.050000000000001
2021-03-03,3.3292265571526354,7.66
2021-03-03,3.8329911019849416,7.91
2021-03-03,3.8329911019849416,7.71
2021-03-03,4.832306639288158,8.24
2021-03-03,5.831622176591376,8.3
2021-03-03,7.832991101984942,8.59
2021-03-03,9.831622176591376,8.83
2021-03-04,0.8295687885010267,3.74
2021-03-04,1.8288843258042438,5.77
2021-03-04,1.8288843258042438,5.67
2021-03-04,3.326488706365503,7.26
2021-03-04,3.8302532511978096,7.51
2021-03-04,3.8302532511978096,7.279999999999999
2021-03-04,4.829568788501026,7.859999999999999
2021-03-04,5.8288843258042435,7.99
2021-03-04,7.83025325119781,8.21
2021-03-04,9.828884325804244,8.49
2021-03-05,0.8268309377138946,3.89
2021-03-05,1.8261464750171115,5.890000000000001
2021-03-05,1.8261464750171115,5.79
2021-03-05,3.323750855578371,7.359999999999999
2021-03-05,3.8275154004106775,7.609999999999999
2021-03-05,3.8275154004106775,7.369999999999999
2021-03-05,4.826830937713894,7.96
2021-03-05,5.8261464750171115,8.01
2021-03-05,7.827515400410678,8.32
2021-03-05,9.826146475017111,8.57
2021-03-08,0.8186173853524983,3.9
2021-03-08,1.8179329226557153,5.859999999999999
2021-03-08,1.8179329226557153,5.77
2021-03-08,3.3155373032169746,7.25
2021-03-08,3.8193018480492813,7.49
2021-03-08,3.8193018480492813,7.26
2021-03-08,4.818617385352498,7.82
2021-03-08,5.817932922655715,7.880000000000001
2021-03-08,7.819301848049282,8.15
2021-03-08,9.817932922655714,8.379999999999999
2021-03-09,0.8158795345653662,4.01
2021-03-09,1.8151950718685832,6.09
2021-03-09,1.8151950718685832,6.0
2021-03-09,3.3127994524298425,7.529999999999999
2021-03-09,3.8165639972621492,7.77
2021-03-09,3.8165639972621492,7.54
2021-03-09,4.815879534565366,8.1
2021-03-09,5.815195071868583,8.14
2021-03-09,7.816563997262149,8.39
2021-03-09,9.815195071868583,8.629999999999999
2021-03-10,0.813141683778234,3.99
2021-03-10,1.8124572210814511,6.029999999999999
2021-03-10,1.8124572210814511,5.9399999999999995
2021-03-10,3.3100616016427105,7.46
2021-03-10,3.813826146475017,7.699999999999999
2021-03-10,3.813826146475017,7.5
2021-03-10,4.813141683778234,8.03
2021-03-10,5.812457221081451,8.09
2021-03-10,7.813826146475017,8.36
2021-03-10,9.81245722108145,8.559999999999999
2021-03-11,0.810403832991102,4.08
2021-03-11,1.809719370294319,6.130000000000001
2021-03-11,1.809719370294319,6.04
2021-03-11,3.3073237508555784,7.49
2021-03-11,3.811088295687885,7.71
2021-03-11,3.811088295687885,7.52
2021-03-11,4.810403832991102,8.0
2021-03-11,5.809719370294319,8.05
2021-03-11,7.811088295687885,8.27
2021-03-11,9.809719370294319,8.48
2021-03-12,0.8076659822039699,4.140000000000001
2021-03-12,1.8069815195071868,6.23
2021-03-12,1.8069815195071868,6.140000000000001
2021-03-12,3.3045859000684463,7.630000000000001
2021-03-12,3.808350444900753,7.83
2021-03-12,3.808350444900753,7.619999999999999
2021-03-12,4.80766598220397,8.120000000000001
2021-03-12,5.806981519507187,8.18
2021-03-12,7.808350444900753,8.379999999999999
2021-03-12,9.806981519507186,8.59
2021-03-15,0.7994524298425736,4.26
2021-03-15,1.7987679671457906,6.27
2021-03-15,1.7987679671457906,6.18
2021-03-15,3.29637234770705,7.59
2021-03-15,3.800136892539357,7.800000000000001
2021-03-15,3.800136892539357,7.6
2021-03-15,4.799452429842574,8.08
2021-03-15,5.798767967145791,8.129999999999999
2021-03-15,7.800136892539356,8.4
2021-03-15,9.79876796714579,8.61
2021-03-16,0.7967145790554415,4.279999999999999
2021-03-16,1.7960301163586585,6.300000000000001
2021-03-16,1.7960301163586585,6.23
2021-03-16,3.293634496919918,7.5600000000000005
2021-03-16,3.7973990417522243,7.75
2021-03-16,3.7973990417522243,7.59
2021-03-16,4.7967145790554415,8.02
2021-03-16,5.796030116358659,8.1
2021-03-16,7.797399041752224,8.35
2021-03-16,9.796030116358658,8.57
2021-03-17,0.7939767282683093,4.26
2021-03-17,1.7932922655715264,6.32
2021-03-17,1.7932922655715264,6.26
2021-03-17,3.2908966461327855,7.59
2021-03-17,3.7946611909650922,7.82
2021-03-17,3.7946611909650922,7.67
2021-03-17,4.7939767282683095,8.08
2021-03-17,5.793292265571527,8.18
2021-03-17,7.794661190965092,8.42
2021-03-17,9.793292265571527,8.61
2021-03-18,0.7912388774811773,4.5
2021-03-18,1.7905544147843941,6.41
2021-03-18,1.7905544147843941,6.35
2021-03-18,3.2881587953456535,7.619999999999999
2021-03-18,3.79192334017796,7.800000000000001
2021-03-18,3.79192334017796,7.66
2021-03-18,4.791238877481177,8.03
2021-03-18,5.790554414784395,8.1
2021-03-18,7.79192334017796,8.33
2021-03-18,9.790554414784394,8.49
2021-03-19,0.7885010266940452,4.57
2021-03-19,1.787816563997262,6.42
2021-03-19,1.787816563997262,6.359999999999999
2021-03-19,3.2854209445585214,7.6
2021-03-19,3.789185489390828,7.77
2021-03-19,3.789185489390828,7.640000000000001
2021-03-19,4.788501026694045,8.01
2021-03-19,5.7878165639972625,8.09
2021-03-19,7.789185489390828,8.3
2021-03-19,9.787816563997263,8.440000000000001
2021-03-22,0.7802874743326489,4.630000000000001
2021-03-22,1.7796030116358659,6.54
2021-03-22,1.7796030116358659,6.48
2021-03-22,3.277207392197125,7.85
2021-03-22,3.780971937029432,8.059999999999999
2021-03-22,3.780971937029432,7.9399999999999995
2021-03-22,4.780287474332649,8.309999999999999
2021-03-22,5.779603011635865,8.43
2021-03-22,7.780971937029432,8.64
2021-03-22,9.779603011635865,8.77
2021-03-23,0.7775496235455168,4.65
2021-03-23,1.7768651608487338,6.6
2021-03-23,1.7768651608487338,6.54
2021-03-23,3.274469541409993,7.96
2021-03-23,3.7782340862423,8.17
2021-03-23,3.7782340862423,8.059999999999999
2021-03-23,4.777549623545517,8.43
2021-03-23,5.776865160848733,8.559999999999999
2021-03-23,7.7782340862423,8.79
2021-03-23,9.776865160848734,8.940000000000001
2021-03-24,0.7748117727583846,4.67
2021-03-24,1.7741273100616017,6.630000000000001
2021-03-24,1.7741273100616017,6.57
2021-03-24,3.271731690622861,8.03
2021-03-24,3.7754962354551678,8.24
2021-03-24,3.7754962354551678,8.14
2021-03-24,4.774811772758385,8.52
2021-03-24,5.774127310061601,8.66
2021-03-24,7.775496235455168,8.879999999999999
2021-03-24,9.774127310061601,9.030000000000001
2021-03-25,0.7720739219712526,4.859999999999999
2021-03-25,1.7713894592744694,7.0
2021-03-25,1.7713894592744694,6.9399999999999995
2021-03-25,3.268993839835729,8.51
2021-03-25,3.7727583846680357,8.74
2021-03-25,3.7727583846680357,8.6
2021-03-25,4.772073921971253,9.04
2021-03-25,5.771389459274469,9.17
2021-03-25,7.772758384668036,9.41
2021-03-25,9.77138945927447,9.530000000000001
2021-03-26,0.7693360711841205,4.67
2021-03-26,1.7686516084873374,6.68
2021-03-26,1.7686516084873374,6.630000000000001
2021-03-26,3.266255989048597,8.17
2021-03-26,3.7700205338809036,8.379999999999999
2021-03-26,3.7700205338809036,8.190000000000001
2021-03-26,4.769336071184121,8.7
2021-03-26,5.768651608487337,8.82
2021-03-26,7.770020533880904,9.120000000000001
2021-03-26,9.768651608487337,9.24
2021-03-29,0.7611225188227242,4.76
2021-03-29,1.7604380561259412,6.79
2021-03-29,1.7604380561259412,6.75
2021-03-29,3.2580424366872007,8.27
2021-03-29,3.761806981519507,8.5
2021-03-29,3.761806981519507,8.27
2021-03-29,4.761122518822724,8.809999999999999
2021-03-29,5.760438056125941,8.89
2021-03-29,7.761806981519507,9.18
2021-03-29,9.760438056125942,9.309999999999999
2021-03-30,0.758384668035592,4.67
2021-03-30,1.757700205338809,6.71
2021-03-30,1.757700205338809,6.66
2021-03-30,3.2553045859000687,8.219999999999999
2021-03-30,3.759069130732375,8.45
2021-03-30,3.759069130732375,8.23
2021-03-30,4.758384668035592,8.76
2021-03-30,5.757700205338809,8.84
2021-03-30,7.759069130732375,9.15
2021-03-30,9.757700205338809,9.280000000000001
2021-03-31,0.75564681724846,4.67
2021-03-31,1.754962354551677,6.65
2021-03-31,1.754962354551677,6.6
2021-03-31,3.252566735112936,8.15
2021-03-31,3.756331279945243,8.4
2021-03-31,3.756331279945243,8.18
2021-03-31,4.75564681724846,8.71
2021-03-31,5.754962354551677,8.8
2021-03-31,7.756331279945243,9.14
2021-03-31,9.754962354551678,9.29
2021-04-01,0.7529089664613279,4.640000000000001
2021-04-01,1.7522245037645447,6.68
2021-04-01,1.7522245037645447,6.630000000000001
2021-04-01,3.249828884325804,8.18
2021-04-01,3.753593429158111,8.440000000000001
2021-04-01,3.753593429158111,8.219999999999999
2021-04-01,4.7529089664613275,8.77
2021-04-01,5.752224503764545,8.870000000000001
2021-04-01,7.753593429158111,9.219999999999999
2021-04-01,9.752224503764545,9.35
2021-04-05,0.7419575633127995,4.67
2021-04-05,1.7412731006160165,6.77
2021-04-05,1.7412731006160165,6.720000000000001
2021-04-05,3.238877481177276,8.27
2021-04-05,3.7426420260095825,8.52
2021-04-05,3.7426420260095825,8.3
2021-04-05,4.741957563312799,8.84
2021-04-05,5.7412731006160165,8.91
2021-04-05,7.742642026009582,9.25
2021-04-05,9.741273100616016,9.379999999999999
2021-04-06,0.7392197125256673,4.609999999999999
2021-04-06,1.7385352498288844,6.6899999999999995
2021-04-06,1.7385352498288844,6.640000000000001
2021-04-06,3.2361396303901437,8.2
2021-04-06,3.7399041752224504,8.46
2021-04-06,3.7399041752224504,8.25
2021-04-06,4.739219712525667,8.79
2021-04-06,5.738535249828884,8.85
2021-04-06,7.73990417522245,9.18
2021-04-06,9.738535249828884,9.33
2021-04-07,0.7364818617385352,4.699999999999999
2021-04-07,1.7357973990417521,6.8100000000000005
2021-04-07,1.7357973990417521,6.75
2021-04-07,3.2334017796030117,8.32
2021-04-07,3.7371663244353184,8.58
2021-04-07,3.7371663244353184,8.35
2021-04-07,4.736481861738535,8.9
2021-04-07,5.735797399041752,8.969999999999999
2021-04-07,7.737166324435318,9.309999999999999
2021-04-07,9.735797399041752,9.46
2021-04-08,0.7337440109514032,4.79
2021-04-08,1.73305954825462,6.9
2021-04-08,1.73305954825462,6.85
2021-04-08,3.2306639288158796,8.43
2021-04-08,3.7344284736481863,8.67
2021-04-08,3.7344284736481863,8.45
2021-04-08,4.733744010951403,9.0
2021-04-08,5.73305954825462,9.07
2021-04-08,7.734428473648186,9.43
2021-04-08,9.73305954825462,9.59
2021-04-09,0.731006160164271,4.71
2021-04-09,1.730321697467488,6.66
2021-04-09,1.730321697467488,6.609999999999999
2021-04-09,3.2279260780287475,8.219999999999999
2021-04-09,3.7316906228610542,8.49
2021-04-09,3.7316906228610542,8.280000000000001
2021-04-09,4.731006160164271,8.84
2021-04-09,5.730321697467488,8.940000000000001
2021-04-09,7.731690622861054,9.32
2021-04-09,9.730321697467488,9.52
2021-04-12,0.7227926078028748,4.77
2021-04-12,1.7221081451060918,6.75
2021-04-12,1.7221081451060918,6.6899999999999995
2021-04-12,3.2197125256673513,8.33
2021-04-12,3.7234770704996576,8.59
2021-04-12,3.7234770704996576,8.4
2021-04-12,4.722792607802875,8.940000000000001
2021-04-12,5.722108145106092,9.05
2021-04-12,7.723477070499658,9.43
2021-04-12,9.722108145106091,9.6
2021-04-13,0.7200547570157426,4.800000000000001
2021-04-13,1.7193702943189597,6.800000000000001
2021-04-13,1.7193702943189597,6.75
2021-04-13,3.216974674880219,8.35
2021-04-13,3.7207392197125255,8.620000000000001
2021-04-13,3.7207392197125255,8.440000000000001
2021-04-13,4.720054757015743,8.95
2021-04-13,5.71937029431896,9.05
2021-04-13,7.7207392197125255,9.4
2021-04-13,9.71937029431896,9.55
2021-04-14,0.7173169062286106,4.84
2021-04-14,1.7166324435318274,6.880000000000001
2021-04-14,1.7166324435318274,6.82
2021-04-14,3.2142368240930868,8.41
2021-04-14,3.7180013689253935,8.67
2021-04-14,3.7180013689253935,8.51
2021-04-14,4.717316906228611,9.0
2021-04-14,5.716632443531828,9.11
2021-04-14,7.7180013689253935,9.46
2021-04-14,9.716632443531827,9.629999999999999
2021-04-15,0.7145790554414785,4.800000000000001
2021-04-15,1.7138945927446954,6.77
2021-04-15,1.7138945927446954,6.699999999999999
2021-04-15,3.2114989733059547,8.3
2021-04-15,3.7152635181382614,8.57
2021-04-15,3.7152635181382614,8.41
2021-04-15,4.714579055441479,8.92
2021-04-15,5.713894592744696,9.05
2021-04-15,7.715263518138261,9.42
2021-04-15,9.713894592744696,9.6
2021-04-16,0.7118412046543463,4.77
2021-04-16,1.7111567419575633,6.68
2021-04-16,1.7111567419575633,6.609999999999999
2021-04-16,3.2087611225188226,8.219999999999999
2021-04-16,3.7125256673511293,8.48
2021-04-16,3.7125256673511293,8.309999999999999
2021-04-16,4.7118412046543465,8.83
2021-04-16,5.711156741957564,8.95
2021-04-16,7.712525667351129,9.33
2021-04-16,9.711156741957563,9.52
2021-04-19,0.70362765229295,4.74
2021-04-19,1.702943189596167,6.550000000000001
2021-04-19,1.702943189596167,6.48
2021-04-19,3.2005475701574264,8.0
2021-04-19,3.704312114989733,8.26
2021-04-19,3.704312114989733,8.09
2021-04-19,4.70362765229295,8.59
2021-04-19,5.702943189596167,8.71
2021-04-19,7.704312114989733,9.1
2021-04-19,9.702943189596168,9.280000000000001
2021-04-20,0.7008898015058179,4.720000000000001
2021-04-20,1.700205338809035,6.54
2021-04-20,1.700205338809035,6.470000000000001
2021-04-20,3.1978097193702943,8.01
2021-04-20,3.701574264202601,8.26
2021-04-20,3.701574264202601,8.09
2021-04-20,4.700889801505818,8.59
2021-04-20,5.700205338809035,8.690000000000001
2021-04-20,7.701574264202601,9.07
2021-04-20,9.700205338809035,9.26
2021-04-22,0.6954140999315537,4.76
2021-04-22,1.6947296372347707,6.57
2021-04-22,1.6947296372347707,6.49
2021-04-22,3.19233401779603,8.0
2021-04-22,3.696098562628337,8.26
2021-04-22,3.696098562628337,8.08
2021-04-22,4.695414099931554,8.59
2021-04-22,5.69472963723477,8.71
2021-04-22,7.696098562628337,9.1
2021-04-22,9.69472963723477,9.3
2021-04-23,0.6926762491444216,4.699999999999999
2021-04-23,1.6919917864476386,6.41
2021-04-23,1.6919917864476386,6.34
2021-04-23,3.189596167008898,7.79
2021-04-23,3.693360711841205,8.03
2021-04-23,3.693360711841205,7.859999999999999
2021-04-23,4.692676249144422,8.36
2021-04-23,5.691991786447638,8.48
2021-04-23,7.693360711841205,8.89
2021-04-23,9.69199178644764,9.11
2021-04-26,0.6844626967830253,4.720000000000001
2021-04-26,1.6837782340862424,6.470000000000001
2021-04-26,1.6837782340862424,6.4
2021-04-26,3.1813826146475015,7.83
2021-04-26,3.685147159479808,8.059999999999999
2021-04-26,3.685147159479808,7.859999999999999
2021-04-26,4.684462696783025,8.39
2021-04-26,5.683778234086242,8.52
2021-04-26,7.685147159479809,8.91
2021-04-26,9.683778234086242,9.129999999999999
2021-04-27,0.6817248459958932,4.6899999999999995
2021-04-27,1.68104038329911,6.41
2021-04-27,1.68104038329911,6.33
2021-04-27,3.1786447638603694,7.75
2021-04-27,3.682409308692676,7.9799999999999995
2021-04-27,3.682409308692676,7.77
2021-04-27,4.681724845995893,8.309999999999999
2021-04-27,5.68104038329911,8.43
2021-04-27,7.682409308692677,8.809999999999999
2021-04-27,9.681040383299111,9.04
2021-04-28,0.6789869952087612,4.71
2021-04-28,1.678302532511978,6.48
2021-04-28,1.678302532511978,6.41
2021-04-28,3.1759069130732374,7.869999999999999
2021-04-28,3.679671457905544,8.11
2021-04-28,3.679671457905544,7.9
2021-04-28,4.678986995208761,8.440000000000001
2021-04-28,5.678302532511978,8.559999999999999
2021-04-28,7.6796714579055445,8.92
2021-04-28,9.678302532511978,9.129999999999999
2021-04-29,0.676249144421629,4.720000000000001
2021-04-29,1.675564681724846,6.470000000000001
2021-04-29,1.675564681724846,6.390000000000001
2021-04-29,3.1731690622861053,7.859999999999999
2021-04-29,3.676933607118412,8.1
2021-04-29,3.676933607118412,7.890000000000001
2021-04-29,4.676249144421629,8.46
2021-04-29,5.675564681724846,8.58
2021-04-29,7.676933607118412,8.969999999999999
2021-04-29,9.675564681724847,9.18
2021-04-30,0.6735112936344969,4.6899999999999995
2021-04-30,1.672826830937714,6.43
2021-04-30,1.672826830937714,6.35
2021-04-30,3.1704312114989732,7.800000000000001
2021-04-30,3.67419575633128,8.03
2021-04-30,3.67419575633128,7.800000000000001
2021-04-30,4.673511293634497,8.379999999999999
2021-04-30,5.672826830937714,8.48
2021-04-30,7.67419575633128,8.870000000000001
2021-04-30,9.672826830937714,9.07
2021-05-03,0.6652977412731006,4.79
2021-05-03,1.6646132785763177,6.609999999999999
2021-05-03,1.6646132785763177,6.529999999999999
2021-05-03,3.162217659137577,7.9399999999999995
2021-05-03,3.6659822039698837,8.18
2021-05-03,3.6659822039698837,7.949999999999999
2021-05-03,4.6652977412731005,8.51
2021-05-03,5.664613278576318,8.620000000000001
2021-05-03,7.665982203969883,9.0
2021-05-03,9.664613278576317,9.190000000000001
2021-05-04,0.6625598904859685,4.84
2021-05-04,1.6618754277891854,6.71
2021-05-04,1.6618754277891854,6.640000000000001
2021-05-04,3.159479808350445,8.05
2021-05-04,3.6632443531827517,8.27
2021-05-04,3.6632443531827517,8.04
2021-05-04,4.662559890485968,8.59
2021-05-04,5.661875427789186,8.690000000000001
2021-05-04,7.663244353182751,9.059999999999999
2021-05-04,9.661875427789186,9.25
2021-05-05,0.6598220396988365,4.869999999999999
2021-05-05,1.6591375770020533,6.779999999999999
2021-05-05,1.6591375770020533,6.699999999999999
2021-05-05,3.156741957563313,8.14
2021-05-05,3.6605065023956196,8.36
2021-05-05,3.6605065023956196,8.129999999999999
2021-05-05,4.659822039698836,8.690000000000001
2021-05-05,5.6591375770020536,8.79
2021-05-05,7.660506502395619,9.15
2021-05-05,9.659137577002053,9.34
2021-05-06,0.6570841889117043,4.880000000000001
2021-05-06,1.6563997262149213,6.74
2021-05-06,1.6563997262149213,6.66
2021-05-06,3.154004106776181,8.07
2021-05-06,3.6577686516084875,8.29
2021-05-06,3.6577686516084875,8.059999999999999
2021-05-06,4.657084188911704,8.61
2021-05-06,5.6563997262149215,8.7
2021-05-06,7.657768651608487,9.08
2021-05-06,9.656399726214921,9.27
2021-05-07,0.6543463381245722,4.93
2021-05-07,1.6536618754277892,6.9
2021-05-07,1.6536618754277892,6.82
2021-05-07,3.1512662559890487,8.26
2021-05-07,3.6550308008213555,8.48
2021-05-07,3.6550308008213555,8.25
2021-05-07,4.654346338124572,8.79
2021-05-07,5.653661875427789,8.879999999999999
2021-05-07,7.655030800821355,9.24
2021-05-07,9.653661875427789,9.43
2021-05-10,0.6461327857631759,4.9399999999999995
2021-05-10,1.6454483230663928,6.9
2021-05-10,1.6454483230663928,6.8100000000000005
2021-05-10,3.143052703627652,8.25
2021-05-10,3.646817248459959,8.46
2021-05-10,3.646817248459959,8.21
2021-05-10,4.646132785763176,8.76
2021-05-10,5.645448323066393,8.8
2021-05-10,7.646817248459959,9.120000000000001
2021-05-10,9.645448323066393,9.27
2021-05-11,0.6433949349760438,4.869999999999999
2021-05-11,1.6427104722792607,6.84
2021-05-11,1.6427104722792607,6.75
2021-05-11,3.14031485284052,8.27
2021-05-11,3.6440793976728267,8.49
2021-05-11,3.6440793976728267,8.24
2021-05-11,4.643394934976044,8.809999999999999
2021-05-11,5.642710472279261,8.85
2021-05-11,7.644079397672827,9.18
2021-05-11,9.64271047227926,9.33
2021-05-12,0.6406570841889117,4.890000000000001
2021-05-12,1.6399726214921286,6.82
2021-05-12,1.6399726214921286,6.73
2021-05-12,3.137577002053388,8.219999999999999
2021-05-12,3.6413415468856947,8.440000000000001
2021-05-12,3.6413415468856947,8.190000000000001
2021-05-12,4.640657084188912,8.77
2021-05-12,5.639972621492129,8.809999999999999
2021-05-12,7.641341546885695,9.15
2021-05-12,9.639972621492129,9.309999999999999
2021-05-13,0.6379192334017796,4.949999999999999
2021-05-13,1.6372347707049966,6.9399999999999995
2021-05-13,1.6372347707049966,6.85
2021-05-13,3.134839151266256,8.33
2021-05-13,3.6386036960985626,8.54
2021-05-13,3.6386036960985626,8.29
2021-05-13,4.63791923340178,8.86
2021-05-13,5.637234770704997,8.91
2021-05-13,7.638603696098563,9.24
2021-05-13,9.637234770704996,9.41
2021-05-14,0.6351813826146475,4.949999999999999
2021-05-14,1.6344969199178645,6.93
2021-05-14,1.6344969199178645,6.83
2021-05-14,3.132101300479124,8.3
2021-05-14,3.6358658453114305,8.51
2021-05-14,3.6358658453114305,8.26
2021-05-14,4.635181382614648,8.83
2021-05-14,5.634496919917864,8.89
2021-05-14,7.6358658453114305,9.24
2021-05-14,9.634496919917865,9.41
2021-05-17,0.6269678302532512,5.0600000000000005
2021-05-17,1.626283367556468,7.07
2021-05-17,1.626283367556468,6.970000000000001
2021-05-17,3.1238877481177276,8.4
2021-05-17,3.6276522929500343,8.620000000000001
2021-05-17,3.6276522929500343,8.370000000000001
2021-05-17,4.6269678302532515,8.92
2021-05-17,5.626283367556468,8.969999999999999
2021-05-17,7.627652292950034,9.309999999999999
2021-05-17,9.626283367556468,9.469999999999999
2021-05-18,0.6242299794661191,5.01
2021-05-18,1.623545516769336,6.949999999999999
2021-05-18,1.623545516769336,6.85
2021-05-18,3.1211498973305956,8.25
2021-05-18,3.6249144421629023,8.45
2021-05-18,3.6249144421629023,8.2
2021-05-18,4.6242299794661195,8.75
2021-05-18,5.623545516769336,8.8
2021-05-18,7.624914442162902,9.15
2021-05-18,9.623545516769337,9.33
2021-05-19,0.621492128678987,5.07
2021-05-19,1.620807665982204,7.109999999999999
2021-05-19,1.620807665982204,7.01
2021-05-19,3.1184120465434635,8.440000000000001
2021-05-19,3.62217659137577,8.65
2021-05-19,3.62217659137577,8.4
2021-05-19,4.621492128678987,8.96
2021-05-19,5.620807665982204,9.01
2021-05-19,7.62217659137577,9.370000000000001
2021-05-19,9.620807665982204,9.55
2021-05-20,0.6187542778918549,5.0600000000000005
2021-05-20,1.6180698151950719,7.0600000000000005
2021-05-20,1.6180698151950719,6.96
2021-05-20,3.1156741957563314,8.4
2021-05-20,3.619438740588638,8.61
2021-05-20,3.619438740588638,8.36
2021-05-20,4.618754277891855,8.91
2021-05-20,5.618069815195072,8.98
2021-05-20,7.619438740588638,9.33
2021-05-20,9.618069815195073,9.51
2021-05-21,0.6160164271047228,5.08
2021-05-21,1.6153319644079398,7.04
2021-05-21,1.6153319644079398,6.949999999999999
2021-05-21,3.1129363449691994,8.36
2021-05-21,3.6167008898015056,8.559999999999999
2021-05-21,3.6167008898015056,8.309999999999999
2021-05-21,4.616016427104722,8.870000000000001
2021-05-21,5.61533196440794,8.92
2021-05-21,7.616700889801506,9.280000000000001
2021-05-21,9.61533196440794,9.49
2021-05-24,0.6078028747433265,5.08
2021-05-24,1.6071184120465434,7.029999999999999
2021-05-24,1.6071184120465434,6.9399999999999995
2021-05-24,3.1047227926078027,8.35
2021-05-24,3.6084873374401094,8.559999999999999
2021-05-24,3.6084873374401094,8.309999999999999
2021-05-24,4.607802874743326,8.870000000000001
2021-05-24,5.607118412046543,8.93
2021-05-24,7.60848733744011,9.309999999999999
2021-05-24,9.607118412046544,9.51
2021-05-25,0.6050650239561944,5.07
2021-05-25,1.6043805612594113,6.949999999999999
2021-05-25,1.6043805612594113,6.859999999999999
2021-05-25,3.1019849418206706,8.280000000000001
2021-05-25,3.6057494866529773,8.49
2021-05-25,3.6057494866529773,8.25
2021-05-25,4.605065023956194,8.8
2021-05-25,5.604380561259411,8.870000000000001
2021-05-25,7.605749486652978,9.25
2021-05-25,9.604380561259411,9.43
2021-05-26,0.6023271731690623,5.07
2021-05-26,1.6016427104722792,6.92
2021-05-26,1.6016427104722792,6.83
2021-05-26,3.0992470910335386,8.219999999999999
2021-05-26,3.6030116358658453,8.43
2021-05-26,3.6030116358658453,8.190000000000001
2021-05-26,4.602327173169062,8.74
2021-05-26,5.601642710472279,8.83
2021-05-26,7.603011635865846,9.2
2021-05-26,9.60164271047228,9.4
2021-05-27,0.5995893223819302,5.07
2021-05-27,1.5989048596851472,6.9
2021-05-27,1.5989048596851472,6.8100000000000005
2021-05-27,3.0965092402464065,8.17
2021-05-27,3.600273785078713,8.39
2021-05-27,3.600273785078713,8.15
2021-05-27,4.59958932238193,8.71
2021-05-27,5.598904859685147,8.79
2021-05-27,7.600273785078714,9.18
2021-05-27,9.598904859685147,9.39
2021-05-28,0.5968514715947981,5.08
2021-05-28,1.596167008898015,6.890000000000001
2021-05-28,1.596167008898015,6.800000000000001
2021-05-28,3.0937713894592744,8.059999999999999
2021-05-28,3.597535934291581,8.26
2021-05-28,3.597535934291581,8.01
2021-05-28,4.596851471594798,8.59
2021-05-28,5.596167008898015,8.65
2021-05-28,7.597535934291581,9.04
2021-05-28,9.596167008898014,9.29
2021-05-31,0.5886379192334018,5.109999999999999
2021-05-31,1.5879534565366187,6.880000000000001
2021-05-31,1.5879534565366187,6.79
2021-05-31,3.0855578370978782,7.9799999999999995
2021-05-31,3.589322381930185,8.17
2021-05-31,3.589322381930185,7.92
2021-05-31,4.588637919233402,8.5
2021-05-31,5.587953456536619,8.55
2021-05-31,7.5893223819301845,8.95
2021-05-31,9.587953456536619,9.190000000000001
2021-06-01,0.5859000684462696,5.17
2021-06-01,1.5852156057494866,6.970000000000001
2021-06-01,1.5852156057494866,6.880000000000001
2021-06-01,3.082819986310746,8.0
2021-06-01,3.586584531143053,8.18
2021-06-01,3.586584531143053,7.93
2021-06-01,4.58590006844627,8.46
2021-06-01,5.585215605749487,8.48
2021-06-01,7.586584531143052,8.85
2021-06-01,9.585215605749486,9.09
2021-06-02,0.5831622176591376,5.199999999999999
2021-06-02,1.5824777549623545,7.02
2021-06-02,1.5824777549623545,6.92
2021-06-02,3.080082135523614,8.07
2021-06-02,3.583846680355921,8.24
2021-06-02,3.583846680355921,7.99
2021-06-02,4.583162217659138,8.52
2021-06-02,5.582477754962355,8.530000000000001
2021-06-02,7.58384668035592,8.9
2021-06-02,9.582477754962355,9.14
2021-06-04,0.5776865160848734,5.1899999999999995
2021-06-04,1.5770020533880904,6.99
2021-06-04,1.5770020533880904,6.880000000000001
2021-06-04,3.07460643394935,7.99
2021-06-04,3.578370978781656,8.17
2021-06-04,3.578370978781656,7.92
2021-06-04,4.577686516084873,8.45
2021-06-04,5.577002053388091,8.469999999999999
2021-06-04,7.578370978781656,8.84
2021-06-04,9.57700205338809,9.09
2021-06-07,0.5694729637234771,5.16
2021-06-07,1.568788501026694,6.9399999999999995
2021-06-07,1.568788501026694,6.84
2021-06-07,3.0663928815879533,7.890000000000001
2021-06-07,3.57015742642026,8.059999999999999
2021-06-07,3.57015742642026,7.8100000000000005
2021-06-07,4.569472963723477,8.33
2021-06-07,5.568788501026694,8.36
2021-06-07,7.57015742642026,8.719999999999999
2021-06-07,9.568788501026694,8.99
2021-06-08,0.5667351129363449,5.199999999999999
2021-06-08,1.566050650239562,6.99
2021-06-08,1.566050650239562,6.890000000000001
2021-06-08,3.0636550308008212,7.9399999999999995
2021-06-08,3.567419575633128,8.11
2021-06-08,3.567419575633128,7.85
2021-06-08,4.566735112936345,8.379999999999999
2021-06-08,5.566050650239562,8.39
2021-06-08,7.567419575633128,8.74
2021-06-08,9.566050650239562,9.01
2021-06-09,0.5639972621492129,5.23
2021-06-09,1.5633127994524298,7.02
2021-06-09,1.5633127994524298,6.92
2021-06-09,3.060917180013689,7.9399999999999995
2021-06-09,3.564681724845996,8.1
2021-06-09,3.564681724845996,7.85
2021-06-09,4.563997262149213,8.379999999999999
2021-06-09,5.563312799452429,8.4
2021-06-09,7.564681724845996,8.74
2021-06-09,9.56331279945243,9.02
2021-06-10,0.5612594113620808,5.3100000000000005
2021-06-10,1.5605749486652978,7.07
2021-06-10,1.5605749486652978,6.98
2021-06-10,3.058179329226557,7.99
2021-06-10,3.561943874058864,8.14
2021-06-10,3.561943874058864,7.890000000000001
2021-06-10,4.561259411362081,8.41
2021-06-10,5.560574948665297,8.45
2021-06-10,7.561943874058864,8.780000000000001
2021-06-10,9.560574948665298,9.08
2021-06-11,0.5585215605749486,5.4
2021-06-11,1.5578370978781657,7.21
2021-06-11,1.5578370978781657,7.130000000000001
2021-06-11,3.055441478439425,8.120000000000001
2021-06-11,3.5592060232717317,8.27
2021-06-11,3.5592060232717317,8.03
2021-06-11,4.558521560574949,8.51
2021-06-11,5.557837097878165,8.55
2021-06-11,7.559206023271732,8.9
2021-06-11,9.557837097878165,9.219999999999999
2021-06-14,0.5503080082135524,5.390000000000001
2021-06-14,1.5496235455167693,7.220000000000001
2021-06-14,1.5496235455167693,7.140000000000001
2021-06-14,3.047227926078029,8.190000000000001
2021-06-14,3.5509924709103355,8.35
2021-06-14,3.5509924709103355,8.120000000000001
2021-06-14,4.550308008213553,8.6
2021-06-14,5.549623545516769,8.65
2021-06-14,7.5509924709103355,9.0
2021-06-14,9.54962354551677,9.32
2021-06-15,0.5475701574264202,5.43
2021-06-15,1.5468856947296372,7.21
2021-06-15,1.5468856947296372,7.130000000000001
2021-06-15,3.0444900752908968,8.15
2021-06-15,3.5482546201232035,8.3
2021-06-15,3.5482546201232035,8.08
2021-06-15,4.547570157426421,8.54
2021-06-15,5.546885694729637,8.6
2021-06-15,7.5482546201232035,8.940000000000001
2021-06-15,9.546885694729637,9.24
2021-06-16,0.5448323066392882,5.46
2021-06-16,1.5441478439425051,7.21
2021-06-16,1.5441478439425051,7.130000000000001
2021-06-16,3.0417522245037647,8.120000000000001
2021-06-16,3.5455167693360714,8.27
2021-06-16,3.5455167693360714,8.059999999999999
2021-06-16,4.544832306639288,8.49
2021-06-16,5.544147843942505,8.55
2021-06-16,7.545516769336071,8.879999999999999
2021-06-16,9.544147843942506,9.2
2021-06-17,0.5420944558521561,5.57
2021-06-17,1.541409993155373,7.29
2021-06-17,1.541409993155373,7.220000000000001
2021-06-17,3.0390143737166326,8.129999999999999
2021-06-17,3.542778918548939,8.26
2021-06-17,3.542778918548939,8.09
2021-06-17,4.542094455852156,8.469999999999999
2021-06-17,5.541409993155373,8.52
2021-06-17,7.542778918548939,8.8
2021-06-17,9.541409993155373,9.1
2021-06-18,0.5393566050650239,5.640000000000001
2021-06-18,1.538672142368241,7.359999999999999
2021-06-18,1.538672142368241,7.279999999999999
2021-06-18,3.0362765229295,8.27
2021-06-18,3.540041067761807,8.42
2021-06-18,3.540041067761807,8.24
2021-06-18,4.539356605065024,8.620000000000001
2021-06-18,5.538672142368241,8.74
2021-06-18,7.540041067761807,8.99
2021-06-18,9.538672142368242,9.26
2021-06-21,0.5311430527036276,5.630000000000001
2021-06-21,1.5304585900068446,7.34
2021-06-21,1.5304585900068446,7.26
2021-06-21,3.028062970568104,8.32
2021-06-21,3.5318275154004106,8.48
2021-06-21,3.5318275154004106,8.309999999999999
2021-06-21,4.531143052703627,8.719999999999999
2021-06-21,5.530458590006845,8.83
2021-06-21,7.531827515400411,9.11
2021-06-21,9.530458590006845,9.4
2021-06-22,0.5284052019164955,5.75
2021-06-22,1.5277207392197125,7.4399999999999995
2021-06-22,1.5277207392197125,7.359999999999999
2021-06-22,3.025325119780972,8.35
2021-06-22,3.5290896646132786,8.52
2021-06-22,3.5290896646132786,8.36
2021-06-22,4.528405201916495,8.719999999999999
2021-06-22,5.5277207392197125,8.85
2021-06-22,7.529089664613279,9.11
2021-06-22,9.527720739219713,9.379999999999999
2021-06-23,0.5256673511293635,5.75
2021-06-23,1.5249828884325805,7.43
2021-06-23,1.5249828884325805,7.359999999999999
2021-06-23,3.02258726899384,8.29
2021-06-23,3.5263518138261465,8.43
2021-06-23,3.5263518138261465,8.27
2021-06-23,4.525667351129363,8.64
2021-06-23,5.5249828884325805,8.76
2021-06-23,7.526351813826146,9.01
2021-06-23,9.52498288843258,9.27
2021-06-24,0.5229295003422314,5.74
2021-06-24,1.5222450376454484,7.470000000000001
2021-06-24,1.5222450376454484,7.390000000000001
2021-06-24,3.0198494182067077,8.309999999999999
2021-06-24,3.5236139630390144,8.440000000000001
2021-06-24,3.5236139630390144,8.27
2021-06-24,4.522929500342231,8.64
2021-06-24,5.522245037645448,8.719999999999999
2021-06-24,7.523613963039014,8.969999999999999
2021-06-24,9.522245037645447,9.24
2021-06-25,0.5201916495550992,5.71
2021-06-25,1.5195071868583163,7.41
2021-06-25,1.5195071868583163,7.34
2021-06-25,3.0171115674195756,8.24
2021-06-25,3.5208761122518824,8.379999999999999
2021-06-25,3.5208761122518824,8.17
2021-06-25,4.520191649555099,8.58
2021-06-25,5.519507186858316,8.629999999999999
2021-06-25,7.520876112251882,8.89
2021-06-25,9.519507186858316,9.17
2021-06-28,0.5119780971937029,5.6899999999999995
2021-06-28,1.51129363449692,7.4
2021-06-28,1.51129363449692,7.33
2021-06-28,3.0088980150581794,8.33
2021-06-28,3.512662559890486,8.48
2021-06-28,3.512662559890486,8.27
2021-06-28,4.511978097193703,8.7
2021-06-28,5.51129363449692,8.76
2021-06-28,7.512662559890486,9.030000000000001
2021-06-28,9.51129363449692,9.33
2021-06-29,0.5092402464065708,5.619999999999999
2021-06-29,1.5085557837097878,7.18
2021-06-29,1.5085557837097878,7.109999999999999
2021-06-29,3.0061601642710474,8.07
2021-06-29,3.509924709103354,8.24
2021-06-29,3.509924709103354,8.03
2021-06-29,4.509240246406571,8.48
2021-06-29,5.508555783709788,8.55
2021-06-29,7.509924709103354,8.84
2021-06-29,9.508555783709788,9.15
2021-06-30,0.5065023956194388,5.6
2021-06-30,1.5058179329226558,7.18
2021-06-30,1.5058179329226558,7.119999999999999
2021-06-30,3.0034223134839153,8.11
2021-06-30,3.5071868583162216,8.27
2021-06-30,3.5071868583162216,8.059999999999999
2021-06-30,4.506502395619439,8.49
2021-06-30,5.505817932922656,8.57
2021-06-30,7.507186858316222,8.84
2021-06-30,9.505817932922655,9.129999999999999
2021-07-01,0.5037645448323066,5.6899999999999995
2021-07-01,1.5030800821355237,7.29
2021-07-01,1.5030800821355237,7.24
2021-07-01,3.0006844626967832,8.21
2021-07-01,3.5044490075290895,8.370000000000001
2021-07-01,3.5044490075290895,8.16
2021-07-01,4.503764544832307,8.57
2021-07-01,5.503080082135524,8.620000000000001
2021-07-01,7.5044490075290895,8.86
2021-07-01,9.503080082135524,9.18
2021-07-02,0.5010266940451745,5.71
2021-07-02,1.5003422313483916,7.33
2021-07-02,1.5003422313483916,7.27
2021-07-02,2.9979466119096507,8.29
2021-07-02,3.5017111567419574,8.45
2021-07-02,3.5017111567419574,8.24
2021-07-02,4.501026694045175,8.66
2021-07-02,5.500342231348392,8.71
2021-07-02,7.501711156741957,8.93
2021-07-02,9.500342231348391,9.219999999999999
2021-07-05,0.4928131416837782,5.68
2021-07-05,1.4921286789869952,7.26
2021-07-05,1.4921286789869952,7.21
2021-07-05,2.9897330595482545,8.24
2021-07-05,3.4934976043805612,8.42
2021-07-05,3.4934976043805612,8.21
2021-07-05,4.492813141683778,8.66
2021-07-05,5.492128678986996,8.7
2021-07-05,7.493497604380561,8.95
2021-07-05,9.492128678986996,9.25
2021-07-06,0.49007529089664614,5.77
2021-07-06,1.4893908281998631,7.390000000000001
2021-07-06,1.4893908281998631,7.35
2021-07-06,2.9869952087611225,8.370000000000001
2021-07-06,3.490759753593429,8.55
2021-07-06,3.490759753593429,8.33
2021-07-06,4.490075290896646,8.780000000000001
2021-07-06,5.489390828199863,8.809999999999999
2021-07-06,7.490759753593429,9.04
2021-07-06,9.489390828199863,9.32
2021-07-07,0.487337440109514,5.779999999999999
2021-07-07,1.486652977412731,7.43
2021-07-07,1.486652977412731,7.380000000000001
2021-07-07,2.9842573579739904,8.4
2021-07-07,3.488021902806297,8.57
2021-07-07,3.488021902806297,8.36
2021-07-07,4.487337440109514,8.780000000000001
2021-07-07,5.486652977412731,8.809999999999999
2021-07-07,7.488021902806297,9.04
2021-07-07,9.486652977412732,9.33
2021-07-08,0.48459958932238195,5.76
2021-07-08,1.483915126625599,7.380000000000001
2021-07-08,1.483915126625599,7.33
2021-07-08,2.9815195071868583,8.33
2021-07-08,3.485284052019165,8.52
2021-07-08,3.485284052019165,8.3
2021-07-08,4.484599589322382,8.76
2021-07-08,5.4839151266255985,8.76
2021-07-08,7.485284052019165,9.02
2021-07-08,9.483915126625599,9.32
2021-07-12,0.4736481861738535,5.84
2021-07-12,1.4729637234770705,7.49
2021-07-12,1.4729637234770705,7.4399999999999995
2021-07-12,2.97056810403833,8.41
2021-07-12,3.4743326488706368,8.59
2021-07-12,3.4743326488706368,8.370000000000001
2021-07-12,4.473648186173854,8.8
2021-07-12,5.47296372347707,8.82
2021-07-12,7.474332648870637,9.059999999999999
2021-07-12,9.47296372347707,9.379999999999999
2021-07-13,0.47091033538672145,5.84
2021-07-13,1.4702258726899384,7.51
2021-07-13,1.4702258726899384,7.46
2021-07-13,2.967830253251198,8.45
2021-07-13,3.4715947980835042,8.64
2021-07-13,3.4715947980835042,8.41
2021-07-13,4.470910335386721,8.84
2021-07-13,5.470225872689938,8.85
2021-07-13,7.471594798083505,9.07
2021-07-13,9.470225872689939,9.36
2021-07-14,0.4681724845995893,5.84
2021-07-14,1.4674880219028064,7.52
2021-07-14,1.4674880219028064,7.48
2021-07-14,2.965092402464066,8.440000000000001
2021-07-14,3.468856947296372,8.620000000000001
2021-07-14,3.468856947296372,8.4
2021-07-14,4.468172484599589,8.82
2021-07-14,5.467488021902806,8.83
2021-07-14,7.468856947296373,9.07
2021-07-14,9.467488021902806,9.39
2021-07-15,0.4654346338124572,5.82
2021-07-15,1.4647501711156743,7.51
2021-07-15,1.4647501711156743,7.470000000000001
2021-07-15,2.9623545516769334,8.4
2021-07-15,3.46611909650924,8.58
2021-07-15,3.46611909650924,8.370000000000001
2021-07-15,4.465434633812457,8.79
2021-07-15,5.464750171115674,8.79
2021-07-15,7.4661190965092405,9.030000000000001
2021-07-15,9.464750171115675,9.32
2021-07-16,0.46269678302532513,5.83
2021-07-16,1.462012320328542,7.48
2021-07-16,1.462012320328542,7.4399999999999995
2021-07-16,2.9596167008898013,8.34
2021-07-16,3.463381245722108,8.52
2021-07-16,3.463381245722108,8.309999999999999
2021-07-16,4.462696783025325,8.719999999999999
2021-07-16,5.462012320328542,8.7
2021-07-16,7.4633812457221085,8.93
2021-07-16,9.462012320328542,9.23
2021-07-19,0.4544832306639288,5.82
2021-07-19,1.4537987679671458,7.43
2021-07-19,1.4537987679671458,7.390000000000001
2021-07-19,2.951403148528405,8.29
2021-07-19,3.455167693360712,8.469999999999999
2021-07-19,3.455167693360712,8.26
2021-07-19,4.454483230663929,8.68
2021-07-19,5.453798767967146,8.7
2021-07-19,7.455167693360712,8.940000000000001
2021-07-19,9.453798767967145,9.25
2021-07-20,0.4517453798767967,5.77
2021-07-20,1.4510609171800137,7.32
2021-07-20,1.4510609171800137,7.279999999999999
2021-07-20,2.948665297741273,8.2
2021-07-20,3.4524298425735798,8.39
2021-07-20,3.4524298425735798,8.16
2021-07-20,4.4517453798767965,8.6
2021-07-20,5.451060917180014,8.629999999999999
2021-07-20,7.452429842573579,8.879999999999999
2021-07-20,9.451060917180014,9.18
2021-07-21,0.4490075290896646,5.79
2021-07-21,1.4483230663928817,7.32
2021-07-21,1.4483230663928817,7.279999999999999
2021-07-21,2.945927446954141,8.21
2021-07-21,3.4496919917864477,8.4
2021-07-21,3.4496919917864477,8.17
2021-07-21,4.4490075290896645,8.64
2021-07-21,5.448323066392882,8.66
2021-07-21,7.449691991786447,8.93
2021-07-21,9.44832306639288,9.24
2021-07-22,0.4462696783025325,5.8100000000000005
2021-07-22,1.4455852156057496,7.35
2021-07-22,1.4455852156057496,7.3100000000000005
2021-07-22,2.943189596167009,8.25
2021-07-22,3.4469541409993156,8.46
2021-07-22,3.4469541409993156,8.23
2021-07-22,4.446269678302532,8.68
2021-07-22,5.44558521560575,8.71
2021-07-22,7.446954140999315,8.99
2021-07-22,9.44558521560575,9.309999999999999
2021-07-23,0.44353182751540043,5.96
2021-07-23,1.4428473648186173,7.52
2021-07-23,1.4428473648186173,7.48
2021-07-23,2.940451745379877,8.3
2021-07-23,3.4442162902121836,8.48
2021-07-23,3.4442162902121836,8.27
2021-07-23,4.4435318275154,8.68
2021-07-23,5.4428473648186175,8.719999999999999
2021-07-23,7.444216290212183,8.96
2021-07-23,9.442847364818617,9.280000000000001
2021-07-26,0.4353182751540041,6.130000000000001
2021-07-26,1.434633812457221,7.720000000000001
2021-07-26,1.434633812457221,7.68
2021-07-26,2.9322381930184807,8.49
2021-07-26,3.436002737850787,8.65
2021-07-26,3.436002737850787,8.440000000000001
2021-07-26,4.435318275154004,8.83
2021-07-26,5.434633812457221,8.85
2021-07-26,7.436002737850787,9.059999999999999
2021-07-26,9.434633812457221,9.34
2021-07-27,0.432580424366872,6.220000000000001
2021-07-27,1.431895961670089,7.77
2021-07-27,1.431895961670089,7.74
2021-07-27,2.9295003422313486,8.51
2021-07-27,3.433264887063655,8.67
2021-07-27,3.433264887063655,8.46
2021-07-27,4.432580424366872,8.84
2021-07-27,5.431895961670089,8.84
2021-07-27,7.433264887063655,9.04
2021-07-27,9.431895961670088,9.32
2021-07-28,0.42984257357973993,6.24
2021-07-28,1.429158110882957,7.74
2021-07-28,1.429158110882957,7.779999999999999
2021-07-28,2.926762491444216,8.52
2021-07-28,3.430527036276523,8.440000000000001
2021-07-28,3.430527036276523,8.66
2021-07-28,4.42984257357974,8.83
2021-07-28,5.429158110882957,8.83
2021-07-28,7.430527036276523,9.030000000000001
2021-07-28,9.429158110882957,9.32
2021-07-29,0.4271047227926078,6.26
2021-07-29,1.4264202600958247,7.83
2021-07-29,1.4264202600958247,7.79
2021-07-29,2.924024640657084,8.559999999999999
2021-07-29,3.4277891854893907,8.7
2021-07-29,3.4277891854893907,8.48
2021-07-29,4.427104722792608,8.85
2021-07-29,5.426420260095825,8.84
2021-07-29,7.427789185489391,9.05
2021-07-29,9.426420260095824,9.33
2021-07-30,0.4243668720054757,6.25
2021-07-30,1.4236824093086926,7.8100000000000005
2021-07-30,1.4236824093086926,7.77
2021-07-30,2.921286789869952,8.57
2021-07-30,3.4250513347022586,8.719999999999999
2021-07-30,3.4250513347022586,8.51
2021-07-30,4.424366872005476,8.879999999999999
2021-07-30,5.423682409308693,8.89
2021-07-30,7.425051334702259,9.1
2021-07-30,9.423682409308693,9.39
2021-08-02,0.4161533196440794,6.35
2021-08-02,1.4154688569472964,8.02
2021-08-02,1.4154688569472964,7.9799999999999995
2021-08-02,2.9130732375085557,8.84
2021-08-02,3.4168377823408624,8.98
2021-08-02,3.4168377823408624,8.77
2021-08-02,4.41615331964408,9.14
2021-08-02,5.415468856947296,9.129999999999999
2021-08-02,7.416837782340862,9.309999999999999
2021-08-02,9.415468856947296,9.57
2021-08-03,0.4134154688569473,6.369999999999999
2021-08-03,1.4127310061601643,8.09
2021-08-03,1.4127310061601643,8.059999999999999
2021-08-03,2.9103353867214237,9.02
2021-08-03,3.4140999315537304,9.18
2021-08-03,3.4140999315537304,8.96
2021-08-03,4.413415468856948,9.34
2021-08-03,5.412731006160164,9.34
2021-08-03,7.41409993155373,9.51
2021-08-03,9.412731006160165,9.76
2021-08-04,0.4106776180698152,6.380000000000001
2021-08-04,1.4099931553730323,8.04
2021-08-04,1.4099931553730323,8.01
2021-08-04,2.9075975359342916,8.9
2021-08-04,3.4113620807665983,9.05
2021-08-04,3.4113620807665983,8.84
2021-08-04,4.4106776180698155,9.2
2021-08-04,5.409993155373032,9.2
2021-08-04,7.411362080766598,9.370000000000001
2021-08-04,9.409993155373032,9.629999999999999
2021-08-05,0.4079397672826831,6.43
2021-08-05,1.4072553045859,8.14
2021-08-05,1.4072553045859,8.11
2021-08-05,2.9048596851471595,8.93
2021-08-05,3.4086242299794662,9.059999999999999
2021-08-05,3.4086242299794662,8.85
2021-08-05,4.407939767282683,9.2
2021-08-05,5.4072553045859,9.190000000000001
2021-08-05,7.408624229979466,9.34
2021-08-05,9.4072553045859,9.58
2021-08-06,0.405201916495551,6.52
2021-08-06,1.404517453798768,8.370000000000001
2021-08-06,1.404517453798768,8.35
2021-08-06,2.9021218343600275,9.26
2021-08-06,3.405886379192334,9.4
2021-08-06,3.405886379192334,9.2
2021-08-06,4.405201916495551,9.559999999999999
2021-08-06,5.404517453798768,9.559999999999999
2021-08-06,7.405886379192334,9.73
2021-08-06,9.404517453798768,9.98
2021-08-09,0.39698836413415467,6.54
2021-08-09,1.3963039014373717,8.370000000000001
2021-08-09,1.3963039014373717,8.35
2021-08-09,2.8939082819986313,9.24
2021-08-09,3.3976728268309375,9.379999999999999
2021-08-09,3.3976728268309375,9.190000000000001
2021-08-09,4.396988364134154,9.530000000000001
2021-08-09,5.3963039014373715,9.57
2021-08-09,7.397672826830938,9.75
2021-08-09,9.396303901437372,10.01
2021-08-10,0.3942505133470226,6.51
2021-08-10,1.3935660506502396,8.32
2021-08-10,1.3935660506502396,8.309999999999999
2021-08-10,2.891170431211499,9.219999999999999
2021-08-10,3.3949349760438055,9.370000000000001
2021-08-10,3.3949349760438055,9.18
2021-08-10,4.394250513347022,9.55
2021-08-10,5.393566050650239,9.6
2021-08-10,7.394934976043806,9.809999999999999
2021-08-10,9.39356605065024,10.11
2021-08-11,0.3915126625598905,6.52
2021-08-11,1.3908281998631074,8.24
2021-08-11,1.3908281998631074,8.23
2021-08-11,2.8884325804243667,9.120000000000001
2021-08-11,3.3921971252566734,9.27
2021-08-11,3.3921971252566734,9.09
2021-08-11,4.39151266255989,9.48
2021-08-11,5.390828199863107,9.559999999999999
2021-08-11,7.392197125256674,9.780000000000001
2021-08-11,9.390828199863108,10.07
2021-08-12,0.3887748117727584,6.57
2021-08-12,1.3880903490759753,8.33
2021-08-12,1.3880903490759753,8.32
2021-08-12,2.8856947296372346,9.219999999999999
2021-08-12,3.3894592744695413,9.379999999999999
2021-08-12,3.3894592744695413,9.219999999999999
2021-08-12,4.388774811772758,9.559999999999999
2021-08-12,5.388090349075975,9.66
2021-08-12,7.389459274469542,9.86
2021-08-12,9.388090349075975,10.16
2021-08-13,0.3860369609856263,6.609999999999999
2021-08-13,1.3853524982888432,8.45
2021-08-13,1.3853524982888432,8.440000000000001
2021-08-13,2.8829568788501025,9.36
2021-08-13,3.3867214236824092,9.530000000000001
2021-08-13,3.3867214236824092,9.379999999999999
2021-08-13,4.386036960985626,9.73
2021-08-13,5.385352498288843,9.84
2021-08-13,7.38672142368241,10.030000000000001
2021-08-13,9.385352498288844,10.33
2021-08-16,0.37782340862423,6.65
2021-08-16,1.377138945927447,8.51
2021-08-16,1.377138945927447,8.51
2021-08-16,2.8747433264887063,9.5
2021-08-16,3.378507871321013,9.66
2021-08-16,3.378507871321013,9.54
2021-08-16,4.37782340862423,9.870000000000001
2021-08-16,5.377138945927447,10.030000000000001
2021-08-16,7.378507871321013,10.219999999999999
2021-08-16,9.377138945927447,10.39
2021-08-17,0.3750855578370979,6.640000000000001
2021-08-17,1.374401095140315,8.51
2021-08-17,1.374401095140315,8.51
2021-08-17,2.8720054757015743,9.58
2021-08-17,3.375770020533881,9.74
2021-08-17,3.375770020533881,9.629999999999999
2021-08-17,4.375085557837098,9.969999999999999
2021-08-17,5.374401095140315,10.14
2021-08-17,7.3757700205338805,10.33
2021-08-17,9.374401095140314,10.629999999999999
2021-08-18,0.3723477070499658,6.68
2021-08-18,1.3716632443531827,8.51
2021-08-18,1.3716632443531827,8.5
2021-08-18,2.869267624914442,9.629999999999999
2021-08-18,3.373032169746749,9.8
2021-08-18,3.373032169746749,9.7
2021-08-18,4.372347707049966,10.030000000000001
2021-08-18,5.371663244353183,10.219999999999999
2021-08-18,7.3730321697467485,10.43
2021-08-18,9.371663244353183,10.73
2021-08-19,0.36960985626283366,6.77
2021-08-19,1.3689253935660506,8.71
2021-08-19,1.3689253935660506,8.7
2021-08-19,2.86652977412731,9.940000000000001
2021-08-19,3.370294318959617,10.129999999999999
2021-08-19,3.370294318959617,10.02
2021-08-19,4.369609856262834,10.36
2021-08-19,5.368925393566051,10.559999999999999
2021-08-19,7.370294318959616,10.75
2021-08-19,9.36892539356605,11.05
2021-08-20,0.3668720054757016,6.75
2021-08-20,1.3661875427789185,8.64
2021-08-20,1.3661875427789185,8.629999999999999
2021-08-20,2.863791923340178,9.77
2021-08-20,3.3675564681724848,9.93
2021-08-20,3.3675564681724848,9.83
2021-08-20,4.3668720054757015,10.15
2021-08-20,5.366187542778919,10.36
2021-08-20,7.367556468172484,10.54
2021-08-20,9.366187542778919,10.86
2021-08-23,0.3586584531143053,6.73
2021-08-23,1.3579739904175223,8.55
2021-08-23,1.3579739904175223,8.54
2021-08-23,2.855578370978782,9.629999999999999
2021-08-23,3.359342915811088,9.780000000000001
2021-08-23,3.359342915811088,9.67
2021-08-23,4.358658453114305,10.01
2021-08-23,5.3579739904175225,10.2
2021-08-23,7.359342915811088,10.379999999999999
2021-08-23,9.357973990417522,10.690000000000001
2021-08-24,0.35592060232717315,6.71
2021-08-24,1.3552361396303902,8.58
2021-08-24,1.3552361396303902,8.559999999999999
2021-08-24,2.8528405201916494,9.68
2021-08-24,3.356605065023956,9.84
2021-08-24,3.356605065023956,9.73
2021-08-24,4.355920602327173,10.07
2021-08-24,5.3552361396303905,10.24
2021-08-24,7.356605065023956,10.440000000000001
2021-08-24,9.35523613963039,10.74
2021-08-25,0.3531827515400411,6.73
2021-08-25,1.352498288843258,8.629999999999999
2021-08-25,1.352498288843258,8.620000000000001
2021-08-25,2.8501026694045173,9.66
2021-08-25,3.353867214236824,9.809999999999999
2021-08-25,3.353867214236824,9.71
2021-08-25,4.353182751540041,10.0
2021-08-25,5.352498288843258,10.190000000000001
2021-08-25,7.353867214236824,10.35
2021-08-25,9.352498288843258,10.629999999999999
2021-08-26,0.35044490075290896,6.73
2021-08-26,1.3497604380561259,8.57
2021-08-26,1.3497604380561259,8.559999999999999
2021-08-26,2.847364818617385,9.440000000000001
2021-08-26,3.351129363449692,9.55
2021-08-26,3.351129363449692,9.45
2021-08-26,4.350444900752909,9.73
2021-08-26,5.349760438056126,9.89
2021-08-26,7.351129363449692,10.04
2021-08-26,9.349760438056126,10.309999999999999
2021-08-27,0.34770704996577684,6.779999999999999
2021-08-27,1.3470225872689938,8.620000000000001
2021-08-27,1.3470225872689938,8.61
2021-08-27,2.844626967830253,9.49
2021-08-27,3.34839151266256,9.61
2021-08-27,3.34839151266256,9.51
2021-08-27,4.347707049965777,9.79
2021-08-27,5.347022587268994,9.95
2021-08-27,7.34839151266256,10.120000000000001
2021-08-27,9.347022587268993,10.36
2021-08-30,0.3394934976043806,6.77
2021-08-30,1.3388090349075976,8.58
2021-08-30,1.3388090349075976,8.57
2021-08-30,2.836413415468857,9.43
2021-08-30,3.3401779603011637,9.55
2021-08-30,3.3401779603011637,9.45
2021-08-30,4.339493497604381,9.74
2021-08-30,5.338809034907597,9.91
2021-08-30,7.340177960301164,10.07
2021-08-30,9.338809034907598,10.32
2021-08-31,0.33675564681724846,6.74
2021-08-31,1.3360711841204653,8.559999999999999
2021-08-31,1.3360711841204653,8.55
2021-08-31,2.833675564681725,9.46
2021-08-31,3.3374401095140316,9.58
2021-08-31,3.3374401095140316,9.48
2021-08-31,4.336755646817249,9.79
2021-08-31,5.336071184120465,9.95
2021-08-31,7.337440109514032,10.120000000000001
2021-08-31,9.336071184120465,10.36
2021-09-01,0.33401779603011633,6.74
2021-09-01,1.3333333333333333,8.6
2021-09-01,1.3333333333333333,8.59
2021-09-01,2.830937713894593,9.61
2021-09-01,3.3347022587268995,9.76
2021-09-01,3.3347022587268995,9.64
2021-09-01,4.334017796030117,9.969999999999999
2021-09-01,5.333333333333333,10.129999999999999
2021-09-01,7.3347022587268995,10.34
2021-09-01,9.333333333333334,10.6
2021-09-02,0.33127994524298426,6.85
2021-09-02,1.3305954825462012,8.73
2021-09-02,1.3305954825462012,8.719999999999999
2021-09-02,2.8281998631074607,9.71
2021-09-02,3.3319644079397674,9.85
2021-09-02,3.3319644079397674,9.719999999999999
2021-09-02,4.331279945242985,10.05
2021-09-02,5.330595482546201,10.2
2021-09-02,7.3319644079397674,10.41
2021-09-02,9.330595482546201,10.67
2021-09-03,0.32854209445585214,6.869999999999999
2021-09-03,1.3278576317590691,8.79
2021-09-03,1.3278576317590691,8.79
2021-09-03,2.8254620123203287,9.79
2021-09-03,3.3292265571526354,9.93
2021-09-03,3.3292265571526354,9.8
2021-09-03,4.328542094455853,10.129999999999999
2021-09-03,5.327857631759069,10.27
2021-09-03,7.329226557152635,10.49
2021-09-03,9.32785763175907,10.75
2021-09-06,0.3203285420944558,6.880000000000001
2021-09-06,1.319644079397673,8.82
2021-09-06,1.319644079397673,8.82
2021-09-06,2.817248459958932,9.89
2021-09-06,3.3210130047912387,10.059999999999999
2021-09-06,3.3210130047912387,9.93
2021-09-06,4.3203285420944555,10.29
2021-09-06,5.319644079397673,10.45
2021-09-06,7.321013004791239,10.68
2021-09-06,9.319644079397673,10.940000000000001
2021-09-08,0.31485284052019163,6.92
2021-09-08,1.3141683778234086,8.79
2021-09-08,1.3141683778234086,8.79
2021-09-08,2.811772758384668,9.879999999999999
2021-09-08,3.3155373032169746,10.059999999999999
2021-09-08,3.3155373032169746,9.93
2021-09-08,4.314852840520191,10.309999999999999
2021-09-08,5.314168377823409,10.49
2021-09-08,7.315537303216975,10.74
2021-09-08,9.314168377823409,11.0
2021-09-09,0.31211498973305957,7.15
2021-09-09,1.3114305270362765,9.120000000000001
2021-09-09,1.3114305270362765,9.120000000000001
2021-09-09,2.809034907597536,10.21
2021-09-09,3.3127994524298425,10.379999999999999
2021-09-09,3.3127994524298425,10.25
2021-09-09,4.312114989733059,10.6
2021-09-09,5.3114305270362765,10.719999999999999
2021-09-09,7.312799452429843,10.96
2021-09-09,9.311430527036277,11.219999999999999
2021-09-10,0.30937713894592744,7.29
2021-09-10,1.3086926762491444,9.18
2021-09-10,1.3086926762491444,9.18
2021-09-10,2.8062970568104038,10.030000000000001
2021-09-10,3.3100616016427105,10.14
2021-09-10,3.3100616016427105,10.02
2021-09-10,4.309377138945927,10.309999999999999
2021-09-10,5.308692676249144,10.42
2021-09-10,7.310061601642711,10.65
2021-09-10,9.308692676249144,10.9
2021-09-13,0.30116358658453113,7.3100000000000005
2021-09-13,1.3004791238877482,9.27
2021-09-13,1.3004791238877482,9.280000000000001
2021-09-13,2.7980835044490076,10.17
2021-09-13,3.3018480492813143,10.27
2021-09-13,3.3018480492813143,10.16
2021-09-13,4.301163586584531,10.440000000000001
2021-09-13,5.300479123887748,10.559999999999999
2021-09-13,7.301848049281314,10.780000000000001
2021-09-13,9.300479123887747,11.01
2021-09-14,0.29842573579739906,7.07
2021-09-14,1.297741273100616,9.04
2021-09-14,1.297741273100616,9.05
2021-09-14,2.7953456536618755,10.04
2021-09-14,3.299110198494182,10.17
2021-09-14,3.299110198494182,10.059999999999999
2021-09-14,4.298425735797399,10.370000000000001
2021-09-14,5.297741273100616,10.46
2021-09-14,7.299110198494182,10.71
2021-09-14,9.297741273100616,10.93
2021-09-15,0.29568788501026694,7.0
2021-09-15,1.2950034223134839,8.95
2021-09-15,1.2950034223134839,8.95
2021-09-15,2.7926078028747434,9.99
2021-09-15,3.29637234770705,10.11
2021-09-15,3.29637234770705,9.99
2021-09-15,4.295687885010267,10.32
2021-09-15,5.295003422313484,10.43
2021-09-15,7.29637234770705,10.690000000000001
2021-09-15,9.295003422313483,10.940000000000001
2021-09-16,0.2929500342231348,7.04
2021-09-16,1.2922655715263518,9.04
2021-09-16,1.2922655715263518,9.04
2021-09-16,2.7898699520876113,10.09
2021-09-16,3.293634496919918,10.21
2021-09-16,3.293634496919918,10.1
2021-09-16,4.292950034223135,10.42
2021-09-16,5.292265571526352,10.530000000000001
2021-09-16,7.293634496919918,10.8
2021-09-16,9.292265571526352,11.07
2021-09-17,0.29021218343600275,7.0600000000000005
2021-09-17,1.2895277207392197,9.09
2021-09-17,1.2895277207392197,9.09
2021-09-17,2.7871321013004793,10.120000000000001
2021-09-17,3.2908966461327855,10.23
2021-09-17,3.2908966461327855,10.120000000000001
2021-09-17,4.290212183436003,10.43
2021-09-17,5.28952772073922,10.54
2021-09-17,7.2908966461327855,10.83
2021-09-17,9.289527720739219,11.11
2021-09-20,0.28199863107460643,7.109999999999999
2021-09-20,1.2813141683778233,9.21
2021-09-20,1.2813141683778233,9.2
2021-09-20,2.7789185489390826,10.280000000000001
2021-09-20,3.2826830937713893,10.4
2021-09-20,3.2826830937713893,10.29
2021-09-20,4.2819986310746065,10.620000000000001
2021-09-20,5.281314168377824,10.73
2021-09-20,7.282683093771389,11.0
2021-09-20,9.281314168377824,11.25
2021-09-21,0.2792607802874743,7.09
2021-09-21,1.2785763175906912,8.98
2021-09-21,1.2785763175906912,8.98
2021-09-21,2.7761806981519506,9.98
2021-09-21,3.2799452429842573,10.11
2021-09-21,3.2799452429842573,10.0
2021-09-21,4.2792607802874745,10.309999999999999
2021-09-21,5.278576317590692,10.41
2021-09-21,7.279945242984257,10.67
2021-09-21,9.27857631759069,10.93
2021-09-22,0.27652292950034224,7.130000000000001
2021-09-22,1.2758384668035592,8.940000000000001
2021-09-22,1.2758384668035592,8.93
2021-09-22,2.7734428473648185,9.86
2021-09-22,3.277207392197125,9.969999999999999
2021-09-22,3.277207392197125,9.85
2021-09-22,4.276522929500342,10.16
2021-09-22,5.27583846680356,10.25
2021-09-22,7.277207392197125,10.54
2021-09-22,9.27583846680356,10.809999999999999
2021-09-23,0.2737850787132101,7.09
2021-09-23,1.273100616016427,8.9
2021-09-23,1.273100616016427,8.9
2021-09-23,2.7707049965776864,9.79
2021-09-23,3.274469541409993,9.91
2021-09-23,3.274469541409993,9.780000000000001
2021-09-23,4.27378507871321,10.09
2021-09-23,5.2731006160164275,10.16
2021-09-23,7.274469541409993,10.43
2021-09-23,9.273100616016427,10.66
2021-09-24,0.27104722792607805,7.109999999999999
2021-09-24,1.270362765229295,9.04
2021-09-24,1.270362765229295,9.04
2021-09-24,2.7679671457905544,10.02
2021-09-24,3.271731690622861,10.129999999999999
2021-09-24,3.271731690622861,10.01
2021-09-24,4.271047227926078,10.33
2021-09-24,5.270362765229295,10.42
2021-09-24,7.271731690622861,10.719999999999999
2021-09-24,9.270362765229295,10.99
2021-09-27,0.26283367556468173,7.130000000000001
2021-09-27,1.2621492128678986,9.09
2021-09-27,1.2621492128678986,9.1
2021-09-27,2.759753593429158,10.08
2021-09-27,3.263518138261465,10.190000000000001
2021-09-27,3.263518138261465,10.08
2021-09-27,4.262833675564682,10.39
2021-09-27,5.262149212867898,10.49
2021-09-27,7.263518138261465,10.77
2021-09-27,9.262149212867898,11.01
2021-09-28,0.2600958247775496,7.16
2021-09-28,1.2594113620807665,9.23
2021-09-28,1.2594113620807665,9.23
2021-09-28,2.757015742642026,10.27
2021-09-28,3.260780287474333,10.26
2021-09-28,3.260780287474333,10.370000000000001
2021-09-28,4.26009582477755,10.559999999999999
2021-09-28,5.259411362080766,10.629999999999999
2021-09-28,7.260780287474333,10.9
2021-09-28,9.259411362080767,11.14
2021-09-29,0.25735797399041754,7.130000000000001
2021-09-29,1.2566735112936345,9.23
2021-09-29,1.2566735112936345,9.24
2021-09-29,2.754277891854894,10.25
2021-09-29,3.2580424366872007,10.34
2021-09-29,3.2580424366872007,10.25
2021-09-29,4.257357973990418,10.530000000000001
2021-09-29,5.256673511293634,10.629999999999999
2021-09-29,7.258042436687201,10.91
2021-09-29,9.256673511293634,11.120000000000001
2021-09-30,0.2546201232032854,7.140000000000001
2021-09-30,1.2539356605065024,9.2
2021-09-30,1.2539356605065024,9.2
2021-09-30,2.751540041067762,10.2
2021-09-30,3.2553045859000687,10.29
2021-09-30,3.2553045859000687,10.2
2021-09-30,4.254620123203286,10.48
2021-09-30,5.253935660506502,10.6
2021-09-30,7.255304585900069,10.86
2021-09-30,9.253935660506503,11.11
2021-10-01,0.2518822724161533,7.1
2021-10-01,1.2511978097193703,9.24
2021-10-01,1.2511978097193703,9.24
2021-10-01,2.74880219028063,10.27
2021-10-01,3.252566735112936,10.379999999999999
2021-10-01,3.252566735112936,10.280000000000001
2021-10-01,4.251882272416153,10.58
2021-10-01,5.25119780971937,10.68
2021-10-01,7.252566735112937,10.940000000000001
2021-10-01,9.25119780971937,11.16
2021-10-04,0.243668720054757,7.140000000000001
2021-10-04,1.242984257357974,9.21
2021-10-04,1.242984257357974,9.21
2021-10-04,2.7405886379192332,10.17
2021-10-04,3.24435318275154,10.27
2021-10-04,3.24435318275154,10.17
2021-10-04,4.243668720054757,10.440000000000001
2021-10-04,5.242984257357974,10.55
2021-10-04,7.24435318275154,10.8
2021-10-04,9.242984257357975,11.02
2021-10-05,0.24093086926762491,7.16
2021-10-05,1.2402464065708418,9.27
2021-10-05,1.2402464065708418,9.27
2021-10-05,2.737850787132101,10.23
2021-10-05,3.241615331964408,10.34
2021-10-05,3.241615331964408,10.24
2021-10-05,4.240930869267625,10.52
2021-10-05,5.240246406570842,10.629999999999999
2021-10-05,7.241615331964408,10.879999999999999
2021-10-05,9.240246406570842,11.120000000000001
2021-10-06,0.23819301848049282,7.1899999999999995
2021-10-06,1.2375085557837098,9.35
2021-10-06,1.2375085557837098,9.35
2021-10-06,2.735112936344969,10.32
2021-10-06,3.238877481177276,10.43
2021-10-06,3.238877481177276,10.33
2021-10-06,4.238193018480493,10.629999999999999
2021-10-06,5.23750855578371,10.73
2021-10-06,7.238877481177276,11.0
2021-10-06,9.23750855578371,11.21
2021-10-07,0.23545516769336072,7.199999999999999
2021-10-07,1.2347707049965777,9.15
2021-10-07,1.2347707049965777,9.14
2021-10-07,2.732375085557837,10.09
2021-10-07,3.2361396303901437,10.21
2021-10-07,3.2361396303901437,10.1
2021-10-07,4.2354551676933605,10.42
2021-10-07,5.234770704996578,10.530000000000001
2021-10-07,7.236139630390143,10.809999999999999
2021-10-07,9.234770704996578,11.030000000000001
2021-10-08,0.2327173169062286,7.23
2021-10-08,1.2320328542094456,9.1
2021-10-08,1.2320328542094456,9.09
2021-10-08,2.729637234770705,10.030000000000001
2021-10-08,3.2334017796030117,10.16
2021-10-08,3.2334017796030117,10.05
2021-10-08,4.232717316906228,10.370000000000001
2021-10-08,5.232032854209446,10.5
2021-10-08,7.233401779603011,10.780000000000001
2021-10-08,9.232032854209445,11.01
2021-10-11,0.2245037645448323,7.27
2021-10-11,1.2238193018480492,9.120000000000001
2021-10-11,1.2238193018480492,9.11
2021-10-11,2.7214236824093088,10.07
2021-10-11,3.2251882272416155,10.21
2021-10-11,3.2251882272416155,10.1
2021-10-11,4.224503764544832,10.42
2021-10-11,5.223819301848049,10.530000000000001
2021-10-11,7.225188227241615,10.8
2021-10-11,9.22381930184805,11.02
2021-10-13,0.2190280629705681,7.300000000000001
2021-10-13,1.218343600273785,9.120000000000001
2021-10-13,1.218343600273785,9.11
2021-10-13,2.7159479808350446,10.04
2021-10-13,3.2197125256673513,10.17
2021-10-13,3.2197125256673513,10.059999999999999
2021-10-13,4.219028062970568,10.379999999999999
2021-10-13,5.218343600273785,10.49
2021-10-13,7.219712525667351,10.76
2021-10-13,9.218343600273785,10.98
2021-10-14,0.216290212183436,7.33
2021-10-14,1.215605749486653,9.11
2021-10-14,1.215605749486653,9.1
2021-10-14,2.7132101300479126,9.98
2021-10-14,3.216974674880219,10.059999999999999
2021-10-14,3.216974674880219,9.96
2021-10-14,4.216290212183436,10.26
2021-10-14,5.215605749486653,10.36
2021-10-14,7.216974674880219,10.620000000000001
2021-10-14,9.215605749486652,10.84
2021-10-15,0.2135523613963039,7.369999999999999
2021-10-15,1.212867898699521,9.25
2021-10-15,1.212867898699521,9.24
2021-10-15,2.7104722792607805,10.120000000000001
2021-10-15,3.2142368240930868,10.21
2021-10-15,3.2142368240930868,10.1
2021-10-15,4.213552361396304,10.4
2021-10-15,5.212867898699521,10.49
2021-10-15,7.214236824093087,10.77
2021-10-15,9.212867898699521,10.99
2021-10-18,0.2053388090349076,7.380000000000001
2021-10-18,1.2046543463381245,9.39
2021-10-18,1.2046543463381245,9.379999999999999
2021-10-18,2.702258726899384,10.27
2021-10-18,3.2060232717316905,10.36
2021-10-18,3.2060232717316905,10.25
2021-10-18,4.205338809034908,10.530000000000001
2021-10-18,5.204654346338125,10.64
2021-10-18,7.2060232717316905,10.89
2021-10-18,9.204654346338124,11.120000000000001
2021-10-19,0.2026009582477755,7.49
2021-10-19,1.2019164955509924,9.65
2021-10-19,1.2019164955509924,9.65
2021-10-19,2.6995208761122518,10.57
2021-10-19,3.2032854209445585,10.67
2021-10-19,3.2032854209445585,10.57
2021-10-19,4.202600958247776,10.85
2021-10-19,5.201916495550993,10.96
2021-10-19,7.2032854209445585,11.21
2021-10-19,9.201916495550993,11.43
2021-10-20,0.1998631074606434,7.640000000000001
2021-10-20,1.1991786447638604,9.96
2021-10-20,1.1991786447638604,9.96
2021-10-20,2.6967830253251197,10.92
2021-10-20,3.2005475701574264,11.02
2021-10-20,3.2005475701574264,10.92
2021-10-20,4.199863107460644,11.17
2021-10-20,5.19917864476386,11.25
2021-10-20,7.200547570157426,11.46
2021-10-20,9.19917864476386,11.629999999999999
2021-10-21,0.1971252566735113,7.880000000000001
2021-10-21,1.1964407939767283,10.45
2021-10-21,1.1964407939767283,10.440000000000001
2021-10-21,2.6940451745379876,11.42
2021-10-21,3.1978097193702943,11.52
2021-10-21,3.1978097193702943,11.42
2021-10-21,4.1971252566735116,11.68
2021-10-21,5.196440793976728,11.75
2021-10-21,7.197809719370294,11.98
2021-10-21,9.196440793976729,12.16
2021-10-22,0.1943874058863792,8.04
2021-10-22,1.1937029431895962,10.969999999999999
2021-10-22,1.1937029431895962,10.969999999999999
2021-10-22,2.6913073237508556,11.870000000000001
2021-10-22,3.1950718685831623,11.96
2021-10-22,3.1950718685831623,11.870000000000001
2021-10-22,4.1943874058863795,12.1
2021-10-22,5.193702943189596,12.14
2021-10-22,7.195071868583162,12.309999999999999
2021-10-22,9.193702943189596,12.440000000000001
2021-10-25,0.1861738535249829,8.309999999999999
2021-10-25,1.1854893908281998,11.18
2021-10-25,1.1854893908281998,11.18
2021-10-25,2.6830937713894594,11.75
2021-10-25,3.186858316221766,11.780000000000001
2021-10-25,3.186858316221766,11.68
2021-10-25,4.186173853524983,11.86
2021-10-25,5.1854893908282,11.879999999999999
2021-10-25,7.186858316221766,12.04
2021-10-25,9.1854893908282,12.14
2021-10-26,0.1834360027378508,8.52
2021-10-26,1.1827515400410678,11.64
2021-10-26,1.1827515400410678,11.64
2021-10-26,2.6803559206023273,12.059999999999999
2021-10-26,3.184120465434634,12.05
2021-10-26,3.184120465434634,11.95
2021-10-26,4.183436002737851,12.05
2021-10-26,5.1827515400410675,12.030000000000001
2021-10-26,7.184120465434634,12.120000000000001
2021-10-26,9.182751540041068,12.17
2021-10-27,0.1806981519507187,8.629999999999999
2021-10-27,1.1800136892539357,11.879999999999999
2021-10-27,1.1800136892539357,11.879999999999999
2021-10-27,2.6776180698151952,12.18
2021-10-27,3.1813826146475015,12.129999999999999
2021-10-27,3.1813826146475015,12.05
2021-10-27,4.180698151950718,12.08
2021-10-27,5.1800136892539355,12.02
2021-10-27,7.181382614647502,12.04
2021-10-27,9.180013689253936,12.030000000000001
2021-10-28,0.17796030116358658,8.309999999999999
2021-10-28,1.1772758384668036,11.559999999999999
2021-10-28,1.1772758384668036,11.55
2021-10-28,2.674880219028063,12.02
2021-10-28,3.1786447638603694,12.02
2021-10-28,3.1786447638603694,11.92
2021-10-28,4.177960301163586,12.030000000000001
2021-10-28,5.177275838466803,11.99
2021-10-28,7.17864476386037,12.1
2021-10-28,9.177275838466803,12.11
2021-10-29,0.17522245037645448,8.43
2021-10-29,1.1745379876796715,12.55
2021-10-29,1.1745379876796715,12.54
2021-10-29,2.6721423682409307,12.7
2021-10-29,3.1759069130732374,12.64
2021-10-29,3.1759069130732374,12.54
2021-10-29,4.175222450376454,12.55
2021-10-29,5.174537987679671,12.43
2021-10-29,7.175906913073238,12.43
2021-10-29,9.174537987679672,12.370000000000001
2021-11-01,0.16700889801505817,8.370000000000001
2021-11-01,1.1663244353182751,12.29
2021-11-01,1.1663244353182751,12.29
2021-11-01,2.6639288158795345,12.39
2021-11-01,3.167693360711841,12.34
2021-11-01,3.167693360711841,12.25
2021-11-01,4.167008898015058,12.3
2021-11-01,5.166324435318275,12.190000000000001
2021-11-01,7.167693360711842,12.24
2021-11-01,9.166324435318275,12.190000000000001
2021-11-03,0.16153319644079397,8.45
2021-11-03,1.160848733744011,12.66
2021-11-03,1.160848733744011,12.67
2021-11-03,2.6584531143052703,12.9
2021-11-03,3.162217659137577,12.84
2021-11-03,3.162217659137577,12.75
2021-11-03,4.161533196440794,12.74
2021-11-03,5.160848733744011,12.629999999999999
2021-11-03,7.162217659137577,12.61
2021-11-03,9.160848733744011,12.5
2021-11-04,0.15879534565366188,8.39
2021-11-04,1.158110882956879,12.1
2021-11-04,1.158110882956879,12.1
2021-11-04,2.6557152635181382,12.190000000000001
2021-11-04,3.159479808350445,12.17
2021-11-04,3.159479808350445,12.059999999999999
2021-11-04,4.158795345653662,12.120000000000001
2021-11-04,5.158110882956879,12.04
2021-11-04,7.1594798083504445,12.08
2021-11-04,9.158110882956878,11.99
2021-11-05,0.15605749486652978,8.4
2021-11-05,1.1553730321697468,12.18
2021-11-05,1.1553730321697468,12.18
2021-11-05,2.652977412731006,12.33
2021-11-05,3.156741957563313,12.309999999999999
2021-11-05,3.156741957563313,12.21
2021-11-05,4.15605749486653,12.26
2021-11-05,5.155373032169747,12.17
2021-11-05,7.156741957563312,12.18
2021-11-05,9.155373032169747,12.08
2021-11-08,0.14784394250513347,8.469999999999999
2021-11-08,1.1471594798083504,12.41
2021-11-08,1.1471594798083504,12.41
2021-11-08,2.64476386036961,12.51
2021-11-08,3.1485284052019167,12.440000000000001
2021-11-08,3.1485284052019167,12.33
2021-11-08,4.147843942505133,12.35
2021-11-08,5.147159479808351,12.21
2021-11-08,7.148528405201916,12.16
2021-11-08,9.14715947980835,12.01
2021-11-09,0.14510609171800137,8.45
2021-11-09,1.1444216290212184,12.219999999999999
2021-11-09,1.1444216290212184,12.219999999999999
2021-11-09,2.642026009582478,12.17
2021-11-09,3.1457905544147846,12.09
2021-11-09,3.1457905544147846,11.98
2021-11-09,4.145106091718001,11.98
2021-11-09,5.144421629021219,11.809999999999999
2021-11-09,7.145790554414784,11.79
2021-11-09,9.144421629021219,11.690000000000001
2021-11-10,0.14236824093086928,8.5
2021-11-10,1.1416837782340863,12.36
2021-11-10,1.1416837782340863,12.36
2021-11-10,2.639288158795346,12.15
2021-11-10,3.143052703627652,12.059999999999999
2021-11-10,3.143052703627652,11.93
2021-11-10,4.142368240930869,11.940000000000001
2021-11-10,5.1416837782340865,11.77
2021-11-10,7.143052703627652,11.8
2021-11-10,9.141683778234086,11.73
2021-11-11,0.13963039014373715,8.52
2021-11-11,1.1389459274469542,12.17
2021-11-11,1.1389459274469542,12.17
2021-11-11,2.6365503080082138,11.93
2021-11-11,3.14031485284052,11.83
2021-11-11,3.14031485284052,11.690000000000001
2021-11-11,4.139630390143737,11.68
2021-11-11,5.138945927446954,11.48
2021-11-11,7.14031485284052,11.48
2021-11-11,9.138945927446954,11.42
2021-11-12,0.13689253935660506,8.5
2021-11-12,1.136208076659822,11.93
2021-11-12,1.136208076659822,11.93
2021-11-12,2.6338124572210813,11.85
2021-11-12,3.137577002053388,11.809999999999999
2021-11-12,3.137577002053388,11.68
2021-11-12,4.136892539356605,11.7
2021-11-12,5.136208076659822,11.59
2021-11-12,7.137577002053388,11.58
2021-11-12,9.136208076659821,11.52
2021-11-16,0.12594113620807665,8.54
2021-11-16,1.1252566735112937,12.02
2021-11-16,1.1252566735112937,12.02
2021-11-16,2.622861054072553,11.86
2021-11-16,3.1266255989048597,11.79
2021-11-16,3.1266255989048597,11.67
2021-11-16,4.125941136208077,11.690000000000001
2021-11-16,5.125256673511293,11.58
2021-11-16,7.12662559890486,11.6
2021-11-16,9.125256673511293,11.59
2021-11-17,0.12320328542094455,8.58
2021-11-17,1.1225188227241616,12.16
2021-11-17,1.1225188227241616,12.16
2021-11-17,2.620123203285421,12.08
2021-11-17,3.1238877481177276,12.030000000000001
2021-11-17,3.1238877481177276,11.91
2021-11-17,4.123203285420945,11.92
2021-11-17,5.122518822724161,11.82
2021-11-17,7.123887748117728,11.79
2021-11-17,9.122518822724162,11.76
2021-11-18,0.12046543463381246,8.58
2021-11-18,1.1197809719370295,12.08
2021-11-18,1.1197809719370295,12.08
2021-11-18,2.617385352498289,12.1
2021-11-18,3.1211498973305956,12.059999999999999
2021-11-18,3.1211498973305956,11.95
2021-11-18,4.120465434633813,11.969999999999999
2021-11-18,5.119780971937029,11.89
2021-11-18,7.121149897330596,11.85
2021-11-18,9.119780971937029,11.79
2021-11-19,0.11772758384668036,8.629999999999999
2021-11-19,1.1170431211498972,12.16
2021-11-19,1.1170431211498972,12.15
2021-11-19,2.614647501711157,12.1
2021-11-19,3.1184120465434635,12.059999999999999
2021-11-19,3.1184120465434635,11.940000000000001
2021-11-19,4.117727583846681,11.96
2021-11-19,5.117043121149897,11.85
2021-11-19,7.1184120465434635,11.809999999999999
2021-11-19,9.117043121149898,11.74
2021-11-22,0.10951403148528405,8.65
2021-11-22,1.108829568788501,12.219999999999999
2021-11-22,1.108829568788501,12.219999999999999
2021-11-22,2.6064339493497606,12.17
2021-11-22,3.1101984941820673,12.120000000000001
2021-11-22,3.1101984941820673,12.01
2021-11-22,4.1095140314852845,12.0
2021-11-22,5.108829568788501,11.9
2021-11-22,7.110198494182067,11.84
2021-11-22,9.1088295687885,11.809999999999999
2021-11-23,0.10677618069815195,8.74
2021-11-23,1.106091718001369,12.469999999999999
2021-11-23,1.106091718001369,12.469999999999999
2021-11-23,2.6036960985626285,12.379999999999999
2021-11-23,3.1074606433949348,12.3
2021-11-23,3.1074606433949348,12.190000000000001
2021-11-23,4.1067761806981515,12.16
2021-11-23,5.106091718001369,12.04
2021-11-23,7.107460643394935,11.98
2021-11-23,9.10609171800137,11.91
2021-11-24,0.10403832991101986,8.74
2021-11-24,1.103353867214237,12.309999999999999
2021-11-24,1.103353867214237,12.309999999999999
2021-11-24,2.6009582477754964,12.08
2021-11-24,3.1047227926078027,12.0
2021-11-24,3.1047227926078027,11.89
2021-11-24,4.1040383299110195,11.86
2021-11-24,5.103353867214237,11.75
2021-11-24,7.104722792607803,11.690000000000001
2021-11-24,9.103353867214237,11.68
2021-11-25,0.10130047912388775,8.74
2021-11-25,1.1006160164271048,12.09
2021-11-25,1.1006160164271048,12.08
2021-11-25,2.598220396988364,11.89
2021-11-25,3.1019849418206706,11.85
2021-11-25,3.1019849418206706,11.73
2021-11-25,4.101300479123887,11.75
2021-11-25,5.100616016427105,11.67
2021-11-25,7.101984941820671,11.65
2021-11-25,9.100616016427105,11.620000000000001
2021-11-26,0.09856262833675565,8.74
2021-11-26,1.0978781656399725,12.04
2021-11-26,1.0978781656399725,12.04
2021-11-26,2.595482546201232,11.969999999999999
2021-11-26,3.0992470910335386,11.96
2021-11-26,3.0992470910335386,11.83
2021-11-26,4.098562628336755,11.89
2021-11-26,5.0978781656399725,11.82
2021-11-26,7.099247091033539,11.809999999999999
2021-11-26,9.097878165639973,11.82
2021-11-29,0.09034907597535935,8.780000000000001
2021-11-29,1.0896646132785763,11.96
2021-11-29,1.0896646132785763,11.96
2021-11-29,2.5872689938398357,11.89
2021-11-29,3.0910335386721424,11.879999999999999
2021-11-29,3.0910335386721424,11.75
2021-11-29,4.090349075975359,11.809999999999999
2021-11-29,5.089664613278576,11.76
2021-11-29,7.091033538672143,11.73
2021-11-29,9.089664613278575,11.73
2021-11-30,0.08761122518822724,8.809999999999999
2021-11-30,1.0869267624914443,11.91
2021-11-30,1.0869267624914443,11.91
2021-11-30,2.5845311430527036,11.74
2021-11-30,3.0882956878850103,11.73
2021-11-30,3.0882956878850103,11.620000000000001
2021-11-30,4.087611225188227,11.65
2021-11-30,5.086926762491444,11.59
2021-11-30,7.08829568788501,11.59
2021-11-30,9.086926762491444,11.58
2021-12-01,0.08487337440109514,8.870000000000001
2021-12-01,1.0841889117043122,11.879999999999999
2021-12-01,1.0841889117043122,11.870000000000001
2021-12-01,2.5817932922655715,11.6
2021-12-01,3.0855578370978782,11.55
2021-12-01,3.0855578370978782,11.45
2021-12-01,4.084873374401095,11.42
2021-12-01,5.084188911704312,11.35
2021-12-01,7.085557837097878,11.34
2021-12-01,9.084188911704311,11.33
2021-12-02,0.08213552361396304,8.92
2021-12-02,1.08145106091718,11.809999999999999
2021-12-02,1.08145106091718,11.809999999999999
2021-12-02,2.5790554414784395,11.67
2021-12-02,3.082819986310746,11.66
2021-12-02,3.082819986310746,11.559999999999999
2021-12-02,4.082135523613963,11.57
2021-12-02,5.08145106091718,11.51
2021-12-02,7.082819986310746,11.51
2021-12-02,9.08145106091718,11.52
2021-12-03,1.0787132101300478,11.51
2021-12-03,1.0787132101300478,11.5
2021-12-03,2.5763175906913074,11.309999999999999
2021-12-03,3.080082135523614,11.27
2021-12-03,3.080082135523614,11.18
2021-12-03,4.079397672826831,11.2
2021-12-03,5.078713210130048,11.190000000000001
2021-12-03,7.080082135523614,11.23
2021-12-03,9.078713210130047,11.26
2021-12-06,1.0704996577686516,11.49
2021-12-06,1.0704996577686516,11.48
2021-12-06,2.568104038329911,11.16
2021-12-06,3.0718685831622174,11.11
2021-12-06,3.0718685831622174,11.030000000000001
2021-12-06,4.071184120465435,11.07
2021-12-06,5.070499657768652,11.07
2021-12-06,7.0718685831622174,11.11
2021-12-06,9.070499657768652,11.120000000000001
2021-12-07,1.0677618069815196,11.469999999999999
2021-12-07,1.0677618069815196,11.469999999999999
2021-12-07,2.565366187542779,11.1
2021-12-07,3.0691307323750854,11.05
2021-12-07,3.0691307323750854,10.96
2021-12-07,4.068446269678303,11.0
2021-12-07,5.06776180698152,10.99
2021-12-07,7.069130732375085,11.05
2021-12-07,9.067761806981519,11.08
2021-12-08,1.0650239561943875,11.45
2021-12-08,1.0650239561943875,11.440000000000001
2021-12-08,2.5626283367556466,10.98
2021-12-08,3.0663928815879533,10.89
2021-12-08,3.0663928815879533,10.809999999999999
2021-12-08,4.0657084188911705,10.84
2021-12-08,5.065023956194388,10.82
2021-12-08,7.066392881587953,10.91
2021-12-08,9.065023956194388,10.96
2021-12-09,1.0622861054072552,11.65
2021-12-09,1.0622861054072552,11.65
2021-12-09,2.5598904859685145,11.0
2021-12-09,3.0636550308008212,10.879999999999999
2021-12-09,3.0636550308008212,10.8
2021-12-09,4.0629705681040384,10.76
2021-12-09,5.062286105407256,10.71
2021-12-09,7.063655030800821,10.73
2021-12-09,9.062286105407255,10.780000000000001
2021-12-10,1.0595482546201231,11.48
2021-12-10,1.0595482546201231,11.49
2021-12-10,2.5571526351813825,10.8
2021-12-10,3.060917180013689,10.690000000000001
2021-12-10,3.060917180013689,10.61
2021-12-10,4.060232717316906,10.61
2021-12-10,5.059548254620124,10.58
2021-12-10,7.060917180013689,10.64
2021-12-10,9.059548254620124,10.71
2021-12-13,1.051334702258727,11.46
2021-12-13,1.051334702258727,11.469999999999999
2021-12-13,2.5489390828199863,10.629999999999999
2021-12-13,3.052703627652293,10.52
2021-12-13,3.052703627652293,10.45
2021-12-13,4.05201916495551,10.42
2021-12-13,5.0513347022587265,10.370000000000001
2021-12-13,7.052703627652293,10.43
2021-12-13,9.051334702258726,10.49
2021-12-14,1.0485968514715949,11.54
2021-12-14,1.0485968514715949,11.54
2021-12-14,2.546201232032854,10.7
2021-12-14,3.049965776865161,10.58
2021-12-14,3.049965776865161,10.51
2021-12-14,4.049281314168378,10.440000000000001
2021-12-14,5.048596851471594,10.379999999999999
2021-12-14,7.049965776865161,10.39
2021-12-14,9.048596851471595,10.41
2021-12-15,1.0458590006844628,11.57
2021-12-15,1.0458590006844628,11.58
2021-12-15,2.543463381245722,10.77
2021-12-15,3.047227926078029,10.64
2021-12-15,3.047227926078029,10.6
2021-12-15,4.046543463381246,10.52
2021-12-15,5.045859000684462,10.49
2021-12-15,7.047227926078029,10.530000000000001
2021-12-15,9.045859000684462,10.559999999999999
2021-12-16,1.0431211498973305,11.629999999999999
2021-12-16,1.0431211498973305,11.61
2021-12-16,2.54072553045859,10.79
2021-12-16,3.0444900752908968,10.620000000000001
2021-12-16,3.0444900752908968,10.64
2021-12-16,4.043805612594114,10.49
2021-12-16,5.04312114989733,10.48
2021-12-16,7.044490075290897,10.5
2021-12-16,9.043121149897331,10.52
2021-12-17,1.0403832991101984,11.8
2021-12-17,1.0403832991101984,11.809999999999999
2021-12-17,2.537987679671458,10.93
2021-12-17,3.0417522245037647,10.79
2021-12-17,3.0417522245037647,10.76
2021-12-17,4.041067761806982,10.64
2021-12-17,5.040383299110198,10.620000000000001
2021-12-17,7.041752224503765,10.66
2021-12-17,9.040383299110198,10.67
2021-12-20,1.0321697467488022,11.809999999999999
2021-12-20,1.0321697467488022,11.82
2021-12-20,2.529774127310062,11.059999999999999
2021-12-20,3.033538672142368,10.93
2021-12-20,3.033538672142368,10.91
2021-12-20,4.032854209445585,10.809999999999999
2021-12-20,5.032169746748802,10.83
2021-12-20,7.0335386721423685,10.9
2021-12-20,9.032169746748803,10.92
2021-12-21,1.0294318959616702,11.59
2021-12-21,1.0294318959616702,11.61
2021-12-21,2.5270362765229293,10.780000000000001
2021-12-21,3.030800821355236,10.67
2021-12-21,3.030800821355236,10.64
2021-12-21,4.030116358658453,10.559999999999999
2021-12-21,5.02943189596167,10.58
2021-12-21,7.030800821355236,10.66
2021-12-21,9.02943189596167,10.66
2021-12-22,1.0266940451745379,11.46
2021-12-22,1.0266940451745379,11.48
2021-12-22,2.524298425735797,10.67
2021-12-22,3.028062970568104,10.55
2021-12-22,3.028062970568104,10.530000000000001
2021-12-22,4.027378507871321,10.45
2021-12-22,5.026694045174538,10.46
2021-12-22,7.028062970568104,10.54
2021-12-22,9.026694045174539,10.58
2021-12-23,1.0239561943874058,11.469999999999999
2021-12-23,1.0239561943874058,11.49
2021-12-23,2.521560574948665,10.68
2021-12-23,3.025325119780972,10.559999999999999
2021-12-23,3.025325119780972,10.54
2021-12-23,4.024640657084189,10.46
2021-12-23,5.023956194387406,10.48
2021-12-23,7.025325119780972,10.530000000000001
2021-12-23,9.023956194387406,10.58
2021-12-27,1.0130047912388775,11.73
2021-12-27,1.0130047912388775,11.74
2021-12-27,2.510609171800137,10.92
2021-12-27,3.0143737166324436,10.77
2021-12-27,3.0143737166324436,10.75
2021-12-27,4.01368925393566,10.67
2021-12-27,5.0130047912388775,10.690000000000001
2021-12-27,7.014373716632443,10.74
2021-12-27,9.013004791238878,10.8
2021-12-28,1.0102669404517455,11.73
2021-12-28,1.0102669404517455,11.75
2021-12-28,2.507871321013005,10.879999999999999
2021-12-28,3.0116358658453115,10.719999999999999
2021-12-28,3.0116358658453115,10.71
2021-12-28,4.010951403148528,10.6
2021-12-28,5.0102669404517455,10.629999999999999
2021-12-28,7.011635865845311,10.690000000000001
2021-12-28,9.010266940451745,10.76
2021-12-29,1.0075290896646132,11.79
2021-12-29,1.0075290896646132,11.82
2021-12-29,2.5051334702258727,10.91
2021-12-29,3.0088980150581794,10.76
2021-12-29,3.0088980150581794,10.73
2021-12-29,4.008213552361396,10.629999999999999
2021-12-29,5.007529089664613,10.67
2021-12-29,7.008898015058179,10.719999999999999
2021-12-29,9.007529089664613,10.77
2021-12-30,1.0047912388774811,11.89
2021-12-30,1.0047912388774811,11.92
2021-12-30,2.5023956194387407,10.98
2021-12-30,3.0061601642710474,10.82
2021-12-30,3.0061601642710474,10.79
2021-12-30,4.005475701574264,10.68
2021-12-30,5.004791238877481,10.67
2021-12-30,7.006160164271047,10.719999999999999
2021-12-30,9.00479123887748,10.76
2022-01-03,0.9938398357289527,11.89
2022-01-03,0.9938398357289527,11.93
2022-01-03,2.4914442162902124,10.96
2022-01-03,2.9952087611225187,10.8
2022-01-03,2.9952087611225187,10.77
2022-01-03,3.994524298425736,10.690000000000001
2022-01-03,4.993839835728953,10.719999999999999
2022-01-03,6.995208761122519,10.809999999999999
2022-01-03,8.993839835728952,10.85
2022-01-04,0.9911019849418207,11.870000000000001
2022-01-04,0.9911019849418207,11.84
2022-01-04,2.48870636550308,11.1
2022-01-04,2.9924709103353866,10.96
2022-01-04,2.9924709103353866,10.99
2022-01-04,3.991786447638604,10.93
2022-01-04,4.991101984941821,10.969999999999999
2022-01-04,6.992470910335387,11.05
2022-01-04,8.991101984941821,11.07
2022-01-05,0.9883641341546886,12.08
2022-01-05,0.9883641341546886,12.1
2022-01-05,2.485968514715948,11.48
2022-01-05,2.9897330595482545,11.35
2022-01-05,2.9897330595482545,11.3
2022-01-05,3.9890485968514717,11.24
2022-01-05,4.988364134154689,11.24
2022-01-05,6.9897330595482545,11.3
2022-01-05,8.988364134154688,11.33
2022-01-06,0.9856262833675564,12.129999999999999
2022-01-06,0.9856262833675564,12.14
2022-01-06,2.4832306639288158,11.71
2022-01-06,2.9869952087611225,11.58
2022-01-06,2.9869952087611225,11.52
2022-01-06,3.9863107460643397,11.46
2022-01-06,4.985626283367557,11.41
2022-01-06,6.9869952087611225,11.469999999999999
2022-01-06,8.985626283367557,11.49
2022-01-07,0.9828884325804244,11.99
2022-01-07,0.9828884325804244,12.0
2022-01-07,2.4804928131416837,11.61
2022-01-07,2.9842573579739904,11.49
2022-01-07,2.9842573579739904,11.42
2022-01-07,3.9835728952772076,11.370000000000001
2022-01-07,4.982888432580425,11.29
2022-01-07,6.98425735797399,11.35
2022-01-07,8.982888432580424,11.34
2022-01-10,0.974674880219028,12.030000000000001
2022-01-10,0.974674880219028,12.030000000000001
2022-01-10,2.4722792607802875,11.65
2022-01-10,2.976043805612594,11.530000000000001
2022-01-10,2.976043805612594,11.45
2022-01-10,3.975359342915811,11.41
2022-01-10,4.974674880219028,11.32
2022-01-10,6.976043805612594,11.379999999999999
2022-01-10,8.974674880219029,11.36
2022-01-11,0.971937029431896,12.14
2022-01-11,0.971937029431896,12.15
2022-01-11,2.4695414099931554,11.84
2022-01-11,2.973305954825462,11.68
2022-01-11,2.973305954825462,11.61
2022-01-11,3.972621492128679,11.54
2022-01-11,4.971937029431896,11.440000000000001
2022-01-11,6.973305954825462,11.52
2022-01-11,8.971937029431896,11.51
2022-01-12,0.9691991786447639,12.059999999999999
2022-01-12,0.9691991786447639,12.059999999999999
2022-01-12,2.4668035592060233,11.79
2022-01-12,2.97056810403833,11.629999999999999
2022-01-12,2.97056810403833,11.559999999999999
2022-01-12,3.969883641341547,11.530000000000001
2022-01-12,4.969199178644764,11.440000000000001
2022-01-12,6.97056810403833,11.52
2022-01-12,8.969199178644764,11.52
2022-01-13,0.9664613278576317,11.96
2022-01-13,0.9664613278576317,11.96
2022-01-13,2.4640657084188913,11.57
2022-01-13,2.967830253251198,11.4
2022-01-13,2.967830253251198,11.33
2022-01-13,3.9671457905544147,11.33
2022-01-13,4.9664613278576315,11.26
2022-01-13,6.967830253251198,11.4
2022-01-13,8.966461327857632,11.379999999999999
2022-01-14,0.9637234770704997,11.99
2022-01-14,0.9637234770704997,11.99
2022-01-14,2.461327857631759,11.530000000000001
2022-01-14,2.965092402464066,11.36
2022-01-14,2.965092402464066,11.29
2022-01-14,3.9644079397672827,11.27
2022-01-14,4.963723477070499,11.190000000000001
2022-01-14,6.965092402464066,11.35
2022-01-14,8.9637234770705,11.309999999999999
2022-01-17,0.9555099247091033,12.02
2022-01-17,0.9555099247091033,12.02
2022-01-17,2.4531143052703626,11.59
2022-01-17,2.9568788501026693,11.42
2022-01-17,2.9568788501026693,11.36
2022-01-17,3.9561943874058865,11.32
2022-01-17,4.955509924709103,11.23
2022-01-17,6.95687885010267,11.379999999999999
2022-01-17,8.955509924709103,11.34
2022-01-18,0.9527720739219713,12.09
2022-01-18,0.9527720739219713,12.09
2022-01-18,2.4503764544832305,11.73
2022-01-18,2.954140999315537,11.55
2022-01-18,2.954140999315537,11.48
2022-01-18,3.9534565366187544,11.469999999999999
2022-01-18,4.952772073921971,11.4
2022-01-18,6.954140999315538,11.57
2022-01-18,8.952772073921972,11.52
2022-01-19,0.9500342231348392,12.08
2022-01-19,0.9500342231348392,12.09
2022-01-19,2.4476386036960984,11.74
2022-01-19,2.951403148528405,11.559999999999999
2022-01-19,2.951403148528405,11.5
2022-01-19,3.9507186858316223,11.49
2022-01-19,4.950034223134839,11.43
2022-01-19,6.951403148528406,11.59
2022-01-19,8.950034223134839,11.559999999999999
2022-01-20,0.947296372347707,12.04
2022-01-20,0.947296372347707,12.04
2022-01-20,2.4449007529089664,11.5
2022-01-20,2.948665297741273,11.34
2022-01-20,2.948665297741273,11.280000000000001
2022-01-20,3.9479808350444903,11.280000000000001
2022-01-20,4.947296372347707,11.25
2022-01-20,6.9486652977412735,11.45
2022-01-20,8.947296372347708,11.42
2022-01-21,0.944558521560575,12.04
2022-01-21,0.944558521560575,12.04
2022-01-21,2.4421629021218343,11.57
2022-01-21,2.945927446954141,11.42
2022-01-21,2.945927446954141,11.370000000000001
2022-01-21,3.9452429842573578,11.42
2022-01-21,4.944558521560575,11.379999999999999
2022-01-21,6.945927446954141,11.59
2022-01-21,8.944558521560575,11.58
2022-01-24,0.9363449691991786,11.95
2022-01-24,0.9363449691991786,11.95
2022-01-24,2.433949349760438,11.440000000000001
2022-01-24,2.937713894592745,11.32
2022-01-24,2.937713894592745,11.27
2022-01-24,3.9370294318959616,11.33
2022-01-24,4.936344969199179,11.35
2022-01-24,6.937713894592744,11.620000000000001
2022-01-24,8.936344969199178,11.620000000000001
2022-01-25,0.9336071184120466,11.9
2022-01-25,0.9336071184120466,11.9
2022-01-25,2.431211498973306,11.36
2022-01-25,2.9349760438056127,11.21
2022-01-25,2.9349760438056127,11.15
2022-01-25,3.9342915811088295,11.219999999999999
2022-01-25,4.933607118412047,11.24
2022-01-25,6.934976043805612,11.49
2022-01-25,8.933607118412047,11.49
2022-01-26,0.9308692676249144,12.030000000000001
2022-01-26,0.9308692676249144,12.030000000000001
2022-01-26,2.428473648186174,11.39
2022-01-26,2.9322381930184807,11.219999999999999
2022-01-26,2.9322381930184807,11.16
2022-01-26,3.9315537303216974,11.23
2022-01-26,4.930869267624915,11.219999999999999
2022-01-26,6.93223819301848,11.46
2022-01-26,8.930869267624914,11.440000000000001
2022-01-27,0.9281314168377823,12.2
2022-01-27,0.9281314168377823,12.2
2022-01-27,2.425735797399042,11.48
2022-01-27,2.9295003422313486,11.3
2022-01-27,2.9295003422313486,11.23
2022-01-27,3.9288158795345653,11.27
2022-01-27,4.9281314168377826,11.23
2022-01-27,6.929500342231348,11.49
2022-01-27,8.928131416837783,11.48
2022-01-28,0.9253935660506503,12.23
2022-01-28,0.9253935660506503,12.23
2022-01-28,2.42299794661191,11.620000000000001
2022-01-28,2.926762491444216,11.42
2022-01-28,2.926762491444216,11.36
2022-01-28,3.9260780287474333,11.379999999999999
2022-01-28,4.9253935660506505,11.309999999999999
2022-01-28,6.926762491444216,11.530000000000001
2022-01-28,8.92539356605065,11.48
2022-01-31,0.917180013689254,12.35
2022-01-31,0.917180013689254,12.35
2022-01-31,2.414784394250513,11.719999999999999
2022-01-31,2.91854893908282,11.5
2022-01-31,2.91854893908282,11.43
2022-01-31,3.917864476386037,11.41
2022-01-31,4.917180013689254,11.370000000000001
2022-01-31,6.91854893908282,11.59
2022-01-31,8.917180013689254,11.52
2022-02-01,0.9144421629021219,12.3
2022-02-01,0.9144421629021219,12.3
2022-02-01,2.412046543463381,11.530000000000001
2022-02-01,2.915811088295688,11.3
2022-02-01,2.915811088295688,11.23
2022-02-01,3.915126625598905,11.21
2022-02-01,4.914442162902122,11.14
2022-02-01,6.915811088295688,11.35
2022-02-01,8.914442162902121,11.29
2022-02-02,0.9117043121149897,12.24
2022-02-02,0.9117043121149897,12.24
2022-02-02,2.409308692676249,11.41
2022-02-02,2.9130732375085557,11.17
2022-02-02,2.9130732375085557,11.11
2022-02-02,3.912388774811773,11.11
2022-02-02,4.91170431211499,11.05
2022-02-02,6.913073237508556,11.280000000000001
2022-02-02,8.91170431211499,11.25
2022-02-03,0.9089664613278576,11.95
2022-02-03,0.9089664613278576,11.95
2022-02-03,2.406570841889117,11.16
2022-02-03,2.9103353867214237,10.98
2022-02-03,2.9103353867214237,10.92
2022-02-03,3.909650924024641,10.969999999999999
2022-02-03,4.908966461327857,10.940000000000001
2022-02-03,6.910335386721424,11.2
2022-02-03,8.908966461327857,11.18
2022-02-04,0.9062286105407256,11.98
2022-02-04,0.9062286105407256,11.98
2022-02-04,2.403832991101985,11.23
2022-02-04,2.9075975359342916,11.07
2022-02-04,2.9075975359342916,11.0
2022-02-04,3.9069130732375084,11.07
2022-02-04,4.906228610540725,11.07
2022-02-04,6.907597535934292,11.33
2022-02-04,8.906228610540726,11.34
2022-02-07,0.8980150581793293,12.030000000000001
2022-02-07,0.8980150581793293,12.030000000000001
2022-02-07,2.3956194387405887,11.35
2022-02-07,2.8993839835728954,11.2
2022-02-07,2.8993839835728954,11.11
2022-02-07,3.898699520876112,11.23
2022-02-07,4.898015058179329,11.24
2022-02-07,6.899383983572895,11.530000000000001
2022-02-07,8.898015058179329,11.530000000000001
2022-02-08,0.8952772073921971,12.1
2022-02-08,0.8952772073921971,12.1
2022-02-08,2.3928815879534566,11.33
2022-02-08,2.8966461327857633,11.129999999999999
2022-02-08,2.8966461327857633,11.04
2022-02-08,3.89596167008898,11.120000000000001
2022-02-08,4.895277207392197,11.129999999999999
2022-02-08,6.896646132785763,11.42
2022-02-08,8.895277207392198,11.440000000000001
2022-02-09,0.892539356605065,12.15
2022-02-09,0.892539356605065,12.15
2022-02-09,2.3901437371663246,11.33
2022-02-09,2.8939082819986313,11.14
2022-02-09,2.8939082819986313,11.05
2022-02-09,3.893223819301848,11.15
2022-02-09,4.892539356605065,11.16
2022-02-09,6.893908281998631,11.48
2022-02-09,8.892539356605065,11.54
2022-02-10,0.8898015058179329,12.33
2022-02-10,0.8898015058179329,12.33
2022-02-10,2.3874058863791925,11.54
2022-02-10,2.891170431211499,11.309999999999999
2022-02-10,2.891170431211499,11.219999999999999
2022-02-10,3.890485968514716,11.25
2022-02-10,4.889801505817933,11.219999999999999
2022-02-10,6.891170431211499,11.49
2022-02-10,8.889801505817934,11.530000000000001
2022-02-11,0.8870636550308009,12.379999999999999
2022-02-11,0.8870636550308009,12.39
2022-02-11,2.3846680355920604,11.64
2022-02-11,2.8884325804243667,11.41
2022-02-11,2.8884325804243667,11.309999999999999
2022-02-11,3.887748117727584,11.34
2022-02-11,4.887063655030801,11.25
2022-02-11,6.888432580424367,11.51
2022-02-11,8.8870636550308,11.52
2022-02-14,0.8788501026694046,12.48
2022-02-14,0.8788501026694046,12.5
2022-02-14,2.3764544832306638,11.76
2022-02-14,2.8802190280629705,11.49
2022-02-14,2.8802190280629705,11.39
2022-02-14,3.8795345653661877,11.39
2022-02-14,4.878850102669404,11.3
2022-02-14,6.880219028062971,11.55
2022-02-14,8.878850102669405,11.59
2022-02-15,0.8761122518822724,12.469999999999999
2022-02-15,0.8761122518822724,12.48
2022-02-15,2.3737166324435317,11.77
2022-02-15,2.8774811772758384,11.51
2022-02-15,2.8774811772758384,11.41
2022-02-15,3.8767967145790556,11.4
2022-02-15,4.876112251882272,11.3
2022-02-15,6.877481177275839,11.559999999999999
2022-02-15,8.876112251882272,11.6
2022-02-16,0.8733744010951403,12.4
2022-02-16,0.8733744010951403,12.41
2022-02-16,2.3709787816563996,11.65
2022-02-16,2.8747433264887063,11.4
2022-02-16,2.8747433264887063,11.29
2022-02-16,3.8740588637919235,11.27
2022-02-16,4.87337440109514,11.15
2022-02-16,6.874743326488707,11.4
2022-02-16,8.873374401095141,11.440000000000001
2022-02-17,0.8706365503080082,12.43
2022-02-17,0.8706365503080082,12.440000000000001
2022-02-17,2.3682409308692676,11.71
2022-02-17,2.8720054757015743,11.45
2022-02-17,2.8720054757015743,11.35
2022-02-17,3.871321013004791,11.309999999999999
2022-02-17,4.870636550308008,11.190000000000001
2022-02-17,6.872005475701574,11.41
2022-02-17,8.870636550308008,11.440000000000001
2022-02-18,0.8678986995208761,12.42
2022-02-18,0.8678986995208761,12.42
2022-02-18,2.3655030800821355,11.780000000000001
2022-02-18,2.869267624914442,11.52
2022-02-18,2.869267624914442,11.42
2022-02-18,3.868583162217659,11.42
2022-02-18,4.867898699520876,11.3
2022-02-18,6.869267624914442,11.530000000000001
2022-02-18,8.867898699520875,11.54
2022-02-21,0.8596851471594799,12.41
2022-02-21,0.8596851471594799,12.42
2022-02-21,2.3572895277207393,11.75
2022-02-21,2.861054072553046,11.49
2022-02-21,2.861054072553046,11.39
2022-02-21,3.8603696098562628,11.4
2022-02-21,4.85968514715948,11.3
2022-02-21,6.861054072553046,11.61
2022-02-21,6.861054072553046,11.559999999999999
2022-02-21,8.85968514715948,11.559999999999999
2022-02-21,10.861054072553046,11.719999999999999
2022-02-22,0.8569472963723477,12.4
2022-02-22,0.8569472963723477,12.41
2022-02-22,2.3545516769336072,11.67
2022-02-22,2.858316221765914,11.41
2022-02-22,2.858316221765914,11.3
2022-02-22,3.8576317590691307,11.29
2022-02-22,4.856947296372348,11.16
2022-02-22,6.8583162217659135,11.469999999999999
2022-02-22,6.8583162217659135,11.42
2022-02-22,8.856947296372347,11.43
2022-02-22,10.858316221765914,11.58
2022-02-23,0.8542094455852156,12.51
2022-02-23,0.8542094455852156,12.52
2022-02-23,2.351813826146475,11.76
2022-02-23,2.855578370978782,11.49
2022-02-23,2.855578370978782,11.379999999999999
2022-02-23,3.8548939082819986,11.36
2022-02-23,4.854209445585216,11.23
2022-02-23,6.855578370978781,11.530000000000001
2022-02-23,6.855578370978781,11.48
2022-02-23,8.854209445585216,11.48
2022-02-23,10.855578370978781,11.64
2022-02-24,0.8514715947980835,12.469999999999999
2022-02-24,0.8514715947980835,12.5
2022-02-24,2.349075975359343,11.71
2022-02-24,2.8528405201916494,11.48
2022-02-24,2.8528405201916494,11.379999999999999
2022-02-24,3.8521560574948666,11.4
2022-02-24,4.851471594798084,11.280000000000001
2022-02-24,6.852840520191649,11.629999999999999
2022-02-24,6.852840520191649,11.57
2022-02-24,8.851471594798083,11.57
2022-02-24,10.85284052019165,11.74
2022-02-25,0.8487337440109514,12.440000000000001
2022-02-25,0.8487337440109514,12.46
2022-02-25,2.346338124572211,11.65
2022-02-25,2.8501026694045173,11.4
2022-02-25,2.8501026694045173,11.29
2022-02-25,3.8494182067077345,11.3
2022-02-25,4.848733744010952,11.18
2022-02-25,6.850102669404517,11.51
2022-02-25,6.850102669404517,11.440000000000001
2022-02-25,8.848733744010952,11.440000000000001
2022-02-25,10.850102669404517,11.61
2022-03-02,0.8350444900752909,12.6
2022-03-02,0.8350444900752909,12.620000000000001
2022-03-02,2.3326488706365502,11.89
2022-03-02,2.836413415468857,11.61
2022-03-02,2.836413415468857,11.5
2022-03-02,3.8357289527720737,11.469999999999999
2022-03-02,4.8350444900752905,11.309999999999999
2022-03-02,6.836413415468857,11.620000000000001
2022-03-02,6.836413415468857,11.55
2022-03-02,8.83504449007529,11.55
2022-03-02,10.836413415468858,11.64
2022-03-03,0.8323066392881588,12.780000000000001
2022-03-03,0.8323066392881588,12.79
2022-03-03,2.329911019849418,12.059999999999999
2022-03-03,2.833675564681725,11.76
2022-03-03,2.833675564681725,11.65
2022-03-03,3.8329911019849416,11.61
2022-03-03,4.832306639288158,11.469999999999999
2022-03-03,6.833675564681725,11.77
2022-03-03,6.833675564681725,11.7
2022-03-03,8.83230663928816,11.7
2022-03-03,10.833675564681725,11.83
2022-03-04,0.8295687885010267,12.96
2022-03-04,0.8295687885010267,12.98
2022-03-04,2.327173169062286,12.3
2022-03-04,2.830937713894593,12.0
2022-03-04,2.830937713894593,11.9
2022-03-04,3.8302532511978096,11.780000000000001
2022-03-04,4.829568788501026,11.59
2022-03-04,6.830937713894593,11.82
2022-03-04,6.830937713894593,11.76
2022-03-04,8.829568788501026,11.73
2022-03-04,10.830937713894592,11.83
2022-03-07,0.8213552361396304,13.120000000000001
2022-03-07,0.8213552361396304,13.14
2022-03-07,2.31895961670089,12.559999999999999
2022-03-07,2.8227241615331966,12.26
2022-03-07,2.8227241615331966,12.17
2022-03-07,3.8220396988364134,12.030000000000001
2022-03-07,4.82135523613963,11.85
2022-03-07,6.822724161533197,12.04
2022-03-07,6.822724161533197,11.99
2022-03-07,8.821355236139631,11.96
2022-03-07,10.822724161533197,12.08
2022-03-08,0.8186173853524983,13.17
2022-03-08,0.8186173853524983,13.15
2022-03-08,2.316221765913758,12.67
2022-03-08,2.8199863107460645,12.32
2022-03-08,2.8199863107460645,12.42
2022-03-08,3.8193018480492813,12.25
2022-03-08,4.818617385352498,12.129999999999999
2022-03-08,6.8199863107460645,12.27
2022-03-08,6.8199863107460645,12.32
2022-03-08,8.818617385352498,12.21
2022-03-08,10.819986310746064,12.34
2022-03-09,0.8158795345653662,13.01
2022-03-09,0.8158795345653662,13.030000000000001
2022-03-09,2.3134839151266258,12.559999999999999
2022-03-09,2.817248459958932,12.32
2022-03-09,2.817248459958932,12.23
2022-03-09,3.8165639972621492,12.17
2022-03-09,4.815879534565366,12.07
2022-03-09,6.8172484599589325,12.27
2022-03-09,6.8172484599589325,12.23
2022-03-09,8.815879534565367,12.14
2022-03-09,10.817248459958932,12.280000000000001
2022-03-10,0.813141683778234,13.02
2022-03-10,0.813141683778234,13.030000000000001
2022-03-10,2.3107460643394937,12.57
2022-03-10,2.8145106091718,12.35
2022-03-10,2.8145106091718,12.26
2022-03-10,3.813826146475017,12.23
2022-03-10,4.813141683778234,12.15
2022-03-10,6.8145106091718,12.370000000000001
2022-03-10,6.8145106091718,12.33
2022-03-10,8.813141683778234,12.27
2022-03-10,10.8145106091718,12.39
2022-03-11,0.810403832991102,13.08
2022-03-11,0.810403832991102,13.09
2022-03-11,2.308008213552361,12.61
2022-03-11,2.811772758384668,12.35
2022-03-11,2.811772758384668,12.27
2022-03-11,3.811088295687885,12.18
2022-03-11,4.810403832991102,12.07
2022-03-11,6.811772758384668,12.280000000000001
2022-03-11,6.811772758384668,12.26
2022-03-11,8.810403832991103,12.190000000000001
2022-03-11,10.811772758384668,12.3
2022-03-14,0.8021902806297057,13.23
2022-03-14,0.8021902806297057,13.25
2022-03-14,2.299794661190965,12.879999999999999
2022-03-14,2.8035592060232717,12.6
2022-03-14,2.8035592060232717,12.530000000000001
2022-03-14,3.802874743326489,12.42
2022-03-14,4.802190280629706,12.3
2022-03-14,6.803559206023272,12.469999999999999
2022-03-14,6.803559206023272,12.45
2022-03-14,8.802190280629706,12.379999999999999
2022-03-14,10.803559206023271,12.52
2022-03-15,0.7994524298425736,13.219999999999999
2022-03-15,0.7994524298425736,13.23
2022-03-15,2.297056810403833,12.879999999999999
2022-03-15,2.8008213552361396,12.6
2022-03-15,2.8008213552361396,12.55
2022-03-15,3.800136892539357,12.43
2022-03-15,4.799452429842574,12.36
2022-03-15,6.80082135523614,12.530000000000001
2022-03-15,6.80082135523614,12.530000000000001
2022-03-15,8.799452429842573,12.45
2022-03-15,10.80082135523614,12.58
2022-03-16,0.7967145790554415,13.14
2022-03-16,0.7967145790554415,13.15
2022-03-16,2.294318959616701,12.75
2022-03-16,2.7980835044490076,12.49
2022-03-16,2.7980835044490076,12.46
2022-03-16,3.7973990417522243,12.3
2022-03-16,4.7967145790554415,12.280000000000001
2022-03-16,6.798083504449007,12.41
2022-03-16,6.798083504449007,12.41
2022-03-16,8.796714579055442,12.370000000000001
2022-03-16,10.798083504449007,12.5
2022-03-17,0.7939767282683093,13.02
2022-03-17,0.7939767282683093,13.030000000000001
2022-03-17,2.291581108829569,12.73
2022-03-17,2.7953456536618755,12.49
2022-03-17,2.7953456536618755,12.469999999999999
2022-03-17,3.7946611909650922,12.33
2022-03-17,4.7939767282683095,12.309999999999999
2022-03-17,6.795345653661875,12.48
2022-03-17,6.795345653661875,12.48
2022-03-17,8.793976728268309,12.46
2022-03-17,10.795345653661876,12.58
2022-03-18,0.7912388774811773,12.969999999999999
2022-03-18,0.7912388774811773,12.99
2022-03-18,2.2888432580424367,12.7
2022-03-18,2.7926078028747434,12.45
2022-03-18,2.7926078028747434,12.42
2022-03-18,3.79192334017796,12.280000000000001
2022-03-18,4.791238877481177,12.25
2022-03-18,6.792607802874743,12.39
2022-03-18,6.792607802874743,12.4
2022-03-18,8.791238877481177,12.379999999999999
2022-03-18,10.792607802874743,12.51
2022-03-21,0.783025325119781,12.96
2022-03-21,0.783025325119781,12.98
2022-03-21,2.2806297056810405,12.51
2022-03-21,2.784394250513347,12.26
2022-03-21,2.784394250513347,12.24
2022-03-21,3.783709787816564,12.08
2022-03-21,4.783025325119781,12.059999999999999
2022-03-21,6.784394250513347,12.219999999999999
2022-03-21,6.784394250513347,12.23
2022-03-21,8.78302532511978,12.21
2022-03-21,10.784394250513348,12.309999999999999
2022-03-22,0.7802874743326489,12.93
2022-03-22,0.7802874743326489,12.940000000000001
2022-03-22,2.2778918548939084,12.48
2022-03-22,2.7816563997262147,12.24
2022-03-22,2.7816563997262147,12.25
2022-03-22,3.780971937029432,12.059999999999999
2022-03-22,4.780287474332649,12.04
2022-03-22,6.781656399726215,12.18
2022-03-22,6.781656399726215,12.18
2022-03-22,8.780287474332649,12.21
2022-03-22,10.781656399726215,12.27
2022-03-23,0.7775496235455168,13.01
2022-03-23,0.7775496235455168,13.02
2022-03-23,2.2751540041067764,12.43
2022-03-23,2.7789185489390826,12.129999999999999
2022-03-23,2.7789185489390826,12.15
2022-03-23,3.7782340862423,11.940000000000001
2022-03-23,4.777549623545517,11.92
2022-03-23,6.778918548939083,12.059999999999999
2022-03-23,6.778918548939083,12.07
2022-03-23,8.777549623545516,12.120000000000001
2022-03-23,10.778918548939084,12.18
2022-03-24,0.7748117727583846,13.01
2022-03-24,0.7748117727583846,13.02
2022-03-24,2.272416153319644,12.440000000000001
2022-03-24,2.7761806981519506,12.15
2022-03-24,2.7761806981519506,12.15
2022-03-24,3.7754962354551678,11.99
2022-03-24,4.774811772758385,11.93
2022-03-24,6.776180698151951,12.09
2022-03-24,6.776180698151951,12.09
2022-03-24,8.774811772758385,12.17
2022-03-24,10.77618069815195,12.2
2022-03-25,0.7720739219712526,12.8
2022-03-25,0.7720739219712526,12.809999999999999
2022-03-25,2.269678302532512,11.89
2022-03-25,2.7734428473648185,11.64
2022-03-25,2.7734428473648185,11.629999999999999
2022-03-25,3.7727583846680357,11.55
2022-03-25,4.772073921971253,11.530000000000001
2022-03-25,6.7734428473648185,11.76
2022-03-25,6.7734428473648185,11.74
2022-03-25,8.772073921971252,11.86
2022-03-25,10.77344284736482,11.940000000000001
2022-03-28,0.7638603696098563,12.8
2022-03-28,0.7638603696098563,12.809999999999999
2022-03-28,2.2614647501711156,11.77
2022-03-28,2.7652292950034223,11.530000000000001
2022-03-28,2.7652292950034223,11.51
2022-03-28,3.7645448323066395,11.43
2022-03-28,4.763860369609857,11.4
2022-03-28,6.765229295003422,11.66
2022-03-28,6.765229295003422,11.629999999999999
2022-03-28,8.763860369609857,11.75
2022-03-28,10.765229295003422,11.8
2022-03-29,0.7611225188227242,12.74
2022-03-29,0.7611225188227242,12.74
2022-03-29,2.2587268993839835,11.66
2022-03-29,2.7624914442162902,11.39
2022-03-29,2.7624914442162902,11.379999999999999
2022-03-29,3.761806981519507,11.3
2022-03-29,4.761122518822724,11.27
2022-03-29,6.76249144421629,11.51
2022-03-29,6.76249144421629,11.48
2022-03-29,8.761122518822724,11.61
2022-03-29,10.76249144421629,11.67
2022-03-30,0.758384668035592,12.809999999999999
2022-03-30,0.758384668035592,12.809999999999999
2022-03-30,2.2559890485968515,11.79
2022-03-30,2.759753593429158,11.5
2022-03-30,2.759753593429158,11.48
2022-03-30,3.759069130732375,11.379999999999999
2022-03-30,4.758384668035592,11.370000000000001
2022-03-30,6.759753593429158,11.58
2022-03-30,6.759753593429158,11.55
2022-03-30,8.758384668035593,11.67
2022-03-30,10.759753593429158,11.7
2022-03-31,0.75564681724846,12.8
2022-03-31,0.75564681724846,12.8
2022-03-31,2.2532511978097194,11.83
2022-03-31,2.757015742642026,11.54
2022-03-31,2.757015742642026,11.52
2022-03-31,3.756331279945243,11.41
2022-03-31,4.75564681724846,11.42
2022-03-31,6.757015742642026,11.57
2022-03-31,6.757015742642026,11.55
2022-03-31,8.75564681724846,11.68
2022-03-31,10.757015742642025,11.71
2022-04-01,0.7529089664613279,12.780000000000001
2022-04-01,0.7529089664613279,12.780000000000001
2022-04-01,2.2505133470225873,11.8
2022-04-01,2.754277891854894,11.52
2022-04-01,2.754277891854894,11.530000000000001
2022-04-01,3.753593429158111,11.379999999999999
2022-04-01,4.7529089664613275,11.39
2022-04-01,6.754277891854894,11.52
2022-04-01,6.754277891854894,11.49
2022-04-01,8.752908966461328,11.61
2022-04-01,10.754277891854894,11.65
2022-04-04,0.7446954140999316,12.7
2022-04-04,0.7446954140999316,12.7
2022-04-04,2.242299794661191,11.61
2022-04-04,2.746064339493498,11.309999999999999
2022-04-04,2.746064339493498,11.33
2022-04-04,3.7453798767967146,11.18
2022-04-04,4.744695414099931,11.18
2022-04-04,6.746064339493498,11.3
2022-04-04,6.746064339493498,11.27
2022-04-04,8.744695414099931,11.36
2022-04-04,10.746064339493497,11.42
2022-04-05,0.7419575633127995,12.719999999999999
2022-04-05,0.7419575633127995,12.719999999999999
2022-04-05,2.239561943874059,11.6
2022-04-05,2.7433264887063653,11.27
2022-04-05,2.7433264887063653,11.29
2022-04-05,3.7426420260095825,11.11
2022-04-05,4.741957563312799,11.09
2022-04-05,6.743326488706366,11.190000000000001
2022-04-05,6.743326488706366,11.16
2022-04-05,8.7419575633128,11.23
2022-04-05,10.743326488706366,11.29
2022-04-06,0.7392197125256673,12.8
2022-04-06,0.7392197125256673,12.8
2022-04-06,2.236824093086927,11.809999999999999
2022-04-06,2.7405886379192332,11.530000000000001
2022-04-06,2.7405886379192332,11.559999999999999
2022-04-06,3.7399041752224504,11.379999999999999
2022-04-06,4.739219712525667,11.35
2022-04-06,6.740588637919234,11.43
2022-04-06,6.740588637919234,11.4
2022-04-06,8.739219712525667,11.469999999999999
2022-04-06,10.740588637919233,11.49
2022-04-07,0.7364818617385352,12.76
2022-04-07,0.7364818617385352,12.77
2022-04-07,2.2340862422997945,11.809999999999999
2022-04-07,2.737850787132101,11.530000000000001
2022-04-07,2.737850787132101,11.59
2022-04-07,3.7371663244353184,11.41
2022-04-07,4.736481861738535,11.39
2022-04-07,6.737850787132102,11.469999999999999
2022-04-07,6.737850787132102,11.440000000000001
2022-04-07,8.736481861738536,11.5
2022-04-07,10.737850787132102,11.51
2022-04-08,0.7337440109514032,12.95
2022-04-08,0.7337440109514032,12.96
2022-04-08,2.2313483915126624,12.14
2022-04-08,2.735112936344969,11.86
2022-04-08,2.735112936344969,11.940000000000001
2022-04-08,3.7344284736481863,11.68
2022-04-08,4.733744010951403,11.7
2022-04-08,6.7351129363449695,11.68
2022-04-08,6.7351129363449695,11.690000000000001
2022-04-08,8.733744010951403,11.74
2022-04-08,10.735112936344969,11.73
2022-04-11,0.7255304585900069,13.0
2022-04-11,0.7255304585900069,13.01
2022-04-11,2.223134839151266,12.25
2022-04-11,2.726899383983573,11.95
2022-04-11,2.726899383983573,12.05
2022-04-11,3.7262149212867897,11.77
2022-04-11,4.725530458590007,11.86
2022-04-11,6.7268993839835725,11.82
2022-04-11,6.7268993839835725,11.86
2022-04-11,8.725530458590006,11.93
2022-04-11,10.726899383983573,11.92
2022-04-12,0.7227926078028748,13.129999999999999
2022-04-12,0.7227926078028748,13.129999999999999
2022-04-12,2.220396988364134,12.41
2022-04-12,2.724161533196441,12.059999999999999
2022-04-12,2.724161533196441,12.18
2022-04-12,3.7234770704996576,11.85
2022-04-12,4.722792607802875,11.940000000000001
2022-04-12,6.72416153319644,11.84
2022-04-12,6.72416153319644,11.879999999999999
2022-04-12,8.722792607802875,11.940000000000001
2022-04-12,10.72416153319644,11.92
2022-04-13,0.7200547570157426,13.14
2022-04-13,0.7200547570157426,13.15
2022-04-13,2.217659137577002,12.49
2022-04-13,2.7214236824093088,12.16
2022-04-13,2.7214236824093088,12.280000000000001
2022-04-13,3.7207392197125255,11.98
2022-04-13,4.720054757015743,12.05
2022-04-13,6.721423682409308,11.98
2022-04-13,6.721423682409308,12.02
2022-04-13,8.720054757015742,12.059999999999999
2022-04-13,10.72142368240931,12.04
2022-04-14,0.7173169062286106,13.120000000000001
2022-04-14,0.7173169062286106,13.120000000000001
2022-04-14,2.21492128678987,12.530000000000001
2022-04-14,2.7186858316221767,12.190000000000001
2022-04-14,2.7186858316221767,12.280000000000001
2022-04-14,3.7180013689253935,12.0
2022-04-14,4.717316906228611,12.030000000000001
2022-04-14,6.718685831622176,12.02
2022-04-14,6.718685831622176,12.05
2022-04-14,8.71731690622861,12.11
2022-04-14,10.718685831622176,12.11
2022-04-18,0.7063655030800822,13.18
2022-04-18,0.7063655030800822,13.18
2022-04-18,2.2039698836413417,12.719999999999999
2022-04-18,2.707734428473648,12.39
2022-04-18,2.707734428473648,12.48
2022-04-18,3.707049965776865,12.219999999999999
2022-04-18,4.706365503080082,12.23
2022-04-18,6.707734428473648,12.24
2022-04-18,6.707734428473648,12.26
2022-04-18,8.706365503080082,12.33
2022-04-18,10.707734428473648,12.33
2022-04-19,0.70362765229295,13.09
2022-04-19,0.70362765229295,13.09
2022-04-19,2.2012320328542097,12.46
2022-04-19,2.704996577686516,12.14
2022-04-19,2.704996577686516,12.23
2022-04-19,3.704312114989733,11.99
2022-04-19,4.70362765229295,12.0
2022-04-19,6.704996577686516,12.04
2022-04-19,6.704996577686516,12.059999999999999
2022-04-19,8.70362765229295,12.14
2022-04-19,10.704996577686517,12.16
2022-04-20,0.7008898015058179,13.08
2022-04-20,0.7008898015058179,13.08
2022-04-20,2.198494182067077,12.48
2022-04-20,2.702258726899384,12.16
2022-04-20,2.702258726899384,12.24
2022-04-20,3.701574264202601,12.02
2022-04-20,4.700889801505818,12.030000000000001
2022-04-20,6.702258726899384,12.1
2022-04-20,6.702258726899384,12.11
2022-04-20,8.700889801505818,12.21
2022-04-20,10.702258726899384,12.24
2022-04-22,0.6954140999315537,13.11
2022-04-22,0.6954140999315537,13.11
2022-04-22,2.193018480492813,12.55
2022-04-22,2.6967830253251197,12.26
2022-04-22,2.6967830253251197,12.33
2022-04-22,3.696098562628337,12.120000000000001
2022-04-22,4.695414099931554,12.14
2022-04-22,6.69678302532512,12.2
2022-04-22,6.69678302532512,12.21
2022-04-22,8.695414099931554,12.32
2022-04-22,10.69678302532512,12.33
2022-04-25,0.6872005475701575,13.030000000000001
2022-04-25,0.6872005475701575,13.030000000000001
2022-04-25,2.184804928131417,12.52
2022-04-25,2.6885694729637235,12.25
2022-04-25,2.6885694729637235,12.32
2022-04-25,3.6878850102669403,12.15
2022-04-25,4.687200547570157,12.2
2022-04-25,6.6885694729637235,12.27
2022-04-25,6.6885694729637235,12.29
2022-04-25,8.687200547570157,12.370000000000001
2022-04-25,10.688569472963723,12.379999999999999
2022-04-26,0.6844626967830253,13.01
2022-04-26,0.6844626967830253,13.01
2022-04-26,2.1820670773442847,12.41
2022-04-26,2.6858316221765914,12.120000000000001
2022-04-26,2.6858316221765914,12.18
2022-04-26,3.685147159479808,12.0
2022-04-26,4.684462696783025,12.05
2022-04-26,6.685831622176591,12.120000000000001
2022-04-26,6.685831622176591,12.15
2022-04-26,8.684462696783026,12.219999999999999
2022-04-26,10.685831622176591,12.25
2022-04-27,0.6817248459958932,12.93
2022-04-27,0.6817248459958932,12.93
2022-04-27,2.1793292265571527,12.379999999999999
2022-04-27,2.6830937713894594,12.15
2022-04-27,2.6830937713894594,12.21
2022-04-27,3.682409308692676,12.04
2022-04-27,4.681724845995893,12.120000000000001
2022-04-27,6.683093771389459,12.190000000000001
2022-04-27,6.683093771389459,12.23
2022-04-27,8.681724845995893,12.29
2022-04-27,10.683093771389458,12.280000000000001
2022-04-28,0.6789869952087612,13.05
2022-04-28,0.6789869952087612,13.04
2022-04-28,2.1765913757700206,12.45
2022-04-28,2.6803559206023273,12.21
2022-04-28,2.6803559206023273,12.27
2022-04-28,3.679671457905544,12.1
2022-04-28,4.678986995208761,12.18
2022-04-28,6.680355920602327,12.24
2022-04-28,6.680355920602327,12.280000000000001
2022-04-28,8.678986995208762,12.34
2022-04-28,10.680355920602327,12.35
2022-04-29,0.676249144421629,13.08
2022-04-29,0.676249144421629,13.08
2022-04-29,2.1738535249828885,12.42
2022-04-29,2.6776180698151952,12.17
2022-04-29,2.6776180698151952,12.25
2022-04-29,3.676933607118412,12.030000000000001
2022-04-29,4.676249144421629,12.09
2022-04-29,6.677618069815195,12.16
2022-04-29,6.677618069815195,12.21
2022-04-29,8.676249144421629,12.27
2022-04-29,10.677618069815194,12.309999999999999
2022-05-02,0.6680355920602327,13.09
2022-05-02,0.6680355920602327,13.09
2022-05-02,2.1656399726214923,12.469999999999999
2022-05-02,2.6694045174537986,12.25
2022-05-02,2.6694045174537986,12.33
2022-05-02,3.668720054757016,12.1
2022-05-02,4.6680355920602326,12.14
2022-05-02,6.669404517453799,12.17
2022-05-02,6.669404517453799,12.219999999999999
2022-05-02,8.668035592060233,12.280000000000001
2022-05-02,10.669404517453799,12.309999999999999
2022-05-03,0.6652977412731006,13.17
2022-05-03,0.6652977412731006,13.17
2022-05-03,2.16290212183436,12.57
2022-05-03,2.6666666666666665,12.35
2022-05-03,2.6666666666666665,12.43
2022-05-03,3.6659822039698837,12.21
2022-05-03,4.6652977412731005,12.25
2022-05-03,6.666666666666667,12.280000000000001
2022-05-03,6.666666666666667,12.32
2022-05-03,8.6652977412731,12.36
2022-05-03,10.666666666666666,12.370000000000001
2022-05-04,0.6625598904859685,13.18
2022-05-04,0.6625598904859685,13.17
2022-05-04,2.1601642710472277,12.59
2022-05-04,2.6639288158795345,12.4
2022-05-04,2.6639288158795345,12.48
2022-05-04,3.6632443531827517,12.27
2022-05-04,4.662559890485968,12.33
2022-05-04,6.663928815879535,12.370000000000001
2022-05-04,6.663928815879535,12.42
2022-05-04,8.66255989048597,12.45
2022-05-04,10.663928815879535,12.45
2022-05-05,0.6598220396988365,13.24
2022-05-05,0.6598220396988365,13.24
2022-05-05,2.1574264202600957,12.54
2022-05-05,2.6611909650924024,12.3
2022-05-05,2.6611909650924024,12.379999999999999
2022-05-05,3.6605065023956196,12.17
2022-05-05,4.659822039698836,12.219999999999999
2022-05-05,6.661190965092403,12.26
2022-05-05,6.661190965092403,12.309999999999999
2022-05-05,8.659822039698836,12.34
2022-05-05,10.661190965092402,12.35
2022-05-06,0.6570841889117043,13.32
2022-05-06,0.6570841889117043,13.32
2022-05-06,2.1546885694729636,12.8
2022-05-06,2.6584531143052703,12.55
2022-05-06,2.6584531143052703,12.65
2022-05-06,3.6577686516084875,12.46
2022-05-06,4.657084188911704,12.52
2022-05-06,6.658453114305271,12.54
2022-05-06,6.658453114305271,12.6
2022-05-06,8.657084188911705,12.61
2022-05-06,10.65845311430527,12.620000000000001
2022-05-09,0.648870636550308,13.43
2022-05-09,0.648870636550308,13.43
2022-05-09,2.1464750171115674,13.04
2022-05-09,2.650239561943874,12.79
2022-05-09,2.650239561943874,12.89
2022-05-09,3.649555099247091,12.690000000000001
2022-05-09,4.648870636550308,12.76
2022-05-09,6.650239561943874,12.77
2022-05-09,6.650239561943874,12.83
2022-05-09,8.648870636550308,12.82
2022-05-09,10.650239561943874,12.84
2022-05-10,0.6461327857631759,13.29
2022-05-10,0.6461327857631759,13.29
2022-05-10,2.1437371663244353,12.719999999999999
2022-05-10,2.647501711156742,12.5
2022-05-10,2.647501711156742,12.57
2022-05-10,3.646817248459959,12.41
2022-05-10,4.646132785763176,12.48
2022-05-10,6.647501711156742,12.530000000000001
2022-05-10,6.647501711156742,12.59
2022-05-10,8.646132785763175,12.61
2022-05-10,10.647501711156742,12.66
2022-05-11,0.6433949349760438,13.42
2022-05-11,0.6433949349760438,13.43
2022-05-11,2.1409993155373033,12.84
2022-05-11,2.64476386036961,12.58
2022-05-11,2.64476386036961,12.65
2022-05-11,3.6440793976728267,12.469999999999999
2022-05-11,4.643394934976044,12.54
2022-05-11,6.6447638603696095,12.59
2022-05-11,6.6447638603696095,12.67
2022-05-11,8.643394934976044,12.64
2022-05-11,10.64476386036961,12.690000000000001
2022-05-12,0.6406570841889117,13.4
2022-05-12,0.6406570841889117,13.4
2022-05-12,2.138261464750171,12.9
2022-05-12,2.642026009582478,12.629999999999999
2022-05-12,2.642026009582478,12.7
2022-05-12,3.6413415468856947,12.530000000000001
2022-05-12,4.640657084188912,12.61
2022-05-12,6.6420260095824775,12.65
2022-05-12,6.6420260095824775,12.73
2022-05-12,8.640657084188911,12.74
2022-05-12,10.642026009582478,12.780000000000001
2022-05-13,0.6379192334017796,13.440000000000001
2022-05-13,0.6379192334017796,13.45
2022-05-13,2.135523613963039,12.99
2022-05-13,2.639288158795346,12.68
2022-05-13,2.639288158795346,12.76
2022-05-13,3.6386036960985626,12.55
2022-05-13,4.63791923340178,12.620000000000001
2022-05-13,6.639288158795345,12.620000000000001
2022-05-13,6.639288158795345,12.7
2022-05-13,8.63791923340178,12.690000000000001
2022-05-13,10.639288158795345,12.74
2022-05-16,0.6297056810403833,13.55
2022-05-16,0.6297056810403833,13.57
2022-05-16,2.127310061601643,13.129999999999999
2022-05-16,2.631074606433949,12.809999999999999
2022-05-16,2.631074606433949,12.9
2022-05-16,3.6303901437371664,12.64
2022-05-16,4.629705681040384,12.68
2022-05-16,6.631074606433949,12.65
2022-05-16,6.631074606433949,12.75
2022-05-16,8.629705681040383,12.719999999999999
2022-05-16,10.63107460643395,12.75
2022-05-17,0.6269678302532512,13.36
2022-05-17,0.6269678302532512,13.370000000000001
2022-05-17,2.1245722108145104,12.8
2022-05-17,2.628336755646817,12.52
2022-05-17,2.628336755646817,12.6
2022-05-17,3.6276522929500343,12.379999999999999
2022-05-17,4.6269678302532515,12.41
2022-05-17,6.628336755646817,12.370000000000001
2022-05-17,6.628336755646817,12.469999999999999
2022-05-17,8.626967830253252,12.42
2022-05-17,10.628336755646817,12.469999999999999
2022-05-18,0.6242299794661191,13.4
2022-05-18,0.6242299794661191,13.41
2022-05-18,2.1218343600273784,12.84
2022-05-18,2.625598904859685,12.559999999999999
2022-05-18,2.625598904859685,12.65
2022-05-18,3.6249144421629023,12.440000000000001
2022-05-18,4.6242299794661195,12.48
2022-05-18,6.625598904859685,12.45
2022-05-18,6.625598904859685,12.54
2022-05-18,8.624229979466119,12.49
2022-05-18,10.625598904859686,12.52
2022-05-19,0.621492128678987,13.34
2022-05-19,0.621492128678987,13.36
2022-05-19,2.1190965092402463,12.76
2022-05-19,2.622861054072553,12.469999999999999
2022-05-19,2.622861054072553,12.559999999999999
2022-05-19,3.62217659137577,12.36
2022-05-19,4.621492128678987,12.42
2022-05-19,6.622861054072553,12.39
2022-05-19,6.622861054072553,12.49
2022-05-19,8.621492128678987,12.45
2022-05-19,10.622861054072553,12.5
2022-05-20,0.6187542778918549,13.34
2022-05-20,0.6187542778918549,13.35
2022-05-20,2.116358658453114,12.719999999999999
2022-05-20,2.620123203285421,12.41
2022-05-20,2.620123203285421,12.51
2022-05-20,3.619438740588638,12.26
2022-05-20,4.618754277891855,12.3
2022-05-20,6.620123203285421,12.27
2022-05-20,6.620123203285421,12.39
2022-05-20,8.618754277891854,12.379999999999999
2022-05-20,10.620123203285422,12.41
2022-05-23,0.6105407255304586,13.32
2022-05-23,0.6105407255304586,13.33
2022-05-23,2.108145106091718,12.55
2022-05-23,2.6119096509240247,12.23
2022-05-23,2.6119096509240247,12.370000000000001
2022-05-23,3.6112251882272415,12.09
2022-05-23,4.610540725530458,12.129999999999999
2022-05-23,6.611909650924025,12.120000000000001
2022-05-23,6.611909650924025,12.24
2022-05-23,8.61054072553046,12.23
2022-05-23,10.611909650924025,12.25
2022-05-24,0.6078028747433265,13.42
2022-05-24,0.6078028747433265,13.43
2022-05-24,2.105407255304586,12.73
2022-05-24,2.6091718001368926,12.4
2022-05-24,2.6091718001368926,12.52
2022-05-24,3.6084873374401094,12.219999999999999
2022-05-24,4.607802874743326,12.26
2022-05-24,6.609171800136893,12.24
2022-05-24,6.609171800136893,12.36
2022-05-24,8.607802874743326,12.379999999999999
2022-05-24,10.609171800136892,12.379999999999999
2022-05-25,0.6050650239561944,13.469999999999999
2022-05-25,0.6050650239561944,13.469999999999999
2022-05-25,2.102669404517454,12.83
2022-05-25,2.6064339493497606,12.51
2022-05-25,2.6064339493497606,12.620000000000001
2022-05-25,3.6057494866529773,12.35
2022-05-25,4.605065023956194,12.41
2022-05-25,6.606433949349761,12.36
2022-05-25,6.606433949349761,12.49
2022-05-25,8.605065023956195,12.51
2022-05-25,10.60643394934976,12.52
2022-05-26,0.6023271731690623,13.45
2022-05-26,0.6023271731690623,13.45
2022-05-26,2.099931553730322,12.76
2022-05-26,2.6036960985626285,12.469999999999999
2022-05-26,2.6036960985626285,12.59
2022-05-26,3.6030116358658453,12.34
2022-05-26,4.602327173169062,12.45
2022-05-26,6.6036960985626285,12.42
2022-05-26,6.6036960985626285,12.55
2022-05-26,8.602327173169062,12.559999999999999
2022-05-26,10.603696098562628,12.59
2022-05-27,0.5995893223819302,13.379999999999999
2022-05-27,0.5995893223819302,13.379999999999999
2022-05-27,2.0971937029431897,12.55
2022-05-27,2.6009582477754964,12.26
2022-05-27,2.6009582477754964,12.370000000000001
2022-05-27,3.600273785078713,12.129999999999999
2022-05-27,4.59958932238193,12.280000000000001
2022-05-27,6.6009582477754964,12.280000000000001
2022-05-27,6.6009582477754964,12.41
2022-05-27,8.59958932238193,12.469999999999999
2022-05-27,10.600958247775496,12.51
2022-05-30,0.5913757700205339,13.379999999999999
2022-05-30,0.5913757700205339,13.379999999999999
2022-05-30,2.088980150581793,12.6
2022-05-30,2.5927446954141,12.309999999999999
2022-05-30,2.5927446954141,12.43
2022-05-30,3.592060232717317,12.18
2022-05-30,4.591375770020534,12.3
2022-05-30,6.5927446954141,12.26
2022-05-30,6.5927446954141,12.379999999999999
2022-05-30,8.591375770020534,12.440000000000001
2022-05-30,10.5927446954141,12.49
2022-05-31,0.5886379192334018,13.469999999999999
2022-05-31,0.5886379192334018,13.469999999999999
2022-05-31,2.086242299794661,12.86
2022-05-31,2.5900068446269677,12.59
2022-05-31,2.5900068446269677,12.719999999999999
2022-05-31,3.589322381930185,12.469999999999999
2022-05-31,4.588637919233402,12.59
2022-05-31,6.590006844626968,12.530000000000001
2022-05-31,6.590006844626968,12.66
2022-05-31,8.588637919233403,12.73
2022-05-31,10.590006844626968,12.75
2022-06-01,0.5859000684462696,13.440000000000001
2022-06-01,0.5859000684462696,13.440000000000001
2022-06-01,2.083504449007529,12.75
2022-06-01,2.5872689938398357,12.629999999999999
2022-06-01,2.5872689938398357,12.49
2022-06-01,3.586584531143053,12.4
2022-06-01,4.58590006844627,12.55
2022-06-01,6.587268993839836,12.620000000000001
2022-06-01,6.587268993839836,12.49
2022-06-01,8.58590006844627,12.66
2022-06-01,10.587268993839835,12.68
2022-06-02,0.5831622176591376,13.469999999999999
2022-06-02,0.5831622176591376,13.46
2022-06-02,2.080766598220397,12.84
2022-06-02,2.5845311430527036,12.58
2022-06-02,2.5845311430527036,12.71
2022-06-02,3.583846680355921,12.51
2022-06-02,4.583162217659138,12.68
2022-06-02,6.584531143052704,12.620000000000001
2022-06-02,6.584531143052704,12.75
2022-06-02,8.583162217659138,12.77
2022-06-02,10.584531143052704,12.79
2022-06-03,0.5804243668720055,13.48
2022-06-03,0.5804243668720055,13.48
2022-06-03,2.078028747433265,12.9
2022-06-03,2.5817932922655715,12.65
2022-06-03,2.5817932922655715,12.780000000000001
2022-06-03,3.5811088295687883,12.58
2022-06-03,4.5804243668720055,12.75
2022-06-03,6.581793292265571,12.68
2022-06-03,6.581793292265571,12.79
2022-06-03,8.580424366872005,12.809999999999999
2022-06-03,10.581793292265571,12.82
2022-06-06,0.5722108145106092,13.49
2022-06-06,0.5722108145106092,13.49
2022-06-06,2.0698151950718686,12.879999999999999
2022-06-06,2.5735797399041753,12.6
2022-06-06,2.5735797399041753,12.719999999999999
2022-06-06,3.572895277207392,12.51
2022-06-06,4.572210814510609,12.64
2022-06-06,6.573579739904175,12.59
2022-06-06,6.573579739904175,12.690000000000001
2022-06-06,8.572210814510608,12.68
2022-06-06,10.573579739904176,12.73
2022-06-07,0.5694729637234771,13.469999999999999
2022-06-07,0.5694729637234771,13.48
2022-06-07,2.0670773442847366,12.98
2022-06-07,2.5708418891170433,12.719999999999999
2022-06-07,2.5708418891170433,12.82
2022-06-07,3.57015742642026,12.67
2022-06-07,4.569472963723477,12.79
2022-06-07,6.570841889117043,12.79
2022-06-07,6.570841889117043,12.86
2022-06-07,8.569472963723477,12.86
2022-06-07,10.570841889117043,12.89
2022-06-08,0.5667351129363449,13.530000000000001
2022-06-08,0.5667351129363449,13.54
2022-06-08,2.0643394934976045,13.120000000000001
2022-06-08,2.568104038329911,12.870000000000001
2022-06-08,2.568104038329911,12.940000000000001
2022-06-08,3.567419575633128,12.83
2022-06-08,4.566735112936345,12.92
2022-06-08,6.568104038329911,12.95
2022-06-08,6.568104038329911,12.98
2022-06-08,8.566735112936344,13.0
2022-06-08,10.568104038329912,13.04
2022-06-09,0.5639972621492129,13.440000000000001
2022-06-09,0.5639972621492129,13.440000000000001
2022-06-09,2.0616016427104724,12.879999999999999
2022-06-09,2.565366187542779,12.64
2022-06-09,2.565366187542779,12.71
2022-06-09,3.564681724845996,12.61
2022-06-09,4.563997262149213,12.71
2022-06-09,6.565366187542779,12.73
2022-06-09,6.565366187542779,12.74
2022-06-09,8.563997262149213,12.76
2022-06-09,10.565366187542779,12.79
2022-06-10,0.5612594113620808,13.41
2022-06-10,0.5612594113620808,13.42
2022-06-10,2.0588637919233403,12.86
2022-06-10,2.5626283367556466,12.629999999999999
2022-06-10,2.5626283367556466,12.690000000000001
2022-06-10,3.561943874058864,12.61
2022-06-10,4.561259411362081,12.71
2022-06-10,6.562628336755647,12.76
2022-06-10,6.562628336755647,12.75
2022-06-10,8.56125941136208,12.8
2022-06-10,10.562628336755647,12.83
2022-06-13,0.5530458590006845,13.469999999999999
2022-06-13,0.5530458590006845,13.469999999999999
2022-06-13,2.0506502395619437,13.030000000000001
2022-06-13,2.5544147843942504,12.82
2022-06-13,2.5544147843942504,12.879999999999999
2022-06-13,3.5537303216974676,12.79
2022-06-13,4.553045859000685,12.91
2022-06-13,6.55441478439425,12.940000000000001
2022-06-13,6.55441478439425,12.93
2022-06-13,8.553045859000685,12.98
2022-06-13,10.55441478439425,12.99
2022-06-14,0.5503080082135524,13.629999999999999
2022-06-14,0.5503080082135524,13.64
2022-06-14,2.0479123887748116,13.16
2022-06-14,2.5516769336071183,12.89
2022-06-14,2.5516769336071183,12.95
2022-06-14,3.5509924709103355,12.85
2022-06-14,4.550308008213553,12.96
2022-06-14,6.551676933607118,12.96
2022-06-14,6.551676933607118,12.95
2022-06-14,8.550308008213552,12.969999999999999
2022-06-14,10.55167693360712,12.96
2022-06-15,0.5475701574264202,13.67
2022-06-15,0.5475701574264202,13.690000000000001
2022-06-15,2.0451745379876796,13.43
2022-06-15,2.5489390828199863,13.11
2022-06-15,2.5489390828199863,13.18
2022-06-15,3.5482546201232035,13.07
2022-06-15,4.547570157426421,13.190000000000001
2022-06-15,6.548939082819986,13.18
2022-06-15,6.548939082819986,13.18
2022-06-15,8.54757015742642,13.21
2022-06-15,10.548939082819986,13.190000000000001
2022-06-17,0.5420944558521561,13.61
2022-06-17,0.5420944558521561,13.620000000000001
2022-06-17,2.0396988364134154,13.129999999999999
2022-06-17,2.543463381245722,12.82
2022-06-17,2.543463381245722,12.879999999999999
2022-06-17,3.542778918548939,12.8
2022-06-17,4.542094455852156,12.95
2022-06-17,6.543463381245722,12.98
2022-06-17,6.543463381245722,13.0
2022-06-17,8.542094455852157,13.059999999999999
2022-06-17,10.543463381245722,13.07
2022-06-20,0.5338809034907598,13.59
2022-06-20,0.5338809034907598,13.6
2022-06-20,2.0314852840520192,12.969999999999999
2022-06-20,2.535249828884326,12.64
2022-06-20,2.535249828884326,12.7
2022-06-20,3.5345653661875427,12.58
2022-06-20,4.5338809034907595,12.71
2022-06-20,6.535249828884326,12.75
2022-06-20,6.535249828884326,12.77
2022-06-20,8.53388090349076,12.84
2022-06-20,10.535249828884325,12.870000000000001
2022-06-21,0.5311430527036276,13.61
2022-06-21,0.5311430527036276,13.61
2022-06-21,2.028747433264887,12.89
2022-06-21,2.532511978097194,12.55
2022-06-21,2.532511978097194,12.61
2022-06-21,3.5318275154004106,12.440000000000001
2022-06-21,4.531143052703627,12.59
2022-06-21,6.532511978097194,12.620000000000001
2022-06-21,6.532511978097194,12.67
2022-06-21,8.531143052703628,12.719999999999999
2022-06-21,10.532511978097194,12.75
2022-06-22,0.5284052019164955,13.59
2022-06-22,0.5284052019164955,13.59
2022-06-22,2.026009582477755,12.84
2022-06-22,2.529774127310062,12.51
2022-06-22,2.529774127310062,12.58
2022-06-22,3.5290896646132786,12.45
2022-06-22,4.528405201916495,12.620000000000001
2022-06-22,6.529774127310062,12.67
2022-06-22,6.529774127310062,12.74
2022-06-22,8.528405201916495,12.79
2022-06-22,10.529774127310061,12.83
2022-06-23,0.5256673511293635,13.6
2022-06-23,0.5256673511293635,13.6
2022-06-23,2.023271731690623,12.809999999999999
2022-06-23,2.5270362765229293,12.48
2022-06-23,2.5270362765229293,12.55
2022-06-23,3.5263518138261465,12.41
2022-06-23,4.525667351129363,12.559999999999999
2022-06-23,6.52703627652293,12.61
2022-06-23,6.52703627652293,12.7
2022-06-23,8.525667351129364,12.73
2022-06-23,10.52703627652293,12.76
2022-06-24,0.5229295003422314,13.6
2022-06-24,0.5229295003422314,13.6
2022-06-24,2.020533880903491,12.76
2022-06-24,2.524298425735797,12.45
2022-06-24,2.524298425735797,12.530000000000001
2022-06-24,3.5236139630390144,12.42
2022-06-24,4.522929500342231,12.57
2022-06-24,6.524298425735798,12.629999999999999
2022-06-24,6.524298425735798,12.73
2022-06-24,8.522929500342231,12.780000000000001
2022-06-24,10.524298425735797,12.82
2022-06-27,0.5147159479808351,13.68
2022-06-27,0.5147159479808351,13.690000000000001
2022-06-27,2.0123203285420943,12.940000000000001
2022-06-27,2.516084873374401,12.629999999999999
2022-06-27,2.516084873374401,12.7
2022-06-27,3.515400410677618,12.57
2022-06-27,4.514715947980835,12.719999999999999
2022-06-27,6.5160848733744015,12.74
2022-06-27,6.5160848733744015,12.85
2022-06-27,8.514715947980836,12.85
2022-06-27,10.516084873374401,12.879999999999999
2022-06-28,0.5119780971937029,13.73
2022-06-28,0.5119780971937029,13.74
2022-06-28,2.0095824777549622,13.129999999999999
2022-06-28,2.513347022587269,12.82
2022-06-28,2.513347022587269,12.89
2022-06-28,3.512662559890486,12.76
2022-06-28,4.511978097193703,12.92
2022-06-28,6.513347022587269,12.95
2022-06-28,6.513347022587269,13.05
2022-06-28,8.511978097193703,13.07
2022-06-28,10.513347022587268,13.09
2022-06-29,0.5092402464065708,13.809999999999999
2022-06-29,0.5092402464065708,13.809999999999999
2022-06-29,2.00684462696783,13.3
2022-06-29,2.510609171800137,12.99
2022-06-29,2.510609171800137,13.059999999999999
2022-06-29,3.509924709103354,12.92
2022-06-29,4.509240246406571,13.09
2022-06-29,6.510609171800137,13.11
2022-06-29,6.510609171800137,13.24
2022-06-29,8.509240246406572,13.25
2022-06-29,10.510609171800137,13.26
2022-06-30,0.5065023956194388,13.809999999999999
2022-06-30,0.5065023956194388,13.82
2022-06-30,2.004106776180698,13.32
2022-06-30,2.507871321013005,12.98
2022-06-30,2.507871321013005,13.05
2022-06-30,3.5071868583162216,12.879999999999999
2022-06-30,4.506502395619439,13.02
2022-06-30,6.507871321013004,13.02
2022-06-30,6.507871321013004,13.15
2022-06-30,8.506502395619439,13.15
2022-06-30,10.507871321013004,13.17
2022-07-01,0.5037645448323066,13.76
2022-07-01,0.5037645448323066,13.77
2022-07-01,2.001368925393566,13.129999999999999
2022-07-01,2.5051334702258727,12.79
2022-07-01,2.5051334702258727,12.870000000000001
2022-07-01,3.5044490075290895,12.719999999999999
2022-07-01,4.503764544832307,12.879999999999999
2022-07-01,6.505133470225872,12.91
2022-07-01,6.505133470225872,13.030000000000001
2022-07-01,8.503764544832306,13.04
2022-07-01,10.505133470225873,13.08
2022-07-04,0.49555099247091033,13.76
2022-07-04,0.49555099247091033,13.76
2022-07-04,1.9931553730321698,13.129999999999999
2022-07-04,2.4969199178644765,12.82
2022-07-04,2.4969199178644765,12.879999999999999
2022-07-04,3.4962354551676933,12.76
2022-07-04,4.4955509924709105,12.91
2022-07-04,6.496919917864476,12.96
2022-07-04,6.496919917864476,13.08
2022-07-04,8.49555099247091,13.07
2022-07-04,10.496919917864476,13.08
2022-07-05,0.4928131416837782,13.75
2022-07-05,0.4928131416837782,13.75
2022-07-05,1.9904175222450375,13.21
2022-07-05,2.4941820670773445,12.91
2022-07-05,2.4941820670773445,12.969999999999999
2022-07-05,3.4934976043805612,12.84
2022-07-05,4.492813141683778,12.99
2022-07-05,6.494182067077344,13.01
2022-07-05,6.494182067077344,13.129999999999999
2022-07-05,8.492813141683778,13.11
2022-07-05,10.494182067077345,13.120000000000001
2022-07-06,0.49007529089664614,13.77
2022-07-06,0.49007529089664614,13.79
2022-07-06,1.9876796714579055,13.280000000000001
2022-07-06,2.4914442162902124,12.98
2022-07-06,2.4914442162902124,13.030000000000001
2022-07-06,3.490759753593429,12.92
2022-07-06,4.490075290896646,13.059999999999999
2022-07-06,6.491444216290212,13.11
2022-07-06,6.491444216290212,13.190000000000001
2022-07-06,8.490075290896646,13.190000000000001
2022-07-06,10.491444216290212,13.21
2022-07-07,0.487337440109514,13.780000000000001
2022-07-07,0.487337440109514,13.79
2022-07-07,1.9849418206707734,13.29
2022-07-07,2.48870636550308,12.99
2022-07-07,2.48870636550308,13.04
2022-07-07,3.488021902806297,12.940000000000001
2022-07-07,4.487337440109514,13.07
2022-07-07,6.48870636550308,13.15
2022-07-07,6.48870636550308,13.23
2022-07-07,8.487337440109513,13.25
2022-07-07,10.48870636550308,13.26
2022-07-08,0.48459958932238195,13.77
2022-07-08,0.48459958932238195,13.780000000000001
2022-07-08,1.9822039698836413,13.219999999999999
2022-07-08,2.485968514715948,12.91
2022-07-08,2.485968514715948,12.96
2022-07-08,3.485284052019165,12.83
2022-07-08,4.484599589322382,12.940000000000001
2022-07-08,6.485968514715948,13.030000000000001
2022-07-08,6.485968514715948,13.11
2022-07-08,8.484599589322382,13.15
2022-07-08,10.485968514715948,13.2
2022-07-11,0.47638603696098564,13.89
2022-07-11,0.47638603696098564,13.9
2022-07-11,1.9739904175222451,13.559999999999999
2022-07-11,2.4777549623545516,13.26
2022-07-11,2.4777549623545516,13.309999999999999
2022-07-11,3.477070499657769,13.17
2022-07-11,4.476386036960986,13.26
2022-07-11,6.477754962354552,13.309999999999999
2022-07-11,6.477754962354552,13.370000000000001
2022-07-11,8.476386036960985,13.39
2022-07-11,10.477754962354553,13.4
2022-07-12,0.4736481861738535,13.95
2022-07-12,0.4736481861738535,13.96
2022-07-12,1.9712525667351128,13.690000000000001
2022-07-12,2.4750171115674195,13.36
2022-07-12,2.4750171115674195,13.43
2022-07-12,3.4743326488706368,13.26
2022-07-12,4.473648186173854,13.34
2022-07-12,6.4750171115674195,13.370000000000001
2022-07-12,6.4750171115674195,13.42
2022-07-12,8.473648186173854,13.43
2022-07-12,10.47501711156742,13.46
2022-07-13,0.47091033538672145,13.870000000000001
2022-07-13,0.47091033538672145,13.879999999999999
2022-07-13,1.9685147159479808,13.42
2022-07-13,2.4722792607802875,13.11
2022-07-13,2.4722792607802875,13.17
2022-07-13,3.4715947980835042,13.02
2022-07-13,4.470910335386721,13.120000000000001
2022-07-13,6.4722792607802875,13.2
2022-07-13,6.4722792607802875,13.26
2022-07-13,8.470910335386721,13.27
2022-07-13,10.472279260780287,13.29
2022-07-14,0.4681724845995893,13.92
2022-07-14,0.4681724845995893,13.93
2022-07-14,1.9657768651608487,13.59
2022-07-14,2.4695414099931554,13.26
2022-07-14,2.4695414099931554,13.33
2022-07-14,3.468856947296372,13.16
2022-07-14,4.468172484599589,13.23
2022-07-14,6.469541409993155,13.280000000000001
2022-07-14,6.469541409993155,13.34
2022-07-14,8.46817248459959,13.370000000000001
2022-07-14,10.469541409993155,13.4
2022-07-15,0.4654346338124572,13.93
2022-07-15,0.4654346338124572,13.940000000000001
2022-07-15,1.9630390143737166,13.57
2022-07-15,2.4668035592060233,13.24
2022-07-15,2.4668035592060233,13.3
2022-07-15,3.46611909650924,13.14
2022-07-15,4.465434633812457,13.2
2022-07-15,6.466803559206023,13.23
2022-07-15,6.466803559206023,13.3
2022-07-15,8.465434633812457,13.309999999999999
2022-07-15,10.466803559206022,13.34
2022-07-18,0.45722108145106094,13.91
2022-07-18,0.45722108145106094,13.93
2022-07-18,1.9548254620123204,13.55
2022-07-18,2.458590006844627,13.24
2022-07-18,2.458590006844627,13.29
2022-07-18,3.457905544147844,13.14
2022-07-18,4.457221081451061,13.21
2022-07-18,6.458590006844627,13.25
2022-07-18,6.458590006844627,13.309999999999999
2022-07-18,8.457221081451062,13.33
2022-07-18,10.458590006844627,13.370000000000001
2022-07-19,0.4544832306639288,13.95
2022-07-19,0.4544832306639288,13.969999999999999
2022-07-19,1.9520876112251881,13.809999999999999
2022-07-19,2.455852156057495,13.5
2022-07-19,2.455852156057495,13.559999999999999
2022-07-19,3.455167693360712,13.42
2022-07-19,4.454483230663929,13.469999999999999
2022-07-19,6.455852156057495,13.52
2022-07-19,6.455852156057495,13.58
2022-07-19,8.454483230663929,13.59
2022-07-19,10.455852156057494,13.64
2022-07-20,0.4517453798767967,13.940000000000001
2022-07-20,0.4517453798767967,13.96
2022-07-20,1.949349760438056,13.85
2022-07-20,2.4531143052703626,13.57
2022-07-20,2.4531143052703626,13.629999999999999
2022-07-20,3.4524298425735798,13.530000000000001
2022-07-20,4.4517453798767965,13.59
2022-07-20,6.453114305270363,13.65
2022-07-20,6.453114305270363,13.690000000000001
2022-07-20,8.451745379876797,13.73
2022-07-20,10.453114305270363,13.76
2022-07-21,0.4490075290896646,13.89
2022-07-21,0.4490075290896646,13.9
2022-07-21,1.946611909650924,13.71
2022-07-21,2.4503764544832305,13.440000000000001
2022-07-21,2.4503764544832305,13.49
2022-07-21,3.4496919917864477,13.42
2022-07-21,4.4490075290896645,13.51
2022-07-21,6.450376454483231,13.57
2022-07-21,6.450376454483231,13.620000000000001
2022-07-21,8.449007529089664,13.67
2022-07-21,10.45037645448323,13.7
2022-07-22,0.4462696783025325,13.9
2022-07-22,0.4462696783025325,13.91
2022-07-22,1.943874058863792,13.7
2022-07-22,2.4476386036960984,13.45
2022-07-22,2.4476386036960984,13.5
2022-07-22,3.4469541409993156,13.42
2022-07-22,4.446269678302532,13.49
2022-07-22,6.447638603696099,13.54
2022-07-22,6.447638603696099,13.59
2022-07-22,8.446269678302533,13.61
2022-07-22,10.447638603696099,13.64
2022-07-25,0.4380561259411362,13.89
2022-07-25,0.4380561259411362,13.89
2022-07-25,1.9356605065023955,13.55
2022-07-25,2.439425051334702,13.3
2022-07-25,2.439425051334702,13.35
2022-07-25,3.4387405886379194,13.3
2022-07-25,4.438056125941136,13.379999999999999
2022-07-25,6.439425051334703,13.440000000000001
2022-07-25,6.439425051334703,13.5
2022-07-25,8.438056125941136,13.52
2022-07-25,10.439425051334702,13.55
2022-07-26,0.4353182751540041,13.879999999999999
2022-07-26,0.4353182751540041,13.89
2022-07-26,1.9329226557152634,13.52
2022-07-26,2.43668720054757,13.25
2022-07-26,2.43668720054757,13.3
2022-07-26,3.436002737850787,13.23
2022-07-26,4.435318275154004,13.309999999999999
2022-07-26,6.436687200547571,13.370000000000001
2022-07-26,6.436687200547571,13.43
2022-07-26,8.435318275154003,13.46
2022-07-26,10.43668720054757,13.49
2022-07-27,0.432580424366872,13.93
2022-07-27,0.432580424366872,13.940000000000001
2022-07-27,1.9301848049281314,13.6
2022-07-27,2.433949349760438,13.32
2022-07-27,2.433949349760438,13.370000000000001
2022-07-27,3.433264887063655,13.29
2022-07-27,4.432580424366872,13.36
2022-07-27,6.433949349760438,13.440000000000001
2022-07-27,6.433949349760438,13.5
2022-07-27,8.432580424366872,13.530000000000001
2022-07-27,10.433949349760438,13.55
2022-07-28,0.42984257357973993,13.92
2022-07-28,0.42984257357973993,13.93
2022-07-28,1.9274469541409993,13.46
2022-07-28,2.431211498973306,13.16
2022-07-28,2.431211498973306,13.21
2022-07-28,3.430527036276523,13.11
2022-07-28,4.42984257357974,13.17
2022-07-28,6.431211498973306,13.27
2022-07-28,6.431211498973306,13.32
2022-07-28,8.429842573579739,13.36
2022-07-28,10.431211498973306,13.39
2022-07-29,0.4271047227926078,13.879999999999999
2022-07-29,0.4271047227926078,13.89
2022-07-29,1.9247091033538672,13.26
2022-07-29,2.428473648186174,12.96
2022-07-29,2.428473648186174,13.0
2022-07-29,3.4277891854893907,12.940000000000001
2022-07-29,4.427104722792608,12.98
2022-07-29,6.4284736481861735,13.09
2022-07-29,6.4284736481861735,13.129999999999999
2022-07-29,8.427104722792608,13.18
2022-07-29,10.428473648186174,13.190000000000001
2022-08-01,0.4188911704312115,13.84
2022-08-01,0.4188911704312115,13.85
2022-08-01,1.9164955509924708,13.08
2022-08-01,2.4202600958247777,12.809999999999999
2022-08-01,2.4202600958247777,12.84
2022-08-01,3.4195756331279945,12.77
2022-08-01,4.418891170431212,12.8
2022-08-01,6.420260095824777,12.89
2022-08-01,6.420260095824777,12.93
2022-08-01,8.41889117043121,12.969999999999999
2022-08-01,10.420260095824778,12.98
2022-08-02,0.4161533196440794,13.84
2022-08-02,0.4161533196440794,13.83
2022-08-02,1.9137577002053388,12.96
2022-08-02,2.4175222450376452,12.7
2022-08-02,2.4175222450376452,12.66
2022-08-02,3.4168377823408624,12.629999999999999
2022-08-02,4.41615331964408,12.67
2022-08-02,6.417522245037645,12.809999999999999
2022-08-02,6.417522245037645,12.77
2022-08-02,8.41615331964408,12.83
2022-08-02,10.417522245037645,12.85
2022-08-03,0.4134154688569473,13.809999999999999
2022-08-03,0.4134154688569473,13.82
2022-08-03,1.9110198494182067,13.030000000000001
2022-08-03,2.414784394250513,12.79
2022-08-03,2.414784394250513,12.82
2022-08-03,3.4140999315537304,12.77
2022-08-03,4.413415468856948,12.83
2022-08-03,6.414784394250513,12.96
2022-08-03,6.414784394250513,13.0
2022-08-03,8.413415468856947,13.01
2022-08-03,10.414784394250514,13.059999999999999
2022-08-04,0.4106776180698152,13.8
2022-08-04,0.4106776180698152,13.809999999999999
2022-08-04,1.9082819986310746,12.73
2022-08-04,2.412046543463381,12.39
2022-08-04,2.412046543463381,12.42
2022-08-04,3.4113620807665983,12.39
2022-08-04,4.4106776180698155,12.469999999999999
2022-08-04,6.412046543463381,12.71
2022-08-04,6.412046543463381,12.74
2022-08-04,8.410677618069816,12.8
2022-08-04,10.412046543463381,12.84
2022-08-05,0.4079397672826831,13.79
2022-08-05,0.4079397672826831,13.8
2022-08-05,1.9055441478439425,12.49
2022-08-05,2.409308692676249,12.120000000000001
2022-08-05,2.409308692676249,12.129999999999999
2022-08-05,3.4086242299794662,12.09
2022-08-05,4.407939767282683,12.129999999999999
2022-08-05,6.409308692676249,12.39
2022-08-05,6.409308692676249,12.39
2022-08-05,8.407939767282683,12.45
2022-08-05,10.40930869267625,12.530000000000001
2022-08-08,0.3997262149212868,13.780000000000001
2022-08-08,0.3997262149212868,13.79
2022-08-08,1.8973305954825461,12.49
2022-08-08,2.401095140314853,12.11
2022-08-08,2.401095140314853,12.120000000000001
2022-08-08,3.40041067761807,12.05
2022-08-08,4.399726214921286,12.05
2022-08-08,6.401095140314853,12.3
2022-08-08,6.401095140314853,12.29
2022-08-08,8.399726214921287,12.370000000000001
2022-08-08,10.401095140314853,12.41
2022-08-09,0.39698836413415467,13.76
2022-08-09,0.39698836413415467,13.77
2022-08-09,1.894592744695414,12.39
2022-08-09,2.3983572895277208,11.93
2022-08-09,2.3983572895277208,11.940000000000001
2022-08-09,3.3976728268309375,11.77
2022-08-09,4.396988364134154,11.76
2022-08-09,6.398357289527721,12.01
2022-08-09,6.398357289527721,12.0
2022-08-09,8.396988364134154,12.08
2022-08-09,10.39835728952772,12.11
2022-08-10,0.3942505133470226,13.76
2022-08-10,0.3942505133470226,13.77
2022-08-10,1.891854893908282,12.46
2022-08-10,2.3956194387405887,11.99
2022-08-10,2.3956194387405887,12.01
2022-08-10,3.3949349760438055,11.870000000000001
2022-08-10,4.394250513347022,11.89
2022-08-10,6.395619438740589,12.15
2022-08-10,6.395619438740589,12.15
2022-08-10,8.394250513347023,12.26
2022-08-10,10.395619438740589,12.32
2022-08-11,0.3915126625598905,13.75
2022-08-11,0.3915126625598905,13.76
2022-08-11,1.88911704312115,12.43
2022-08-11,2.3928815879534566,11.969999999999999
2022-08-11,2.3928815879534566,12.0
2022-08-11,3.3921971252566734,11.84
2022-08-11,4.39151266255989,11.879999999999999
2022-08-11,6.392881587953457,12.1
2022-08-11,6.392881587953457,12.11
2022-08-11,8.39151266255989,12.24
2022-08-11,10.392881587953456,12.280000000000001
2022-08-12,0.3887748117727584,13.75
2022-08-12,0.3887748117727584,13.76
2022-08-12,1.8863791923340179,12.46
2022-08-12,2.3901437371663246,12.030000000000001
2022-08-12,2.3901437371663246,12.05
2022-08-12,3.3894592744695413,11.92
2022-08-12,4.388774811772758,11.91
2022-08-12,6.3901437371663246,12.17
2022-08-12,6.3901437371663246,12.15
2022-08-12,8.388774811772759,12.27
2022-08-12,10.390143737166325,12.34
2022-08-15,0.3805612594113621,13.75
2022-08-15,0.3805612594113621,13.77
2022-08-15,1.8781656399726214,12.43
2022-08-15,2.3819301848049284,11.99
2022-08-15,2.3819301848049284,12.01
2022-08-15,3.381245722108145,11.85
2022-08-15,4.380561259411362,11.83
2022-08-15,6.381930184804928,12.059999999999999
2022-08-15,6.381930184804928,12.04
2022-08-15,8.380561259411362,12.17
2022-08-15,10.381930184804927,12.21
2022-08-16,0.37782340862423,13.76
2022-08-16,0.37782340862423,13.77
2022-08-16,1.8754277891854894,12.29
2022-08-16,2.379192334017796,11.82
2022-08-16,2.379192334017796,11.84
2022-08-16,3.378507871321013,11.64
2022-08-16,4.37782340862423,11.61
2022-08-16,6.379192334017796,11.83
2022-08-16,6.379192334017796,11.82
2022-08-16,8.37782340862423,11.940000000000001
2022-08-16,10.379192334017796,11.99
2022-08-17,0.3750855578370979,13.76
2022-08-17,0.3750855578370979,13.77
2022-08-17,1.8726899383983573,12.440000000000001
2022-08-17,2.3764544832306638,12.01
2022-08-17,2.3764544832306638,12.030000000000001
2022-08-17,3.375770020533881,11.86
2022-08-17,4.375085557837098,11.79
2022-08-17,6.376454483230664,11.99
2022-08-17,6.376454483230664,11.969999999999999
2022-08-17,8.375085557837098,12.07
2022-08-17,10.376454483230663,12.129999999999999
2022-08-18,0.3723477070499658,13.75
2022-08-18,0.3723477070499658,13.76
2022-08-18,1.8699520876112252,12.4
2022-08-18,2.3737166324435317,11.99
2022-08-18,2.3737166324435317,12.01
2022-08-18,3.373032169746749,11.84
2022-08-18,4.372347707049966,11.79
2022-08-18,6.373716632443532,11.93
2022-08-18,6.373716632443532,11.93
2022-08-18,8.372347707049967,12.02
2022-08-18,10.373716632443532,12.08
2022-08-19,0.36960985626283366,13.77
2022-08-19,0.36960985626283366,13.780000000000001
2022-08-19,1.8672142368240932,12.68
2022-08-19,2.3709787816563996,12.27
2022-08-19,2.3709787816563996,12.3
2022-08-19,3.370294318959617,12.120000000000001
2022-08-19,4.369609856262834,12.059999999999999
2022-08-19,6.3709787816564,12.18
2022-08-19,6.3709787816564,12.17
2022-08-19,8.369609856262834,12.24
2022-08-19,10.3709787816564,12.27
2022-08-22,0.3613963039014374,13.76
2022-08-22,0.3613963039014374,13.77
2022-08-22,1.8590006844626967,12.65
2022-08-22,2.3627652292950034,12.190000000000001
2022-08-22,2.3627652292950034,12.24
2022-08-22,3.36208076659822,12.04
2022-08-22,4.361396303901437,12.0
2022-08-22,6.362765229295003,12.129999999999999
2022-08-22,6.362765229295003,12.15
2022-08-22,8.361396303901437,12.23
2022-08-22,10.362765229295004,12.280000000000001
2022-08-23,0.3586584531143053,13.76
2022-08-23,0.3586584531143053,13.77
2022-08-23,1.8562628336755647,12.65
2022-08-23,2.3600273785078714,12.16
2022-08-23,2.3600273785078714,12.21
2022-08-23,3.359342915811088,12.04
2022-08-23,4.358658453114305,12.0
2022-08-23,6.360027378507871,12.15
2022-08-23,6.360027378507871,12.16
2022-08-23,8.358658453114305,12.24
2022-08-23,10.360027378507871,12.29
2022-08-24,0.35592060232717315,13.76
2022-08-24,0.35592060232717315,13.76
2022-08-24,1.8535249828884326,12.61
2022-08-24,2.3572895277207393,12.05
2022-08-24,2.3572895277207393,12.1
2022-08-24,3.356605065023956,11.870000000000001
2022-08-24,4.355920602327173,11.84
2022-08-24,6.357289527720739,11.98
2022-08-24,6.357289527720739,12.01
2022-08-24,8.355920602327172,12.08
2022-08-24,10.35728952772074,12.15
2022-08-25,0.3531827515400411,13.76
2022-08-25,0.3531827515400411,13.77
2022-08-25,1.8507871321013005,12.64
2022-08-25,2.3545516769336072,12.120000000000001
2022-08-25,2.3545516769336072,12.21
2022-08-25,3.353867214236824,11.98
2022-08-25,4.353182751540041,11.96
2022-08-25,6.354551676933607,12.08
2022-08-25,6.354551676933607,12.129999999999999
2022-08-25,8.353182751540041,12.17
2022-08-25,10.354551676933607,12.219999999999999
2022-08-26,0.35044490075290896,13.76
2022-08-26,0.35044490075290896,13.77
2022-08-26,1.8480492813141685,12.690000000000001
2022-08-26,2.351813826146475,12.190000000000001
2022-08-26,2.351813826146475,12.280000000000001
2022-08-26,3.351129363449692,12.059999999999999
2022-08-26,4.350444900752909,12.04
2022-08-26,6.351813826146475,12.129999999999999
2022-08-26,6.351813826146475,12.18
2022-08-26,8.350444900752908,12.21
2022-08-26,10.351813826146476,12.27
2022-08-29,0.34223134839151265,13.780000000000001
2022-08-29,0.34223134839151265,13.79
2022-08-29,1.839835728952772,12.65
2022-08-29,2.3436002737850785,12.17
2022-08-29,2.3436002737850785,12.26
2022-08-29,3.3429158110882957,12.08
2022-08-29,4.342231348391513,12.09
2022-08-29,6.3436002737850785,12.2
2022-08-29,6.3436002737850785,12.25
2022-08-29,8.342231348391513,12.3
2022-08-29,10.343600273785079,12.370000000000001
2022-08-30,0.3394934976043806,13.780000000000001
2022-08-30,0.3394934976043806,13.780000000000001
2022-08-30,1.83709787816564,12.68
2022-08-30,2.3408624229979464,12.190000000000001
2022-08-30,2.3408624229979464,12.280000000000001
2022-08-30,3.3401779603011637,12.08
2022-08-30,4.339493497604381,12.09
2022-08-30,6.3408624229979464,12.2
2022-08-30,6.3408624229979464,12.25
2022-08-30,8.33949349760438,12.29
2022-08-30,10.340862422997947,12.34
2022-08-31,0.33675564681724846,13.780000000000001
2022-08-31,0.33675564681724846,13.79
2022-08-31,1.834360027378508,12.67
2022-08-31,2.3381245722108144,12.2
2022-08-31,2.3381245722108144,12.29
2022-08-31,3.3374401095140316,12.120000000000001
2022-08-31,4.336755646817249,12.14
2022-08-31,6.338124572210814,12.23
2022-08-31,6.338124572210814,12.280000000000001
2022-08-31,8.336755646817249,12.33
2022-08-31,10.338124572210814,12.370000000000001
2022-09-01,0.33401779603011633,13.77
2022-09-01,0.33401779603011633,13.79
2022-09-01,1.8316221765913758,12.52
2022-09-01,2.3353867214236823,12.07
2022-09-01,2.3353867214236823,12.16
2022-09-01,3.3347022587268995,12.0
2022-09-01,4.334017796030117,12.02
2022-09-01,6.335386721423682,12.15
2022-09-01,6.335386721423682,12.190000000000001
2022-09-01,8.334017796030116,12.24
2022-09-01,10.335386721423683,12.280000000000001
2022-09-02,0.33127994524298426,13.75
2022-09-02,0.33127994524298426,13.76
2022-09-02,1.8288843258042438,12.34
2022-09-02,2.3326488706365502,11.86
2022-09-02,2.3326488706365502,11.95
2022-09-02,3.3319644079397674,11.76
2022-09-02,4.331279945242985,11.76
2022-09-02,6.33264887063655,11.92
2022-09-02,6.33264887063655,11.96
2022-09-02,8.331279945242985,12.02
2022-09-02,10.33264887063655,12.1
2022-09-05,0.32306639288158795,13.74
2022-09-05,0.32306639288158795,13.76
2022-09-05,1.8206707734428473,12.370000000000001
2022-09-05,2.324435318275154,11.89
2022-09-05,2.324435318275154,11.98
2022-09-05,3.323750855578371,11.77
2022-09-05,4.323066392881588,11.76
2022-09-05,6.324435318275154,11.89
2022-09-05,6.324435318275154,11.93
2022-09-05,8.323066392881588,11.99
2022-09-05,10.324435318275153,12.030000000000001
2022-09-06,0.3203285420944558,13.780000000000001
2022-09-06,0.3203285420944558,13.79
2022-09-06,1.8179329226557153,12.42
2022-09-06,2.321697467488022,11.92
2022-09-06,2.321697467488022,12.01
2022-09-06,3.3210130047912387,11.780000000000001
2022-09-06,4.3203285420944555,11.76
2022-09-06,6.321697467488022,11.86
2022-09-06,6.321697467488022,11.91
2022-09-06,8.320328542094456,11.96
2022-09-06,10.321697467488022,11.99
2022-09-08,0.31485284052019163,13.77
2022-09-08,0.31485284052019163,13.780000000000001
2022-09-08,1.8124572210814511,12.42
2022-09-08,2.316221765913758,11.9
2022-09-08,2.316221765913758,11.99
2022-09-08,3.3155373032169746,11.73
2022-09-08,4.314852840520191,11.68
2022-09-08,6.316221765913758,11.76
2022-09-08,6.316221765913758,11.809999999999999
2022-09-08,8.314852840520192,11.85
2022-09-08,10.316221765913758,11.86
2022-09-09,0.31211498973305957,13.79
2022-09-09,0.31211498973305957,13.809999999999999
2022-09-09,1.809719370294319,12.45
2022-09-09,2.3134839151266258,11.870000000000001
2022-09-09,2.3134839151266258,11.969999999999999
2022-09-09,3.3127994524298425,11.65
2022-09-09,4.312114989733059,11.6
2022-09-09,6.313483915126626,11.68
2022-09-09,6.313483915126626,11.74
2022-09-09,8.31211498973306,11.780000000000001
2022-09-09,10.313483915126625,11.809999999999999
2022-09-12,0.30390143737166325,13.76
2022-09-12,0.30390143737166325,13.77
2022-09-12,1.8015058179329226,12.309999999999999
2022-09-12,2.305270362765229,11.75
2022-09-12,2.305270362765229,11.85
2022-09-12,3.3045859000684463,11.55
2022-09-12,4.303901437371663,11.49
2022-09-12,6.30527036276523,11.559999999999999
2022-09-12,6.30527036276523,11.620000000000001
2022-09-12,8.303901437371664,11.68
2022-09-12,10.30527036276523,11.719999999999999
2022-09-13,0.30116358658453113,13.77
2022-09-13,0.30116358658453113,13.79
2022-09-13,1.7987679671457906,12.43
2022-09-13,2.302532511978097,11.870000000000001
2022-09-13,2.302532511978097,11.969999999999999
2022-09-13,3.3018480492813143,11.67
2022-09-13,4.301163586584531,11.61
2022-09-13,6.3025325119780975,11.68
2022-09-13,6.3025325119780975,11.73
2022-09-13,8.301163586584531,11.79
2022-09-13,10.302532511978097,11.83
2022-09-14,0.29842573579739906,13.8
2022-09-14,0.29842573579739906,13.809999999999999
2022-09-14,1.7960301163586585,12.620000000000001
2022-09-14,2.299794661190965,12.07
2022-09-14,2.299794661190965,12.18
2022-09-14,3.299110198494182,11.9
2022-09-14,4.298425735797399,11.870000000000001
2022-09-14,6.299794661190965,11.95
2022-09-14,6.299794661190965,12.0
2022-09-14,8.2984257357974,12.05
2022-09-14,10.299794661190965,12.09
2022-09-15,0.29568788501026694,13.79
2022-09-15,0.29568788501026694,13.8
2022-09-15,1.7932922655715264,12.61
2022-09-15,2.297056810403833,12.08
2022-09-15,2.297056810403833,12.190000000000001
2022-09-15,3.29637234770705,11.95
2022-09-15,4.295687885010267,11.940000000000001
2022-09-15,6.297056810403833,12.02
2022-09-15,6.297056810403833,12.07
2022-09-15,8.295687885010267,12.129999999999999
2022-09-15,10.297056810403832,12.16
2022-09-16,0.2929500342231348,13.809999999999999
2022-09-16,0.2929500342231348,13.82
2022-09-16,1.7905544147843941,12.66
2022-09-16,2.294318959616701,12.14
2022-09-16,2.294318959616701,12.24
2022-09-16,3.293634496919918,12.0
2022-09-16,4.292950034223135,11.98
2022-09-16,6.294318959616701,12.05
2022-09-16,6.294318959616701,12.09
2022-09-16,8.292950034223136,12.14
2022-09-16,10.294318959616701,12.17
2022-09-19,0.28473648186173856,13.82
2022-09-19,0.28473648186173856,13.83
2022-09-19,1.782340862422998,12.74
2022-09-19,2.2861054072553046,12.21
2022-09-19,2.2861054072553046,12.32
2022-09-19,3.2854209445585214,12.08
2022-09-19,4.284736481861739,12.08
2022-09-19,6.286105407255304,12.120000000000001
2022-09-19,6.286105407255304,12.16
2022-09-19,8.284736481861739,12.21
2022-09-19,10.286105407255304,12.24
2022-09-20,0.28199863107460643,13.8
2022-09-20,0.28199863107460643,13.8
2022-09-20,1.7796030116358659,12.65
2022-09-20,2.2833675564681726,12.09
2022-09-20,2.2833675564681726,12.2
2022-09-20,3.2826830937713893,11.91
2022-09-20,4.2819986310746065,11.9
2022-09-20,6.283367556468172,11.93
2022-09-20,6.283367556468172,11.99
2022-09-20,8.281998631074606,12.030000000000001
2022-09-20,10.283367556468173,12.07
2022-09-21,0.2792607802874743,13.79
2022-09-21,0.2792607802874743,13.8
2022-09-21,1.7768651608487338,12.559999999999999
2022-09-21,2.2806297056810405,11.96
2022-09-21,2.2806297056810405,12.08
2022-09-21,3.2799452429842573,11.79
2022-09-21,4.2792607802874745,11.8
2022-09-21,6.28062970568104,11.809999999999999
2022-09-21,6.28062970568104,11.879999999999999
2022-09-21,8.279260780287474,11.92
2022-09-21,10.28062970568104,11.969999999999999
2022-09-22,0.27652292950034224,13.71
2022-09-22,0.27652292950034224,13.719999999999999
2022-09-22,1.7741273100616017,12.33
2022-09-22,2.2778918548939084,11.75
2022-09-22,2.2778918548939084,11.870000000000001
2022-09-22,3.277207392197125,11.55
2022-09-22,4.276522929500342,11.57
2022-09-22,6.277891854893908,11.6
2022-09-22,6.277891854893908,11.68
2022-09-22,8.276522929500342,11.71
2022-09-22,10.277891854893909,11.77
2022-09-23,0.2737850787132101,13.71
2022-09-23,0.2737850787132101,13.719999999999999
2022-09-23,1.7713894592744694,12.21
2022-09-23,2.2751540041067764,11.7
2022-09-23,2.2751540041067764,11.82
2022-09-23,3.274469541409993,11.59
2022-09-23,4.27378507871321,11.629999999999999
2022-09-23,6.275154004106776,11.67
2022-09-23,6.275154004106776,11.73
2022-09-23,8.27378507871321,11.76
2022-09-23,10.275154004106776,11.809999999999999
2022-09-26,0.2655715263518138,13.71
2022-09-26,0.2655715263518138,13.719999999999999
2022-09-26,1.7631759069130732,12.34
2022-09-26,2.2669404517453797,11.89
2022-09-26,2.2669404517453797,12.0
2022-09-26,3.266255989048597,11.84
2022-09-26,4.265571526351814,11.92
2022-09-26,6.26694045174538,11.96
2022-09-26,6.26694045174538,12.02
2022-09-26,8.265571526351813,12.05
2022-09-26,10.26694045174538,12.09
2022-09-27,0.26283367556468173,13.690000000000001
2022-09-27,0.26283367556468173,13.71
2022-09-27,1.7604380561259412,12.1
2022-09-27,2.2642026009582477,11.629999999999999
2022-09-27,2.2642026009582477,11.75
2022-09-27,3.263518138261465,11.59
2022-09-27,4.262833675564682,11.67
2022-09-27,6.264202600958248,11.73
2022-09-27,6.264202600958248,11.79
2022-09-27,8.262833675564682,11.84
2022-09-27,10.264202600958248,11.89
2022-09-28,0.2600958247775496,13.7
2022-09-28,0.2600958247775496,13.719999999999999
2022-09-28,1.757700205338809,12.26
2022-09-28,2.2614647501711156,11.79
2022-09-28,2.2614647501711156,11.92
2022-09-28,3.260780287474333,11.82
2022-09-28,4.26009582477755,11.940000000000001
2022-09-28,6.261464750171116,12.04
2022-09-28,6.261464750171116,12.1
2022-09-28,8.260095824777549,12.15
2022-09-28,10.261464750171116,12.190000000000001
2022-09-29,0.25735797399041754,13.7
2022-09-29,0.25735797399041754,13.73
2022-09-29,1.754962354551677,12.36
2022-09-29,2.2587268993839835,11.940000000000001
2022-09-29,2.2587268993839835,12.059999999999999
2022-09-29,3.2580424366872007,11.969999999999999
2022-09-29,4.257357973990418,12.09
2022-09-29,6.2587268993839835,12.190000000000001
2022-09-29,6.2587268993839835,12.26
2022-09-29,8.257357973990418,12.29
2022-09-29,10.258726899383984,12.35
2022-09-30,0.2546201232032854,13.71
2022-09-30,0.2546201232032854,13.74
2022-09-30,1.7522245037645447,12.24
2022-09-30,2.2559890485968515,11.809999999999999
2022-09-30,2.2559890485968515,11.93
2022-09-30,3.2553045859000687,11.83
2022-09-30,4.254620123203286,11.95
2022-09-30,6.2559890485968515,12.04
2022-09-30,6.2559890485968515,12.11
2022-09-30,8.254620123203285,12.16
2022-09-30,10.255989048596852,12.21
2022-10-03,0.2464065708418891,13.690000000000001
2022-10-03,0.2464065708418891,13.71
2022-10-03,1.7440109514031485,12.030000000000001
2022-10-03,2.2477754962354553,11.54
2022-10-03,2.2477754962354553,11.66
2022-10-03,3.247091033538672,11.48
2022-10-03,4.246406570841889,11.57
2022-10-03,6.247775496235455,11.64
2022-10-03,6.247775496235455,11.7
2022-10-03,8.24640657084189,11.75
2022-10-03,10.247775496235455,11.79
2022-10-04,0.243668720054757,13.7
2022-10-04,0.243668720054757,13.71
2022-10-04,1.7412731006160165,12.0
2022-10-04,2.245037645448323,11.51
2022-10-04,2.245037645448323,11.629999999999999
2022-10-04,3.24435318275154,11.42
2022-10-04,4.243668720054757,11.49
2022-10-04,6.245037645448323,11.57
2022-10-04,6.245037645448323,11.64
2022-10-04,8.243668720054757,11.7
2022-10-04,10.245037645448322,11.74
2022-10-05,0.24093086926762491,13.71
2022-10-05,0.24093086926762491,13.719999999999999
2022-10-05,1.7385352498288844,12.08
2022-10-05,2.242299794661191,11.59
2022-10-05,2.242299794661191,11.71
2022-10-05,3.241615331964408,11.5
2022-10-05,4.240930869267625,11.54
2022-10-05,6.242299794661191,11.629999999999999
2022-10-05,6.242299794661191,11.7
2022-10-05,8.240930869267626,11.76
2022-10-05,10.242299794661191,11.79
2022-10-06,0.23819301848049282,13.71
2022-10-06,0.23819301848049282,13.71
2022-10-06,1.7357973990417521,12.09
2022-10-06,2.239561943874059,11.620000000000001
2022-10-06,2.239561943874059,11.74
2022-10-06,3.238877481177276,11.55
2022-10-06,4.238193018480493,11.57
2022-10-06,6.239561943874059,11.67
2022-10-06,6.239561943874059,11.73
2022-10-06,8.238193018480493,11.780000000000001
2022-10-06,10.239561943874058,11.809999999999999
2022-10-07,0.23545516769336072,13.71
2022-10-07,0.23545516769336072,13.71
2022-10-07,1.73305954825462,12.17
2022-10-07,2.236824093086927,11.71
2022-10-07,2.236824093086927,11.82
2022-10-07,3.2361396303901437,11.64
2022-10-07,4.2354551676933605,11.65
2022-10-07,6.236824093086927,11.74
2022-10-07,6.236824093086927,11.8
2022-10-07,8.235455167693361,11.84
2022-10-07,10.236824093086927,11.879999999999999
2022-10-10,0.2272416153319644,13.719999999999999
2022-10-10,0.2272416153319644,13.719999999999999
2022-10-10,1.7248459958932238,12.1
2022-10-10,2.2286105407255303,11.64
2022-10-10,2.2286105407255303,11.74
2022-10-10,3.2279260780287475,11.57
2022-10-10,4.227241615331964,11.59
2022-10-10,6.228610540725531,11.71
2022-10-10,6.228610540725531,11.76
2022-10-10,8.227241615331964,11.8
2022-10-10,10.22861054072553,11.86
2022-10-11,0.2245037645448323,13.719999999999999
2022-10-11,0.2245037645448323,13.719999999999999
2022-10-11,1.7221081451060918,12.11
2022-10-11,2.2258726899383983,11.629999999999999
2022-10-11,2.2258726899383983,11.74
2022-10-11,3.2251882272416155,11.58
2022-10-11,4.224503764544832,11.6
2022-10-11,6.225872689938399,11.74
2022-10-11,6.225872689938399,11.79
2022-10-11,8.224503764544833,11.809999999999999
2022-10-11,10.225872689938399,11.879999999999999
2022-10-13,0.2190280629705681,13.719999999999999
2022-10-13,0.2190280629705681,13.719999999999999
2022-10-13,1.7166324435318274,12.14
2022-10-13,2.220396988364134,11.68
2022-10-13,2.220396988364134,11.79
2022-10-13,3.2197125256673513,11.629999999999999
2022-10-13,4.219028062970568,11.65
2022-10-13,6.220396988364135,11.780000000000001
2022-10-13,6.220396988364135,11.83
2022-10-13,8.219028062970569,11.870000000000001
2022-10-13,10.220396988364135,11.93
2022-10-14,0.216290212183436,13.719999999999999
2022-10-14,0.216290212183436,13.719999999999999
2022-10-14,1.7138945927446954,12.219999999999999
2022-10-14,2.217659137577002,11.780000000000001
2022-10-14,2.217659137577002,11.89
2022-10-14,3.216974674880219,11.74
2022-10-14,4.216290212183436,11.75
2022-10-14,6.217659137577002,11.870000000000001
2022-10-14,6.217659137577002,11.92
2022-10-14,8.216290212183436,11.940000000000001
2022-10-14,10.217659137577002,12.0
2022-10-17,0.2080766598220397,13.719999999999999
2022-10-17,0.2080766598220397,13.73
2022-10-17,1.7056810403832992,12.25
2022-10-17,2.209445585215606,11.780000000000001
2022-10-17,2.209445585215606,11.89
2022-10-17,3.2087611225188226,11.71
2022-10-17,4.20807665982204,11.73
2022-10-17,6.209445585215605,11.84
2022-10-17,6.209445585215605,11.89
2022-10-17,8.208076659822039,11.92
2022-10-17,10.209445585215606,11.96
2022-10-18,0.2053388090349076,13.71
2022-10-18,0.2053388090349076,13.73
2022-10-18,1.702943189596167,12.21
2022-10-18,2.206707734428474,11.719999999999999
2022-10-18,2.206707734428474,11.83
2022-10-18,3.2060232717316905,11.67
2022-10-18,4.205338809034908,11.690000000000001
2022-10-18,6.206707734428473,11.83
2022-10-18,6.206707734428473,11.870000000000001
2022-10-18,8.205338809034908,11.92
2022-10-18,10.206707734428473,11.969999999999999
2022-10-19,0.2026009582477755,13.71
2022-10-19,0.2026009582477755,13.719999999999999
2022-10-19,1.700205338809035,12.23
2022-10-19,2.2039698836413417,11.74
2022-10-19,2.2039698836413417,11.85
2022-10-19,3.2032854209445585,11.68
2022-10-19,4.202600958247776,11.690000000000001
2022-10-19,6.203969883641341,11.82
2022-10-19,6.203969883641341,11.870000000000001
2022-10-19,8.202600958247775,11.91
2022-10-19,10.203969883641342,11.96
2022-10-20,0.1998631074606434,13.719999999999999
2022-10-20,0.1998631074606434,13.73
2022-10-20,1.6974674880219027,12.24
2022-10-20,2.2012320328542097,11.77
2022-10-20,2.2012320328542097,11.879999999999999
2022-10-20,3.2005475701574264,11.73
2022-10-20,4.199863107460644,11.75
2022-10-20,6.201232032854209,11.86
2022-10-20,6.201232032854209,11.91
2022-10-20,8.199863107460644,11.95
2022-10-20,10.20123203285421,11.99
2022-10-21,0.1971252566735113,13.719999999999999
2022-10-21,0.1971252566735113,13.719999999999999
2022-10-21,1.6947296372347707,12.3
2022-10-21,2.198494182067077,11.95
2022-10-21,2.198494182067077,11.84
2022-10-21,3.1978097193702943,11.79
2022-10-21,4.1971252566735116,11.809999999999999
2022-10-21,6.198494182067077,11.98
2022-10-21,6.198494182067077,11.93
2022-10-21,8.19712525667351,12.030000000000001
2022-10-21,10.198494182067078,12.05
2022-10-24,0.188911704312115,13.719999999999999
2022-10-24,0.188911704312115,13.719999999999999
2022-10-24,1.6865160848733745,12.29
2022-10-24,2.190280629705681,11.83
2022-10-24,2.190280629705681,11.940000000000001
2022-10-24,3.189596167008898,11.8
2022-10-24,4.188911704312115,11.809999999999999
2022-10-24,6.190280629705681,11.940000000000001
2022-10-24,6.190280629705681,11.99
2022-10-24,8.188911704312115,12.04
2022-10-24,10.190280629705681,12.07
2022-10-25,0.1861738535249829,13.719999999999999
2022-10-25,0.1861738535249829,13.73
2022-10-25,1.6837782340862424,12.29
2022-10-25,2.187542778918549,11.85
2022-10-25,2.187542778918549,11.96
2022-10-25,3.186858316221766,11.83
2022-10-25,4.186173853524983,11.85
2022-10-25,6.187542778918549,11.98
2022-10-25,6.187542778918549,12.030000000000001
2022-10-25,8.186173853524982,12.07
2022-10-25,10.18754277891855,12.14
2022-10-26,0.1834360027378508,13.719999999999999
2022-10-26,0.1834360027378508,13.73
2022-10-26,1.68104038329911,12.35
2022-10-26,2.184804928131417,11.91
2022-10-26,2.184804928131417,12.02
2022-10-26,3.184120465434634,11.86
2022-10-26,4.183436002737851,11.86
2022-10-26,6.184804928131417,11.99
2022-10-26,6.184804928131417,12.05
2022-10-26,8.183436002737851,12.11
2022-10-26,10.184804928131417,12.129999999999999
2022-10-27,0.1806981519507187,13.7
2022-10-27,0.1806981519507187,13.71
2022-10-27,1.678302532511978,12.4
2022-10-27,2.1820670773442847,11.969999999999999
2022-10-27,2.1820670773442847,12.08
2022-10-27,3.1813826146475015,11.96
2022-10-27,4.180698151950718,11.98
2022-10-27,6.182067077344285,12.08
2022-10-27,6.182067077344285,12.129999999999999
2022-10-27,8.180698151950718,12.16
2022-10-27,10.182067077344286,12.18
2022-10-28,0.17796030116358658,13.71
2022-10-28,0.17796030116358658,13.719999999999999
2022-10-28,1.675564681724846,12.42
2022-10-28,2.1793292265571527,11.98
2022-10-28,2.1793292265571527,12.09
2022-10-28,3.1786447638603694,11.940000000000001
2022-10-28,4.177960301163586,11.93
2022-10-28,6.179329226557153,12.05
2022-10-28,6.179329226557153,12.08
2022-10-28,8.177960301163587,12.129999999999999
2022-10-28,10.179329226557153,12.16
2022-10-31,0.1697467488021903,13.71
2022-10-31,0.1697467488021903,13.719999999999999
2022-10-31,1.6673511293634498,12.45
2022-10-31,2.1711156741957565,11.98
2022-10-31,2.1711156741957565,12.09
2022-10-31,3.1704312114989732,11.96
2022-10-31,4.16974674880219,11.940000000000001
2022-10-31,6.1711156741957565,12.059999999999999
2022-10-31,6.1711156741957565,12.09
2022-10-31,8.16974674880219,12.129999999999999
2022-10-31,10.171115674195756,12.16
2022-11-01,0.16700889801505817,13.71
2022-11-01,0.16700889801505817,13.719999999999999
2022-11-01,1.6646132785763177,12.309999999999999
2022-11-01,2.1683778234086244,11.8
2022-11-01,2.1683778234086244,11.91
2022-11-01,3.167693360711841,11.74
2022-11-01,4.167008898015058,11.7
2022-11-01,6.168377823408624,11.82
2022-11-01,6.168377823408624,11.85
2022-11-01,8.167008898015059,11.89
2022-11-01,10.168377823408624,11.92
2022-11-03,0.16153319644079397,13.719999999999999
2022-11-03,0.16153319644079397,13.719999999999999
2022-11-03,1.6591375770020533,12.32
2022-11-03,2.16290212183436,11.83
2022-11-03,2.16290212183436,11.95
2022-11-03,3.162217659137577,11.77
2022-11-03,4.161533196440794,11.74
2022-11-03,6.16290212183436,11.86
2022-11-03,6.16290212183436,11.89
2022-11-03,8.161533196440795,11.93
2022-11-03,10.16290212183436,11.95
2022-11-04,0.15879534565366188,13.71
2022-11-04,0.15879534565366188,13.71
2022-11-04,1.6563997262149213,12.33
2022-11-04,2.1601642710472277,11.83
2022-11-04,2.1601642710472277,11.940000000000001
2022-11-04,3.159479808350445,11.74
2022-11-04,4.158795345653662,11.68
2022-11-04,6.160164271047228,11.809999999999999
2022-11-04,6.160164271047228,11.85
2022-11-04,8.158795345653662,11.91
2022-11-04,10.160164271047227,11.940000000000001
2022-11-07,0.15058179329226556,13.71
2022-11-07,0.15058179329226556,13.719999999999999
2022-11-07,1.648186173853525,12.33
2022-11-07,2.1519507186858315,11.83
2022-11-07,2.1519507186858315,11.95
2022-11-07,3.1512662559890487,11.75
2022-11-07,4.1505817932922655,11.7
2022-11-07,6.151950718685832,11.82
2022-11-07,6.151950718685832,11.86
2022-11-07,8.150581793292266,11.91
2022-11-07,10.151950718685832,11.95
2022-11-08,0.14784394250513347,13.73
2022-11-08,0.14784394250513347,13.73
2022-11-08,1.6454483230663928,12.55
2022-11-08,2.1492128678986995,12.1
2022-11-08,2.1492128678986995,12.21
2022-11-08,3.1485284052019167,12.07
2022-11-08,4.147843942505133,12.05
2022-11-08,6.1492128678987,12.15
2022-11-08,6.1492128678987,12.18
2022-11-08,8.147843942505133,12.219999999999999
2022-11-08,10.149212867898699,12.23
2022-11-09,0.14510609171800137,13.719999999999999
2022-11-09,0.14510609171800137,13.719999999999999
2022-11-09,1.6427104722792607,12.530000000000001
2022-11-09,2.1464750171115674,12.11
2022-11-09,2.1464750171115674,12.219999999999999
2022-11-09,3.1457905544147846,12.1
2022-11-09,4.145106091718001,12.09
2022-11-09,6.146475017111568,12.2
2022-11-09,6.146475017111568,12.24
2022-11-09,8.145106091718,12.280000000000001
2022-11-09,10.146475017111568,12.309999999999999
2022-11-10,0.14236824093086928,13.73
2022-11-10,0.14236824093086928,13.73
2022-11-10,1.6399726214921286,13.04
2022-11-10,2.1437371663244353,12.719999999999999
2022-11-10,2.1437371663244353,12.83
2022-11-10,3.143052703627652,12.780000000000001
2022-11-10,4.142368240930869,12.83
2022-11-10,6.143737166324435,12.940000000000001
2022-11-10,6.143737166324435,12.98
2022-11-10,8.14236824093087,13.02
2022-11-10,10.143737166324435,13.04
2022-11-11,0.13963039014373715,13.780000000000001
2022-11-11,0.13963039014373715,13.77
2022-11-11,1.6372347707049966,13.73
2022-11-11,2.1409993155373033,13.440000000000001
2022-11-11,2.1409993155373033,13.559999999999999
2022-11-11,3.14031485284052,13.54
2022-11-11,4.139630390143737,13.52
2022-11-11,6.140999315537303,13.59
2022-11-11,6.140999315537303,13.6
2022-11-11,8.139630390143736,13.6
2022-11-11,10.140999315537304,13.57
2022-11-14,0.13141683778234087,13.75
2022-11-14,0.13141683778234087,13.75
2022-11-14,1.6290212183436004,13.469999999999999
2022-11-14,2.132785763175907,13.120000000000001
2022-11-14,2.132785763175907,13.2
2022-11-14,3.132101300479124,13.09
2022-11-14,4.131416837782341,13.01
2022-11-14,6.132785763175907,13.09
2022-11-14,6.132785763175907,13.059999999999999
2022-11-14,8.131416837782341,13.07
2022-11-14,10.132785763175907,13.04
2022-11-16,0.12594113620807665,13.75
2022-11-16,0.12594113620807665,13.75
2022-11-16,1.623545516769336,13.52
2022-11-16,2.127310061601643,13.15
2022-11-16,2.127310061601643,13.24
2022-11-16,3.1266255989048597,13.129999999999999
2022-11-16,4.125941136208077,13.059999999999999
2022-11-16,6.1273100616016425,13.17
2022-11-16,6.1273100616016425,13.14
2022-11-16,8.125941136208077,13.16
2022-11-16,10.127310061601642,13.129999999999999
2022-11-17,0.12320328542094455,13.79
2022-11-17,0.12320328542094455,13.79
2022-11-17,1.620807665982204,14.11
2022-11-17,2.1245722108145104,13.79
2022-11-17,2.1245722108145104,13.870000000000001
2022-11-17,3.1238877481177276,13.719999999999999
2022-11-17,4.123203285420945,13.559999999999999
2022-11-17,6.12457221081451,13.59
2022-11-17,6.12457221081451,13.559999999999999
2022-11-17,8.123203285420944,13.48
2022-11-17,10.124572210814511,13.42
2022-11-18,0.12046543463381246,13.74
2022-11-18,0.12046543463381246,13.74
2022-11-18,1.6180698151950719,13.66
2022-11-18,2.1218343600273784,13.24
2022-11-18,2.1218343600273784,13.32
2022-11-18,3.1211498973305956,13.16
2022-11-18,4.120465434633813,13.04
2022-11-18,6.121834360027378,13.120000000000001
2022-11-18,6.121834360027378,13.09
2022-11-18,8.120465434633813,13.07
2022-11-18,10.121834360027378,13.05
2022-11-21,0.11225188227241616,13.75
2022-11-21,0.11225188227241616,13.75
2022-11-21,1.6098562628336757,14.030000000000001
2022-11-21,2.113620807665982,13.620000000000001
2022-11-21,2.113620807665982,13.7
2022-11-21,3.1129363449691994,13.55
2022-11-21,4.112251882272417,13.39
2022-11-21,6.113620807665982,13.42
2022-11-21,6.113620807665982,13.39
2022-11-21,8.112251882272416,13.34
2022-11-21,10.113620807665983,13.309999999999999
2022-11-22,0.10951403148528405,13.75
2022-11-22,0.10951403148528405,13.75
2022-11-22,1.6071184120465434,13.91
2022-11-22,2.11088295687885,13.49
2022-11-22,2.11088295687885,13.559999999999999
2022-11-22,3.1101984941820673,13.43
2022-11-22,4.1095140314852845,13.29
2022-11-22,6.11088295687885,13.35
2022-11-22,6.11088295687885,13.33
2022-11-22,8.109514031485284,13.3
2022-11-22,10.11088295687885,13.26
2022-11-23,0.10677618069815195,13.74
2022-11-23,0.10677618069815195,13.74
2022-11-23,1.6043805612594113,14.23
2022-11-23,2.108145106091718,13.84
2022-11-23,2.108145106091718,13.89
2022-11-23,3.1074606433949348,13.79
2022-11-23,4.1067761806981515,13.65
2022-11-23,6.108145106091718,13.68
2022-11-23,6.108145106091718,13.68
2022-11-23,8.106776180698152,13.620000000000001
2022-11-23,10.108145106091717,13.6
2022-11-24,0.10403832991101986,13.75
2022-11-24,0.10403832991101986,13.75
2022-11-24,1.6016427104722792,14.16
2022-11-24,2.105407255304586,13.780000000000001
2022-11-24,2.105407255304586,13.85
2022-11-24,3.1047227926078027,13.74
2022-11-24,4.1040383299110195,13.629999999999999
2022-11-24,6.105407255304586,13.64
2022-11-24,6.105407255304586,13.67
2022-11-24,8.10403832991102,13.61
2022-11-24,10.105407255304586,13.59
2022-11-25,0.10130047912388775,13.76
2022-11-25,0.10130047912388775,13.76
2022-11-25,1.5989048596851472,14.120000000000001
2022-11-25,2.102669404517454,13.74
2022-11-25,2.102669404517454,13.809999999999999
2022-11-25,3.1019849418206706,13.68
2022-11-25,4.101300479123887,13.59
2022-11-25,6.102669404517454,13.6
2022-11-25,6.102669404517454,13.64
2022-11-25,8.101300479123887,13.59
2022-11-25,10.102669404517453,13.6
2022-11-28,0.09308692676249145,13.76
2022-11-28,0.09308692676249145,13.76
2022-11-28,1.5906913073237507,14.17
2022-11-28,2.0944558521560577,13.780000000000001
2022-11-28,2.0944558521560577,13.86
2022-11-28,3.0937713894592744,13.73
2022-11-28,4.093086926762491,13.64
2022-11-28,6.094455852156058,13.629999999999999
2022-11-28,6.094455852156058,13.68
2022-11-28,8.093086926762492,13.6
2022-11-28,10.094455852156058,13.559999999999999
2022-11-29,0.09034907597535935,13.76
2022-11-29,0.09034907597535935,13.76
2022-11-29,1.5879534565366187,14.0
2022-11-29,2.0917180013689256,13.629999999999999
2022-11-29,2.0917180013689256,13.7
2022-11-29,3.0910335386721424,13.54
2022-11-29,4.090349075975359,13.43
2022-11-29,6.091718001368926,13.440000000000001
2022-11-29,6.091718001368926,13.48
2022-11-29,8.09034907597536,13.4
2022-11-29,10.091718001368925,13.36
2022-11-30,0.08761122518822724,13.74
2022-11-30,0.08761122518822724,13.74
2022-11-30,1.5852156057494866,13.66
2022-11-30,2.088980150581793,13.219999999999999
2022-11-30,2.088980150581793,13.29
2022-11-30,3.0882956878850103,13.11
2022-11-30,4.087611225188227,13.01
2022-11-30,6.0889801505817935,13.04
2022-11-30,6.0889801505817935,13.08
2022-11-30,8.087611225188228,13.02
2022-11-30,10.088980150581794,12.969999999999999
2022-12-01,0.08487337440109514,13.74
2022-12-01,0.08487337440109514,13.74
2022-12-01,1.5824777549623545,13.73
2022-12-01,2.086242299794661,13.27
2022-12-01,2.086242299794661,13.33
2022-12-01,3.0855578370978782,13.120000000000001
2022-12-01,4.084873374401095,12.99
2022-12-01,6.0862422997946615,13.02
2022-12-01,6.0862422997946615,13.030000000000001
2022-12-01,8.084873374401095,13.0
2022-12-01,10.08624229979466,12.969999999999999
2022-12-02,0.08213552361396304,13.73
2022-12-02,0.08213552361396304,13.73
2022-12-02,1.5797399041752225,13.49
2022-12-02,2.083504449007529,13.02
2022-12-02,2.083504449007529,13.1
2022-12-02,3.082819986310746,12.870000000000001
2022-12-02,4.082135523613963,12.73
2022-12-02,6.083504449007529,12.74
2022-12-02,6.083504449007529,12.74
2022-12-02,8.082135523613964,12.719999999999999
2022-12-02,10.08350444900753,12.68
2022-12-05,1.571526351813826,13.5
2022-12-05,2.0752908966461328,13.0
2022-12-05,2.0752908966461328,13.08
2022-12-05,3.07460643394935,12.809999999999999
2022-12-05,4.073921971252567,12.68
2022-12-05,6.075290896646133,12.67
2022-12-05,6.075290896646133,12.68
2022-12-05,8.073921971252567,12.66
2022-12-05,10.075290896646132,12.629999999999999
2022-12-06,1.568788501026694,13.61
2022-12-06,2.0725530458590007,13.11
2022-12-06,2.0725530458590007,13.190000000000001
2022-12-06,3.0718685831622174,12.940000000000001
2022-12-06,4.071184120465435,12.82
2022-12-06,6.072553045859,12.84
2022-12-06,6.072553045859,12.85
2022-12-06,8.071184120465434,12.84
2022-12-06,10.072553045859001,12.83
2022-12-07,1.566050650239562,13.64
2022-12-07,2.0698151950718686,13.18
2022-12-07,2.0698151950718686,13.26
2022-12-07,3.0691307323750854,13.02
2022-12-07,4.068446269678303,12.9
2022-12-07,6.069815195071868,12.91
2022-12-07,6.069815195071868,12.91
2022-12-07,8.068446269678303,12.91
2022-12-07,10.069815195071868,12.89
2022-12-08,1.5633127994524298,13.68
2022-12-08,2.0670773442847366,13.27
2022-12-08,2.0670773442847366,13.36
2022-12-08,3.0663928815879533,13.16
2022-12-08,4.0657084188911705,13.05
2022-12-08,6.067077344284736,13.07
2022-12-08,6.067077344284736,13.07
2022-12-08,8.06570841889117,13.07
2022-12-08,10.067077344284737,13.04
2022-12-09,1.5605749486652978,13.43
2022-12-09,2.0643394934976045,12.969999999999999
2022-12-09,2.0643394934976045,13.059999999999999
2022-12-09,3.0636550308008212,12.870000000000001
2022-12-09,4.0629705681040384,12.8
2022-12-09,6.064339493497604,12.85
2022-12-09,6.064339493497604,12.86
2022-12-09,8.062970568104038,12.89
2022-12-09,10.064339493497604,12.89
2022-12-12,1.5523613963039014,13.57
2022-12-12,2.0561259411362083,13.16
2022-12-12,2.0561259411362083,13.26
2022-12-12,3.055441478439425,13.08
2022-12-12,4.054757015742642,13.02
2022-12-12,6.056125941136208,13.059999999999999
2022-12-12,6.056125941136208,13.059999999999999
2022-12-12,8.054757015742641,13.08
2022-12-12,10.056125941136209,13.08
2022-12-13,1.5496235455167693,13.74
2022-12-13,2.0533880903490758,13.4
2022-12-13,2.0533880903490758,13.46
2022-12-13,3.052703627652293,13.309999999999999
2022-12-13,4.05201916495551,13.23
2022-12-13,6.053388090349076,13.26
2022-12-13,6.053388090349076,13.26
2022-12-13,8.05201916495551,13.27
2022-12-13,10.053388090349076,13.26
2022-12-14,1.5468856947296372,14.25
2022-12-14,2.0506502395619437,13.969999999999999
2022-12-14,2.0506502395619437,14.030000000000001
2022-12-14,3.049965776865161,13.86
2022-12-14,4.049281314168378,13.73
2022-12-14,6.050650239561944,13.71
2022-12-14,6.050650239561944,13.7
2022-12-14,8.049281314168377,13.7
2022-12-14,10.050650239561945,13.66
2022-12-15,1.5441478439425051,13.99
2022-12-15,2.0479123887748116,13.780000000000001
2022-12-15,2.0479123887748116,13.83
2022-12-15,3.047227926078029,13.77
2022-12-15,4.046543463381246,13.65
2022-12-15,6.047912388774812,13.65
2022-12-15,6.047912388774812,13.620000000000001
2022-12-15,8.046543463381246,13.620000000000001
2022-12-15,10.047912388774812,13.59
2022-12-16,1.541409993155373,13.91
2022-12-16,2.0451745379876796,13.7
2022-12-16,2.0451745379876796,13.75
2022-12-16,3.0444900752908968,13.73
2022-12-16,4.043805612594114,13.6
2022-12-16,6.04517453798768,13.6
2022-12-16,6.04517453798768,13.559999999999999
2022-12-16,8.043805612594113,13.52
2022-12-16,10.04517453798768,13.49
2022-12-19,1.5331964407939767,14.02
2022-12-19,2.0369609856262834,13.89
2022-12-19,2.0369609856262834,13.92
2022-12-19,3.0362765229295,13.9
2022-12-19,4.035592060232717,13.73
2022-12-19,6.036960985626283,13.74
2022-12-19,6.036960985626283,13.68
2022-12-19,8.035592060232718,13.629999999999999
2022-12-19,10.036960985626283,13.59
2022-12-20,1.5304585900068446,13.92
2022-12-20,2.0342231348391513,13.76
2022-12-20,2.0342231348391513,13.79
2022-12-20,3.033538672142368,13.77
2022-12-20,4.032854209445585,13.620000000000001
2022-12-20,6.034223134839151,13.64
2022-12-20,6.034223134839151,13.57
2022-12-20,8.032854209445585,13.54
2022-12-20,10.03422313483915,13.51
2022-12-21,1.5277207392197125,13.57
2022-12-21,2.0314852840520192,13.3
2022-12-21,2.0314852840520192,13.32
2022-12-21,3.030800821355236,13.309999999999999
2022-12-21,4.030116358658453,13.16
2022-12-21,6.031485284052019,13.26
2022-12-21,6.031485284052019,13.190000000000001
2022-12-21,8.030116358658454,13.18
2022-12-21,10.03148528405202,13.17
2022-12-22,1.5249828884325805,13.59
2022-12-22,2.028747433264887,13.32
2022-12-22,2.028747433264887,13.35
2022-12-22,3.028062970568104,13.36
2022-12-22,4.027378507871321,13.2
2022-12-22,6.028747433264887,13.29
2022-12-22,6.028747433264887,13.23
2022-12-22,8.02737850787132,13.21
2022-12-22,10.028747433264886,13.2
2022-12-23,1.5222450376454484,13.309999999999999
2022-12-23,2.026009582477755,12.98
2022-12-23,2.026009582477755,13.01
2022-12-23,3.025325119780972,13.04
2022-12-23,4.024640657084189,12.92
2022-12-23,6.026009582477755,13.04
2022-12-23,6.026009582477755,12.98
2022-12-23,8.02464065708419,12.96
2022-12-23,10.026009582477755,12.96
2022-12-26,1.514031485284052,13.24
2022-12-26,2.0177960301163584,12.940000000000001
2022-12-26,2.0177960301163584,12.96
2022-12-26,3.0171115674195756,13.030000000000001
2022-12-26,4.016427104722792,12.95
2022-12-26,6.017796030116359,13.07
2022-12-26,6.017796030116359,13.02
2022-12-26,8.016427104722792,12.98
2022-12-26,10.017796030116358,12.969999999999999
2022-12-27,1.51129363449692,13.32
2022-12-27,2.0150581793292264,13.030000000000001
2022-12-27,2.0150581793292264,13.030000000000001
2022-12-27,3.0143737166324436,13.08
2022-12-27,4.01368925393566,12.99
2022-12-27,6.015058179329227,13.11
2022-12-27,6.015058179329227,13.059999999999999
2022-12-27,8.013689253935661,13.02
2022-12-27,10.015058179329227,13.01
2022-12-28,1.5085557837097878,13.219999999999999
2022-12-28,2.0123203285420943,12.940000000000001
2022-12-28,2.0123203285420943,12.93
2022-12-28,3.0116358658453115,13.01
2022-12-28,4.010951403148528,12.92
2022-12-28,6.012320328542095,12.99
2022-12-28,6.012320328542095,13.04
2022-12-28,8.010951403148528,12.95
2022-12-28,10.012320328542094,12.940000000000001
2022-12-29,1.5058179329226558,12.99
2022-12-29,2.0095824777549622,12.65
2022-12-29,2.0095824777549622,12.66
2022-12-29,3.0088980150581794,12.71
2022-12-29,4.008213552361396,12.66
2022-12-29,6.009582477754963,12.809999999999999
2022-12-29,6.009582477754963,12.76
2022-12-29,8.008213552361397,12.74
2022-12-29,10.009582477754963,12.75
2023-01-02,1.4948665297741273,13.27
2023-01-02,1.998631074606434,12.98
2023-01-02,1.998631074606434,12.98
2023-01-02,2.9979466119096507,13.01
2023-01-02,3.997262149212868,12.9
2023-01-02,5.9986310746064335,13.01
2023-01-02,5.9986310746064335,12.93
2023-01-02,7.997262149212868,12.9
2023-01-02,9.998631074606434,12.86
2023-01-03,1.4921286789869952,13.27
2023-01-03,1.995893223819302,13.0
2023-01-03,1.995893223819302,13.01
2023-01-03,2.9952087611225187,13.07
2023-01-03,3.994524298425736,13.01
2023-01-03,5.9958932238193015,13.129999999999999
2023-01-03,5.9958932238193015,13.059999999999999
2023-01-03,7.994524298425736,13.04
2023-01-03,9.995893223819301,13.0
2023-01-04,1.4893908281998631,13.559999999999999
2023-01-04,1.9931553730321698,13.32
2023-01-04,1.9931553730321698,13.32
2023-01-04,2.9924709103353866,13.379999999999999
2023-01-04,3.991786447638604,13.29
2023-01-04,5.993155373032169,13.36
2023-01-04,5.993155373032169,13.3
2023-01-04,7.991786447638604,13.21
2023-01-04,9.99315537303217,13.17
2023-01-05,1.486652977412731,13.45
2023-01-05,1.9904175222450375,13.18
2023-01-05,1.9904175222450375,13.18
2023-01-05,2.9897330595482545,13.25
2023-01-05,3.9890485968514717,13.17
2023-01-05,5.990417522245037,13.27
2023-01-05,5.990417522245037,13.21
2023-01-05,7.989048596851472,13.15
2023-01-05,9.990417522245037,13.11
2023-01-06,1.483915126625599,13.41
2023-01-06,1.9876796714579055,13.129999999999999
2023-01-06,1.9876796714579055,13.11
2023-01-06,2.9869952087611225,13.120000000000001
2023-01-06,3.9863107460643397,13.02
2023-01-06,5.987679671457905,13.14
2023-01-06,5.987679671457905,13.08
2023-01-06,7.98631074606434,13.04
2023-01-06,9.987679671457906,13.01
2023-01-09,1.4757015742642026,13.379999999999999
2023-01-09,1.9794661190965093,13.04
2023-01-09,1.9794661190965093,13.030000000000001
2023-01-09,2.9787816563997263,13.07
2023-01-09,3.978097193702943,12.98
2023-01-09,5.979466119096509,13.129999999999999
2023-01-09,5.979466119096509,13.05
2023-01-09,7.9780971937029435,13.030000000000001
2023-01-09,9.979466119096509,13.01
2023-01-10,1.4729637234770705,13.34
2023-01-10,1.9767282683093772,12.93
2023-01-10,1.9767282683093772,12.92
2023-01-10,2.976043805612594,12.89
2023-01-10,3.975359342915811,12.76
2023-01-10,5.976728268309377,12.96
2023-01-10,5.976728268309377,12.870000000000001
2023-01-10,7.975359342915811,12.86
2023-01-10,9.976728268309378,12.84
2023-01-11,1.4702258726899384,13.23
2023-01-11,1.9739904175222451,12.77
2023-01-11,1.9739904175222451,12.76
2023-01-11,2.973305954825462,12.690000000000001
2023-01-11,3.972621492128679,12.559999999999999
2023-01-11,5.973990417522245,12.8
2023-01-11,5.973990417522245,12.7
2023-01-11,7.972621492128679,12.73
2023-01-11,9.973990417522245,12.73
2023-01-12,1.4674880219028064,13.030000000000001
2023-01-12,1.9712525667351128,12.57
2023-01-12,1.9712525667351128,12.55
2023-01-12,2.97056810403833,12.440000000000001
2023-01-12,3.969883641341547,12.280000000000001
2023-01-12,5.971252566735113,12.5
2023-01-12,5.971252566735113,12.39
2023-01-12,7.969883641341547,12.42
2023-01-12,9.971252566735114,12.440000000000001
2023-01-13,1.4647501711156743,12.98
2023-01-13,1.9685147159479808,12.51
2023-01-13,1.9685147159479808,12.51
2023-01-13,2.967830253251198,12.41
2023-01-13,3.9671457905544147,12.26
2023-01-13,5.968514715947981,12.52
2023-01-13,5.968514715947981,12.4
2023-01-13,7.967145790554415,12.43
2023-01-13,9.96851471594798,12.45
2023-01-16,1.4565366187542779,12.99
2023-01-16,1.9603011635865846,12.5
2023-01-16,1.9603011635865846,12.5
2023-01-16,2.9596167008898013,12.440000000000001
2023-01-16,3.9589322381930185,12.3
2023-01-16,5.960301163586585,12.559999999999999
2023-01-16,5.960301163586585,12.45
2023-01-16,7.958932238193018,12.469999999999999
2023-01-16,9.960301163586584,12.49
2023-01-17,1.4537987679671458,13.15
2023-01-17,1.9575633127994525,12.7
2023-01-17,1.9575633127994525,12.7
2023-01-17,2.9568788501026693,12.67
2023-01-17,3.9561943874058865,12.530000000000001
2023-01-17,5.9575633127994525,12.79
2023-01-17,5.9575633127994525,12.67
2023-01-17,7.956194387405886,12.690000000000001
2023-01-17,9.957563312799453,12.71
2023-01-18,1.4510609171800137,12.969999999999999
2023-01-18,1.9548254620123204,12.49
2023-01-18,1.9548254620123204,12.49
2023-01-18,2.954140999315537,12.45
2023-01-18,3.9534565366187544,12.34
2023-01-18,5.95482546201232,12.629999999999999
2023-01-18,5.95482546201232,12.52
2023-01-18,7.953456536618754,12.54
2023-01-18,9.95482546201232,12.57
2023-01-19,1.4483230663928817,13.24
2023-01-19,1.9520876112251881,12.879999999999999
2023-01-19,1.9520876112251881,12.879999999999999
2023-01-19,2.951403148528405,12.96
2023-01-19,3.9507186858316223,12.86
2023-01-19,5.952087611225188,13.15
2023-01-19,5.952087611225188,13.030000000000001
2023-01-19,7.950718685831622,13.059999999999999
2023-01-19,9.952087611225188,13.07
2023-01-20,1.4455852156057496,13.04
2023-01-20,1.949349760438056,12.65
2023-01-20,1.949349760438056,12.64
2023-01-20,2.948665297741273,12.66
2023-01-20,3.9479808350444903,12.57
2023-01-20,5.949349760438056,12.870000000000001
2023-01-20,5.949349760438056,12.76
2023-01-20,7.94798083504449,12.79
2023-01-20,9.949349760438055,12.82
2023-01-23,1.4373716632443532,13.24
2023-01-23,1.9411362080766599,12.91
2023-01-23,1.9411362080766599,12.9
2023-01-23,2.940451745379877,12.99
2023-01-23,3.9397672826830936,12.93
2023-01-23,5.94113620807666,13.24
2023-01-23,5.94113620807666,13.120000000000001
2023-01-23,7.939767282683094,13.16
2023-01-23,9.94113620807666,13.18
2023-01-24,1.434633812457221,13.219999999999999
2023-01-24,1.9383983572895278,12.89
2023-01-24,1.9383983572895278,12.879999999999999
2023-01-24,2.937713894592745,12.96
2023-01-24,3.9370294318959616,12.93
2023-01-24,5.938398357289528,13.33
2023-01-24,5.938398357289528,13.190000000000001
2023-01-24,7.9370294318959616,13.29
2023-01-24,9.938398357289527,13.33
2023-01-25,1.431895961670089,13.11
2023-01-25,1.9356605065023955,12.73
2023-01-25,1.9356605065023955,12.73
2023-01-25,2.9349760438056127,12.77
2023-01-25,3.9342915811088295,12.73
2023-01-25,5.935660506502396,13.120000000000001
2023-01-25,5.935660506502396,12.98
2023-01-25,7.9342915811088295,13.07
2023-01-25,9.935660506502396,13.1
2023-01-26,1.429158110882957,13.08
2023-01-26,1.9329226557152634,12.7
2023-01-26,1.9329226557152634,12.7
2023-01-26,2.9322381930184807,12.74
2023-01-26,3.9315537303216974,12.719999999999999
2023-01-26,5.932922655715264,13.1
2023-01-26,5.932922655715264,12.96
2023-01-26,7.931553730321697,13.04
2023-01-26,9.932922655715263,13.09
2023-01-27,1.4264202600958247,13.15
2023-01-27,1.9301848049281314,12.79
2023-01-27,1.9301848049281314,12.79
2023-01-27,2.9295003422313486,12.8
2023-01-27,3.9288158795345653,12.74
2023-01-27,5.930184804928132,13.14
2023-01-27,5.930184804928132,13.0
2023-01-27,7.928815879534565,13.09
2023-01-27,9.930184804928132,13.14
2023-01-30,1.4182067077344285,13.2
2023-01-30,1.9219712525667352,12.85
2023-01-30,1.9219712525667352,12.84
2023-01-30,2.921286789869952,12.89
2023-01-30,3.920602327173169,12.84
2023-01-30,5.921971252566735,13.21
2023-01-30,5.921971252566735,13.07
2023-01-30,7.920602327173169,13.15
2023-01-30,9.921971252566735,13.190000000000001
2023-01-31,1.4154688569472964,13.26
2023-01-31,1.919233401779603,12.95
2023-01-31,1.919233401779603,12.95
2023-01-31,2.91854893908282,12.99
2023-01-31,3.917864476386037,12.940000000000001
2023-01-31,5.919233401779603,13.280000000000001
2023-01-31,5.919233401779603,13.15
2023-01-31,7.917864476386037,13.2
2023-01-31,9.919233401779604,13.23
2023-02-01,1.4127310061601643,13.25
2023-02-01,1.9164955509924708,12.92
2023-02-01,1.9164955509924708,12.91
2023-02-01,2.915811088295688,12.940000000000001
2023-02-01,3.915126625598905,12.89
2023-02-01,5.916495550992471,13.190000000000001
2023-02-01,5.916495550992471,13.07
2023-02-01,7.915126625598905,13.1
2023-02-01,9.91649555099247,13.120000000000001
2023-02-02,1.4099931553730323,13.39
2023-02-02,1.9137577002053388,13.059999999999999
2023-02-02,1.9137577002053388,13.05
2023-02-02,2.9130732375085557,13.02
2023-02-02,3.912388774811773,12.940000000000001
2023-02-02,5.9137577002053385,13.23
2023-02-02,5.9137577002053385,13.11
2023-02-02,7.912388774811773,13.14
2023-02-02,9.91375770020534,13.16
2023-02-03,1.4072553045859,13.51
2023-02-03,1.9110198494182067,13.18
2023-02-03,1.9110198494182067,13.17
2023-02-03,2.9103353867214237,13.15
2023-02-03,3.909650924024641,13.09
2023-02-03,5.9110198494182065,13.4
2023-02-03,5.9110198494182065,13.26
2023-02-03,7.909650924024641,13.33
2023-02-03,9.911019849418206,13.35
2023-02-06,1.3990417522245038,13.620000000000001
2023-02-06,1.9028062970568105,13.32
2023-02-06,1.9028062970568105,13.32
2023-02-06,2.9021218343600275,13.309999999999999
2023-02-06,3.9014373716632442,13.24
2023-02-06,5.90280629705681,13.530000000000001
2023-02-06,5.90280629705681,13.4
2023-02-06,7.901437371663245,13.440000000000001
2023-02-06,9.902806297056811,13.45
2023-02-07,1.3963039014373717,13.55
2023-02-07,1.9000684462696784,13.219999999999999
2023-02-07,1.9000684462696784,13.21
2023-02-07,2.8993839835728954,13.15
2023-02-07,3.898699520876112,13.04
2023-02-07,5.900068446269678,13.35
2023-02-07,5.900068446269678,13.2
2023-02-07,7.898699520876113,13.25
2023-02-07,9.900068446269678,13.25
2023-02-08,1.3935660506502396,13.39
2023-02-08,1.8973305954825461,13.08
2023-02-08,1.8973305954825461,13.07
2023-02-08,2.8966461327857633,13.129999999999999
2023-02-08,3.89596167008898,13.120000000000001
2023-02-08,5.897330595482546,13.48
2023-02-08,5.897330595482546,13.33
2023-02-08,7.8959616700889805,13.41
2023-02-08,9.897330595482547,13.43
2023-02-09,1.3908281998631074,13.08
2023-02-09,1.894592744695414,12.73
2023-02-09,1.894592744695414,12.71
2023-02-09,2.8939082819986313,12.82
2023-02-09,3.893223819301848,12.870000000000001
2023-02-09,5.894592744695414,13.33
2023-02-09,5.894592744695414,13.17
2023-02-09,7.8932238193018485,13.3
2023-02-09,9.894592744695414,13.33
2023-02-10,1.3880903490759753,13.2
2023-02-10,1.891854893908282,12.99
2023-02-10,1.891854893908282,12.969999999999999
2023-02-10,2.891170431211499,13.18
2023-02-10,3.890485968514716,13.23
2023-02-10,5.891854893908282,13.68
2023-02-10,5.891854893908282,13.52
2023-02-10,7.8904859685147155,13.620000000000001
2023-02-10,9.891854893908283,13.66
2023-02-13,1.379876796714579,13.190000000000001
2023-02-13,1.8836413415468858,12.940000000000001
2023-02-13,1.8836413415468858,12.93
2023-02-13,2.8829568788501025,13.120000000000001
2023-02-13,3.8822724161533197,13.11
2023-02-13,5.883641341546886,13.559999999999999
2023-02-13,5.883641341546886,13.4
2023-02-13,7.882272416153319,13.48
2023-02-13,9.883641341546886,13.52
2023-02-14,1.377138945927447,13.16
2023-02-14,1.8809034907597535,12.86
2023-02-14,1.8809034907597535,12.85
2023-02-14,2.8802190280629705,12.98
2023-02-14,3.8795345653661877,12.98
2023-02-14,5.880903490759754,13.39
2023-02-14,5.880903490759754,13.23
2023-02-14,7.879534565366187,13.309999999999999
2023-02-14,9.880903490759753,13.33
2023-02-15,1.374401095140315,13.11
2023-02-15,1.8781656399726214,12.84
2023-02-15,1.8781656399726214,12.82
2023-02-15,2.8774811772758384,13.01
2023-02-15,3.8767967145790556,13.059999999999999
2023-02-15,5.878165639972622,13.49
2023-02-15,5.878165639972622,13.34
2023-02-15,7.876796714579055,13.43
2023-02-15,9.878165639972622,13.45
2023-02-16,1.3716632443531827,12.969999999999999
2023-02-16,1.8754277891854894,12.67
2023-02-16,1.8754277891854894,12.65
2023-02-16,2.8747433264887063,12.84
2023-02-16,3.8740588637919235,12.91
2023-02-16,5.87542778918549,13.379999999999999
2023-02-16,5.87542778918549,13.23
2023-02-16,7.874058863791923,13.309999999999999
2023-02-16,9.875427789185489,13.36
2023-02-17,1.3689253935660506,12.969999999999999
2023-02-17,1.8726899383983573,12.7
2023-02-17,1.8726899383983573,12.67
2023-02-17,2.8720054757015743,12.879999999999999
2023-02-17,3.871321013004791,12.96
2023-02-17,5.8726899383983575,13.4
2023-02-17,5.8726899383983575,13.25
2023-02-17,7.871321013004791,13.3
2023-02-17,9.872689938398358,13.35
2023-02-22,1.3552361396303902,12.95
2023-02-22,1.8590006844626967,12.690000000000001
2023-02-22,1.8590006844626967,12.67
2023-02-22,2.858316221765914,12.86
2023-02-22,3.8576317590691307,12.95
2023-02-22,5.859000684462697,13.39
2023-02-22,5.859000684462697,13.24
2023-02-22,7.857631759069131,13.280000000000001
2023-02-22,9.859000684462696,13.32
2023-02-23,1.352498288843258,13.0
2023-02-23,1.8562628336755647,12.7
2023-02-23,1.8562628336755647,12.68
2023-02-23,2.855578370978782,12.85
2023-02-23,3.8548939082819986,12.96
2023-02-23,5.856262833675565,13.440000000000001
2023-02-23,5.856262833675565,13.3
2023-02-23,7.854893908281999,13.35
2023-02-23,9.856262833675565,13.39
2023-02-24,1.3497604380561259,13.030000000000001
2023-02-24,1.8535249828884326,12.7
2023-02-24,1.8535249828884326,12.68
2023-02-24,2.8528405201916494,12.86
2023-02-24,3.8521560574948666,12.96
2023-02-24,5.853524982888432,13.440000000000001
2023-02-24,5.853524982888432,13.309999999999999
2023-02-24,7.852156057494867,13.35
2023-02-24,9.853524982888432,13.4
2023-02-27,1.3415468856947297,13.05
2023-02-27,1.8453114305270362,12.719999999999999
2023-02-27,1.8453114305270362,12.71
2023-02-27,2.844626967830253,12.89
2023-02-27,3.8439425051334704,12.99
2023-02-27,5.845311430527036,13.46
2023-02-27,5.845311430527036,13.33
2023-02-27,7.84394250513347,13.379999999999999
2023-02-27,9.845311430527037,13.41
2023-02-28,1.3388090349075976,13.030000000000001
2023-02-28,1.842573579739904,12.71
2023-02-28,1.842573579739904,12.690000000000001
2023-02-28,2.841889117043121,12.85
2023-02-28,3.8412046543463383,12.93
2023-02-28,5.842573579739904,13.4
2023-02-28,5.842573579739904,13.27
2023-02-28,7.841204654346338,13.32
2023-02-28,9.842573579739904,13.370000000000001
2023-03-01,1.3360711841204653,12.969999999999999
2023-03-01,1.839835728952772,12.690000000000001
2023-03-01,1.839835728952772,12.67
2023-03-01,2.839151266255989,12.86
2023-03-01,3.838466803559206,12.969999999999999
2023-03-01,5.839835728952772,13.43
2023-03-01,5.839835728952772,13.29
2023-03-01,7.838466803559206,13.36
2023-03-01,9.839835728952773,13.41
2023-03-02,1.3333333333333333,12.969999999999999
2023-03-02,1.83709787816564,12.74
2023-03-02,1.83709787816564,12.73
2023-03-02,2.836413415468857,12.98
2023-03-02,3.8357289527720737,13.129999999999999
2023-03-02,5.83709787816564,13.64
2023-03-02,5.83709787816564,13.49
2023-03-02,7.835728952772074,13.559999999999999
2023-03-02,9.83709787816564,13.61
2023-03-03,1.3305954825462012,13.05
2023-03-03,1.834360027378508,12.85
2023-03-03,1.834360027378508,12.84
2023-03-03,2.833675564681725,13.1
2023-03-03,3.8329911019849416,13.25
2023-03-03,5.834360027378508,13.74
2023-03-03,5.834360027378508,13.59
2023-03-03,7.832991101984942,13.68
2023-03-03,9.834360027378509,13.73
2023-03-06,1.322381930184805,13.04
2023-03-06,1.8261464750171115,12.82
2023-03-06,1.8261464750171115,12.809999999999999
2023-03-06,2.8254620123203287,13.02
2023-03-06,3.8247775496235454,13.18
2023-03-06,5.8261464750171115,13.629999999999999
2023-03-06,5.8261464750171115,13.49
2023-03-06,7.824777549623546,13.57
2023-03-06,9.826146475017111,13.629999999999999
2023-03-07,1.319644079397673,12.91
2023-03-07,1.8234086242299794,12.690000000000001
2023-03-07,1.8234086242299794,12.68
2023-03-07,2.8227241615331966,12.93
2023-03-07,3.8220396988364134,13.1
2023-03-07,5.823408624229979,13.61
2023-03-07,5.823408624229979,13.469999999999999
2023-03-07,7.822039698836414,13.559999999999999
2023-03-07,9.82340862422998,13.620000000000001
2023-03-08,1.3169062286105406,12.83
2023-03-08,1.8206707734428473,12.64
2023-03-08,1.8206707734428473,12.629999999999999
2023-03-08,2.8199863107460645,12.879999999999999
2023-03-08,3.8193018480492813,13.07
2023-03-08,5.820670773442847,13.58
2023-03-08,5.820670773442847,13.440000000000001
2023-03-08,7.819301848049282,13.530000000000001
2023-03-08,9.820670773442847,13.6
2023-03-09,1.3141683778234086,12.66
2023-03-09,1.8179329226557153,12.41
2023-03-09,1.8179329226557153,12.4
2023-03-09,2.817248459958932,12.620000000000001
2023-03-09,3.8165639972621492,12.79
2023-03-09,5.817932922655715,13.309999999999999
2023-03-09,5.817932922655715,13.17
2023-03-09,7.816563997262149,13.3
2023-03-09,9.817932922655714,13.370000000000001
2023-03-10,1.3114305270362765,12.68
2023-03-10,1.8151950718685832,12.4
2023-03-10,1.8151950718685832,12.39
2023-03-10,2.8145106091718,12.58
2023-03-10,3.813826146475017,12.719999999999999
2023-03-10,5.815195071868583,13.219999999999999
2023-03-10,5.815195071868583,13.1
2023-03-10,7.813826146475017,13.17
2023-03-10,9.815195071868583,13.24
2023-03-13,1.3032169746748803,12.530000000000001
2023-03-13,1.8069815195071868,12.21
2023-03-13,1.8069815195071868,12.21
2023-03-13,2.8062970568104038,12.42
2023-03-13,3.805612594113621,12.59
2023-03-13,5.806981519507187,13.11
2023-03-13,5.806981519507187,12.99
2023-03-13,7.8056125941136205,13.08
2023-03-13,9.806981519507186,13.16
2023-03-14,1.3004791238877482,12.61
2023-03-14,1.8042436687200547,12.3
2023-03-14,1.8042436687200547,12.29
2023-03-14,2.8035592060232717,12.46
2023-03-14,3.802874743326489,12.61
2023-03-14,5.804243668720055,13.09
2023-03-14,5.804243668720055,12.98
2023-03-14,7.8028747433264884,13.05
2023-03-14,9.804243668720055,13.120000000000001
2023-03-15,1.297741273100616,12.55
2023-03-15,1.8015058179329226,12.26
2023-03-15,1.8015058179329226,12.25
2023-03-15,2.8008213552361396,12.49
2023-03-15,3.800136892539357,12.7
2023-03-15,5.801505817932923,13.23
2023-03-15,5.801505817932923,13.120000000000001
2023-03-15,7.800136892539356,13.21
2023-03-15,9.801505817932922,13.3
2023-03-16,1.2950034223134839,12.41
2023-03-16,1.7987679671457906,12.11
2023-03-16,1.7987679671457906,12.1
2023-03-16,2.7980835044490076,12.36
2023-03-16,3.7973990417522243,12.59
2023-03-16,5.798767967145791,13.120000000000001
2023-03-16,5.798767967145791,13.030000000000001
2023-03-16,7.797399041752224,13.1
2023-03-16,9.79876796714579,13.18
2023-03-17,1.2922655715263518,12.559999999999999
2023-03-17,1.7960301163586585,12.26
2023-03-17,1.7960301163586585,12.25
2023-03-17,2.7953456536618755,12.5
2023-03-17,3.7946611909650922,12.719999999999999
2023-03-17,5.796030116358659,13.24
2023-03-17,5.796030116358659,13.15
2023-03-17,7.794661190965092,13.24
2023-03-17,9.796030116358658,13.32
2023-03-20,1.2840520191649556,12.5
2023-03-20,1.787816563997262,12.18
2023-03-20,1.787816563997262,12.17
2023-03-20,2.7871321013004793,12.379999999999999
2023-03-20,3.786447638603696,12.59
2023-03-20,5.7878165639972625,13.129999999999999
2023-03-20,5.7878165639972625,13.05
2023-03-20,7.786447638603696,13.15
2023-03-20,9.787816563997263,13.24
2023-03-21,1.2813141683778233,12.530000000000001
2023-03-21,1.78507871321013,12.21
2023-03-21,1.78507871321013,12.2
2023-03-21,2.784394250513347,12.4
2023-03-21,3.783709787816564,12.59
2023-03-21,5.7850787132101305,13.129999999999999
2023-03-21,5.7850787132101305,13.04
2023-03-21,7.783709787816564,13.14
2023-03-21,9.78507871321013,13.25
2023-03-22,1.2785763175906912,12.530000000000001
2023-03-22,1.782340862422998,12.21
2023-03-22,1.782340862422998,12.2
2023-03-22,2.7816563997262147,12.39
2023-03-22,3.780971937029432,12.58
2023-03-22,5.782340862422998,13.129999999999999
2023-03-22,5.782340862422998,13.04
2023-03-22,7.780971937029432,13.18
2023-03-22,9.782340862422998,13.309999999999999
2023-03-23,1.2758384668035592,12.64
2023-03-23,1.7796030116358659,12.26
2023-03-23,1.7796030116358659,12.25
2023-03-23,2.7789185489390826,12.35
2023-03-23,3.7782340862423,12.5
2023-03-23,5.779603011635865,13.01
2023-03-23,5.779603011635865,12.92
2023-03-23,7.7782340862423,13.05
2023-03-23,9.779603011635865,13.16
2023-03-24,1.273100616016427,12.4
2023-03-24,1.7768651608487338,11.96
2023-03-24,1.7768651608487338,11.95
2023-03-24,2.7761806981519506,12.07
2023-03-24,3.7754962354551678,12.29
2023-03-24,5.776865160848733,12.86
2023-03-24,5.776865160848733,12.77
2023-03-24,7.775496235455168,12.940000000000001
2023-03-24,9.776865160848734,13.07
2023-03-27,1.264887063655031,12.48
2023-03-27,1.7686516084873374,12.05
2023-03-27,1.7686516084873374,12.04
2023-03-27,2.7679671457905544,12.15
2023-03-27,3.7672826830937716,12.39
2023-03-27,5.768651608487337,12.98
2023-03-27,5.768651608487337,12.879999999999999
2023-03-27,7.767282683093772,13.07
2023-03-27,9.768651608487337,13.219999999999999
2023-03-28,1.2621492128678986,12.43
2023-03-28,1.7659137577002053,12.0
2023-03-28,1.7659137577002053,11.98
2023-03-28,2.7652292950034223,12.05
2023-03-28,3.7645448323066395,12.24
2023-03-28,5.765913757700205,12.79
2023-03-28,5.765913757700205,12.7
2023-03-28,7.7645448323066395,12.86
2023-03-28,9.765913757700206,13.0
2023-03-29,1.2594113620807665,12.43
2023-03-29,1.7631759069130732,11.99
2023-03-29,1.7631759069130732,11.969999999999999
2023-03-29,2.7624914442162902,12.030000000000001
2023-03-29,3.761806981519507,12.190000000000001
2023-03-29,5.763175906913073,12.690000000000001
2023-03-29,5.763175906913073,12.6
2023-03-29,7.761806981519507,12.73
2023-03-29,9.763175906913073,12.84
2023-03-30,1.2566735112936345,12.5
2023-03-30,1.7604380561259412,12.08
2023-03-30,1.7604380561259412,12.07
2023-03-30,2.759753593429158,12.120000000000001
2023-03-30,3.759069130732375,12.27
2023-03-30,5.760438056125941,12.75
2023-03-30,5.760438056125941,12.67
2023-03-30,7.759069130732375,12.75
2023-03-30,9.760438056125942,12.85
2023-03-31,1.2539356605065024,12.52
2023-03-31,1.757700205338809,12.04
2023-03-31,1.757700205338809,12.05
2023-03-31,2.757015742642026,12.04
2023-03-31,3.756331279945243,12.18
2023-03-31,5.757700205338809,12.7
2023-03-31,5.757700205338809,12.61
2023-03-31,7.756331279945243,12.719999999999999
2023-03-31,9.757700205338809,12.84
2023-04-03,1.2457221081451062,12.6
2023-04-03,1.7494866529774127,12.129999999999999
2023-04-03,1.7494866529774127,12.14
2023-04-03,2.74880219028063,12.120000000000001
2023-04-03,3.7481177275838466,12.25
2023-04-03,5.749486652977413,12.76
2023-04-03,5.749486652977413,12.66
2023-04-03,7.748117727583847,12.76
2023-04-03,9.749486652977414,12.879999999999999
2023-04-04,1.242984257357974,12.530000000000001
2023-04-04,1.7467488021902806,12.030000000000001
2023-04-04,1.7467488021902806,12.05
2023-04-04,2.746064339493498,12.01
2023-04-04,3.7453798767967146,12.11
2023-04-04,5.746748802190281,12.61
2023-04-04,5.746748802190281,12.51
2023-04-04,7.745379876796714,12.6
2023-04-04,9.74674880219028,12.71
2023-04-05,1.2402464065708418,12.58
2023-04-05,1.7440109514031485,12.07
2023-04-05,1.7440109514031485,12.08
2023-04-05,2.7433264887063653,12.030000000000001
2023-04-05,3.7426420260095825,12.11
2023-04-05,5.7440109514031485,12.59
2023-04-05,5.7440109514031485,12.49
2023-04-05,7.742642026009582,12.57
2023-04-05,9.744010951403148,12.690000000000001
2023-04-06,1.2375085557837098,12.52
2023-04-06,1.7412731006160165,12.01
2023-04-06,1.7412731006160165,12.030000000000001
2023-04-06,2.7405886379192332,11.940000000000001
2023-04-06,3.7399041752224504,12.01
2023-04-06,5.7412731006160165,12.45
2023-04-06,5.7412731006160165,12.370000000000001
2023-04-06,7.73990417522245,12.440000000000001
2023-04-06,9.741273100616016,12.57
2023-04-10,1.2265571526351813,12.59
2023-04-10,1.730321697467488,12.08
2023-04-10,1.730321697467488,12.1
2023-04-10,2.729637234770705,12.02
2023-04-10,3.728952772073922,12.09
2023-04-10,5.730321697467488,12.55
2023-04-10,5.730321697467488,12.45
2023-04-10,7.728952772073922,12.54
2023-04-10,9.730321697467488,12.67
2023-04-11,1.2238193018480492,12.43
2023-04-11,1.727583846680356,11.91
2023-04-11,1.727583846680356,11.93
2023-04-11,2.726899383983573,11.870000000000001
2023-04-11,3.7262149212867897,11.969999999999999
2023-04-11,5.727583846680356,12.46
2023-04-11,5.727583846680356,12.36
2023-04-11,7.72621492128679,12.48
2023-04-11,9.727583846680355,12.6
2023-04-12,1.2210814510609171,12.4
2023-04-12,1.7248459958932238,11.85
2023-04-12,1.7248459958932238,11.870000000000001
2023-04-12,2.724161533196441,11.79
2023-04-12,3.7234770704996576,11.879999999999999
2023-04-12,5.724845995893224,12.39
2023-04-12,5.724845995893224,12.29
2023-04-12,7.723477070499658,12.4
2023-04-12,9.724845995893224,12.530000000000001
2023-04-13,1.218343600273785,12.42
2023-04-13,1.7221081451060918,11.879999999999999
2023-04-13,1.7221081451060918,11.89
2023-04-13,2.7214236824093088,11.780000000000001
2023-04-13,3.7207392197125255,11.870000000000001
2023-04-13,5.722108145106092,12.370000000000001
2023-04-13,5.722108145106092,12.280000000000001
2023-04-13,7.7207392197125255,12.379999999999999
2023-04-13,9.722108145106091,12.52
2023-04-14,1.215605749486653,12.379999999999999
2023-04-14,1.7193702943189597,11.8
2023-04-14,1.7193702943189597,11.83
2023-04-14,2.7186858316221767,11.65
2023-04-14,3.7180013689253935,11.71
2023-04-14,5.71937029431896,12.18
2023-04-14,5.71937029431896,12.1
2023-04-14,7.7180013689253935,12.190000000000001
2023-04-14,9.71937029431896,12.309999999999999
2023-04-17,1.2073921971252566,12.5
2023-04-17,1.7111567419575633,11.940000000000001
2023-04-17,1.7111567419575633,11.98
2023-04-17,2.7104722792607805,11.780000000000001
2023-04-17,3.7097878165639973,11.82
2023-04-17,5.711156741957564,12.23
2023-04-17,5.711156741957564,12.16
2023-04-17,7.709787816563997,12.219999999999999
2023-04-17,9.711156741957563,12.32
2023-04-18,1.2046543463381245,12.469999999999999
2023-04-18,1.7084188911704312,11.89
2023-04-18,1.7084188911704312,11.940000000000001
2023-04-18,2.707734428473648,11.7
2023-04-18,3.707049965776865,11.75
2023-04-18,5.708418891170431,12.14
2023-04-18,5.708418891170431,12.07
2023-04-18,7.707049965776865,12.129999999999999
2023-04-18,9.708418891170432,12.24
2023-04-19,1.2019164955509924,12.64
2023-04-19,1.7056810403832992,12.15
2023-04-19,1.7056810403832992,12.21
2023-04-19,2.704996577686516,12.04
2023-04-19,3.704312114989733,12.11
2023-04-19,5.705681040383299,12.52
2023-04-19,5.705681040383299,12.45
2023-04-19,7.704312114989733,12.5
2023-04-19,9.705681040383299,12.6
2023-04-20,1.1991786447638604,12.65
2023-04-20,1.702943189596167,12.16
2023-04-20,1.702943189596167,12.21
2023-04-20,2.702258726899384,12.059999999999999
2023-04-20,3.701574264202601,12.15
2023-04-20,5.702943189596167,12.57
2023-04-20,5.702943189596167,12.49
2023-04-20,7.701574264202601,12.559999999999999
2023-04-20,9.702943189596168,12.66
2023-04-24,1.1882272416153319,12.55
2023-04-24,1.6919917864476386,12.030000000000001
2023-04-24,1.6919917864476386,12.08
2023-04-24,2.6913073237508556,11.93
2023-04-24,3.6906228610540723,12.05
2023-04-24,5.691991786447638,12.51
2023-04-24,5.691991786447638,12.43
2023-04-24,7.690622861054073,12.5
2023-04-24,9.69199178644764,12.620000000000001
2023-04-25,1.1854893908281998,12.46
2023-04-25,1.6892539356605065,11.9
2023-04-25,1.6892539356605065,11.95
2023-04-25,2.6885694729637235,11.780000000000001
2023-04-25,3.6878850102669403,11.89
2023-04-25,5.689253935660506,12.370000000000001
2023-04-25,5.689253935660506,12.29
2023-04-25,7.687885010266941,12.370000000000001
2023-04-25,9.689253935660506,12.469999999999999
2023-04-26,1.1827515400410678,12.49
2023-04-26,1.6865160848733745,11.92
2023-04-26,1.6865160848733745,11.95
2023-04-26,2.6858316221765914,11.77
2023-04-26,3.685147159479808,11.86
2023-04-26,5.686516084873374,12.35
2023-04-26,5.686516084873374,12.27
2023-04-26,7.685147159479809,12.35
2023-04-26,9.686516084873375,12.46
2023-04-27,1.1800136892539357,12.45
2023-04-27,1.6837782340862424,11.879999999999999
2023-04-27,1.6837782340862424,11.92
2023-04-27,2.6830937713894594,11.68
2023-04-27,3.682409308692676,11.73
2023-04-27,5.683778234086242,12.190000000000001
2023-04-27,5.683778234086242,12.11
2023-04-27,7.682409308692677,12.2
2023-04-27,9.683778234086242,12.309999999999999
2023-04-28,1.1772758384668036,12.620000000000001
2023-04-28,1.68104038329911,12.09
2023-04-28,1.68104038329911,12.14
2023-04-28,2.6803559206023273,11.89
2023-04-28,3.679671457905544,11.879999999999999
2023-04-28,5.68104038329911,12.33
2023-04-28,5.68104038329911,12.23
2023-04-28,7.6796714579055445,12.309999999999999
2023-04-28,9.681040383299111,12.41
2023-05-02,1.1663244353182751,12.66
2023-05-02,1.6700889801505818,12.15
2023-05-02,1.6700889801505818,12.190000000000001
2023-05-02,2.6694045174537986,11.940000000000001
2023-05-02,3.668720054757016,11.92
2023-05-02,5.670088980150582,12.33
2023-05-02,5.670088980150582,12.24
2023-05-02,7.668720054757015,12.3
2023-05-02,9.670088980150581,12.379999999999999
2023-05-03,1.163586584531143,12.55
2023-05-03,1.6673511293634498,12.0
2023-05-03,1.6673511293634498,12.05
2023-05-03,2.6666666666666665,11.79
2023-05-03,3.6659822039698837,11.79
2023-05-03,5.66735112936345,12.26
2023-05-03,5.66735112936345,12.15
2023-05-03,7.665982203969883,12.21
2023-05-03,9.66735112936345,12.29
2023-05-04,1.160848733744011,12.49
2023-05-04,1.6646132785763177,11.879999999999999
2023-05-04,1.6646132785763177,11.940000000000001
2023-05-04,2.6639288158795345,11.629999999999999
2023-05-04,3.6632443531827517,11.620000000000001
2023-05-04,5.664613278576318,12.09
2023-05-04,5.664613278576318,11.98
2023-05-04,7.663244353182751,12.07
2023-05-04,9.664613278576317,12.16
2023-05-05,1.158110882956879,12.49
2023-05-05,1.6618754277891854,11.870000000000001
2023-05-05,1.6618754277891854,11.93
2023-05-05,2.6611909650924024,11.620000000000001
2023-05-05,3.6605065023956196,11.629999999999999
2023-05-05,5.661875427789186,12.11
2023-05-05,5.661875427789186,12.01
2023-05-05,7.660506502395619,12.08
2023-05-05,9.661875427789186,12.18
2023-05-08,1.1498973305954825,12.39
2023-05-08,1.6536618754277892,11.74
2023-05-08,1.6536618754277892,11.79
2023-05-08,2.652977412731006,11.46
2023-05-08,3.652292950034223,11.51
2023-05-08,5.653661875427789,12.04
2023-05-08,5.653661875427789,11.940000000000001
2023-05-08,7.652292950034223,12.04
2023-05-08,9.653661875427789,12.14
2023-05-09,1.1471594798083504,12.43
2023-05-09,1.6509240246406571,11.79
2023-05-09,1.6509240246406571,11.85
2023-05-09,2.650239561943874,11.58
2023-05-09,3.649555099247091,11.66
2023-05-09,5.650924024640657,12.16
2023-05-09,5.650924024640657,12.059999999999999
2023-05-09,7.649555099247091,12.17
2023-05-09,9.650924024640657,12.27
2023-05-10,1.1444216290212184,12.46
2023-05-10,1.648186173853525,11.84
2023-05-10,1.648186173853525,11.9
2023-05-10,2.647501711156742,11.6
2023-05-10,3.646817248459959,11.690000000000001
2023-05-10,5.648186173853525,12.219999999999999
2023-05-10,5.648186173853525,12.11
2023-05-10,7.646817248459959,12.27
2023-05-10,9.648186173853524,12.39
2023-05-11,1.1416837782340863,12.41
2023-05-11,1.6454483230663928,11.73
2023-05-11,1.6454483230663928,11.79
2023-05-11,2.64476386036961,11.440000000000001
2023-05-11,3.6440793976728267,11.51
2023-05-11,5.645448323066393,12.05
2023-05-11,5.645448323066393,11.95
2023-05-11,7.644079397672827,12.07
2023-05-11,9.645448323066393,12.15
2023-05-12,1.1389459274469542,12.51
2023-05-12,1.6427104722792607,11.82
2023-05-12,1.6427104722792607,11.9
2023-05-12,2.642026009582478,11.469999999999999
2023-05-12,3.6413415468856947,11.45
2023-05-12,5.642710472279261,11.91
2023-05-12,5.642710472279261,11.809999999999999
2023-05-12,7.641341546885695,11.89
2023-05-12,9.64271047227926,11.96
2023-05-15,1.1307323750855578,12.52
2023-05-15,1.6344969199178645,11.809999999999999
2023-05-15,1.6344969199178645,11.89
2023-05-15,2.6338124572210813,11.42
2023-05-15,3.6331279945242985,11.41
2023-05-15,5.634496919917864,11.83
2023-05-15,5.634496919917864,11.719999999999999
2023-05-15,7.6331279945242985,11.8
2023-05-15,9.634496919917865,11.84
2023-05-16,1.1279945242984257,12.5
2023-05-16,1.6317590691307324,11.76
2023-05-16,1.6317590691307324,11.809999999999999
2023-05-16,2.631074606433949,11.3
2023-05-16,3.6303901437371664,11.27
2023-05-16,5.631759069130732,11.66
2023-05-16,5.631759069130732,11.559999999999999
2023-05-16,7.630390143737166,11.629999999999999
2023-05-16,9.631759069130732,11.690000000000001
2023-05-17,1.1252566735112937,12.59
2023-05-17,1.6290212183436004,11.870000000000001
2023-05-17,1.6290212183436004,11.93
2023-05-17,2.628336755646817,11.440000000000001
2023-05-17,3.6276522929500343,11.41
2023-05-17,5.6290212183436,11.82
2023-05-17,5.6290212183436,11.73
2023-05-17,7.627652292950034,11.8
2023-05-17,9.6290212183436,11.870000000000001
2023-05-18,1.1225188227241616,12.54
2023-05-18,1.626283367556468,11.82
2023-05-18,1.626283367556468,11.879999999999999
2023-05-18,2.625598904859685,11.370000000000001
2023-05-18,3.6249144421629023,11.34
2023-05-18,5.626283367556468,11.75
2023-05-18,5.626283367556468,11.65
2023-05-18,7.624914442162902,11.74
2023-05-18,9.626283367556468,11.8
2023-05-19,1.1197809719370295,12.49
2023-05-19,1.623545516769336,11.77
2023-05-19,1.623545516769336,11.82
2023-05-19,2.622861054072553,11.35
2023-05-19,3.62217659137577,11.36
2023-05-19,5.623545516769336,11.8
2023-05-19,5.623545516769336,11.71
2023-05-19,7.62217659137577,11.8
2023-05-19,9.623545516769337,11.86
2023-05-22,1.111567419575633,12.48
2023-05-22,1.6153319644079398,11.75
2023-05-22,1.6153319644079398,11.8
2023-05-22,2.614647501711157,11.36
2023-05-22,3.6139630390143735,11.39
2023-05-22,5.61533196440794,11.85
2023-05-22,5.61533196440794,11.75
2023-05-22,7.613963039014374,11.83
2023-05-22,9.61533196440794,11.89
2023-05-23,1.108829568788501,12.52
2023-05-23,1.6125941136208077,11.82
2023-05-23,1.6125941136208077,11.870000000000001
2023-05-23,2.6119096509240247,11.41
2023-05-23,3.6112251882272415,11.41
2023-05-23,5.6125941136208075,11.86
2023-05-23,5.6125941136208075,11.77
2023-05-23,7.611225188227242,11.84
2023-05-23,9.612594113620808,11.91
2023-05-24,1.106091718001369,12.45
2023-05-24,1.6098562628336757,11.71
2023-05-24,1.6098562628336757,11.77
2023-05-24,2.6091718001368926,11.25
2023-05-24,3.6084873374401094,11.21
2023-05-24,5.6098562628336754,11.629999999999999
2023-05-24,5.6098562628336754,11.530000000000001
2023-05-24,7.60848733744011,11.59
2023-05-24,9.609856262833675,11.66
2023-05-25,1.103353867214237,12.3
2023-05-25,1.6071184120465434,11.5
2023-05-25,1.6071184120465434,11.55
2023-05-25,2.6064339493497606,11.01
2023-05-25,3.6057494866529773,11.02
2023-05-25,5.607118412046543,11.48
2023-05-25,5.607118412046543,11.379999999999999
2023-05-25,7.605749486652978,11.469999999999999
2023-05-25,9.607118412046544,11.559999999999999
2023-05-26,1.1006160164271048,12.280000000000001
2023-05-26,1.6043805612594113,11.54
2023-05-26,1.6043805612594113,11.59
2023-05-26,2.6036960985626285,11.11
2023-05-26,3.6030116358658453,11.09
2023-05-26,5.604380561259411,11.54
2023-05-26,5.604380561259411,11.440000000000001
2023-05-26,7.603011635865846,11.55
2023-05-26,9.604380561259411,11.66
2023-05-29,1.0924024640657084,12.27
2023-05-29,1.596167008898015,11.52
2023-05-29,1.596167008898015,11.57
2023-05-29,2.595482546201232,11.04
2023-05-29,3.594798083504449,11.01
2023-05-29,5.596167008898015,11.440000000000001
2023-05-29,5.596167008898015,11.33
2023-05-29,7.594798083504449,11.440000000000001
2023-05-29,9.596167008898014,11.55
2023-05-30,1.0896646132785763,12.26
2023-05-30,1.593429158110883,11.49
2023-05-30,1.593429158110883,11.55
2023-05-30,2.5927446954141,11.01
2023-05-30,3.592060232717317,10.969999999999999
2023-05-30,5.593429158110883,11.4
2023-05-30,5.593429158110883,11.29
2023-05-30,7.592060232717317,11.43
2023-05-30,9.593429158110883,11.54
2023-05-31,1.0869267624914443,12.26
2023-05-31,1.5906913073237507,11.51
2023-05-31,1.5906913073237507,11.559999999999999
2023-05-31,2.5900068446269677,11.02
2023-05-31,3.589322381930185,11.01
2023-05-31,5.590691307323751,11.46
2023-05-31,5.590691307323751,11.35
2023-05-31,7.5893223819301845,11.48
2023-05-31,9.59069130732375,11.58
2023-06-01,1.0841889117043122,12.34
2023-06-01,1.5879534565366187,11.57
2023-06-01,1.5879534565366187,11.629999999999999
2023-06-01,2.5872689938398357,11.02
2023-06-01,3.586584531143053,11.0
2023-06-01,5.587953456536619,11.46
2023-06-01,5.587953456536619,11.370000000000001
2023-06-01,7.586584531143052,11.5
2023-06-01,9.587953456536619,11.61
2023-06-02,1.08145106091718,12.26
2023-06-02,1.5852156057494866,11.5
2023-06-02,1.5852156057494866,11.559999999999999
2023-06-02,2.5845311430527036,10.95
2023-06-02,3.583846680355921,10.940000000000001
2023-06-02,5.585215605749487,11.370000000000001
2023-06-02,5.585215605749487,11.280000000000001
2023-06-02,7.58384668035592,11.41
2023-06-02,9.585215605749486,11.530000000000001
2023-06-05,1.0732375085557837,12.29
2023-06-05,1.5770020533880904,11.55
2023-06-05,1.5770020533880904,11.61
2023-06-05,2.5763175906913074,10.95
2023-06-05,3.575633127994524,10.89
2023-06-05,5.577002053388091,11.309999999999999
2023-06-05,5.577002053388091,11.219999999999999
2023-06-05,7.575633127994524,11.33
2023-06-05,9.57700205338809,11.43
2023-06-06,1.0704996577686516,12.120000000000001
2023-06-06,1.5742642026009583,11.33
2023-06-06,1.5742642026009583,11.39
2023-06-06,2.5735797399041753,10.68
2023-06-06,3.572895277207392,10.6
2023-06-06,5.574264202600959,11.030000000000001
2023-06-06,5.574264202600959,10.95
2023-06-06,7.572895277207392,11.05
2023-06-06,9.574264202600958,11.16
2023-06-07,1.0677618069815196,12.01
2023-06-07,1.571526351813826,11.21
2023-06-07,1.571526351813826,11.27
2023-06-07,2.5708418891170433,10.559999999999999
2023-06-07,3.57015742642026,10.530000000000001
2023-06-07,5.5715263518138265,10.91
2023-06-07,5.5715263518138265,10.84
2023-06-07,7.57015742642026,10.95
2023-06-07,9.571526351813826,11.08
2023-06-09,1.0622861054072552,12.04
2023-06-09,1.566050650239562,11.25
2023-06-09,1.566050650239562,11.309999999999999
2023-06-09,2.565366187542779,10.68
2023-06-09,3.564681724845996,10.68
2023-06-09,5.566050650239562,11.07
2023-06-09,5.566050650239562,11.01
2023-06-09,7.564681724845996,11.11
2023-06-09,9.566050650239562,11.24
2023-06-12,1.054072553045859,11.85
2023-06-12,1.5578370978781657,11.030000000000001
2023-06-12,1.5578370978781657,11.1
2023-06-12,2.5571526351813825,10.48
2023-06-12,3.5564681724845997,10.530000000000001
2023-06-12,5.557837097878165,10.96
2023-06-12,5.557837097878165,10.91
2023-06-12,7.5564681724846,11.04
2023-06-12,9.557837097878165,11.17
2023-06-13,1.051334702258727,11.93
2023-06-13,1.5550992470910336,11.129999999999999
2023-06-13,1.5550992470910336,11.190000000000001
2023-06-13,2.5544147843942504,10.6
2023-06-13,3.5537303216974676,10.67
2023-06-13,5.555099247091033,11.09
2023-06-13,5.555099247091033,11.05
2023-06-13,7.553730321697468,11.190000000000001
2023-06-13,9.555099247091034,11.32
2023-06-14,1.0485968514715949,12.01
2023-06-14,1.5523613963039014,11.21
2023-06-14,1.5523613963039014,11.27
2023-06-14,2.5516769336071183,10.7
2023-06-14,3.5509924709103355,10.780000000000001
2023-06-14,5.552361396303901,11.219999999999999
2023-06-14,5.552361396303901,11.17
2023-06-14,7.5509924709103355,11.309999999999999
2023-06-14,9.552361396303901,11.41
2023-06-15,1.0458590006844628,11.95
2023-06-15,1.5496235455167693,11.14
2023-06-15,1.5496235455167693,11.21
2023-06-15,2.5489390828199863,10.61
2023-06-15,3.5482546201232035,10.68
2023-06-15,5.549623545516769,11.07
2023-06-15,5.549623545516769,11.030000000000001
2023-06-15,7.5482546201232035,11.1
2023-06-15,9.54962354551677,11.21
2023-06-16,1.0431211498973305,12.0
2023-06-16,1.5468856947296372,11.23
2023-06-16,1.5468856947296372,11.29
2023-06-16,2.546201232032854,10.690000000000001
2023-06-16,3.5455167693360714,10.75
2023-06-16,5.546885694729637,11.129999999999999
2023-06-16,5.546885694729637,11.1
2023-06-16,7.545516769336071,11.17
2023-06-16,9.546885694729637,11.29
2023-06-19,1.0349075975359343,11.969999999999999
2023-06-19,1.538672142368241,11.18
2023-06-19,1.538672142368241,11.25
2023-06-19,2.537987679671458,10.61
2023-06-19,3.5373032169746748,10.629999999999999
2023-06-19,5.538672142368241,11.030000000000001
2023-06-19,5.538672142368241,10.99
2023-06-19,7.537303216974675,11.1
2023-06-19,9.538672142368242,11.2
2023-06-20,1.0321697467488022,11.91
2023-06-20,1.5359342915811087,11.16
2023-06-20,1.5359342915811087,11.219999999999999
2023-06-20,2.535249828884326,10.6
2023-06-20,3.5345653661875427,10.61
2023-06-20,5.535934291581109,11.01
2023-06-20,5.535934291581109,10.99
2023-06-20,7.534565366187543,11.09
2023-06-20,9.535934291581109,11.190000000000001
2023-06-21,1.0294318959616702,11.93
2023-06-21,1.5331964407939767,11.15
2023-06-21,1.5331964407939767,11.219999999999999
2023-06-21,2.532511978097194,10.65
2023-06-21,3.5318275154004106,10.67
2023-06-21,5.533196440793977,11.059999999999999
2023-06-21,5.533196440793977,11.04
2023-06-21,7.531827515400411,11.120000000000001
2023-06-21,9.533196440793978,11.21
2023-06-22,1.0266940451745379,12.0
2023-06-22,1.5304585900068446,11.190000000000001
2023-06-22,1.5304585900068446,11.26
2023-06-22,2.529774127310062,10.629999999999999
2023-06-22,3.5290896646132786,10.57
2023-06-22,5.530458590006845,10.91
2023-06-22,5.530458590006845,10.89
2023-06-22,7.529089664613279,10.93
2023-06-22,9.530458590006845,11.02
2023-06-23,1.0239561943874058,11.93
2023-06-23,1.5277207392197125,11.120000000000001
2023-06-23,1.5277207392197125,11.190000000000001
2023-06-23,2.5270362765229293,10.57
2023-06-23,3.5263518138261465,10.55
2023-06-23,5.5277207392197125,10.92
2023-06-23,5.5277207392197125,10.9
2023-06-23,7.526351813826146,10.96
2023-06-23,9.527720739219713,11.059999999999999
2023-06-26,1.0157426420260096,11.879999999999999
2023-06-26,1.5195071868583163,11.030000000000001
2023-06-26,1.5195071868583163,11.1
2023-06-26,2.518822724161533,10.48
2023-06-26,3.5181382614647503,10.46
2023-06-26,5.519507186858316,10.82
2023-06-26,5.519507186858316,10.8
2023-06-26,7.51813826146475,10.86
2023-06-26,9.519507186858316,10.969999999999999
2023-06-27,1.0130047912388775,11.83
2023-06-27,1.516769336071184,10.96
2023-06-27,1.516769336071184,11.030000000000001
2023-06-27,2.516084873374401,10.4
2023-06-27,3.515400410677618,10.4
2023-06-27,5.516769336071184,10.76
2023-06-27,5.516769336071184,10.74
2023-06-27,7.515400410677618,10.809999999999999
2023-06-27,9.516769336071183,10.91
2023-06-28,1.0102669404517455,11.870000000000001
2023-06-28,1.514031485284052,11.02
2023-06-28,1.514031485284052,11.09
2023-06-28,2.513347022587269,10.45
2023-06-28,3.512662559890486,10.46
2023-06-28,5.514031485284052,10.82
2023-06-28,5.514031485284052,10.8
2023-06-28,7.512662559890486,10.84
2023-06-28,9.514031485284052,10.9
2023-06-29,1.0075290896646132,11.879999999999999
2023-06-29,1.51129363449692,11.08
2023-06-29,1.51129363449692,11.15
2023-06-29,2.510609171800137,10.57
2023-06-29,3.509924709103354,10.59
2023-06-29,5.51129363449692,10.969999999999999
2023-06-29,5.51129363449692,10.940000000000001
2023-06-29,7.509924709103354,10.969999999999999
2023-06-29,9.51129363449692,11.04
2023-06-30,1.0047912388774811,11.719999999999999
2023-06-30,1.5085557837097878,10.86
2023-06-30,1.5085557837097878,10.93
2023-06-30,2.507871321013005,10.309999999999999
2023-06-30,3.5071868583162216,10.33
2023-06-30,5.508555783709788,10.71
2023-06-30,5.508555783709788,10.68
2023-06-30,7.507186858316222,10.74
2023-06-30,9.508555783709788,10.82
2023-07-03,0.9965776865160849,11.59
2023-07-03,1.5003422313483916,10.73
2023-07-03,1.5003422313483916,10.809999999999999
2023-07-03,2.4996577686516086,10.14
2023-07-03,3.4989733059548254,10.15
2023-07-03,5.500342231348392,10.52
2023-07-03,5.500342231348392,10.49
2023-07-03,7.498973305954825,10.54
2023-07-03,9.500342231348391,10.61
2023-07-04,0.9938398357289527,11.55
2023-07-04,1.4976043805612593,10.690000000000001
2023-07-04,1.4976043805612593,10.77
2023-07-04,2.4969199178644765,10.11
2023-07-04,3.4962354551676933,10.1
2023-07-04,5.49760438056126,10.51
2023-07-04,5.49760438056126,10.48
2023-07-04,7.496235455167693,10.55
2023-07-04,9.49760438056126,10.6
2023-07-05,0.9911019849418207,11.64
2023-07-05,1.4948665297741273,10.809999999999999
2023-07-05,1.4948665297741273,10.879999999999999
2023-07-05,2.4941820670773445,10.27
2023-07-05,3.4934976043805612,10.26
2023-07-05,5.494866529774128,10.67
2023-07-05,5.494866529774128,10.629999999999999
2023-07-05,7.493497604380561,10.690000000000001
2023-07-05,9.494866529774127,10.75
2023-07-06,0.9883641341546886,11.67
2023-07-06,1.4921286789869952,10.83
2023-07-06,1.4921286789869952,10.91
2023-07-06,2.4914442162902124,10.32
2023-07-06,3.490759753593429,10.34
2023-07-06,5.492128678986996,10.780000000000001
2023-07-06,5.492128678986996,10.74
2023-07-06,7.490759753593429,10.809999999999999
2023-07-06,9.492128678986996,10.89
2023-07-07,0.9856262833675564,11.67
2023-07-07,1.4893908281998631,10.8
2023-07-07,1.4893908281998631,10.879999999999999
2023-07-07,2.48870636550308,10.280000000000001
2023-07-07,3.488021902806297,10.3
2023-07-07,5.489390828199863,10.73
2023-07-07,5.489390828199863,10.67
2023-07-07,7.488021902806297,10.74
2023-07-07,9.489390828199863,10.809999999999999
2023-07-10,0.9774127310061602,11.620000000000001
2023-07-10,1.4811772758384667,10.74
2023-07-10,1.4811772758384667,10.82
2023-07-10,2.4804928131416837,10.21
2023-07-10,3.479808350444901,10.219999999999999
2023-07-10,5.4811772758384665,10.65
2023-07-10,5.4811772758384665,10.559999999999999
2023-07-10,7.479808350444901,10.65
2023-07-10,9.481177275838467,10.719999999999999
2023-07-11,0.974674880219028,11.71
2023-07-11,1.4784394250513346,10.85
2023-07-11,1.4784394250513346,10.940000000000001
2023-07-11,2.4777549623545516,10.33
2023-07-11,3.477070499657769,10.32
2023-07-11,5.478439425051334,10.71
2023-07-11,5.478439425051334,10.620000000000001
2023-07-11,7.477070499657769,10.7
2023-07-11,9.478439425051334,10.76
2023-07-12,0.971937029431896,11.71
2023-07-12,1.4757015742642026,10.809999999999999
2023-07-12,1.4757015742642026,10.89
2023-07-12,2.4750171115674195,10.24
2023-07-12,3.4743326488706368,10.219999999999999
2023-07-12,5.475701574264202,10.620000000000001
2023-07-12,5.475701574264202,10.530000000000001
2023-07-12,7.474332648870637,10.61
2023-07-12,9.475701574264203,10.66
2023-07-13,0.9691991786447639,11.719999999999999
2023-07-13,1.4729637234770705,10.82
2023-07-13,1.4729637234770705,10.92
2023-07-13,2.4722792607802875,10.27
2023-07-13,3.4715947980835042,10.24
2023-07-13,5.47296372347707,10.620000000000001
2023-07-13,5.47296372347707,10.530000000000001
2023-07-13,7.471594798083505,10.6
2023-07-13,9.47296372347707,10.66
2023-07-14,0.9664613278576317,11.71
2023-07-14,1.4702258726899384,10.809999999999999
2023-07-14,1.4702258726899384,10.91
2023-07-14,2.4695414099931554,10.29
2023-07-14,3.468856947296372,10.26
2023-07-14,5.470225872689938,10.65
2023-07-14,5.470225872689938,10.57
2023-07-14,7.468856947296373,10.629999999999999
2023-07-14,9.470225872689939,10.690000000000001
2023-07-17,0.9582477754962354,11.73
2023-07-17,1.462012320328542,10.85
2023-07-17,1.462012320328542,10.95
2023-07-17,2.461327857631759,10.370000000000001
2023-07-17,3.460643394934976,10.36
2023-07-17,5.462012320328542,10.73
2023-07-17,5.462012320328542,10.64
2023-07-17,7.460643394934976,10.719999999999999
2023-07-17,9.462012320328542,10.77
2023-07-18,0.9555099247091033,11.68
2023-07-18,1.45927446954141,10.89
2023-07-18,1.45927446954141,10.79
2023-07-18,2.458590006844627,10.309999999999999
2023-07-18,3.457905544147844,10.32
2023-07-18,5.45927446954141,10.71
2023-07-18,5.45927446954141,10.620000000000001
2023-07-18,7.457905544147844,10.690000000000001
2023-07-18,9.45927446954141,10.75
2023-07-19,0.9527720739219713,11.64
2023-07-19,1.4565366187542779,10.75
2023-07-19,1.4565366187542779,10.85
2023-07-19,2.455852156057495,10.25
2023-07-19,3.455167693360712,10.27
2023-07-19,5.456536618754278,10.66
2023-07-19,5.456536618754278,10.57
2023-07-19,7.455167693360712,10.68
2023-07-19,9.456536618754278,10.74
2023-07-20,0.9500342231348392,11.690000000000001
2023-07-20,1.4537987679671458,10.82
2023-07-20,1.4537987679671458,10.92
2023-07-20,2.4531143052703626,10.34
2023-07-20,3.4524298425735798,10.379999999999999
2023-07-20,5.453798767967146,10.780000000000001
2023-07-20,5.453798767967146,10.690000000000001
2023-07-20,7.452429842573579,10.8
2023-07-20,9.453798767967145,10.870000000000001
2023-07-21,0.947296372347707,11.64
2023-07-21,1.4510609171800137,10.8
2023-07-21,1.4510609171800137,10.9
2023-07-21,2.4503764544832305,10.34
2023-07-21,3.4496919917864477,10.39
2023-07-21,5.451060917180014,10.809999999999999
2023-07-21,5.451060917180014,10.719999999999999
2023-07-21,7.449691991786447,10.86
2023-07-21,9.451060917180014,10.940000000000001
2023-07-24,0.9390828199863107,11.59
2023-07-24,1.4428473648186173,10.75
2023-07-24,1.4428473648186173,10.86
2023-07-24,2.4421629021218343,10.29
2023-07-24,3.4414784394250515,10.379999999999999
2023-07-24,5.4428473648186175,10.77
2023-07-24,5.4428473648186175,10.68
2023-07-24,7.441478439425051,10.82
2023-07-24,9.442847364818617,10.92
2023-07-25,0.9363449691991786,11.48
2023-07-25,1.4401095140314852,10.61
2023-07-25,1.4401095140314852,10.71
2023-07-25,2.439425051334702,10.129999999999999
2023-07-25,3.4387405886379194,10.23
2023-07-25,5.4401095140314855,10.620000000000001
2023-07-25,5.4401095140314855,10.54
2023-07-25,7.438740588637919,10.7
2023-07-25,9.440109514031485,10.79
2023-07-26,0.9336071184120466,11.48
2023-07-26,1.4373716632443532,10.620000000000001
2023-07-26,1.4373716632443532,10.719999999999999
2023-07-26,2.43668720054757,10.17
2023-07-26,3.436002737850787,10.26
2023-07-26,5.437371663244353,10.68
2023-07-26,5.437371663244353,10.59
2023-07-26,7.436002737850787,10.719999999999999
2023-07-26,9.437371663244353,10.809999999999999
2023-07-27,0.9308692676249144,11.45
2023-07-27,1.434633812457221,10.620000000000001
2023-07-27,1.434633812457221,10.71
2023-07-27,2.433949349760438,10.2
2023-07-27,3.433264887063655,10.32
2023-07-27,5.434633812457221,10.76
2023-07-27,5.434633812457221,10.68
2023-07-27,7.433264887063655,10.82
2023-07-27,9.434633812457221,10.91
2023-07-28,0.9281314168377823,11.43
2023-07-28,1.431895961670089,10.61
2023-07-28,1.431895961670089,10.71
2023-07-28,2.431211498973306,10.190000000000001
2023-07-28,3.430527036276523,10.29
2023-07-28,5.431895961670089,10.73
2023-07-28,5.431895961670089,10.65
2023-07-28,7.430527036276523,10.809999999999999
2023-07-28,9.431895961670088,10.92
2023-07-31,0.919917864476386,11.440000000000001
2023-07-31,1.4236824093086926,10.61
2023-07-31,1.4236824093086926,10.71
2023-07-31,2.42299794661191,10.18
2023-07-31,3.4223134839151266,10.29
2023-07-31,5.423682409308693,10.75
2023-07-31,5.423682409308693,10.67
2023-07-31,7.422313483915127,10.82
2023-07-31,9.423682409308693,10.92
2023-08-01,0.917180013689254,11.48
2023-08-01,1.4209445585215605,10.67
2023-08-01,1.4209445585215605,10.76
2023-08-01,2.4202600958247777,10.219999999999999
2023-08-01,3.4195756331279945,10.3
2023-08-01,5.420944558521561,10.719999999999999
2023-08-01,5.420944558521561,10.629999999999999
2023-08-01,7.4195756331279945,10.77
2023-08-01,9.42094455852156,10.870000000000001
2023-08-02,0.9144421629021219,11.51
2023-08-02,1.4182067077344285,10.690000000000001
2023-08-02,1.4182067077344285,10.79
2023-08-02,2.4175222450376452,10.219999999999999
2023-08-02,3.4168377823408624,10.29
2023-08-02,5.418206707734429,10.68
2023-08-02,5.418206707734429,10.6
2023-08-02,7.416837782340862,10.74
2023-08-02,9.418206707734429,10.82
2023-08-03,0.9117043121149897,11.309999999999999
2023-08-03,1.4154688569472964,10.49
2023-08-03,1.4154688569472964,10.59
2023-08-03,2.414784394250513,10.01
2023-08-03,3.4140999315537304,10.120000000000001
2023-08-03,5.415468856947296,10.57
2023-08-03,5.415468856947296,10.49
2023-08-03,7.41409993155373,10.629999999999999
2023-08-03,9.415468856947296,10.71
2023-08-04,0.9089664613278576,11.35
2023-08-04,1.4127310061601643,10.54
2023-08-04,1.4127310061601643,10.64
2023-08-04,2.412046543463381,10.129999999999999
2023-08-04,3.4113620807665983,10.29
2023-08-04,5.412731006160164,10.79
2023-08-04,5.412731006160164,10.719999999999999
2023-08-04,7.411362080766598,10.84
2023-08-04,9.412731006160165,10.92
2023-08-07,0.9007529089664613,11.35
2023-08-07,1.404517453798768,10.52
2023-08-07,1.404517453798768,10.620000000000001
2023-08-07,2.403832991101985,10.08
2023-08-07,3.403148528405202,10.23
2023-08-07,5.404517453798768,10.73
2023-08-07,5.404517453798768,10.67
2023-08-07,7.403148528405202,10.8
2023-08-07,9.404517453798768,10.879999999999999
2023-08-08,0.8980150581793293,11.370000000000001
2023-08-08,1.4017796030116358,10.54
2023-08-08,1.4017796030116358,10.64
2023-08-08,2.401095140314853,10.07
2023-08-08,3.40041067761807,10.18
2023-08-08,5.401779603011636,10.68
2023-08-08,5.401779603011636,10.620000000000001
2023-08-08,7.40041067761807,10.76
2023-08-08,9.401779603011637,10.85
2023-08-09,0.8952772073921971,11.32
2023-08-09,1.3990417522245038,10.48
2023-08-09,1.3990417522245038,10.58
2023-08-09,2.3983572895277208,10.01
2023-08-09,3.3976728268309375,10.14
2023-08-09,5.3990417522245036,10.65
2023-08-09,5.3990417522245036,10.59
2023-08-09,7.397672826830938,10.73
2023-08-09,9.399041752224504,10.84
2023-08-10,0.892539356605065,11.309999999999999
2023-08-10,1.3963039014373717,10.440000000000001
2023-08-10,1.3963039014373717,10.54
2023-08-10,2.3956194387405887,9.969999999999999
2023-08-10,3.3949349760438055,10.11
2023-08-10,5.3963039014373715,10.64
2023-08-10,5.3963039014373715,10.58
2023-08-10,7.394934976043806,10.74
2023-08-10,9.396303901437372,10.86
2023-08-11,0.8898015058179329,11.219999999999999
2023-08-11,1.3935660506502396,10.34
2023-08-11,1.3935660506502396,10.440000000000001
2023-08-11,2.3928815879534566,9.91
2023-08-11,3.3921971252566734,10.07
2023-08-11,5.393566050650239,10.64
2023-08-11,5.393566050650239,10.57
2023-08-11,7.392197125256674,10.75
2023-08-11,9.39356605065024,10.879999999999999
2023-08-14,0.8815879534565366,11.26
2023-08-14,1.3853524982888432,10.39
2023-08-14,1.3853524982888432,10.49
2023-08-14,2.3846680355920604,9.969999999999999
2023-08-14,3.383983572895277,10.16
2023-08-14,5.385352498288843,10.74
2023-08-14,5.385352498288843,10.67
2023-08-14,7.383983572895278,10.86
2023-08-14,9.385352498288844,11.0
2023-08-15,0.8788501026694046,11.309999999999999
2023-08-15,1.3826146475017111,10.469999999999999
2023-08-15,1.3826146475017111,10.57
2023-08-15,2.3819301848049284,10.07
2023-08-15,3.381245722108145,10.24
2023-08-15,5.382614647501711,10.780000000000001
2023-08-15,5.382614647501711,10.719999999999999
2023-08-15,7.381245722108145,10.9
2023-08-15,9.382614647501711,11.04
2023-08-16,0.8761122518822724,11.32
2023-08-16,1.379876796714579,10.48
2023-08-16,1.379876796714579,10.58
2023-08-16,2.379192334017796,10.09
2023-08-16,3.378507871321013,10.280000000000001
2023-08-16,5.379876796714579,10.83
2023-08-16,5.379876796714579,10.77
2023-08-16,7.378507871321013,10.96
2023-08-16,9.379876796714578,11.1
2023-08-17,0.8733744010951403,11.33
2023-08-17,1.377138945927447,10.52
2023-08-17,1.377138945927447,10.620000000000001
2023-08-17,2.3764544832306638,10.16
2023-08-17,3.375770020533881,10.35
2023-08-17,5.377138945927447,10.91
2023-08-17,5.377138945927447,10.85
2023-08-17,7.3757700205338805,11.04
2023-08-17,9.377138945927447,11.190000000000001
2023-08-18,0.8706365503080082,11.32
2023-08-18,1.374401095140315,10.55
2023-08-18,1.374401095140315,10.66
2023-08-18,2.3737166324435317,10.24
2023-08-18,3.373032169746749,10.440000000000001
2023-08-18,5.374401095140315,10.98
2023-08-18,5.374401095140315,10.92
2023-08-18,7.3730321697467485,11.11
2023-08-18,9.374401095140314,11.25
2023-08-21,0.8624229979466119,11.32
2023-08-21,1.3661875427789185,10.55
2023-08-21,1.3661875427789185,10.65
2023-08-21,2.3655030800821355,10.25
2023-08-21,3.3648186173853527,10.46
2023-08-21,5.366187542778919,11.01
2023-08-21,5.366187542778919,10.95
2023-08-21,7.364818617385352,11.14
2023-08-21,9.366187542778919,11.29
2023-08-22,0.8596851471594799,11.309999999999999
2023-08-22,1.3634496919917864,10.559999999999999
2023-08-22,1.3634496919917864,10.66
2023-08-22,2.3627652292950034,10.3
2023-08-22,3.36208076659822,10.51
2023-08-22,5.363449691991787,11.04
2023-08-22,5.363449691991787,10.98
2023-08-22,7.36208076659822,11.16
2023-08-22,9.363449691991786,11.3
2023-08-23,0.8569472963723477,11.26
2023-08-23,1.3607118412046544,10.49
2023-08-23,1.3607118412046544,10.59
2023-08-23,2.3600273785078714,10.2
2023-08-23,3.359342915811088,10.39
2023-08-23,5.360711841204655,10.92
2023-08-23,5.360711841204655,10.85
2023-08-23,7.359342915811088,11.05
2023-08-23,9.360711841204655,11.17
2023-08-24,0.8542094455852156,11.27
2023-08-24,1.3579739904175223,10.469999999999999
2023-08-24,1.3579739904175223,10.57
2023-08-24,2.3572895277207393,10.16
2023-08-24,3.356605065023956,10.35
2023-08-24,5.3579739904175225,10.879999999999999
2023-08-24,5.3579739904175225,10.82
2023-08-24,7.356605065023956,11.01
2023-08-24,9.357973990417522,11.15
2023-08-25,0.8514715947980835,11.3
2023-08-25,1.3552361396303902,10.5
2023-08-25,1.3552361396303902,10.6
2023-08-25,2.3545516769336072,10.129999999999999
2023-08-25,3.353867214236824,10.3
2023-08-25,5.3552361396303905,10.85
2023-08-25,5.3552361396303905,10.780000000000001
2023-08-25,7.353867214236824,10.969999999999999
2023-08-25,9.35523613963039,11.129999999999999
2023-08-28,0.8432580424366872,11.33
2023-08-28,1.3470225872689938,10.55
2023-08-28,1.3470225872689938,10.65
2023-08-28,2.346338124572211,10.190000000000001
2023-08-28,3.345653661875428,10.35
2023-08-28,5.347022587268994,10.86
2023-08-28,5.347022587268994,10.8
2023-08-28,7.345653661875428,10.98
2023-08-28,9.347022587268993,11.11
2023-08-29,0.840520191649555,11.309999999999999
2023-08-29,1.3442847364818618,10.54
2023-08-29,1.3442847364818618,10.64
2023-08-29,2.3436002737850785,10.190000000000001
2023-08-29,3.3429158110882957,10.35
2023-08-29,5.344284736481861,10.85
2023-08-29,5.344284736481861,10.780000000000001
2023-08-29,7.342915811088296,10.95
2023-08-29,9.344284736481862,11.07
2023-08-30,0.837782340862423,11.27
2023-08-30,1.3415468856947297,10.48
2023-08-30,1.3415468856947297,10.58
2023-08-30,2.3408624229979464,10.1
2023-08-30,3.3401779603011637,10.24
2023-08-30,5.341546885694729,10.73
2023-08-30,5.341546885694729,10.66
2023-08-30,7.340177960301164,10.83
2023-08-30,9.34154688569473,10.95
2023-08-31,0.8350444900752909,11.25
2023-08-31,1.3388090349075976,10.49
2023-08-31,1.3388090349075976,10.58
2023-08-31,2.3381245722108144,10.14
2023-08-31,3.3374401095140316,10.309999999999999
2023-08-31,5.338809034907597,10.83
2023-08-31,5.338809034907597,10.76
2023-08-31,7.337440109514032,10.940000000000001
2023-08-31,9.338809034907598,11.05
2023-09-01,0.8323066392881588,11.3
2023-09-01,1.3360711841204653,10.59
2023-09-01,1.3360711841204653,10.68
2023-09-01,2.3353867214236823,10.309999999999999
2023-09-01,3.3347022587268995,10.530000000000001
2023-09-01,5.336071184120465,11.030000000000001
2023-09-01,5.336071184120465,10.95
2023-09-01,7.3347022587268995,11.11
2023-09-01,9.336071184120465,11.219999999999999
2023-09-04,0.8240930869267625,11.309999999999999
2023-09-04,1.3278576317590691,10.59
2023-09-04,1.3278576317590691,10.68
2023-09-04,2.327173169062286,10.280000000000001
2023-09-04,3.326488706365503,10.45
2023-09-04,5.327857631759069,10.91
2023-09-04,5.327857631759069,10.84
2023-09-04,7.326488706365503,10.99
2023-09-04,9.32785763175907,11.11
2023-09-05,0.8213552361396304,11.309999999999999
2023-09-05,1.325119780971937,10.620000000000001
2023-09-05,1.325119780971937,10.71
2023-09-05,2.324435318275154,10.34
2023-09-05,3.323750855578371,10.54
2023-09-05,5.325119780971937,11.01
2023-09-05,5.325119780971937,10.940000000000001
2023-09-05,7.323750855578371,11.11
2023-09-05,9.325119780971937,11.219999999999999
2023-09-06,0.8186173853524983,11.29
2023-09-06,1.322381930184805,10.61
2023-09-06,1.322381930184805,10.690000000000001
2023-09-06,2.321697467488022,10.36
2023-09-06,3.3210130047912387,10.58
2023-09-06,5.322381930184805,11.09
2023-09-06,5.322381930184805,11.01
2023-09-06,7.321013004791239,11.190000000000001
2023-09-06,9.322381930184806,11.3
2023-09-08,0.813141683778234,11.26
2023-09-08,1.3169062286105406,10.559999999999999
2023-09-08,1.3169062286105406,10.64
2023-09-08,2.316221765913758,10.309999999999999
2023-09-08,3.3155373032169746,10.559999999999999
2023-09-08,5.316906228610541,11.1
2023-09-08,5.316906228610541,11.02
2023-09-08,7.315537303216975,11.2
2023-09-08,9.316906228610542,11.33
2023-09-11,0.8049281314168378,11.24
2023-09-11,1.3086926762491444,10.55
2023-09-11,1.3086926762491444,10.64
2023-09-11,2.308008213552361,10.29
2023-09-11,3.3073237508555784,10.54
2023-09-11,5.308692676249144,11.059999999999999
2023-09-11,5.308692676249144,10.969999999999999
2023-09-11,7.307323750855578,11.16
2023-09-11,9.308692676249144,11.280000000000001
2023-09-12,0.8021902806297057,11.16
2023-09-12,1.3059548254620124,10.43
2023-09-12,1.3059548254620124,10.51
2023-09-12,2.305270362765229,10.15
2023-09-12,3.3045859000684463,10.41
2023-09-12,5.305954825462012,10.99
2023-09-12,5.305954825462012,10.91
2023-09-12,7.304585900068446,11.120000000000001
2023-09-12,9.305954825462011,11.26
2023-09-13,0.7994524298425736,11.15
2023-09-13,1.3032169746748803,10.43
2023-09-13,1.3032169746748803,10.52
2023-09-13,2.302532511978097,10.16
2023-09-13,3.3018480492813143,10.43
2023-09-13,5.30321697467488,11.0
2023-09-13,5.30321697467488,10.92
2023-09-13,7.301848049281314,11.129999999999999
2023-09-13,9.30321697467488,11.26
2023-09-14,0.7967145790554415,11.129999999999999
2023-09-14,1.3004791238877482,10.39
2023-09-14,1.3004791238877482,10.49
2023-09-14,2.299794661190965,10.120000000000001
2023-09-14,3.299110198494182,10.379999999999999
2023-09-14,5.300479123887748,10.96
2023-09-14,5.300479123887748,10.89
2023-09-14,7.299110198494182,11.09
2023-09-14,9.300479123887747,11.219999999999999
2023-09-15,0.7939767282683093,11.15
2023-09-15,1.297741273100616,10.440000000000001
2023-09-15,1.297741273100616,10.52
2023-09-15,2.297056810403833,10.16
2023-09-15,3.29637234770705,10.41
2023-09-15,5.297741273100616,10.99
2023-09-15,5.297741273100616,10.92
2023-09-15,7.29637234770705,11.129999999999999
2023-09-15,9.297741273100616,11.27
2023-09-18,0.785763175906913,11.15
2023-09-18,1.2895277207392197,10.42
2023-09-18,1.2895277207392197,10.5
2023-09-18,2.2888432580424367,10.16
2023-09-18,3.2881587953456535,10.42
2023-09-18,5.28952772073922,11.02
2023-09-18,5.28952772073922,10.95
2023-09-18,7.2881587953456535,11.16
2023-09-18,9.289527720739219,11.29
2023-09-19,0.783025325119781,11.17
2023-09-19,1.2867898699520877,10.45
2023-09-19,1.2867898699520877,10.530000000000001
2023-09-19,2.2861054072553046,10.219999999999999
2023-09-19,3.2854209445585214,10.49
2023-09-19,5.286789869952088,11.059999999999999
2023-09-19,5.286789869952088,10.99
2023-09-19,7.285420944558521,11.190000000000001
2023-09-19,9.286789869952088,11.32
2023-09-20,0.7802874743326489,11.18
2023-09-20,1.2840520191649556,10.469999999999999
2023-09-20,1.2840520191649556,10.55
2023-09-20,2.2833675564681726,10.25
2023-09-20,3.2826830937713893,10.52
2023-09-20,5.284052019164956,11.1
2023-09-20,5.284052019164956,11.02
2023-09-20,7.282683093771389,11.24
2023-09-20,9.284052019164955,11.36
2023-09-21,0.7775496235455168,11.21
2023-09-21,1.2813141683778233,10.55
2023-09-21,1.2813141683778233,10.620000000000001
2023-09-21,2.2806297056810405,10.34
2023-09-21,3.2799452429842573,10.620000000000001
2023-09-21,5.281314168377824,11.17
2023-09-21,5.281314168377824,11.09
2023-09-21,7.279945242984257,11.309999999999999
2023-09-21,9.281314168377824,11.42
2023-09-22,0.7748117727583846,11.18
2023-09-22,1.2785763175906912,10.54
2023-09-22,1.2785763175906912,10.61
2023-09-22,2.2778918548939084,10.34
2023-09-22,3.277207392197125,10.620000000000001
2023-09-22,5.278576317590692,11.17
2023-09-22,5.278576317590692,11.09
2023-09-22,7.277207392197125,11.3
2023-09-22,9.27857631759069,11.42
2023-09-25,0.7665982203969883,11.17
2023-09-25,1.270362765229295,10.54
2023-09-25,1.270362765229295,10.6
2023-09-25,2.269678302532512,10.35
2023-09-25,3.268993839835729,10.65
2023-09-25,5.270362765229295,11.23
2023-09-25,5.270362765229295,11.16
2023-09-25,7.268993839835729,11.370000000000001
2023-09-25,9.270362765229295,11.5
2023-09-26,0.7638603696098563,11.21
2023-09-26,1.267624914442163,10.620000000000001
2023-09-26,1.267624914442163,10.690000000000001
2023-09-26,2.2669404517453797,10.51
2023-09-26,3.266255989048597,10.809999999999999
2023-09-26,5.2676249144421625,11.370000000000001
2023-09-26,5.2676249144421625,11.29
2023-09-26,7.266255989048597,11.52
2023-09-26,9.267624914442163,11.65
2023-09-27,0.7611225188227242,11.29
2023-09-27,1.264887063655031,10.76
2023-09-27,1.264887063655031,10.84
2023-09-27,2.2642026009582477,10.690000000000001
2023-09-27,3.263518138261465,11.02
2023-09-27,5.2648870636550305,11.59
2023-09-27,5.2648870636550305,11.530000000000001
2023-09-27,7.263518138261465,11.77
2023-09-27,9.264887063655031,11.91
2023-09-28,0.758384668035592,11.36
2023-09-28,1.2621492128678986,10.91
2023-09-28,1.2621492128678986,10.98
2023-09-28,2.2614647501711156,10.870000000000001
2023-09-28,3.260780287474333,11.17
2023-09-28,5.262149212867898,11.65
2023-09-28,5.262149212867898,11.58
2023-09-28,7.260780287474333,11.8
2023-09-28,9.262149212867898,11.92
2023-09-29,0.75564681724846,11.33
2023-09-29,1.2594113620807665,10.82
2023-09-29,1.2594113620807665,10.89
2023-09-29,2.2587268993839835,10.68
2023-09-29,3.2580424366872007,10.95
2023-09-29,5.259411362080766,11.45
2023-09-29,5.259411362080766,11.379999999999999
2023-09-29,7.258042436687201,11.61
2023-09-29,9.259411362080767,11.73
2023-10-02,0.7474332648870636,11.379999999999999
2023-10-02,1.2511978097193703,10.91
2023-10-02,1.2511978097193703,10.969999999999999
2023-10-02,2.2505133470225873,10.76
2023-10-02,3.249828884325804,11.030000000000001
2023-10-02,5.25119780971937,11.51
2023-10-02,5.25119780971937,11.440000000000001
2023-10-02,7.2498288843258045,11.65
2023-10-02,9.25119780971937,11.76
2023-10-03,0.7446954140999316,11.469999999999999
2023-10-03,1.2484599589322383,11.07
2023-10-03,1.2484599589322383,11.120000000000001
2023-10-03,2.2477754962354553,10.98
2023-10-03,3.247091033538672,11.23
2023-10-03,5.248459958932238,11.690000000000001
2023-10-03,5.248459958932238,11.61
2023-10-03,7.2470910335386725,11.809999999999999
2023-10-03,9.248459958932239,11.92
2023-10-04,0.7419575633127995,11.469999999999999
2023-10-04,1.2457221081451062,11.07
2023-10-04,1.2457221081451062,11.11
2023-10-04,2.245037645448323,10.99
2023-10-04,3.24435318275154,11.25
2023-10-04,5.245722108145106,11.74
2023-10-04,5.245722108145106,11.68
2023-10-04,7.24435318275154,11.879999999999999
2023-10-04,9.245722108145106,12.0
2023-10-05,0.7392197125256673,11.379999999999999
2023-10-05,1.242984257357974,10.93
2023-10-05,1.242984257357974,10.98
2023-10-05,2.242299794661191,10.89
2023-10-05,3.241615331964408,11.16
2023-10-05,5.242984257357974,11.7
2023-10-05,5.242984257357974,11.629999999999999
2023-10-05,7.241615331964408,11.86
2023-10-05,9.242984257357975,11.99
2023-10-06,0.7364818617385352,11.440000000000001
2023-10-06,1.2402464065708418,11.04
2023-10-06,1.2402464065708418,11.08
2023-10-06,2.239561943874059,11.02
2023-10-06,3.238877481177276,11.280000000000001
2023-10-06,5.240246406570842,11.8
2023-10-06,5.240246406570842,11.73
2023-10-06,7.238877481177276,11.940000000000001
2023-10-06,9.240246406570842,12.059999999999999
2023-10-09,0.7282683093771389,11.379999999999999
2023-10-09,1.2320328542094456,10.969999999999999
2023-10-09,1.2320328542094456,11.0
2023-10-09,2.2313483915126624,10.92
2023-10-09,3.2306639288158796,11.190000000000001
2023-10-09,5.232032854209446,11.71
2023-10-09,5.232032854209446,11.64
2023-10-09,7.230663928815879,11.870000000000001
2023-10-09,9.232032854209445,12.02
2023-10-10,0.7255304585900069,11.32
2023-10-10,1.2292950034223136,10.85
2023-10-10,1.2292950034223136,10.83
2023-10-10,2.2286105407255303,10.73
2023-10-10,3.2279260780287475,10.96
2023-10-10,5.229295003422314,11.41
2023-10-10,5.229295003422314,11.46
2023-10-10,7.227926078028747,11.64
2023-10-10,9.229295003422314,11.77
2023-10-11,0.7227926078028748,11.27
2023-10-11,1.2265571526351813,10.71
2023-10-11,1.2265571526351813,10.74
2023-10-11,2.2258726899383983,10.57
2023-10-11,3.2251882272416155,10.780000000000001
2023-10-11,5.2265571526351815,11.29
2023-10-11,5.2265571526351815,11.24
2023-10-11,7.225188227241615,11.49
2023-10-11,9.22655715263518,11.620000000000001
2023-10-13,0.7173169062286106,11.4
2023-10-13,1.2210814510609171,10.92
2023-10-13,1.2210814510609171,10.940000000000001
2023-10-13,2.220396988364134,10.79
2023-10-13,3.2197125256673513,10.969999999999999
2023-10-13,5.221081451060917,11.46
2023-10-13,5.221081451060917,11.4
2023-10-13,7.219712525667351,11.64
2023-10-13,9.221081451060916,11.77
2023-10-16,0.7091033538672142,11.42
2023-10-16,1.212867898699521,11.0
2023-10-16,1.212867898699521,11.01
2023-10-16,2.212183436002738,10.9
2023-10-16,3.2114989733059547,11.08
2023-10-16,5.212867898699521,11.59
2023-10-16,5.212867898699521,11.52
2023-10-16,7.211498973305955,11.76
2023-10-16,9.212867898699521,11.89
2023-10-17,0.7063655030800822,11.34
2023-10-17,1.2101300479123889,10.870000000000001
2023-10-17,1.2101300479123889,10.89
2023-10-17,2.209445585215606,10.75
2023-10-17,3.2087611225188226,10.92
2023-10-17,5.210130047912389,11.4
2023-10-17,5.210130047912389,11.33
2023-10-17,7.208761122518823,11.58
2023-10-17,9.210130047912388,11.71
2023-10-18,0.70362765229295,11.469999999999999
2023-10-18,1.2073921971252566,11.09
2023-10-18,1.2073921971252566,11.1
2023-10-18,2.206707734428474,11.01
2023-10-18,3.2060232717316905,11.17
2023-10-18,5.207392197125257,11.61
2023-10-18,5.207392197125257,11.54
2023-10-18,7.2060232717316905,11.76
2023-10-18,9.207392197125257,11.870000000000001
2023-10-19,0.7008898015058179,11.469999999999999
2023-10-19,1.2046543463381245,11.16
2023-10-19,1.2046543463381245,11.17
2023-10-19,2.2039698836413417,11.15
2023-10-19,3.2032854209445585,11.280000000000001
2023-10-19,5.204654346338125,11.68
2023-10-19,5.204654346338125,11.61
2023-10-19,7.2032854209445585,11.79
2023-10-19,9.204654346338124,11.86
2023-10-20,0.6981519507186859,11.46
2023-10-20,1.2019164955509924,11.219999999999999
2023-10-20,1.2019164955509924,11.23
2023-10-20,2.2012320328542097,11.3
2023-10-20,3.2005475701574264,11.469999999999999
2023-10-20,5.201916495550993,11.870000000000001
2023-10-20,5.201916495550993,11.809999999999999
2023-10-20,7.200547570157426,11.969999999999999
2023-10-20,9.201916495550993,12.02
2023-10-23,0.6899383983572895,11.41
2023-10-23,1.1937029431895962,11.120000000000001
2023-10-23,1.1937029431895962,11.120000000000001
2023-10-23,2.193018480492813,11.18
2023-10-23,3.19233401779603,11.36
2023-10-23,5.193702943189596,11.82
2023-10-23,5.193702943189596,11.77
2023-10-23,7.19233401779603,11.96
2023-10-23,9.193702943189596,12.04
2023-10-24,0.6872005475701575,11.370000000000001
2023-10-24,1.1909650924024642,11.02
2023-10-24,1.1909650924024642,11.02
2023-10-24,2.190280629705681,11.0
2023-10-24,3.189596167008898,11.18
2023-10-24,5.190965092402464,11.620000000000001
2023-10-24,5.190965092402464,11.559999999999999
2023-10-24,7.189596167008898,11.76
2023-10-24,9.190965092402465,11.84
2023-10-25,0.6844626967830253,11.33
2023-10-25,1.1882272416153319,10.93
2023-10-25,1.1882272416153319,10.93
2023-10-25,2.187542778918549,10.870000000000001
2023-10-25,3.186858316221766,11.04
2023-10-25,5.188227241615332,11.5
2023-10-25,5.188227241615332,11.43
2023-10-25,7.186858316221766,11.629999999999999
2023-10-25,9.188227241615332,11.71
2023-10-26,0.6817248459958932,11.309999999999999
2023-10-26,1.1854893908281998,10.9
2023-10-26,1.1854893908281998,10.89
2023-10-26,2.184804928131417,10.82
2023-10-26,3.184120465434634,11.01
2023-10-26,5.1854893908282,11.49
2023-10-26,5.1854893908282,11.42
2023-10-26,7.184120465434634,11.64
2023-10-26,9.1854893908282,11.73
2023-10-27,0.6789869952087612,11.27
2023-10-27,1.1827515400410678,10.83
2023-10-27,1.1827515400410678,10.83
2023-10-27,2.1820670773442847,10.690000000000001
2023-10-27,3.1813826146475015,10.82
2023-10-27,5.1827515400410675,11.309999999999999
2023-10-27,5.1827515400410675,11.25
2023-10-27,7.181382614647502,11.469999999999999
2023-10-27,9.182751540041068,11.57
2023-10-30,0.6707734428473648,11.309999999999999
2023-10-30,1.1745379876796715,10.95
2023-10-30,1.1745379876796715,10.940000000000001
2023-10-30,2.1738535249828885,10.84
2023-10-30,3.1731690622861053,10.96
2023-10-30,5.174537987679671,11.43
2023-10-30,5.174537987679671,11.370000000000001
2023-10-30,7.173169062286106,11.58
2023-10-30,9.174537987679672,11.67
2023-10-31,0.6680355920602327,11.35
2023-10-31,1.1718001368925393,11.059999999999999
2023-10-31,1.1718001368925393,11.059999999999999
2023-10-31,2.1711156741957565,11.04
2023-10-31,3.1704312114989732,11.18
2023-10-31,5.171800136892539,11.620000000000001
2023-10-31,5.171800136892539,11.55
2023-10-31,7.170431211498974,11.75
2023-10-31,9.17180013689254,11.83
2023-11-01,0.6652977412731006,11.33
2023-11-01,1.1690622861054072,11.09
2023-11-01,1.1690622861054072,11.09
2023-11-01,2.1683778234086244,11.16
2023-11-01,3.167693360711841,11.309999999999999
2023-11-01,5.169062286105407,11.719999999999999
2023-11-01,5.169062286105407,11.65
2023-11-01,7.167693360711842,11.809999999999999
2023-11-01,9.169062286105408,11.86
2023-11-03,0.6598220396988365,11.190000000000001
2023-11-03,1.163586584531143,10.870000000000001
2023-11-03,1.163586584531143,10.870000000000001
2023-11-03,2.16290212183436,10.84
2023-11-03,3.162217659137577,11.01
2023-11-03,5.163586584531143,11.46
2023-11-03,5.163586584531143,11.379999999999999
2023-11-03,7.162217659137577,11.57
2023-11-03,9.163586584531142,11.65
2023-11-06,0.6516084873374401,11.190000000000001
2023-11-06,1.1553730321697468,10.84
2023-11-06,1.1553730321697468,10.86
2023-11-06,2.1546885694729636,10.719999999999999
2023-11-06,3.154004106776181,10.870000000000001
2023-11-06,5.155373032169747,11.33
2023-11-06,5.155373032169747,11.25
2023-11-06,7.15400410677618,11.43
2023-11-06,9.155373032169747,11.52
2023-11-07,0.648870636550308,11.2
2023-11-07,1.1526351813826146,10.86
2023-11-07,1.1526351813826146,10.89
2023-11-07,2.1519507186858315,10.8
2023-11-07,3.1512662559890487,10.95
2023-11-07,5.152635181382615,11.42
2023-11-07,5.152635181382615,11.34
2023-11-07,7.151266255989048,11.530000000000001
2023-11-07,9.152635181382614,11.6
2023-11-08,0.6461327857631759,11.16
2023-11-08,1.1498973305954825,10.84
2023-11-08,1.1498973305954825,10.870000000000001
2023-11-08,2.1492128678986995,10.75
2023-11-08,3.1485284052019167,10.86
2023-11-08,5.149897330595483,11.3
2023-11-08,5.149897330595483,11.219999999999999
2023-11-08,7.148528405201916,11.4
2023-11-08,9.149897330595483,11.48
2023-11-09,0.6433949349760438,11.11
2023-11-09,1.1471594798083504,10.780000000000001
2023-11-09,1.1471594798083504,10.809999999999999
2023-11-09,2.1464750171115674,10.66
2023-11-09,3.1457905544147846,10.73
2023-11-09,5.147159479808351,11.190000000000001
2023-11-09,5.147159479808351,11.120000000000001
2023-11-09,7.145790554414784,11.280000000000001
2023-11-09,9.14715947980835,11.370000000000001
2023-11-10,0.6406570841889117,11.08
2023-11-10,1.1444216290212184,10.75
2023-11-10,1.1444216290212184,10.79
2023-11-10,2.1437371663244353,10.66
2023-11-10,3.143052703627652,10.76
2023-11-10,5.144421629021219,11.23
2023-11-10,5.144421629021219,11.16
2023-11-10,7.143052703627652,11.34
2023-11-10,9.144421629021219,11.42
2023-11-13,0.6324435318275154,11.07
2023-11-13,1.136208076659822,10.719999999999999
2023-11-13,1.136208076659822,10.77
2023-11-13,2.135523613963039,10.620000000000001
2023-11-13,3.134839151266256,10.73
2023-11-13,5.136208076659822,11.17
2023-11-13,5.136208076659822,11.11
2023-11-13,7.134839151266256,11.280000000000001
2023-11-13,9.136208076659821,11.36
2023-11-14,0.6297056810403833,11.04
2023-11-14,1.1334702258726899,10.64
2023-11-14,1.1334702258726899,10.68
2023-11-14,2.132785763175907,10.49
2023-11-14,3.132101300479124,10.620000000000001
2023-11-14,5.13347022587269,11.08
2023-11-14,5.13347022587269,11.02
2023-11-14,7.132101300479124,11.219999999999999
2023-11-14,9.13347022587269,11.3
2023-11-16,0.6242299794661191,10.98
2023-11-16,1.1279945242984257,10.52
2023-11-16,1.1279945242984257,10.57
2023-11-16,2.127310061601643,10.35
2023-11-16,3.1266255989048597,10.48
2023-11-16,5.127994524298426,10.96
2023-11-16,5.127994524298426,10.89
2023-11-16,7.12662559890486,11.08
2023-11-16,9.127994524298426,11.16
2023-11-17,0.621492128678987,10.93
2023-11-17,1.1252566735112937,10.42
2023-11-17,1.1252566735112937,10.469999999999999
2023-11-17,2.1245722108145104,10.25
2023-11-17,3.1238877481177276,10.370000000000001
2023-11-17,5.125256673511293,10.85
2023-11-17,5.125256673511293,10.780000000000001
2023-11-17,7.123887748117728,10.96
2023-11-17,9.125256673511293,11.04
2023-11-20,0.6132785763175906,10.93
2023-11-20,1.1170431211498972,10.43
2023-11-20,1.1170431211498972,10.48
2023-11-20,2.116358658453114,10.29
2023-11-20,3.1156741957563314,10.41
2023-11-20,5.117043121149897,10.879999999999999
2023-11-20,5.117043121149897,10.809999999999999
2023-11-20,7.115674195756331,11.01
2023-11-20,9.117043121149898,11.09
2023-11-21,0.6105407255304586,10.95
2023-11-21,1.1143052703627652,10.51
2023-11-21,1.1143052703627652,10.559999999999999
2023-11-21,2.113620807665982,10.379999999999999
2023-11-21,3.1129363449691994,10.48
2023-11-21,5.114305270362765,10.93
2023-11-21,5.114305270362765,10.870000000000001
2023-11-21,7.112936344969199,11.04
2023-11-21,9.114305270362765,11.120000000000001
2023-11-22,0.6078028747433265,10.940000000000001
2023-11-22,1.111567419575633,10.469999999999999
2023-11-22,1.111567419575633,10.52
2023-11-22,2.11088295687885,10.33
2023-11-22,3.1101984941820673,10.440000000000001
2023-11-22,5.111567419575633,10.89
2023-11-22,5.111567419575633,10.82
2023-11-22,7.110198494182067,11.01
2023-11-22,9.111567419575634,11.08
2023-11-23,0.6050650239561944,10.95
2023-11-23,1.108829568788501,10.469999999999999
2023-11-23,1.108829568788501,10.52
2023-11-23,2.108145106091718,10.35
2023-11-23,3.1074606433949348,10.46
2023-11-23,5.108829568788501,10.92
2023-11-23,5.108829568788501,10.86
2023-11-23,7.107460643394935,11.02
2023-11-23,9.1088295687885,11.1
2023-11-24,0.6023271731690623,10.95
2023-11-24,1.106091718001369,10.49
2023-11-24,1.106091718001369,10.530000000000001
2023-11-24,2.105407255304586,10.370000000000001
2023-11-24,3.1047227926078027,10.48
2023-11-24,5.106091718001369,10.96
2023-11-24,5.106091718001369,10.89
2023-11-24,7.104722792607803,11.08
2023-11-24,9.10609171800137,11.16
2023-11-27,0.5941136208076659,10.93
2023-11-27,1.0978781656399725,10.43
2023-11-27,1.0978781656399725,10.469999999999999
2023-11-27,2.0971937029431897,10.29
2023-11-27,3.0965092402464065,10.440000000000001
2023-11-27,5.0978781656399725,10.940000000000001
2023-11-27,5.0978781656399725,10.870000000000001
2023-11-27,7.096509240246407,11.07
2023-11-27,9.097878165639973,11.15
2023-11-28,0.5913757700205339,10.92
2023-11-28,1.0951403148528405,10.4
2023-11-28,1.0951403148528405,10.45
2023-11-28,2.0944558521560577,10.21
2023-11-28,3.0937713894592744,10.32
2023-11-28,5.0951403148528405,10.8
2023-11-28,5.0951403148528405,10.73
2023-11-28,7.093771389459275,10.92
2023-11-28,9.095140314852841,11.0
2023-11-29,0.5886379192334018,10.9
2023-11-29,1.0924024640657084,10.379999999999999
2023-11-29,1.0924024640657084,10.42
2023-11-29,2.0917180013689256,10.15
2023-11-29,3.0910335386721424,10.24
2023-11-29,5.092402464065708,10.690000000000001
2023-11-29,5.092402464065708,10.620000000000001
2023-11-29,7.091033538672143,10.8
2023-11-29,9.092402464065708,10.870000000000001
2023-11-30,0.5859000684462696,10.9
2023-11-30,1.0896646132785763,10.42
2023-11-30,1.0896646132785763,10.469999999999999
2023-11-30,2.088980150581793,10.2
2023-11-30,3.0882956878850103,10.280000000000001
2023-11-30,5.089664613278576,10.719999999999999
2023-11-30,5.089664613278576,10.66
2023-11-30,7.08829568788501,10.84
2023-11-30,9.089664613278575,10.91
2023-12-01,0.5831622176591376,10.83
2023-12-01,1.0869267624914443,10.29
2023-12-01,1.0869267624914443,10.34
2023-12-01,2.086242299794661,10.08
2023-12-01,3.0855578370978782,10.21
2023-12-01,5.086926762491444,10.7
2023-12-01,5.086926762491444,10.64
2023-12-01,7.085557837097878,10.86
2023-12-01,9.086926762491444,10.96
2023-12-04,0.5749486652977412,10.82
2023-12-04,1.0787132101300478,10.29
2023-12-04,1.0787132101300478,10.34
2023-12-04,2.078028747433265,10.04
2023-12-04,3.077344284736482,10.18
2023-12-04,5.078713210130048,10.68
2023-12-04,5.078713210130048,10.629999999999999
2023-12-04,7.077344284736482,10.84
2023-12-04,9.078713210130047,10.95
2023-12-05,0.5722108145106092,10.85
2023-12-05,1.0759753593429158,10.36
2023-12-05,1.0759753593429158,10.41
2023-12-05,2.0752908966461328,10.15
2023-12-05,3.07460643394935,10.29
2023-12-05,5.075975359342916,10.76
2023-12-05,5.075975359342916,10.71
2023-12-05,7.0746064339493495,10.91
2023-12-05,9.075975359342916,11.02
2023-12-06,0.5694729637234771,10.83
2023-12-06,1.0732375085557837,10.35
2023-12-06,1.0732375085557837,10.39
2023-12-06,2.0725530458590007,10.120000000000001
2023-12-06,3.0718685831622174,10.24
2023-12-06,5.073237508555784,10.690000000000001
2023-12-06,5.073237508555784,10.64
2023-12-06,7.0718685831622174,10.85
2023-12-06,9.073237508555783,10.95
2023-12-07,0.5667351129363449,10.79
2023-12-07,1.0704996577686516,10.3
2023-12-07,1.0704996577686516,10.34
2023-12-07,2.0698151950718686,10.09
2023-12-07,3.0691307323750854,10.219999999999999
2023-12-07,5.070499657768652,10.67
2023-12-07,5.070499657768652,10.620000000000001
2023-12-07,7.069130732375085,10.83
2023-12-07,9.070499657768652,10.93
2023-12-08,0.5639972621492129,10.77
2023-12-08,1.0677618069815196,10.29
2023-12-08,1.0677618069815196,10.34
2023-12-08,2.0670773442847366,10.05
2023-12-08,3.0663928815879533,10.18
2023-12-08,5.06776180698152,10.65
2023-12-08,5.06776180698152,10.6
2023-12-08,7.066392881587953,10.82
2023-12-08,9.067761806981519,10.940000000000001
2023-12-11,0.5557837097878165,10.780000000000001
2023-12-11,1.0595482546201231,10.309999999999999
2023-12-11,1.0595482546201231,10.36
2023-12-11,2.0588637919233403,10.1
2023-12-11,3.058179329226557,10.21
2023-12-11,5.059548254620124,10.66
2023-12-11,5.059548254620124,10.61
2023-12-11,7.058179329226557,10.84
2023-12-11,9.059548254620124,10.95
2023-12-12,0.5530458590006845,10.74
2023-12-12,1.056810403832991,10.23
2023-12-12,1.056810403832991,10.280000000000001
2023-12-12,2.0561259411362083,10.01
2023-12-12,3.055441478439425,10.129999999999999
2023-12-12,5.0568104038329915,10.61
2023-12-12,5.0568104038329915,10.55
2023-12-12,7.055441478439425,10.79
2023-12-12,9.05681040383299,10.940000000000001
2023-12-13,0.5503080082135524,10.719999999999999
2023-12-13,1.054072553045859,10.190000000000001
2023-12-13,1.054072553045859,10.21
2023-12-13,2.0533880903490758,9.96
2023-12-13,3.052703627652293,10.08
2023-12-13,5.054072553045859,10.57
2023-12-13,5.054072553045859,10.52
2023-12-13,7.052703627652293,10.780000000000001
2023-12-13,9.05407255304586,10.91
2023-12-14,0.5475701574264202,10.65
2023-12-14,1.051334702258727,10.07
2023-12-14,1.051334702258727,10.1
2023-12-14,2.0506502395619437,9.76
2023-12-14,3.049965776865161,9.86
2023-12-14,5.0513347022587265,10.36
2023-12-14,5.0513347022587265,10.32
2023-12-14,7.049965776865161,10.57
2023-12-14,9.051334702258726,10.71
2023-12-15,0.5448323066392882,10.61
2023-12-15,1.0485968514715949,10.07
2023-12-15,1.0485968514715949,10.1
2023-12-15,2.0479123887748116,9.8
2023-12-15,3.047227926078029,9.93
2023-12-15,5.048596851471594,10.39
2023-12-15,5.048596851471594,10.35
2023-12-15,7.047227926078029,10.59
2023-12-15,9.048596851471595,10.71
2023-12-18,0.5366187542778919,10.59
2023-12-18,1.0403832991101984,10.04
2023-12-18,1.0403832991101984,10.08
2023-12-18,2.0396988364134154,9.780000000000001
2023-12-18,3.0390143737166326,9.89
2023-12-18,5.040383299110198,10.32
2023-12-18,5.040383299110198,10.280000000000001
2023-12-18,7.039014373716633,10.51
2023-12-18,9.040383299110198,10.65
2023-12-19,0.5338809034907598,10.61
2023-12-19,1.0376454483230664,10.07
2023-12-19,1.0376454483230664,10.11
2023-12-19,2.0369609856262834,9.809999999999999
2023-12-19,3.0362765229295,9.93
2023-12-19,5.037645448323066,10.36
2023-12-19,5.037645448323066,10.309999999999999
2023-12-19,7.036276522929501,10.54
2023-12-19,9.037645448323067,10.66
2023-12-20,0.5311430527036276,10.64
2023-12-20,1.0349075975359343,10.01
2023-12-20,1.0349075975359343,10.04
2023-12-20,2.0342231348391513,9.71
2023-12-20,3.033538672142368,9.82
2023-12-20,5.034907597535934,10.25
2023-12-20,5.034907597535934,10.190000000000001
2023-12-20,7.0335386721423685,10.43
2023-12-20,9.034907597535934,10.54
2023-12-21,0.5284052019164955,10.719999999999999
2023-12-21,1.0321697467488022,10.02
2023-12-21,1.0321697467488022,10.05
2023-12-21,2.0314852840520192,9.7
2023-12-21,3.030800821355236,9.809999999999999
2023-12-21,5.032169746748802,10.219999999999999
2023-12-21,5.032169746748802,10.15
2023-12-21,7.030800821355236,10.379999999999999
2023-12-21,9.032169746748803,10.469999999999999
2023-12-22,0.5256673511293635,10.719999999999999
2023-12-22,1.0294318959616702,10.02
2023-12-22,1.0294318959616702,10.04
2023-12-22,2.028747433264887,9.690000000000001
2023-12-22,3.028062970568104,9.809999999999999
2023-12-22,5.02943189596167,10.21
2023-12-22,5.02943189596167,10.14
2023-12-22,7.028062970568104,10.33
2023-12-22,9.02943189596167,10.42
2023-12-26,0.5147159479808351,10.71
2023-12-26,1.0184804928131417,10.030000000000001
2023-12-26,1.0184804928131417,10.07
2023-12-26,2.0177960301163584,9.719999999999999
2023-12-26,3.0171115674195756,9.83
2023-12-26,5.018480492813142,10.21
2023-12-26,5.018480492813142,10.15
2023-12-26,7.017111567419575,10.33
2023-12-26,9.018480492813142,10.41
2023-12-27,0.5119780971937029,10.66
2023-12-27,1.0157426420260096,9.96
2023-12-27,1.0157426420260096,10.0
2023-12-27,2.0150581793292264,9.66
2023-12-27,3.0143737166324436,9.79
2023-12-27,5.01574264202601,10.17
2023-12-27,5.01574264202601,10.11
2023-12-27,7.014373716632443,10.280000000000001
2023-12-27,9.015742642026009,10.36
2023-12-28,0.5092402464065708,10.66
2023-12-28,1.0130047912388775,10.030000000000001
2023-12-28,1.0130047912388775,9.969999999999999
2023-12-28,2.0123203285420943,9.75
2023-12-28,3.0116358658453115,9.89
2023-12-28,5.0130047912388775,10.16
2023-12-28,5.0130047912388775,10.219999999999999
2023-12-28,7.011635865845311,10.32
2023-12-28,9.013004791238878,10.379999999999999
2024-01-02,0.49555099247091033,10.629999999999999
2024-01-02,0.999315537303217,9.86
2024-01-02,0.999315537303217,9.91
2024-01-02,1.998631074606434,9.75
2024-01-02,2.9979466119096507,9.93
2024-01-02,4.999315537303217,10.27
2024-01-02,4.999315537303217,10.21
2024-01-02,6.997946611909651,10.39
2024-01-02,8.999315537303216,10.46
2024-01-03,0.4928131416837782,10.6
2024-01-03,0.9965776865160849,9.86
2024-01-03,0.9965776865160849,9.9
2024-01-03,1.995893223819302,9.77
2024-01-03,2.9952087611225187,9.95
2024-01-03,4.996577686516085,10.309999999999999
2024-01-03,4.996577686516085,10.25
2024-01-03,6.995208761122519,10.43
2024-01-03,8.996577686516085,10.5
2024-01-04,0.49007529089664614,10.629999999999999
2024-01-04,0.9938398357289527,9.9
2024-01-04,0.9938398357289527,9.91
2024-01-04,1.9931553730321698,9.780000000000001
2024-01-04,2.9924709103353866,9.95
2024-01-04,4.993839835728953,10.33
2024-01-04,4.993839835728953,10.27
2024-01-04,6.992470910335387,10.469999999999999
2024-01-04,8.993839835728952,10.55
2024-01-05,0.487337440109514,10.68
2024-01-05,0.9911019849418207,9.98
2024-01-05,0.9911019849418207,9.969999999999999
2024-01-05,1.9904175222450375,9.8
2024-01-05,2.9897330595482545,9.98
2024-01-05,4.991101984941821,10.36
2024-01-05,4.991101984941821,10.3
2024-01-05,6.9897330595482545,10.5
2024-01-05,8.991101984941821,10.58
2024-01-08,0.4791238877481177,10.73
2024-01-08,0.9828884325804244,10.04
2024-01-08,0.9828884325804244,10.04
2024-01-08,1.9822039698836413,9.79
2024-01-08,2.9815195071868583,9.96
2024-01-08,4.982888432580425,10.39
2024-01-08,4.982888432580425,10.309999999999999
2024-01-08,6.981519507186858,10.54
2024-01-08,8.982888432580424,10.620000000000001
2024-01-09,0.47638603696098564,10.74
2024-01-09,0.9801505817932923,10.08
2024-01-09,0.9801505817932923,10.08
2024-01-09,1.9794661190965093,9.85
2024-01-09,2.9787816563997263,10.01
2024-01-09,4.980150581793292,10.45
2024-01-09,4.980150581793292,10.370000000000001
2024-01-09,6.978781656399726,10.59
2024-01-09,8.980150581793293,10.68
2024-01-10,0.4736481861738535,10.73
2024-01-10,0.9774127310061602,10.09
2024-01-10,0.9774127310061602,10.09
2024-01-10,1.9767282683093772,9.84
2024-01-10,2.976043805612594,10.01
2024-01-10,4.97741273100616,10.42
2024-01-10,4.97741273100616,10.36
2024-01-10,6.976043805612594,10.58
2024-01-10,8.97741273100616,10.67
2024-01-11,0.47091033538672145,10.73
2024-01-11,0.974674880219028,10.129999999999999
2024-01-11,0.974674880219028,10.14
2024-01-11,1.9739904175222451,9.93
2024-01-11,2.973305954825462,10.07
2024-01-11,4.974674880219028,10.43
2024-01-11,4.974674880219028,10.370000000000001
2024-01-11,6.973305954825462,10.57
2024-01-11,8.974674880219029,10.64
2024-01-12,0.4681724845995893,10.66
2024-01-12,0.971937029431896,10.07
2024-01-12,0.971937029431896,10.08
2024-01-12,1.9712525667351128,9.85
2024-01-12,2.97056810403833,10.0
2024-01-12,4.971937029431896,10.4
2024-01-12,4.971937029431896,10.34
2024-01-12,6.97056810403833,10.55
2024-01-12,8.971937029431896,10.6
2024-01-15,0.459958932238193,10.64
2024-01-15,0.9637234770704997,10.01
2024-01-15,0.9637234770704997,10.02
2024-01-15,1.9630390143737166,9.74
2024-01-15,2.9623545516769334,9.9
2024-01-15,4.963723477070499,10.309999999999999
2024-01-15,4.963723477070499,10.24
2024-01-15,6.962354551676934,10.49
2024-01-15,8.9637234770705,10.54
2024-01-16,0.45722108145106094,10.64
2024-01-16,0.9609856262833676,10.05
2024-01-16,0.9609856262833676,10.05
2024-01-16,1.9603011635865846,9.780000000000001
2024-01-16,2.9596167008898013,9.95
2024-01-16,4.960985626283367,10.370000000000001
2024-01-16,4.960985626283367,10.309999999999999
2024-01-16,6.959616700889802,10.530000000000001
2024-01-16,8.960985626283367,10.59
2024-01-17,0.4544832306639288,10.629999999999999
2024-01-17,0.9582477754962354,10.08
2024-01-17,0.9582477754962354,10.11
2024-01-17,1.9575633127994525,9.93
2024-01-17,2.9568788501026693,10.1
2024-01-17,4.958247775496235,10.52
2024-01-17,4.958247775496235,10.45
2024-01-17,6.95687885010267,10.690000000000001
2024-01-17,8.958247775496236,10.74
2024-01-18,0.4517453798767967,10.59
2024-01-18,0.9555099247091033,9.98
2024-01-18,0.9555099247091033,10.05
2024-01-18,1.9548254620123204,9.809999999999999
2024-01-18,2.954140999315537,10.0
2024-01-18,4.955509924709103,10.469999999999999
2024-01-18,4.955509924709103,10.4
2024-01-18,6.954140999315538,10.65
2024-01-18,8.955509924709103,10.73
2024-01-19,0.4490075290896646,10.6
2024-01-19,0.9527720739219713,9.98
2024-01-19,0.9527720739219713,10.05
2024-01-19,1.9520876112251881,9.82
2024-01-19,2.951403148528405,10.01
2024-01-19,4.952772073921971,10.48
2024-01-19,4.952772073921971,10.41
2024-01-19,6.951403148528406,10.67
2024-01-19,8.952772073921972,10.73
2024-01-22,0.4407939767282683,10.6
2024-01-22,0.944558521560575,10.01
2024-01-22,0.944558521560575,10.059999999999999
2024-01-22,1.943874058863792,9.82
2024-01-22,2.943189596167009,9.98
2024-01-22,4.944558521560575,10.45
2024-01-22,4.944558521560575,10.379999999999999
2024-01-22,6.9431895961670085,10.64
2024-01-22,8.944558521560575,10.71
2024-01-23,0.4380561259411362,10.59
2024-01-23,0.9418206707734429,9.98
2024-01-23,0.9418206707734429,10.030000000000001
2024-01-23,1.9411362080766599,9.86
2024-01-23,2.940451745379877,10.08
2024-01-23,4.941820670773443,10.55
2024-01-23,4.941820670773443,10.48
2024-01-23,6.940451745379876,10.73
2024-01-23,8.941820670773442,10.8
2024-01-24,0.4353182751540041,10.58
2024-01-24,0.9390828199863107,9.99
2024-01-24,0.9390828199863107,10.02
2024-01-24,1.9383983572895278,9.809999999999999
2024-01-24,2.937713894592745,10.01
2024-01-24,4.939082819986311,10.48
2024-01-24,4.939082819986311,10.41
2024-01-24,6.937713894592744,10.66
2024-01-24,8.93908281998631,10.71
2024-01-25,0.432580424366872,10.59
2024-01-25,0.9363449691991786,10.0
2024-01-25,0.9363449691991786,10.02
2024-01-25,1.9356605065023955,9.809999999999999
2024-01-25,2.9349760438056127,10.0
2024-01-25,4.936344969199179,10.48
2024-01-25,4.936344969199179,10.41
2024-01-25,6.934976043805612,10.66
2024-01-25,8.936344969199178,10.71
2024-01-26,0.42984257357973993,10.58
2024-01-26,0.9336071184120466,9.96
2024-01-26,0.9336071184120466,9.96
2024-01-26,1.9329226557152634,9.71
2024-01-26,2.9322381930184807,9.9
2024-01-26,4.933607118412047,10.41
2024-01-26,4.933607118412047,10.33
2024-01-26,6.93223819301848,10.59
2024-01-26,8.933607118412047,10.66
2024-01-29,0.4216290212183436,10.58
2024-01-29,0.9253935660506503,9.93
2024-01-29,0.9253935660506503,9.940000000000001
2024-01-29,1.9247091033538672,9.690000000000001
2024-01-29,2.924024640657084,9.879999999999999
2024-01-29,4.9253935660506505,10.370000000000001
2024-01-29,4.9253935660506505,10.29
2024-01-29,6.924024640657084,10.559999999999999
2024-01-29,8.92539356605065,10.629999999999999
2024-01-30,0.4188911704312115,10.59
2024-01-30,0.9226557152635181,9.969999999999999
2024-01-30,0.9226557152635181,9.98
2024-01-30,1.9219712525667352,9.74
2024-01-30,2.921286789869952,9.940000000000001
2024-01-30,4.922655715263518,10.43
2024-01-30,4.922655715263518,10.35
2024-01-30,6.921286789869952,10.61
2024-01-30,8.922655715263518,10.66
2024-01-31,0.4161533196440794,10.6
2024-01-31,0.919917864476386,9.98
2024-01-31,0.919917864476386,9.99
2024-01-31,1.919233401779603,9.780000000000001
2024-01-31,2.91854893908282,9.98
2024-01-31,4.919917864476386,10.48
2024-01-31,4.919917864476386,10.39
2024-01-31,6.91854893908282,10.64
2024-01-31,8.919917864476385,10.690000000000001
2024-02-01,0.4134154688569473,10.59
2024-02-01,0.917180013689254,9.96
2024-02-01,0.917180013689254,9.98
2024-02-01,1.9164955509924708,9.76
2024-02-01,2.915811088295688,9.93
2024-02-01,4.917180013689254,10.43
2024-02-01,4.917180013689254,10.35
2024-02-01,6.915811088295688,10.6
2024-02-01,8.917180013689254,10.65
2024-02-02,0.4106776180698152,10.58
2024-02-02,0.9144421629021219,9.91
2024-02-02,0.9144421629021219,9.93
2024-02-02,1.9137577002053388,9.7
2024-02-02,2.9130732375085557,9.85
2024-02-02,4.914442162902122,10.33
2024-02-02,4.914442162902122,10.25
2024-02-02,6.913073237508556,10.5
2024-02-02,8.914442162902121,10.55
2024-02-05,0.4024640657084189,10.61
2024-02-05,0.9062286105407256,9.95
2024-02-05,0.9062286105407256,10.0
2024-02-05,1.9055441478439425,9.82
2024-02-05,2.9048596851471595,10.01
2024-02-05,2.9048596851471595,10.0
2024-02-05,4.906228610540725,10.48
2024-02-05,4.906228610540725,10.4
2024-02-05,6.9048596851471595,10.76
2024-02-05,6.9048596851471595,10.65
2024-02-05,8.906228610540726,10.7
2024-02-06,0.3997262149212868,10.59
2024-02-06,0.9034907597535934,9.96
2024-02-06,0.9034907597535934,10.0
2024-02-06,1.9028062970568105,9.82
2024-02-06,2.9021218343600275,10.01
2024-02-06,2.9021218343600275,10.01
2024-02-06,4.903490759753593,10.469999999999999
2024-02-06,4.903490759753593,10.4
2024-02-06,6.9021218343600275,10.74
2024-02-06,6.9021218343600275,10.629999999999999
2024-02-06,8.903490759753593,10.68
2024-02-07,0.39698836413415467,10.58
2024-02-07,0.9007529089664613,9.9
2024-02-07,0.9007529089664613,9.93
2024-02-07,1.9000684462696784,9.71
2024-02-07,2.8993839835728954,9.9
2024-02-07,2.8993839835728954,9.89
2024-02-07,4.900752908966461,10.39
2024-02-07,4.900752908966461,10.309999999999999
2024-02-07,6.899383983572895,10.67
2024-02-07,6.899383983572895,10.559999999999999
2024-02-07,8.900752908966462,10.6
2024-02-07,10.899383983572895,10.67
2024-02-08,0.3942505133470226,10.58
2024-02-08,0.8980150581793293,9.95
2024-02-08,0.8980150581793293,9.99
2024-02-08,1.8973305954825461,9.82
2024-02-08,2.8966461327857633,10.02
2024-02-08,2.8966461327857633,10.01
2024-02-08,4.898015058179329,10.48
2024-02-08,4.898015058179329,10.41
2024-02-08,6.896646132785763,10.75
2024-02-08,6.896646132785763,10.629999999999999
2024-02-08,8.898015058179329,10.68
2024-02-08,10.896646132785763,10.76
2024-02-09,0.3915126625598905,10.57
2024-02-09,0.8952772073921971,9.98
2024-02-09,0.8952772073921971,10.02
2024-02-09,1.894592744695414,9.86
2024-02-09,2.8939082819986313,10.05
2024-02-09,2.8939082819986313,10.05
2024-02-09,4.895277207392197,10.51
2024-02-09,4.895277207392197,10.45
2024-02-09,6.893908281998631,10.8
2024-02-09,6.893908281998631,10.68
2024-02-09,8.895277207392198,10.719999999999999
2024-02-09,10.89390828199863,10.809999999999999
2024-02-14,0.37782340862423,10.559999999999999
2024-02-14,0.8815879534565366,10.030000000000001
2024-02-14,0.8815879534565366,9.99
2024-02-14,1.8809034907597535,9.89
2024-02-14,2.8802190280629705,10.09
2024-02-14,2.8802190280629705,10.1
2024-02-14,4.8815879534565365,10.57
2024-02-14,4.8815879534565365,10.51
2024-02-14,6.880219028062971,10.75
2024-02-14,6.880219028062971,10.870000000000001
2024-02-14,8.881587953456537,10.8
2024-02-14,10.880219028062971,10.879999999999999
2024-02-15,0.3750855578370979,10.55
2024-02-15,0.8788501026694046,9.98
2024-02-15,0.8788501026694046,10.02
2024-02-15,1.8781656399726214,9.89
2024-02-15,2.8774811772758384,10.09
2024-02-15,2.8774811772758384,10.09
2024-02-15,4.878850102669404,10.55
2024-02-15,4.878850102669404,10.49
2024-02-15,6.877481177275839,10.82
2024-02-15,6.877481177275839,10.719999999999999
2024-02-15,8.878850102669405,10.77
2024-02-15,10.877481177275838,10.85
2024-02-16,0.3723477070499658,10.55
2024-02-16,0.8761122518822724,9.969999999999999
2024-02-16,0.8761122518822724,10.0
2024-02-16,1.8754277891854894,9.879999999999999
2024-02-16,2.8747433264887063,10.09
2024-02-16,2.8747433264887063,10.08
2024-02-16,4.876112251882272,10.58
2024-02-16,4.876112251882272,10.51
2024-02-16,6.874743326488707,10.86
2024-02-16,6.874743326488707,10.75
2024-02-16,8.876112251882272,10.79
2024-02-16,10.874743326488707,10.879999999999999
2024-02-19,0.36413415468856947,10.55
2024-02-19,0.8678986995208761,10.0
2024-02-19,0.8678986995208761,10.04
2024-02-19,1.8672142368240932,9.96
2024-02-19,2.86652977412731,10.16
2024-02-19,2.86652977412731,10.15
2024-02-19,4.867898699520876,10.61
2024-02-19,4.867898699520876,10.55
2024-02-19,6.86652977412731,10.879999999999999
2024-02-19,6.86652977412731,10.76
2024-02-19,8.867898699520875,10.809999999999999
2024-02-19,10.86652977412731,10.89
2024-02-20,0.3613963039014374,10.530000000000001
2024-02-20,0.865160848733744,9.98
2024-02-20,0.865160848733744,10.01
2024-02-20,1.864476386036961,9.93
2024-02-20,2.863791923340178,10.120000000000001
2024-02-20,2.863791923340178,10.120000000000001
2024-02-20,4.865160848733744,10.559999999999999
2024-02-20,4.865160848733744,10.5
2024-02-20,6.863791923340178,10.84
2024-02-20,6.863791923340178,10.719999999999999
2024-02-20,8.865160848733744,10.77
2024-02-20,10.863791923340179,10.85
2024-02-21,0.3586584531143053,10.530000000000001
2024-02-21,0.8624229979466119,9.940000000000001
2024-02-21,0.8624229979466119,9.969999999999999
2024-02-21,1.8617385352498288,9.84
2024-02-21,2.861054072553046,10.030000000000001
2024-02-21,2.861054072553046,10.030000000000001
2024-02-21,4.862422997946612,10.48
2024-02-21,4.862422997946612,10.42
2024-02-21,6.861054072553046,10.76
2024-02-21,6.861054072553046,10.64
2024-02-21,8.862422997946611,10.7
2024-02-21,10.861054072553046,10.77
2024-02-22,0.35592060232717315,10.530000000000001
2024-02-22,0.8596851471594799,9.95
2024-02-22,0.8596851471594799,9.99
2024-02-22,1.8590006844626967,9.86
2024-02-22,2.858316221765914,10.04
2024-02-22,2.858316221765914,10.04
2024-02-22,4.85968514715948,10.51
2024-02-22,4.85968514715948,10.45
2024-02-22,6.8583162217659135,10.780000000000001
2024-02-22,6.8583162217659135,10.68
2024-02-22,8.85968514715948,10.74
2024-02-22,10.858316221765914,10.809999999999999
2024-02-23,0.3531827515400411,10.52
2024-02-23,0.8569472963723477,9.99
2024-02-23,0.8569472963723477,10.02
2024-02-23,1.8562628336755647,9.940000000000001
2024-02-23,2.855578370978782,10.129999999999999
2024-02-23,2.855578370978782,10.129999999999999
2024-02-23,4.856947296372348,10.59
2024-02-23,4.856947296372348,10.530000000000001
2024-02-23,6.855578370978781,10.870000000000001
2024-02-23,6.855578370978781,10.76
2024-02-23,8.856947296372347,10.809999999999999
2024-02-23,10.855578370978781,10.9
2024-02-26,0.34496919917864477,10.51
2024-02-26,0.8487337440109514,9.98
2024-02-26,0.8487337440109514,10.02
2024-02-26,1.8480492813141685,9.93
2024-02-26,2.847364818617385,10.14
2024-02-26,2.847364818617385,10.129999999999999
2024-02-26,4.848733744010952,10.6
2024-02-26,4.848733744010952,10.54
2024-02-26,6.847364818617385,10.86
2024-02-26,6.847364818617385,10.76
2024-02-26,8.848733744010952,10.809999999999999
2024-02-26,10.847364818617386,10.9
2024-02-27,0.34223134839151265,10.49
2024-02-27,0.8459958932238193,9.969999999999999
2024-02-27,0.8459958932238193,10.0
2024-02-27,1.8453114305270362,9.93
2024-02-27,2.844626967830253,10.15
2024-02-27,2.844626967830253,10.14
2024-02-27,4.84599589322382,10.629999999999999
2024-02-27,4.84599589322382,10.57
2024-02-27,6.844626967830253,10.91
2024-02-27,6.844626967830253,10.809999999999999
2024-02-27,8.845995893223819,10.86
2024-02-27,10.844626967830253,10.940000000000001
2024-02-28,0.3394934976043806,10.48
2024-02-28,0.8432580424366872,9.940000000000001
2024-02-28,0.8432580424366872,9.969999999999999
2024-02-28,1.842573579739904,9.85
2024-02-28,2.841889117043121,10.08
2024-02-28,2.841889117043121,10.07
2024-02-28,4.843258042436688,10.57
2024-02-28,4.843258042436688,10.51
2024-02-28,6.841889117043121,10.86
2024-02-28,6.841889117043121,10.75
2024-02-28,8.843258042436688,10.809999999999999
2024-02-28,10.841889117043122,10.89
2024-02-29,0.33675564681724846,10.48
2024-02-29,0.840520191649555,9.969999999999999
2024-02-29,0.840520191649555,10.01
2024-02-29,1.839835728952772,9.95
2024-02-29,2.839151266255989,10.18
2024-02-29,2.839151266255989,10.18
2024-02-29,4.8405201916495555,10.66
2024-02-29,4.8405201916495555,10.59
2024-02-29,6.839151266255989,10.93
2024-02-29,6.839151266255989,10.809999999999999
2024-02-29,8.840520191649555,10.879999999999999
2024-02-29,10.839151266255989,10.96
2024-03-01,0.33401779603011633,10.469999999999999
2024-03-01,0.837782340862423,9.91
2024-03-01,0.837782340862423,9.95
2024-03-01,1.83709787816564,9.83
2024-03-01,2.836413415468857,10.059999999999999
2024-03-01,2.836413415468857,10.05
2024-03-01,4.837782340862423,10.54
2024-03-01,4.837782340862423,10.48
2024-03-01,6.836413415468857,10.82
2024-03-01,6.836413415468857,10.71
2024-03-01,8.837782340862423,10.780000000000001
2024-03-01,10.836413415468858,10.85
2024-03-04,0.3258042436687201,10.46
2024-03-04,0.8295687885010267,9.9
2024-03-04,0.8295687885010267,9.940000000000001
2024-03-04,1.8288843258042438,9.809999999999999
2024-03-04,2.8281998631074607,10.04
2024-03-04,2.8281998631074607,10.04
2024-03-04,4.829568788501026,10.52
2024-03-04,4.829568788501026,10.45
2024-03-04,6.828199863107461,10.8
2024-03-04,6.828199863107461,10.690000000000001
2024-03-04,8.829568788501026,10.75
2024-03-04,10.82819986310746,10.83
2024-03-05,0.32306639288158795,10.45
2024-03-05,0.8268309377138946,9.879999999999999
2024-03-05,0.8268309377138946,9.93
2024-03-05,1.8261464750171115,9.79
2024-03-05,2.8254620123203287,10.01
2024-03-05,2.8254620123203287,10.01
2024-03-05,4.826830937713894,10.48
2024-03-05,4.826830937713894,10.42
2024-03-05,6.825462012320329,10.76
2024-03-05,6.825462012320329,10.65
2024-03-05,8.826830937713895,10.7
2024-03-05,10.825462012320328,10.780000000000001
2024-03-06,0.3203285420944558,10.42
2024-03-06,0.8240930869267625,9.82
2024-03-06,0.8240930869267625,9.870000000000001
2024-03-06,1.8234086242299794,9.73
2024-03-06,2.8227241615331966,9.96
2024-03-06,2.8227241615331966,9.96
2024-03-06,4.824093086926762,10.440000000000001
2024-03-06,4.824093086926762,10.379999999999999
2024-03-06,6.822724161533197,10.71
2024-03-06,6.822724161533197,10.6
2024-03-06,8.824093086926762,10.66
2024-03-06,10.822724161533197,10.74
2024-03-07,0.31759069130732376,10.39
2024-03-07,0.8213552361396304,9.809999999999999
2024-03-07,0.8213552361396304,9.879999999999999
2024-03-07,1.8206707734428473,9.75
2024-03-07,2.8199863107460645,9.969999999999999
2024-03-07,2.8199863107460645,9.96
2024-03-07,4.82135523613963,10.45
2024-03-07,4.82135523613963,10.379999999999999
2024-03-07,6.8199863107460645,10.73
2024-03-07,6.8199863107460645,10.620000000000001
2024-03-07,8.821355236139631,10.66
2024-03-07,10.819986310746064,10.74
2024-03-08,0.31485284052019163,10.370000000000001
2024-03-08,0.8186173853524983,9.83
2024-03-08,0.8186173853524983,9.89
2024-03-08,1.8179329226557153,9.83
2024-03-08,2.817248459958932,10.07
2024-03-08,2.817248459958932,10.059999999999999
2024-03-08,4.818617385352498,10.57
2024-03-08,4.818617385352498,10.5
2024-03-08,6.8172484599589325,10.85
2024-03-08,6.8172484599589325,10.74
2024-03-08,8.818617385352498,10.79
2024-03-08,10.817248459958932,10.86
2024-03-11,0.3066392881587953,10.35
2024-03-11,0.810403832991102,9.83
2024-03-11,0.810403832991102,9.9
2024-03-11,1.809719370294319,9.84
2024-03-11,2.809034907597536,10.1
2024-03-11,2.809034907597536,10.08
2024-03-11,4.810403832991102,10.620000000000001
2024-03-11,4.810403832991102,10.54
2024-03-11,6.809034907597536,10.9
2024-03-11,6.809034907597536,10.780000000000001
2024-03-11,8.810403832991103,10.85
2024-03-11,10.809034907597535,10.92
2024-03-12,0.30390143737166325,10.32
2024-03-12,0.8076659822039699,9.780000000000001
2024-03-12,0.8076659822039699,9.85
2024-03-12,1.8069815195071868,9.75
2024-03-12,2.8062970568104038,10.0
2024-03-12,2.8062970568104038,9.99
2024-03-12,4.80766598220397,10.530000000000001
2024-03-12,4.80766598220397,10.45
2024-03-12,6.806297056810404,10.8
2024-03-12,6.806297056810404,10.68
2024-03-12,8.80766598220397,10.74
2024-03-12,10.806297056810404,10.83
2024-03-13,0.30116358658453113,10.29
2024-03-13,0.8049281314168378,9.75
2024-03-13,0.8049281314168378,9.82
2024-03-13,1.8042436687200547,9.74
2024-03-13,2.8035592060232717,10.0
2024-03-13,2.8035592060232717,9.969999999999999
2024-03-13,4.804928131416838,10.54
2024-03-13,4.804928131416838,10.45
2024-03-13,6.803559206023272,10.82
2024-03-13,6.803559206023272,10.7
2024-03-13,8.804928131416839,10.74
2024-03-13,10.803559206023271,10.83
2024-03-14,0.29842573579739906,10.27
2024-03-14,0.8021902806297057,9.79
2024-03-14,0.8021902806297057,9.85
2024-03-14,1.8015058179329226,9.8
2024-03-14,2.8008213552361396,10.05
2024-03-14,2.8008213552361396,10.030000000000001
2024-03-14,4.802190280629706,10.58
2024-03-14,4.802190280629706,10.49
2024-03-14,6.80082135523614,10.86
2024-03-14,6.80082135523614,10.75
2024-03-14,8.802190280629706,10.780000000000001
2024-03-14,10.80082135523614,10.879999999999999
2024-03-15,0.29568788501026694,10.24
2024-03-15,0.7994524298425736,9.809999999999999
2024-03-15,0.7994524298425736,9.879999999999999
2024-03-15,1.7987679671457906,9.870000000000001
2024-03-15,2.7980835044490076,10.129999999999999
2024-03-15,2.7980835044490076,10.11
2024-03-15,4.799452429842574,10.67
2024-03-15,4.799452429842574,10.59
2024-03-15,6.798083504449007,10.96
2024-03-15,6.798083504449007,10.84
2024-03-15,8.799452429842573,10.870000000000001
2024-03-15,10.798083504449007,10.969999999999999
2024-03-18,0.2874743326488706,10.25
2024-03-18,0.7912388774811773,9.86
2024-03-18,0.7912388774811773,9.93
2024-03-18,1.7905544147843941,9.93
2024-03-18,2.7898699520876113,10.190000000000001
2024-03-18,2.7898699520876113,10.16
2024-03-18,4.791238877481177,10.719999999999999
2024-03-18,4.791238877481177,10.64
2024-03-18,6.789869952087611,11.01
2024-03-18,6.789869952087611,10.89
2024-03-18,8.791238877481177,10.93
2024-03-18,10.789869952087612,11.04
2024-03-19,0.28473648186173856,10.25
2024-03-19,0.7885010266940452,9.9
2024-03-19,0.7885010266940452,9.969999999999999
2024-03-19,1.787816563997262,10.030000000000001
2024-03-19,2.7871321013004793,10.309999999999999
2024-03-19,2.7871321013004793,10.280000000000001
2024-03-19,4.788501026694045,10.84
2024-03-19,4.788501026694045,10.76
2024-03-19,6.787132101300479,11.129999999999999
2024-03-19,6.787132101300479,11.01
2024-03-19,8.788501026694044,11.059999999999999
2024-03-19,10.787132101300479,11.15
2024-03-20,0.28199863107460643,10.219999999999999
2024-03-20,0.785763175906913,9.85
2024-03-20,0.785763175906913,9.92
2024-03-20,1.78507871321013,9.93
2024-03-20,2.784394250513347,10.2
2024-03-20,2.784394250513347,10.16
2024-03-20,4.785763175906913,10.74
2024-03-20,4.785763175906913,10.65
2024-03-20,6.784394250513347,11.030000000000001
2024-03-20,6.784394250513347,10.91
2024-03-20,8.785763175906913,10.96
2024-03-20,10.784394250513348,11.059999999999999
2024-03-21,0.2792607802874743,10.18
2024-03-21,0.783025325119781,9.84
2024-03-21,0.783025325119781,9.92
2024-03-21,1.782340862422998,9.92
2024-03-21,2.7816563997262147,10.16
2024-03-21,2.7816563997262147,10.11
2024-03-21,4.783025325119781,10.65
2024-03-21,4.783025325119781,10.559999999999999
2024-03-21,6.781656399726215,10.93
2024-03-21,6.781656399726215,10.809999999999999
2024-03-21,8.78302532511978,10.86
2024-03-21,10.781656399726215,10.95
2024-03-22,0.27652292950034224,10.17
2024-03-22,0.7802874743326489,9.82
2024-03-22,0.7802874743326489,9.89
2024-03-22,1.7796030116358659,9.9
2024-03-22,2.7789185489390826,10.17
2024-03-22,2.7789185489390826,10.120000000000001
2024-03-22,4.780287474332649,10.690000000000001
2024-03-22,4.780287474332649,10.6
2024-03-22,6.778918548939083,11.0
2024-03-22,6.778918548939083,10.879999999999999
2024-03-22,8.780287474332649,10.93
2024-03-22,10.778918548939084,11.030000000000001
2024-03-25,0.2683093771389459,10.16
2024-03-25,0.7720739219712526,9.809999999999999
2024-03-25,0.7720739219712526,9.870000000000001
2024-03-25,1.7713894592744694,9.91
2024-03-25,2.7707049965776864,10.190000000000001
2024-03-25,2.7707049965776864,10.14
2024-03-25,4.772073921971253,10.71
2024-03-25,4.772073921971253,10.629999999999999
2024-03-25,6.770704996577686,11.01
2024-03-25,6.770704996577686,10.9
2024-03-25,8.772073921971252,10.96
2024-03-25,10.770704996577686,11.04
2024-03-26,0.2655715263518138,10.15
2024-03-26,0.7693360711841205,9.82
2024-03-26,0.7693360711841205,9.879999999999999
2024-03-26,1.7686516084873374,9.940000000000001
2024-03-26,2.7679671457905544,10.21
2024-03-26,2.7679671457905544,10.17
2024-03-26,4.769336071184121,10.73
2024-03-26,4.769336071184121,10.64
2024-03-26,6.767967145790554,11.030000000000001
2024-03-26,6.767967145790554,10.91
2024-03-26,8.76933607118412,10.96
2024-03-26,10.767967145790555,11.059999999999999
2024-03-27,0.26283367556468173,10.15
2024-03-27,0.7665982203969883,9.82
2024-03-27,0.7665982203969883,9.879999999999999
2024-03-27,1.7659137577002053,9.96
2024-03-27,2.7652292950034223,10.219999999999999
2024-03-27,2.7652292950034223,10.17
2024-03-27,4.766598220396989,10.74
2024-03-27,4.766598220396989,10.65
2024-03-27,6.765229295003422,11.030000000000001
2024-03-27,6.765229295003422,10.91
2024-03-27,8.766598220396988,10.96
2024-03-27,10.765229295003422,11.05
2024-03-28,0.2600958247775496,10.11
2024-03-28,0.7638603696098563,9.82
2024-03-28,0.7638603696098563,9.870000000000001
2024-03-28,1.7631759069130732,9.98
2024-03-28,2.7624914442162902,10.27
2024-03-28,2.7624914442162902,10.21
2024-03-28,4.763860369609857,10.79
2024-03-28,4.763860369609857,10.7
2024-03-28,6.76249144421629,11.09
2024-03-28,6.76249144421629,10.96
2024-03-28,8.763860369609857,11.0
2024-03-28,10.76249144421629,11.1
2024-04-01,0.24914442162902123,10.08
2024-04-01,0.7529089664613279,9.83
2024-04-01,0.7529089664613279,9.879999999999999
2024-04-01,1.7522245037645447,9.99
2024-04-01,2.751540041067762,10.280000000000001
2024-04-01,2.751540041067762,10.23
2024-04-01,4.7529089664613275,10.83
2024-04-01,4.7529089664613275,10.73
2024-04-01,6.751540041067762,11.120000000000001
2024-04-01,6.751540041067762,11.0
2024-04-01,8.752908966461328,11.04
2024-04-01,10.751540041067761,11.129999999999999
2024-04-02,0.2464065708418891,10.190000000000001
2024-04-02,0.7501711156741958,9.85
2024-04-02,0.7501711156741958,9.9
2024-04-02,1.7494866529774127,10.02
2024-04-02,2.74880219028063,10.34
2024-04-02,2.74880219028063,10.280000000000001
2024-04-02,4.7501711156741955,10.91
2024-04-02,4.7501711156741955,10.809999999999999
2024-04-02,6.74880219028063,11.219999999999999
2024-04-02,6.74880219028063,11.09
2024-04-02,8.750171115674195,11.15
2024-04-02,10.74880219028063,11.25
2024-04-03,0.243668720054757,10.2
2024-04-03,0.7474332648870636,9.85
2024-04-03,0.7474332648870636,9.89
2024-04-03,1.7467488021902806,10.0
2024-04-03,2.746064339493498,10.33
2024-04-03,2.746064339493498,10.280000000000001
2024-04-03,4.747433264887063,10.92
2024-04-03,4.747433264887063,10.82
2024-04-03,6.746064339493498,11.23
2024-04-03,6.746064339493498,11.1
2024-04-03,8.747433264887064,11.15
2024-04-03,10.746064339493497,11.25
2024-04-04,0.24093086926762491,10.21
2024-04-04,0.7446954140999316,9.89
2024-04-04,0.7446954140999316,9.940000000000001
2024-04-04,1.7440109514031485,10.05
2024-04-04,2.7433264887063653,10.379999999999999
2024-04-04,2.7433264887063653,10.33
2024-04-04,4.744695414099931,10.969999999999999
2024-04-04,4.744695414099931,10.870000000000001
2024-04-04,6.743326488706366,11.29
2024-04-04,6.743326488706366,11.16
2024-04-04,8.744695414099931,11.2
2024-04-04,10.743326488706366,11.309999999999999
2024-04-05,0.23819301848049282,10.17
2024-04-05,0.7419575633127995,9.879999999999999
2024-04-05,0.7419575633127995,9.93
2024-04-05,1.7412731006160165,10.02
2024-04-05,2.7405886379192332,10.36
2024-04-05,2.7405886379192332,10.32
2024-04-05,4.741957563312799,10.969999999999999
2024-04-05,4.741957563312799,10.870000000000001
2024-04-05,6.740588637919234,11.280000000000001
2024-04-05,6.740588637919234,11.15
2024-04-05,8.7419575633128,11.2
2024-04-05,10.740588637919233,11.3
2024-04-08,0.2299794661190965,10.129999999999999
2024-04-08,0.7337440109514032,9.91
2024-04-08,0.7337440109514032,9.99
2024-04-08,1.73305954825462,10.16
2024-04-08,2.732375085557837,10.52
2024-04-08,2.732375085557837,10.440000000000001
2024-04-08,4.733744010951403,11.11
2024-04-08,4.733744010951403,11.0
2024-04-08,6.7323750855578375,11.4
2024-04-08,6.7323750855578375,11.27
2024-04-08,8.733744010951403,11.32
2024-04-08,10.732375085557837,11.42
2024-04-09,0.2272416153319644,10.129999999999999
2024-04-09,0.731006160164271,9.83
2024-04-09,0.731006160164271,9.93
2024-04-09,1.730321697467488,10.08
2024-04-09,2.729637234770705,10.42
2024-04-09,2.729637234770705,10.33
2024-04-09,4.731006160164271,11.0
2024-04-09,4.731006160164271,10.9
2024-04-09,6.729637234770705,11.3
2024-04-09,6.729637234770705,11.18
2024-04-09,8.731006160164272,11.21
2024-04-09,10.729637234770705,11.309999999999999
2024-04-10,0.2245037645448323,10.120000000000001
2024-04-10,0.7282683093771389,9.76
2024-04-10,0.7282683093771389,9.86
2024-04-10,1.727583846680356,9.940000000000001
2024-04-10,2.726899383983573,10.280000000000001
2024-04-10,2.726899383983573,10.190000000000001
2024-04-10,4.728268309377139,10.9
2024-04-10,4.728268309377139,10.79
2024-04-10,6.7268993839835725,11.21
2024-04-10,6.7268993839835725,11.08
2024-04-10,8.728268309377139,11.129999999999999
2024-04-10,10.726899383983573,11.23
2024-04-11,0.22176591375770022,10.129999999999999
2024-04-11,0.7255304585900069,9.95
2024-04-11,0.7255304585900069,10.05
2024-04-11,1.7248459958932238,10.29
2024-04-11,2.724161533196441,10.65
2024-04-11,2.724161533196441,10.57
2024-04-11,4.725530458590007,11.23
2024-04-11,4.725530458590007,11.1
2024-04-11,6.72416153319644,11.52
2024-04-11,6.72416153319644,11.379999999999999
2024-04-11,8.725530458590006,11.41
2024-04-11,10.72416153319644,11.5
2024-04-12,0.2190280629705681,10.14
2024-04-12,0.7227926078028748,9.9
2024-04-12,0.7227926078028748,10.01
2024-04-12,1.7221081451060918,10.219999999999999
2024-04-12,2.7214236824093088,10.55
2024-04-12,2.7214236824093088,10.469999999999999
2024-04-12,4.722792607802875,11.15
2024-04-12,4.722792607802875,11.0
2024-04-12,6.721423682409308,11.45
2024-04-12,6.721423682409308,11.309999999999999
2024-04-12,8.722792607802875,11.36
2024-04-12,10.72142368240931,11.46
2024-04-15,0.2108145106091718,10.16
2024-04-15,0.7145790554414785,9.940000000000001
2024-04-15,0.7145790554414785,10.04
2024-04-15,1.7138945927446954,10.33
2024-04-15,2.7132101300479126,10.68
2024-04-15,2.7132101300479126,10.559999999999999
2024-04-15,4.714579055441479,11.280000000000001
2024-04-15,4.714579055441479,11.120000000000001
2024-04-15,6.713210130047912,11.59
2024-04-15,6.713210130047912,11.45
2024-04-15,8.714579055441478,11.5
2024-04-15,10.713210130047912,11.58
2024-04-16,0.2080766598220397,10.23
2024-04-16,0.7118412046543463,10.120000000000001
2024-04-16,0.7118412046543463,10.21
2024-04-16,1.7111567419575633,10.6
2024-04-16,2.7104722792607805,10.99
2024-04-16,2.7104722792607805,10.870000000000001
2024-04-16,4.7118412046543465,11.57
2024-04-16,4.7118412046543465,11.41
2024-04-16,6.71047227926078,11.86
2024-04-16,6.71047227926078,11.719999999999999
2024-04-16,8.711841204654347,11.77
2024-04-16,10.710472279260781,11.870000000000001
2024-04-17,0.2053388090349076,10.27
2024-04-17,0.7091033538672142,10.23
2024-04-17,0.7091033538672142,10.3
2024-04-17,1.7084188911704312,10.719999999999999
2024-04-17,2.707734428473648,11.129999999999999
2024-04-17,2.707734428473648,11.01
2024-04-17,4.7091033538672145,11.71
2024-04-17,4.7091033538672145,11.55
2024-04-17,6.707734428473648,11.98
2024-04-17,6.707734428473648,11.86
2024-04-17,8.709103353867214,11.89
2024-04-17,10.707734428473648,11.969999999999999
2024-04-18,0.2026009582477755,10.32
2024-04-18,0.7063655030800822,10.379999999999999
2024-04-18,0.7063655030800822,10.45
2024-04-18,1.7056810403832992,10.85
2024-04-18,2.704996577686516,11.129999999999999
2024-04-18,2.704996577686516,11.01
2024-04-18,4.706365503080082,11.57
2024-04-18,4.706365503080082,11.42
2024-04-18,6.704996577686516,11.79
2024-04-18,6.704996577686516,11.67
2024-04-18,8.706365503080082,11.66
2024-04-18,10.704996577686517,11.719999999999999
2024-04-19,0.1998631074606434,10.33
2024-04-19,0.70362765229295,10.309999999999999
2024-04-19,0.70362765229295,10.379999999999999
2024-04-19,1.702943189596167,10.7
2024-04-19,2.702258726899384,10.98
2024-04-19,2.702258726899384,10.86
2024-04-19,4.70362765229295,11.4
2024-04-19,4.70362765229295,11.25
2024-04-19,6.702258726899384,11.59
2024-04-19,6.702258726899384,11.48
2024-04-19,8.70362765229295,11.49
2024-04-19,10.702258726899384,11.54
2024-04-22,0.19164955509924708,10.309999999999999
2024-04-22,0.6954140999315537,10.25
2024-04-22,0.6954140999315537,10.32
2024-04-22,1.6947296372347707,10.55
2024-04-22,2.6940451745379876,10.85
2024-04-22,2.6940451745379876,10.73
2024-04-22,4.695414099931554,11.309999999999999
2024-04-22,4.695414099931554,11.17
2024-04-22,6.694045174537988,11.55
2024-04-22,6.694045174537988,11.43
2024-04-22,8.695414099931554,11.46
2024-04-22,10.694045174537989,11.530000000000001
2024-04-23,0.188911704312115,10.32
2024-04-23,0.6926762491444216,10.26
2024-04-23,0.6926762491444216,10.33
2024-04-23,1.6919917864476386,10.620000000000001
2024-04-23,2.6913073237508556,10.95
2024-04-23,2.6913073237508556,10.84
2024-04-23,4.692676249144422,11.440000000000001
2024-04-23,4.692676249144422,11.3
2024-04-23,6.691307323750856,11.67
2024-04-23,6.691307323750856,11.55
2024-04-23,8.692676249144421,11.58
2024-04-23,10.691307323750856,11.629999999999999
2024-04-24,0.1861738535249829,10.3
2024-04-24,0.6899383983572895,10.24
2024-04-24,0.6899383983572895,10.32
2024-04-24,1.6892539356605065,10.629999999999999
2024-04-24,2.6885694729637235,10.95
2024-04-24,2.6885694729637235,10.85
2024-04-24,4.689938398357289,11.43
2024-04-24,4.689938398357289,11.3
2024-04-24,6.6885694729637235,11.66
2024-04-24,6.6885694729637235,11.55
2024-04-24,8.68993839835729,11.57
2024-04-24,10.688569472963723,11.61
2024-04-25,0.1834360027378508,10.29
2024-04-25,0.6872005475701575,10.26
2024-04-25,0.6872005475701575,10.33
2024-04-25,1.6865160848733745,10.66
2024-04-25,2.6858316221765914,11.0
2024-04-25,2.6858316221765914,10.9
2024-04-25,4.687200547570157,11.48
2024-04-25,4.687200547570157,11.35
2024-04-25,6.685831622176591,11.7
2024-04-25,6.685831622176591,11.59
2024-04-25,8.687200547570157,11.6
2024-04-25,10.685831622176591,11.629999999999999
2024-04-26,0.1806981519507187,10.25
2024-04-26,0.6844626967830253,10.2
2024-04-26,0.6844626967830253,10.29
2024-04-26,1.6837782340862424,10.6
2024-04-26,2.6830937713894594,10.96
2024-04-26,2.6830937713894594,10.86
2024-04-26,4.684462696783025,11.48
2024-04-26,4.684462696783025,11.35
2024-04-26,6.683093771389459,11.73
2024-04-26,6.683093771389459,11.620000000000001
2024-04-26,8.684462696783026,11.66
2024-04-26,10.683093771389458,11.7
2024-04-29,0.17248459958932238,10.25
2024-04-29,0.676249144421629,10.1
2024-04-29,0.676249144421629,10.190000000000001
2024-04-29,1.675564681724846,10.469999999999999
2024-04-29,2.674880219028063,10.85
2024-04-29,2.674880219028063,10.75
2024-04-29,4.676249144421629,11.42
2024-04-29,4.676249144421629,11.29
2024-04-29,6.674880219028063,11.7
2024-04-29,6.674880219028063,11.59
2024-04-29,8.676249144421629,11.629999999999999
2024-04-29,10.674880219028063,11.690000000000001
2024-04-30,0.1697467488021903,10.219999999999999
2024-04-30,0.6735112936344969,10.059999999999999
2024-04-30,0.6735112936344969,10.16
2024-04-30,1.672826830937714,10.440000000000001
2024-04-30,2.6721423682409307,10.82
2024-04-30,2.6721423682409307,10.719999999999999
2024-04-30,4.673511293634497,11.4
2024-04-30,4.673511293634497,11.27
2024-04-30,6.672142368240931,11.68
2024-04-30,6.672142368240931,11.57
2024-04-30,8.673511293634498,11.620000000000001
2024-04-30,10.67214236824093,11.690000000000001
2024-05-02,0.16427104722792607,10.26
2024-05-02,0.6680355920602327,10.16
2024-05-02,0.6680355920602327,10.25
2024-05-02,1.6673511293634498,10.57
2024-05-02,2.6666666666666665,10.96
2024-05-02,2.6666666666666665,10.85
2024-05-02,4.6680355920602326,11.5
2024-05-02,4.6680355920602326,11.379999999999999
2024-05-02,6.666666666666667,11.780000000000001
2024-05-02,6.666666666666667,11.68
2024-05-02,8.668035592060233,11.73
2024-05-02,10.666666666666666,11.76
2024-05-03,0.16153319644079397,10.23
2024-05-03,0.6652977412731006,10.11
2024-05-03,0.6652977412731006,10.2
2024-05-03,1.6646132785763177,10.49
2024-05-03,2.6639288158795345,10.83
2024-05-03,2.6639288158795345,10.73
2024-05-03,4.6652977412731005,11.370000000000001
2024-05-03,4.6652977412731005,11.24
2024-05-03,6.663928815879535,11.64
2024-05-03,6.663928815879535,11.530000000000001
2024-05-03,8.6652977412731,11.57
2024-05-03,10.663928815879535,11.61
2024-05-06,0.15331964407939766,10.219999999999999
2024-05-06,0.6570841889117043,10.1
2024-05-06,0.6570841889117043,10.190000000000001
2024-05-06,1.6563997262149213,10.440000000000001
2024-05-06,2.6557152635181382,10.76
2024-05-06,2.6557152635181382,10.65
2024-05-06,4.657084188911704,11.29
2024-05-06,4.657084188911704,11.15
2024-05-06,6.655715263518139,11.54
2024-05-06,6.655715263518139,11.42
2024-05-06,8.657084188911705,11.469999999999999
2024-05-06,10.655715263518138,11.51
2024-05-07,0.15058179329226556,10.21
2024-05-07,0.6543463381245722,10.129999999999999
2024-05-07,0.6543463381245722,10.219999999999999
2024-05-07,1.6536618754277892,10.48
2024-05-07,2.652977412731006,10.83
2024-05-07,2.652977412731006,10.73
2024-05-07,4.654346338124572,11.36
2024-05-07,4.654346338124572,11.23
2024-05-07,6.652977412731006,11.620000000000001
2024-05-07,6.652977412731006,11.5
2024-05-07,8.654346338124572,11.54
2024-05-07,10.652977412731007,11.57
2024-05-08,0.14784394250513347,10.18
2024-05-08,0.6516084873374401,10.129999999999999
2024-05-08,0.6516084873374401,10.23
2024-05-08,1.6509240246406571,10.54
2024-05-08,2.650239561943874,10.879999999999999
2024-05-08,2.650239561943874,10.77
2024-05-08,4.65160848733744,11.370000000000001
2024-05-08,4.65160848733744,11.24
2024-05-08,6.650239561943874,11.620000000000001
2024-05-08,6.650239561943874,11.5
2024-05-08,8.65160848733744,11.54
2024-05-08,10.650239561943874,11.57
2024-05-09,0.14510609171800137,10.23
2024-05-09,0.648870636550308,10.2
2024-05-09,0.648870636550308,10.29
2024-05-09,1.648186173853525,10.65
2024-05-09,2.647501711156742,11.08
2024-05-09,2.647501711156742,10.98
2024-05-09,4.648870636550308,11.67
2024-05-09,4.648870636550308,11.54
2024-05-09,6.647501711156742,11.95
2024-05-09,6.647501711156742,11.83
2024-05-09,8.648870636550308,11.879999999999999
2024-05-09,10.647501711156742,11.91
2024-05-10,0.14236824093086928,10.219999999999999
2024-05-10,0.6461327857631759,10.17
2024-05-10,0.6461327857631759,10.27
2024-05-10,1.6454483230663928,10.55
2024-05-10,2.64476386036961,10.96
2024-05-10,2.64476386036961,10.85
2024-05-10,4.646132785763176,11.52
2024-05-10,4.646132785763176,11.39
2024-05-10,6.6447638603696095,11.79
2024-05-10,6.6447638603696095,11.65
2024-05-10,8.646132785763175,11.719999999999999
2024-05-10,10.64476386036961,11.73
2024-05-13,0.13415468856947296,10.24
2024-05-13,0.6379192334017796,10.190000000000001
2024-05-13,0.6379192334017796,10.29
2024-05-13,1.6372347707049966,10.6
2024-05-13,2.6365503080082138,11.02
2024-05-13,2.6365503080082138,10.92
2024-05-13,4.63791923340178,11.59
2024-05-13,4.63791923340178,11.45
2024-05-13,6.636550308008213,11.86
2024-05-13,6.636550308008213,11.719999999999999
2024-05-13,8.63791923340178,11.79
2024-05-13,10.636550308008214,11.809999999999999
2024-05-14,0.13141683778234087,10.3
2024-05-14,0.6351813826146475,10.23
2024-05-14,0.6351813826146475,10.32
2024-05-14,1.6344969199178645,10.65
2024-05-14,2.6338124572210813,11.05
2024-05-14,2.6338124572210813,10.940000000000001
2024-05-14,4.635181382614648,11.58
2024-05-14,4.635181382614648,11.45
2024-05-14,6.633812457221081,11.83
2024-05-14,6.633812457221081,11.690000000000001
2024-05-14,8.635181382614647,11.73
2024-05-14,10.633812457221081,11.75
2024-05-15,0.12867898699520877,10.32
2024-05-15,0.6324435318275154,10.25
2024-05-15,0.6324435318275154,10.34
2024-05-15,1.6317590691307324,10.64
2024-05-15,2.631074606433949,11.030000000000001
2024-05-15,2.631074606433949,10.92
2024-05-15,4.632443531827516,11.55
2024-05-15,4.632443531827516,11.42
2024-05-15,6.631074606433949,11.809999999999999
2024-05-15,6.631074606433949,11.68
2024-05-15,8.632443531827516,11.719999999999999
2024-05-15,10.63107460643395,11.73
2024-05-16,0.12594113620807665,10.33
2024-05-16,0.6297056810403833,10.25
2024-05-16,0.6297056810403833,10.33
2024-05-16,1.6290212183436004,10.6
2024-05-16,2.628336755646817,10.940000000000001
2024-05-16,2.628336755646817,10.84
2024-05-16,4.629705681040384,11.43
2024-05-16,4.629705681040384,11.3
2024-05-16,6.628336755646817,11.67
2024-05-16,6.628336755646817,11.54
2024-05-16,8.629705681040383,11.58
2024-05-16,10.628336755646817,11.6
2024-05-17,0.12320328542094455,10.34
2024-05-17,0.6269678302532512,10.280000000000001
2024-05-17,0.6269678302532512,10.36
2024-05-17,1.626283367556468,10.67
2024-05-17,2.625598904859685,11.030000000000001
2024-05-17,2.625598904859685,10.92
2024-05-17,4.6269678302532515,11.55
2024-05-17,4.6269678302532515,11.41
2024-05-17,6.625598904859685,11.8
2024-05-17,6.625598904859685,11.66
2024-05-17,8.626967830253252,11.68
2024-05-17,10.625598904859686,11.71
2024-05-20,0.11498973305954825,10.33
2024-05-20,0.6187542778918549,10.29
2024-05-20,0.6187542778918549,10.370000000000001
2024-05-20,1.6180698151950719,10.75
2024-05-20,2.617385352498289,11.14
2024-05-20,2.617385352498289,11.030000000000001
2024-05-20,4.618754277891855,11.67
2024-05-20,4.618754277891855,11.530000000000001
2024-05-20,6.617385352498289,11.91
2024-05-20,6.617385352498289,11.77
2024-05-20,8.618754277891854,11.77
2024-05-20,10.617385352498289,11.8
2024-05-21,0.11225188227241616,10.34
2024-05-21,0.6160164271047228,10.280000000000001
2024-05-21,0.6160164271047228,10.35
2024-05-21,1.6153319644079398,10.71
2024-05-21,2.614647501711157,11.08
2024-05-21,2.614647501711157,10.969999999999999
2024-05-21,4.616016427104722,11.59
2024-05-21,4.616016427104722,11.43
2024-05-21,6.614647501711157,11.83
2024-05-21,6.614647501711157,11.690000000000001
2024-05-21,8.616016427104723,11.690000000000001
2024-05-21,10.614647501711156,11.719999999999999
2024-05-22,0.10951403148528405,10.34
2024-05-22,0.6132785763175906,10.29
2024-05-22,0.6132785763175906,10.370000000000001
2024-05-22,1.6125941136208077,10.75
2024-05-22,2.6119096509240247,11.14
2024-05-22,2.6119096509240247,11.02
2024-05-22,4.61327857631759,11.66
2024-05-22,4.61327857631759,11.49
2024-05-22,6.611909650924025,11.91
2024-05-22,6.611909650924025,11.76
2024-05-22,8.61327857631759,11.75
2024-05-22,10.611909650924025,11.79
2024-05-23,0.10677618069815195,10.34
2024-05-23,0.6105407255304586,10.32
2024-05-23,0.6105407255304586,10.39
2024-05-23,1.6098562628336757,10.82
2024-05-23,2.6091718001368926,11.21
2024-05-23,2.6091718001368926,11.09
2024-05-23,4.610540725530458,11.71
2024-05-23,4.610540725530458,11.54
2024-05-23,6.609171800136893,11.940000000000001
2024-05-23,6.609171800136893,11.780000000000001
2024-05-23,8.61054072553046,11.780000000000001
2024-05-23,10.609171800136892,11.809999999999999
2024-05-24,0.10403832991101986,10.34
2024-05-24,0.6078028747433265,10.309999999999999
2024-05-24,0.6078028747433265,10.36
2024-05-24,1.6071184120465434,10.8
2024-05-24,2.6064339493497606,11.14
2024-05-24,2.6064339493497606,11.01
2024-05-24,4.607802874743326,11.6
2024-05-24,4.607802874743326,11.440000000000001
2024-05-24,6.606433949349761,11.83
2024-05-24,6.606433949349761,11.68
2024-05-24,8.607802874743326,11.68
2024-05-24,10.60643394934976,11.71
2024-05-27,0.09582477754962354,10.35
2024-05-27,0.5995893223819302,10.33
2024-05-27,0.5995893223819302,10.379999999999999
2024-05-27,1.5989048596851472,10.870000000000001
2024-05-27,2.598220396988364,11.21
2024-05-27,2.598220396988364,11.08
2024-05-27,4.59958932238193,11.66
2024-05-27,4.59958932238193,11.5
2024-05-27,6.598220396988364,11.89
2024-05-27,6.598220396988364,11.74
2024-05-27,8.59958932238193,11.75
2024-05-27,10.598220396988363,11.79
2024-05-28,0.09308692676249145,10.33
2024-05-28,0.5968514715947981,10.27
2024-05-28,0.5968514715947981,10.309999999999999
2024-05-28,1.596167008898015,10.67
2024-05-28,2.595482546201232,11.02
2024-05-28,2.595482546201232,10.89
2024-05-28,4.596851471594798,11.52
2024-05-28,4.596851471594798,11.35
2024-05-28,6.595482546201232,11.76
2024-05-28,6.595482546201232,11.620000000000001
2024-05-28,8.596851471594798,11.64
2024-05-28,10.595482546201232,11.68
2024-05-29,0.09034907597535935,10.33
2024-05-29,0.5941136208076659,10.309999999999999
2024-05-29,0.5941136208076659,10.36
2024-05-29,1.593429158110883,10.780000000000001
2024-05-29,2.5927446954141,11.15
2024-05-29,2.5927446954141,11.030000000000001
2024-05-29,4.594113620807666,11.690000000000001
2024-05-29,4.594113620807666,11.52
2024-05-29,6.5927446954141,11.940000000000001
2024-05-29,6.5927446954141,11.79
2024-05-29,8.594113620807667,11.8
2024-05-29,10.5927446954141,11.85
2024-05-31,0.08487337440109514,10.33
2024-05-31,0.5886379192334018,10.33
2024-05-31,0.5886379192334018,10.370000000000001
2024-05-31,1.5879534565366187,10.85
2024-05-31,2.5872689938398357,11.24
2024-05-31,2.5872689938398357,11.120000000000001
2024-05-31,4.588637919233402,11.76
2024-05-31,4.588637919233402,11.6
2024-05-31,6.587268993839836,12.01
2024-05-31,6.587268993839836,11.86
2024-05-31,8.588637919233403,11.870000000000001
2024-05-31,10.587268993839835,11.92
2024-06-03,0.5804243668720055,10.33
2024-06-03,0.5804243668720055,10.370000000000001
2024-06-03,1.5797399041752225,10.870000000000001
2024-06-03,2.5790554414784395,11.25
2024-06-03,2.5790554414784395,11.129999999999999
2024-06-03,4.5804243668720055,11.77
2024-06-03,4.5804243668720055,11.6
2024-06-03,6.579055441478439,12.0
2024-06-03,6.579055441478439,11.85
2024-06-03,8.580424366872005,11.85
2024-06-03,10.57905544147844,11.89
2024-06-04,0.5776865160848734,10.309999999999999
2024-06-04,0.5776865160848734,10.370000000000001
2024-06-04,1.5770020533880904,10.86
2024-06-04,2.5763175906913074,11.23
2024-06-04,2.5763175906913074,11.11
2024-06-04,4.577686516084873,11.73
2024-06-04,4.577686516084873,11.559999999999999
2024-06-04,6.576317590691307,11.96
2024-06-04,6.576317590691307,11.809999999999999
2024-06-04,8.577686516084873,11.82
2024-06-04,10.576317590691307,11.85
2024-06-05,0.5749486652977412,10.309999999999999
2024-06-05,0.5749486652977412,10.370000000000001
2024-06-05,1.5742642026009583,10.86
2024-06-05,2.5735797399041753,11.23
2024-06-05,2.5735797399041753,11.120000000000001
2024-06-05,4.574948665297741,11.719999999999999
2024-06-05,4.574948665297741,11.559999999999999
2024-06-05,6.573579739904175,11.96
2024-06-05,6.573579739904175,11.809999999999999
2024-06-05,8.574948665297741,11.809999999999999
2024-06-05,10.573579739904176,11.84
2024-06-06,0.5722108145106092,10.39
2024-06-06,0.5722108145106092,10.45
2024-06-06,1.571526351813826,11.01
2024-06-06,2.5708418891170433,11.36
2024-06-06,2.5708418891170433,11.25
2024-06-06,4.572210814510609,11.8
2024-06-06,4.572210814510609,11.64
2024-06-06,6.570841889117043,12.02
2024-06-06,6.570841889117043,11.870000000000001
2024-06-06,8.572210814510608,11.85
2024-06-06,10.570841889117043,11.89
2024-06-07,0.5694729637234771,10.33
2024-06-07,0.5694729637234771,10.4
2024-06-07,1.568788501026694,10.9
2024-06-07,2.568104038329911,11.25
2024-06-07,2.568104038329911,11.14
2024-06-07,4.569472963723477,11.7
2024-06-07,4.569472963723477,11.54
2024-06-07,6.568104038329911,11.940000000000001
2024-06-07,6.568104038329911,11.780000000000001
2024-06-07,8.569472963723477,11.79
2024-06-07,10.568104038329912,11.809999999999999
2024-06-10,0.5612594113620808,10.440000000000001
2024-06-10,0.5612594113620808,10.52
2024-06-10,1.5605749486652978,11.21
2024-06-10,2.5598904859685145,11.61
2024-06-10,2.5598904859685145,11.5
2024-06-10,4.561259411362081,12.01
2024-06-10,4.561259411362081,11.86
2024-06-10,6.5598904859685145,12.190000000000001
2024-06-10,6.5598904859685145,12.04
2024-06-10,8.56125941136208,12.030000000000001
2024-06-10,10.559890485968515,12.030000000000001
2024-06-11,0.5585215605749486,10.52
2024-06-11,0.5585215605749486,10.61
2024-06-11,1.5578370978781657,11.309999999999999
2024-06-11,2.5571526351813825,11.629999999999999
2024-06-11,2.5571526351813825,11.52
2024-06-11,4.558521560574949,11.99
2024-06-11,4.558521560574949,11.83
2024-06-11,6.5571526351813825,12.17
2024-06-11,6.5571526351813825,12.01
2024-06-11,8.558521560574949,11.98
2024-06-11,10.557152635181383,11.96
2024-06-12,0.5557837097878165,10.530000000000001
2024-06-12,0.5557837097878165,10.620000000000001
2024-06-12,1.5550992470910336,11.33
2024-06-12,2.5544147843942504,11.71
2024-06-12,2.5544147843942504,11.61
2024-06-12,4.555783709787817,12.120000000000001
2024-06-12,4.555783709787817,11.969999999999999
2024-06-12,6.55441478439425,12.309999999999999
2024-06-12,6.55441478439425,12.15
2024-06-12,8.555783709787816,12.14
2024-06-12,10.55441478439425,12.120000000000001
2024-06-13,0.5530458590006845,10.57
2024-06-13,0.5530458590006845,10.67
2024-06-13,1.5523613963039014,11.4
2024-06-13,2.5516769336071183,11.84
2024-06-13,2.5516769336071183,11.73
2024-06-13,4.553045859000685,12.29
2024-06-13,4.553045859000685,12.15
2024-06-13,6.551676933607118,12.51
2024-06-13,6.551676933607118,12.36
2024-06-13,8.553045859000685,12.35
2024-06-13,10.55167693360712,12.309999999999999
2024-06-14,0.5503080082135524,10.46
2024-06-14,0.5503080082135524,10.57
2024-06-14,1.5496235455167693,11.2
2024-06-14,2.5489390828199863,11.6
2024-06-14,2.5489390828199863,11.51
2024-06-14,4.550308008213553,12.08
2024-06-14,4.550308008213553,11.95
2024-06-14,6.548939082819986,12.309999999999999
2024-06-14,6.548939082819986,12.17
2024-06-14,8.550308008213552,12.16
2024-06-14,10.548939082819986,12.14
2024-06-17,0.5420944558521561,10.52
2024-06-17,0.5420944558521561,10.629999999999999
2024-06-17,1.541409993155373,11.3
2024-06-17,2.54072553045859,11.64
2024-06-17,2.54072553045859,11.559999999999999
2024-06-17,4.542094455852156,12.04
2024-06-17,4.542094455852156,11.91
2024-06-17,6.54072553045859,12.23
2024-06-17,6.54072553045859,12.09
2024-06-17,8.542094455852157,12.059999999999999
2024-06-17,10.54072553045859,12.02
2024-06-18,0.5393566050650239,10.66
2024-06-18,0.5393566050650239,10.559999999999999
2024-06-18,1.538672142368241,11.370000000000001
2024-06-18,2.537987679671458,11.67
2024-06-18,2.537987679671458,11.75
2024-06-18,4.539356605065024,12.01
2024-06-18,4.539356605065024,12.14
2024-06-18,6.537987679671458,12.17
2024-06-18,6.537987679671458,12.309999999999999
2024-06-18,8.539356605065024,12.14
2024-06-18,10.537987679671458,12.09
2024-06-19,0.5366187542778919,10.530000000000001
2024-06-19,0.5366187542778919,10.620000000000001
2024-06-19,1.5359342915811087,11.34
2024-06-19,2.535249828884326,11.74
2024-06-19,2.535249828884326,11.66
2024-06-19,4.5366187542778915,12.15
2024-06-19,4.5366187542778915,12.030000000000001
2024-06-19,6.535249828884326,12.35
2024-06-19,6.535249828884326,12.21
2024-06-19,8.536618754277892,12.16
2024-06-19,10.535249828884325,12.1
2024-06-20,0.5338809034907598,10.46
2024-06-20,0.5338809034907598,10.54
2024-06-20,1.5331964407939767,11.2
2024-06-20,2.532511978097194,11.57
2024-06-20,2.532511978097194,11.5
2024-06-20,4.5338809034907595,11.99
2024-06-20,4.5338809034907595,11.870000000000001
2024-06-20,6.532511978097194,12.190000000000001
2024-06-20,6.532511978097194,12.05
2024-06-20,8.53388090349076,12.01
2024-06-20,10.532511978097194,11.940000000000001
2024-06-21,0.5311430527036276,10.469999999999999
2024-06-21,0.5311430527036276,10.55
2024-06-21,1.5304585900068446,11.23
2024-06-21,2.529774127310062,11.64
2024-06-21,2.529774127310062,11.59
2024-06-21,4.531143052703627,12.08
2024-06-21,4.531143052703627,11.96
2024-06-21,6.529774127310062,12.280000000000001
2024-06-21,6.529774127310062,12.15
2024-06-21,8.531143052703628,12.09
2024-06-21,10.529774127310061,12.02
2024-06-24,0.5229295003422314,10.469999999999999
2024-06-24,0.5229295003422314,10.55
2024-06-24,1.5222450376454484,11.190000000000001
2024-06-24,2.521560574948665,11.58
2024-06-24,2.521560574948665,11.54
2024-06-24,4.522929500342231,12.02
2024-06-24,4.522929500342231,11.9
2024-06-24,6.521560574948666,12.219999999999999
2024-06-24,6.521560574948666,12.09
2024-06-24,8.522929500342231,12.04
2024-06-24,10.521560574948666,12.0
2024-06-25,0.5201916495550992,10.5
2024-06-25,0.5201916495550992,10.45
2024-06-25,1.5195071868583163,11.129999999999999
2024-06-25,2.518822724161533,11.5
2024-06-25,2.518822724161533,11.54
2024-06-25,4.520191649555099,11.879999999999999
2024-06-25,4.520191649555099,11.99
2024-06-25,6.5188227241615335,12.059999999999999
2024-06-25,6.5188227241615335,12.190000000000001
2024-06-25,8.5201916495551,12.030000000000001
2024-06-25,10.518822724161533,11.96
2024-06-26,0.5174537987679672,10.48
2024-06-26,0.5174537987679672,10.52
2024-06-26,1.516769336071184,11.190000000000001
2024-06-26,2.516084873374401,11.620000000000001
2024-06-26,2.516084873374401,11.58
2024-06-26,4.517453798767967,12.08
2024-06-26,4.517453798767967,11.969999999999999
2024-06-26,6.5160848733744015,12.3
2024-06-26,6.5160848733744015,12.17
2024-06-26,8.517453798767967,12.11
2024-06-26,10.516084873374401,12.059999999999999
2024-06-27,0.5147159479808351,10.49
2024-06-27,0.5147159479808351,10.559999999999999
2024-06-27,1.514031485284052,11.23
2024-06-27,2.513347022587269,11.64
2024-06-27,2.513347022587269,11.6
2024-06-27,4.514715947980835,12.1
2024-06-27,4.514715947980835,11.98
2024-06-27,6.513347022587269,12.29
2024-06-27,6.513347022587269,12.17
2024-06-27,8.514715947980836,12.129999999999999
2024-06-27,10.513347022587268,12.09
2024-06-28,0.5119780971937029,10.54
2024-06-28,0.5119780971937029,10.61
2024-06-28,1.51129363449692,11.4
2024-06-28,2.510609171800137,11.85
2024-06-28,2.510609171800137,11.809999999999999
2024-06-28,4.511978097193703,12.27
2024-06-28,4.511978097193703,12.16
2024-06-28,6.510609171800137,12.469999999999999
2024-06-28,6.510609171800137,12.34
2024-06-28,8.511978097193703,12.29
2024-06-28,10.510609171800137,12.24
2024-07-01,0.5037645448323066,10.67
2024-07-01,0.5037645448323066,10.73
2024-07-01,1.5030800821355237,11.59
2024-07-01,2.5023956194387407,11.99
2024-07-01,2.5023956194387407,11.96
2024-07-01,4.503764544832307,12.379999999999999
2024-07-01,4.503764544832307,12.27
2024-07-01,6.50239561943874,12.559999999999999
2024-07-01,6.50239561943874,12.43
2024-07-01,8.503764544832306,12.370000000000001
2024-07-01,10.50239561943874,12.3
2024-07-02,0.5010266940451745,10.719999999999999
2024-07-02,0.5010266940451745,10.77
2024-07-02,1.5003422313483916,11.74
2024-07-02,2.4996577686516086,12.07
2024-07-02,2.4996577686516086,12.04
2024-07-02,4.501026694045175,12.42
2024-07-02,4.501026694045175,12.3
2024-07-02,6.499657768651608,12.58
2024-07-02,6.499657768651608,12.45
2024-07-02,8.501026694045175,12.370000000000001
2024-07-02,10.499657768651609,12.29
2024-07-03,0.49828884325804246,10.67
2024-07-03,0.49828884325804246,10.7
2024-07-03,1.4976043805612593,11.629999999999999
2024-07-03,2.4969199178644765,11.99
2024-07-03,2.4969199178644765,11.95
2024-07-03,4.498288843258043,12.379999999999999
2024-07-03,4.498288843258043,12.25
2024-07-03,6.496919917864476,12.54
2024-07-03,6.496919917864476,12.41
2024-07-03,8.498288843258042,12.34
2024-07-03,10.496919917864476,12.280000000000001
2024-07-04,0.49555099247091033,10.58
2024-07-04,0.49555099247091033,10.61
2024-07-04,1.4948665297741273,11.379999999999999
2024-07-04,2.4941820670773445,11.74
2024-07-04,2.4941820670773445,11.7
2024-07-04,4.4955509924709105,12.16
2024-07-04,4.4955509924709105,12.030000000000001
2024-07-04,6.494182067077344,12.33
2024-07-04,6.494182067077344,12.2
2024-07-04,8.49555099247091,12.15
2024-07-04,10.494182067077345,12.07
2024-07-05,0.4928131416837782,10.55
2024-07-05,0.4928131416837782,10.58
2024-07-05,1.4921286789869952,11.29
2024-07-05,2.4914442162902124,11.66
2024-07-05,2.4914442162902124,11.620000000000001
2024-07-05,4.492813141683778,12.09
2024-07-05,4.492813141683778,11.96
2024-07-05,6.491444216290212,12.27
2024-07-05,6.491444216290212,12.14
2024-07-05,8.492813141683778,12.09
2024-07-05,10.491444216290212,12.04
2024-07-08,0.48459958932238195,10.55
2024-07-08,0.48459958932238195,10.559999999999999
2024-07-08,1.483915126625599,11.25
2024-07-08,2.4832306639288158,11.61
2024-07-08,2.4832306639288158,11.559999999999999
2024-07-08,4.484599589322382,12.030000000000001
2024-07-08,4.484599589322382,11.879999999999999
2024-07-08,6.483230663928816,12.18
2024-07-08,6.483230663928816,12.05
2024-07-08,8.484599589322382,11.969999999999999
2024-07-08,10.483230663928817,11.92
2024-07-09,0.48186173853524983,10.530000000000001
2024-07-09,0.48186173853524983,10.55
2024-07-09,1.4811772758384667,11.24
2024-07-09,2.4804928131416837,11.59
2024-07-09,2.4804928131416837,11.54
2024-07-09,4.48186173853525,12.01
2024-07-09,4.48186173853525,11.86
2024-07-09,6.480492813141684,12.17
2024-07-09,6.480492813141684,12.030000000000001
2024-07-09,8.48186173853525,11.96
2024-07-09,10.480492813141684,11.9
2024-07-10,0.4791238877481177,10.48
2024-07-10,0.4791238877481177,10.5
2024-07-10,1.4784394250513346,11.059999999999999
2024-07-10,2.4777549623545516,11.39
2024-07-10,2.4777549623545516,11.34
2024-07-10,4.479123887748118,11.83
2024-07-10,4.479123887748118,11.67
2024-07-10,6.477754962354552,12.01
2024-07-10,6.477754962354552,11.870000000000001
2024-07-10,8.479123887748118,11.82
2024-07-10,10.477754962354553,11.76
2024-07-11,0.47638603696098564,10.49
2024-07-11,0.47638603696098564,10.52
2024-07-11,1.4757015742642026,11.11
2024-07-11,2.4750171115674195,11.41
2024-07-11,2.4750171115674195,11.35
2024-07-11,4.476386036960986,11.780000000000001
2024-07-11,4.476386036960986,11.629999999999999
2024-07-11,6.4750171115674195,11.940000000000001
2024-07-11,6.4750171115674195,11.809999999999999
2024-07-11,8.476386036960985,11.75
2024-07-11,10.47501711156742,11.690000000000001
2024-07-12,0.4736481861738535,10.5
2024-07-12,0.4736481861738535,10.55
2024-07-12,1.4729637234770705,11.1
2024-07-12,2.4722792607802875,11.379999999999999
2024-07-12,2.4722792607802875,11.33
2024-07-12,4.473648186173854,11.719999999999999
2024-07-12,4.473648186173854,11.58
2024-07-12,6.4722792607802875,11.9
2024-07-12,6.4722792607802875,11.77
2024-07-12,8.473648186173854,11.7
2024-07-12,10.472279260780287,11.67
2024-07-15,0.4654346338124572,10.559999999999999
2024-07-15,0.4654346338124572,10.6
2024-07-15,1.4647501711156743,11.17
2024-07-15,2.4640657084188913,11.45
2024-07-15,2.4640657084188913,11.4
2024-07-15,4.465434633812457,11.8
2024-07-15,4.465434633812457,11.66
2024-07-15,6.464065708418891,11.96
2024-07-15,6.464065708418891,11.84
2024-07-15,8.465434633812457,11.780000000000001
2024-07-15,10.464065708418891,11.74
2024-07-16,0.46269678302532513,10.51
2024-07-16,0.46269678302532513,10.55
2024-07-16,1.462012320328542,11.120000000000001
2024-07-16,2.461327857631759,11.440000000000001
2024-07-16,2.461327857631759,11.379999999999999
2024-07-16,4.462696783025325,11.83
2024-07-16,4.462696783025325,11.7
2024-07-16,6.461327857631759,12.0
2024-07-16,6.461327857631759,11.870000000000001
2024-07-16,8.462696783025326,11.809999999999999
2024-07-16,10.461327857631758,11.79
2024-07-17,0.459958932238193,10.55
2024-07-17,0.459958932238193,10.59
2024-07-17,1.45927446954141,11.17
2024-07-17,2.458590006844627,11.5
2024-07-17,2.458590006844627,11.43
2024-07-17,4.459958932238193,11.9
2024-07-17,4.459958932238193,11.77
2024-07-17,6.458590006844627,12.07
2024-07-17,6.458590006844627,11.940000000000001
2024-07-17,8.459958932238193,11.89
2024-07-17,10.458590006844627,11.86
2024-07-18,0.45722108145106094,10.59
2024-07-18,0.45722108145106094,10.629999999999999
2024-07-18,1.4565366187542779,11.25
2024-07-18,2.455852156057495,11.55
2024-07-18,2.455852156057495,11.48
2024-07-18,4.457221081451061,11.93
2024-07-18,4.457221081451061,11.8
2024-07-18,6.455852156057495,12.09
2024-07-18,6.455852156057495,11.98
2024-07-18,8.457221081451062,11.93
2024-07-18,10.455852156057494,11.92
2024-07-19,0.4544832306639288,10.59
2024-07-19,0.4544832306639288,10.64
2024-07-19,1.4537987679671458,11.32
2024-07-19,2.4531143052703626,11.65
2024-07-19,2.4531143052703626,11.57
2024-07-19,4.454483230663929,12.04
2024-07-19,4.454483230663929,11.91
2024-07-19,6.453114305270363,12.21
2024-07-19,6.453114305270363,12.1
2024-07-19,8.454483230663929,12.059999999999999
2024-07-19,10.453114305270363,12.05
2024-07-22,0.4462696783025325,10.61
2024-07-22,0.4462696783025325,10.66
2024-07-22,1.4455852156057496,11.43
2024-07-22,2.4449007529089664,11.75
2024-07-22,2.4449007529089664,11.67
2024-07-22,4.446269678302532,12.11
2024-07-22,4.446269678302532,11.98
2024-07-22,6.444900752908967,12.25
2024-07-22,6.444900752908967,12.14
2024-07-22,8.446269678302533,12.08
2024-07-22,10.444900752908966,12.05
2024-07-23,0.44353182751540043,10.61
2024-07-23,0.44353182751540043,10.65
2024-07-23,1.4428473648186173,11.41
2024-07-23,2.4421629021218343,11.71
2024-07-23,2.4421629021218343,11.629999999999999
2024-07-23,4.4435318275154,12.04
2024-07-23,4.4435318275154,11.92
2024-07-23,6.442162902121835,12.190000000000001
2024-07-23,6.442162902121835,12.08
2024-07-23,8.4435318275154,12.02
2024-07-23,10.442162902121835,12.0
2024-07-24,0.4407939767282683,10.61
2024-07-24,0.4407939767282683,10.66
2024-07-24,1.4401095140314852,11.530000000000001
2024-07-24,2.439425051334702,11.870000000000001
2024-07-24,2.439425051334702,11.79
2024-07-24,4.440793976728268,12.21
2024-07-24,4.440793976728268,12.09
2024-07-24,6.439425051334703,12.36
2024-07-24,6.439425051334703,12.24
2024-07-24,8.44079397672827,12.190000000000001
2024-07-24,10.439425051334702,12.16
2024-07-25,0.4380561259411362,10.66
2024-07-25,0.4380561259411362,10.719999999999999
2024-07-25,1.4373716632443532,11.68
2024-07-25,2.43668720054757,11.969999999999999
2024-07-25,2.43668720054757,11.89
2024-07-25,4.438056125941136,12.27
2024-07-25,4.438056125941136,12.15
2024-07-25,6.436687200547571,12.4
2024-07-25,6.436687200547571,12.29
2024-07-25,8.438056125941136,12.219999999999999
2024-07-25,10.43668720054757,12.18
2024-07-26,0.4353182751540041,10.7
2024-07-26,0.4353182751540041,10.77
2024-07-26,1.434633812457221,11.76
2024-07-26,2.433949349760438,12.08
2024-07-26,2.433949349760438,11.99
2024-07-26,4.435318275154004,12.32
2024-07-26,4.435318275154004,12.190000000000001
2024-07-26,6.433949349760438,12.41
2024-07-26,6.433949349760438,12.29
2024-07-26,8.435318275154003,12.23
2024-07-26,10.433949349760438,12.190000000000001
2024-07-29,0.4271047227926078,10.67
2024-07-29,0.4271047227926078,10.73
2024-07-29,1.4264202600958247,11.719999999999999
2024-07-29,2.425735797399042,12.04
2024-07-29,2.425735797399042,11.93
2024-07-29,4.427104722792608,12.27
2024-07-29,4.427104722792608,12.14
2024-07-29,6.425735797399041,12.34
2024-07-29,6.425735797399041,12.219999999999999
2024-07-29,8.427104722792608,12.15
2024-07-29,10.425735797399042,12.14
2024-07-30,0.4243668720054757,10.65
2024-07-30,0.4243668720054757,10.71
2024-07-30,1.4236824093086926,11.74
2024-07-30,2.42299794661191,12.08
2024-07-30,2.42299794661191,11.96
2024-07-30,4.424366872005476,12.280000000000001
2024-07-30,4.424366872005476,12.14
2024-07-30,6.422997946611909,12.34
2024-07-30,6.422997946611909,12.219999999999999
2024-07-30,8.424366872005475,12.129999999999999
2024-07-30,10.42299794661191,12.11
2024-07-31,0.4216290212183436,10.629999999999999
2024-07-31,0.4216290212183436,10.7
2024-07-31,1.4209445585215605,11.7
2024-07-31,2.4202600958247777,12.030000000000001
2024-07-31,2.4202600958247777,11.92
2024-07-31,4.421629021218344,12.24
2024-07-31,4.421629021218344,12.1
2024-07-31,6.420260095824777,12.3
2024-07-31,6.420260095824777,12.18
2024-07-31,8.421629021218344,12.1
2024-07-31,10.420260095824778,12.08
2024-08-01,0.4188911704312115,10.59
2024-08-01,0.4188911704312115,10.65
2024-08-01,1.4182067077344285,11.58
2024-08-01,2.4175222450376452,11.91
2024-08-01,2.4175222450376452,11.79
2024-08-01,4.418891170431212,12.15
2024-08-01,4.418891170431212,12.01
2024-08-01,6.417522245037645,12.25
2024-08-01,6.417522245037645,12.129999999999999
2024-08-01,8.41889117043121,12.05
2024-08-01,10.417522245037645,12.04
2024-08-02,0.4161533196440794,10.6
2024-08-02,0.4161533196440794,10.66
2024-08-02,1.4154688569472964,11.55
2024-08-02,2.414784394250513,11.86
2024-08-02,2.414784394250513,11.74
2024-08-02,4.41615331964408,12.11
2024-08-02,4.41615331964408,11.969999999999999
2024-08-02,6.414784394250513,12.2
2024-08-02,6.414784394250513,12.07
2024-08-02,8.41615331964408,12.0
2024-08-02,10.414784394250514,12.02
2024-08-05,0.4079397672826831,10.49
2024-08-05,0.4079397672826831,10.559999999999999
2024-08-05,1.4072553045859,11.27
2024-08-05,2.406570841889117,11.59
2024-08-05,2.406570841889117,11.48
2024-08-05,4.407939767282683,11.89
2024-08-05,4.407939767282683,11.75
2024-08-05,6.406570841889117,12.030000000000001
2024-08-05,6.406570841889117,11.9
2024-08-05,8.407939767282683,11.86
2024-08-05,10.406570841889117,11.86
2024-08-06,0.405201916495551,10.57
2024-08-06,0.405201916495551,10.64
2024-08-06,1.404517453798768,11.370000000000001
2024-08-06,2.403832991101985,11.6
2024-08-06,2.403832991101985,11.5
2024-08-06,4.405201916495551,11.82
2024-08-06,4.405201916495551,11.68
2024-08-06,6.403832991101985,11.91
2024-08-06,6.403832991101985,11.79
2024-08-06,8.405201916495551,11.73
2024-08-06,10.403832991101986,11.73
2024-08-07,0.4024640657084189,10.6
2024-08-07,0.4024640657084189,10.67
2024-08-07,1.4017796030116358,11.52
2024-08-07,2.401095140314853,11.74
2024-08-07,2.401095140314853,11.65
2024-08-07,4.402464065708419,11.92
2024-08-07,4.402464065708419,11.780000000000001
2024-08-07,6.401095140314853,11.99
2024-08-07,6.401095140314853,11.870000000000001
2024-08-07,8.402464065708418,11.82
2024-08-07,10.401095140314853,11.82
2024-08-08,0.3997262149212868,10.629999999999999
2024-08-08,0.3997262149212868,10.7
2024-08-08,1.3990417522245038,11.6
2024-08-08,2.3983572895277208,11.82
2024-08-08,2.3983572895277208,11.74
2024-08-08,4.399726214921286,12.02
2024-08-08,4.399726214921286,11.879999999999999
2024-08-08,6.398357289527721,12.1
2024-08-08,6.398357289527721,11.98
2024-08-08,8.399726214921287,11.92
2024-08-08,10.39835728952772,11.92
2024-08-09,0.39698836413415467,10.690000000000001
2024-08-09,0.39698836413415467,10.76
2024-08-09,1.3963039014373717,11.67
2024-08-09,2.3956194387405887,11.79
2024-08-09,2.3956194387405887,11.71
2024-08-09,4.396988364134154,11.89
2024-08-09,4.396988364134154,11.75
2024-08-09,6.395619438740589,11.940000000000001
2024-08-09,6.395619438740589,11.82
2024-08-09,8.396988364134154,11.74
2024-08-09,10.395619438740589,11.73
2024-08-12,0.3887748117727584,10.620000000000001
2024-08-12,0.3887748117727584,10.690000000000001
2024-08-12,1.3880903490759753,11.440000000000001
2024-08-12,2.3874058863791925,11.49
2024-08-12,2.3874058863791925,11.42
2024-08-12,4.388774811772758,11.57
2024-08-12,4.388774811772758,11.440000000000001
2024-08-12,6.3874058863791925,11.64
2024-08-12,6.3874058863791925,11.530000000000001
2024-08-12,8.388774811772759,11.45
2024-08-12,10.387405886379192,11.45
2024-08-13,0.3860369609856263,10.68
2024-08-13,0.3860369609856263,10.74
2024-08-13,1.3853524982888432,11.54
2024-08-13,2.3846680355920604,11.559999999999999
2024-08-13,2.3846680355920604,11.49
2024-08-13,4.386036960985626,11.629999999999999
2024-08-13,4.386036960985626,11.51
2024-08-13,6.38466803559206,11.68
2024-08-13,6.38466803559206,11.57
2024-08-13,8.386036960985626,11.48
2024-08-13,10.38466803559206,11.49
2024-08-14,0.38329911019849416,10.67
2024-08-14,0.38329911019849416,10.73
2024-08-14,1.3826146475017111,11.42
2024-08-14,2.3819301848049284,11.440000000000001
2024-08-14,2.3819301848049284,11.39
2024-08-14,4.383299110198494,11.55
2024-08-14,4.383299110198494,11.440000000000001
2024-08-14,6.381930184804928,11.620000000000001
2024-08-14,6.381930184804928,11.52
2024-08-14,8.383299110198495,11.43
2024-08-14,10.381930184804927,11.440000000000001
2024-08-15,0.3805612594113621,10.71
2024-08-15,0.3805612594113621,10.79
2024-08-15,1.379876796714579,11.48
2024-08-15,2.379192334017796,11.49
2024-08-15,2.379192334017796,11.45
2024-08-15,4.380561259411362,11.559999999999999
2024-08-15,4.380561259411362,11.51
2024-08-15,6.379192334017796,11.61
2024-08-15,6.379192334017796,11.54
2024-08-15,8.380561259411362,11.469999999999999
2024-08-15,10.379192334017796,11.49
2024-08-16,0.37782340862423,10.71
2024-08-16,0.37782340862423,10.79
2024-08-16,1.377138945927447,11.52
2024-08-16,2.3764544832306638,11.52
2024-08-16,2.3764544832306638,11.49
2024-08-16,4.37782340862423,11.559999999999999
2024-08-16,4.37782340862423,11.52
2024-08-16,6.376454483230664,11.61
2024-08-16,6.376454483230664,11.54
2024-08-16,8.37782340862423,11.45
2024-08-16,10.376454483230663,11.46
2024-08-19,0.36960985626283366,10.75
2024-08-19,0.36960985626283366,10.83
2024-08-19,1.3689253935660506,11.61
2024-08-19,2.3682409308692676,11.57
2024-08-19,2.3682409308692676,11.54
2024-08-19,4.369609856262834,11.57
2024-08-19,4.369609856262834,11.530000000000001
2024-08-19,6.368240930869268,11.6
2024-08-19,6.368240930869268,11.530000000000001
2024-08-19,8.369609856262834,11.45
2024-08-19,10.368240930869268,11.45
2024-08-20,0.3668720054757016,10.73
2024-08-20,0.3668720054757016,10.79
2024-08-20,1.3661875427789185,11.51
2024-08-20,2.3655030800821355,11.469999999999999
2024-08-20,2.3655030800821355,11.440000000000001
2024-08-20,4.3668720054757015,11.559999999999999
2024-08-20,4.3668720054757015,11.52
2024-08-20,6.365503080082136,11.629999999999999
2024-08-20,6.365503080082136,11.58
2024-08-20,8.366872005475702,11.51
2024-08-20,10.365503080082135,11.54
2024-08-21,0.36413415468856947,10.73
2024-08-21,0.36413415468856947,10.77
2024-08-21,1.3634496919917864,11.51
2024-08-21,2.3627652292950034,11.49
2024-08-21,2.3627652292950034,11.469999999999999
2024-08-21,4.3641341546885695,11.57
2024-08-21,4.3641341546885695,11.54
2024-08-21,6.362765229295003,11.64
2024-08-21,6.362765229295003,11.6
2024-08-21,8.36413415468857,11.530000000000001
2024-08-21,10.362765229295004,11.55
2024-08-22,0.3613963039014374,10.719999999999999
2024-08-22,0.3613963039014374,10.77
2024-08-22,1.3607118412046544,11.51
2024-08-22,2.3600273785078714,11.559999999999999
2024-08-22,2.3600273785078714,11.559999999999999
2024-08-22,4.361396303901437,11.68
2024-08-22,4.361396303901437,11.65
2024-08-22,6.360027378507871,11.75
2024-08-22,6.360027378507871,11.719999999999999
2024-08-22,8.361396303901437,11.65
2024-08-22,10.360027378507871,11.67
2024-08-23,0.3586584531143053,10.74
2024-08-23,0.3586584531143053,10.8
2024-08-23,1.3579739904175223,11.559999999999999
2024-08-23,2.3572895277207393,11.620000000000001
2024-08-23,2.3572895277207393,11.620000000000001
2024-08-23,4.358658453114305,11.75
2024-08-23,4.358658453114305,11.73
2024-08-23,6.357289527720739,11.82
2024-08-23,6.357289527720739,11.8
2024-08-23,8.358658453114305,11.73
2024-08-23,10.35728952772074,11.75
2024-08-26,0.35044490075290896,10.73
2024-08-26,0.35044490075290896,10.780000000000001
2024-08-26,1.3497604380561259,11.5
2024-08-26,2.349075975359343,11.55
2024-08-26,2.349075975359343,11.55
2024-08-26,4.350444900752909,11.690000000000001
2024-08-26,4.350444900752909,11.68
2024-08-26,6.349075975359343,11.77
2024-08-26,6.349075975359343,11.75
2024-08-26,8.350444900752908,11.68
2024-08-26,10.349075975359343,11.71
2024-08-27,0.34770704996577684,10.77
2024-08-27,0.34770704996577684,10.82
2024-08-27,1.3470225872689938,11.49
2024-08-27,2.346338124572211,11.54
2024-08-27,2.346338124572211,11.54
2024-08-27,4.347707049965777,11.71
2024-08-27,4.347707049965777,11.7
2024-08-27,6.346338124572211,11.8
2024-08-27,6.346338124572211,11.780000000000001
2024-08-27,8.347707049965777,11.71
2024-08-27,10.346338124572211,11.74
2024-08-28,0.34496919917864477,10.8
2024-08-28,0.34496919917864477,10.84
2024-08-28,1.3442847364818618,11.6
2024-08-28,2.3436002737850785,11.59
2024-08-28,2.3436002737850785,11.59
2024-08-28,4.344969199178645,11.73
2024-08-28,4.344969199178645,11.719999999999999
2024-08-28,6.3436002737850785,11.82
2024-08-28,6.3436002737850785,11.8
2024-08-28,8.344969199178644,11.73
2024-08-28,10.343600273785079,11.75
2024-08-29,0.34223134839151265,10.870000000000001
2024-08-29,0.34223134839151265,10.91
2024-08-29,1.3415468856947297,11.75
2024-08-29,2.3408624229979464,11.76
2024-08-29,2.3408624229979464,11.76
2024-08-29,4.342231348391513,11.9
2024-08-29,4.342231348391513,11.89
2024-08-29,6.3408624229979464,11.969999999999999
2024-08-29,6.3408624229979464,11.95
2024-08-29,8.342231348391513,11.870000000000001
2024-08-29,10.340862422997947,11.9
2024-08-30,0.3394934976043806,10.969999999999999
2024-08-30,0.3394934976043806,11.0
2024-08-30,1.3388090349075976,11.9
2024-08-30,2.3381245722108144,11.940000000000001
2024-08-30,2.3381245722108144,11.940000000000001
2024-08-30,4.339493497604381,12.07
2024-08-30,4.339493497604381,12.059999999999999
2024-08-30,6.338124572210814,12.120000000000001
2024-08-30,6.338124572210814,12.1
2024-08-30,8.33949349760438,12.01
2024-08-30,10.338124572210814,12.04
2024-09-02,0.33127994524298426,10.9
2024-09-02,0.33127994524298426,10.92
2024-09-02,1.3305954825462012,11.82
2024-09-02,2.329911019849418,11.99
2024-09-02,2.329911019849418,11.99
2024-09-02,4.331279945242985,12.24
2024-09-02,4.331279945242985,12.219999999999999
2024-09-02,6.329911019849418,12.32
2024-09-02,6.329911019849418,12.27
2024-09-02,8.331279945242985,12.21
2024-09-02,10.329911019849419,12.21
2024-09-03,0.32854209445585214,10.93
2024-09-03,0.32854209445585214,10.95
2024-09-03,1.3278576317590691,11.969999999999999
2024-09-03,2.327173169062286,12.02
2024-09-03,2.327173169062286,12.02
2024-09-03,4.328542094455853,12.17
2024-09-03,4.328542094455853,12.15
2024-09-03,6.327173169062286,12.219999999999999
2024-09-03,6.327173169062286,12.16
2024-09-03,8.328542094455852,12.09
2024-09-03,10.327173169062286,12.08
2024-09-04,0.3258042436687201,10.89
2024-09-04,0.3258042436687201,10.91
2024-09-04,1.325119780971937,11.879999999999999
2024-09-04,2.324435318275154,11.96
2024-09-04,2.324435318275154,11.96
2024-09-04,4.32580424366872,12.190000000000001
2024-09-04,4.32580424366872,12.16
2024-09-04,6.324435318275154,12.25
2024-09-04,6.324435318275154,12.2
2024-09-04,8.32580424366872,12.14
2024-09-04,10.324435318275153,12.15
2024-09-05,0.32306639288158795,10.85
2024-09-05,0.32306639288158795,10.86
2024-09-05,1.322381930184805,11.719999999999999
2024-09-05,2.321697467488022,11.79
2024-09-05,2.321697467488022,11.8
2024-09-05,4.323066392881588,12.01
2024-09-05,4.323066392881588,11.98
2024-09-05,6.321697467488022,12.07
2024-09-05,6.321697467488022,12.02
2024-09-05,8.323066392881588,11.96
2024-09-05,10.321697467488022,11.95
2024-09-06,0.3203285420944558,10.809999999999999
2024-09-06,0.3203285420944558,10.82
2024-09-06,1.319644079397673,11.6
2024-09-06,2.31895961670089,11.629999999999999
2024-09-06,2.31895961670089,11.629999999999999
2024-09-06,4.3203285420944555,11.809999999999999
2024-09-06,4.3203285420944555,11.79
2024-09-06,6.31895961670089,11.870000000000001
2024-09-06,6.31895961670089,11.85
2024-09-06,8.320328542094456,11.77
2024-09-06,10.318959616700889,11.809999999999999
2024-09-09,0.31211498973305957,10.85
2024-09-09,0.31211498973305957,10.870000000000001
2024-09-09,1.3114305270362765,11.780000000000001
2024-09-09,2.3107460643394937,11.82
2024-09-09,2.3107460643394937,11.809999999999999
2024-09-09,4.312114989733059,11.969999999999999
2024-09-09,4.312114989733059,11.95
2024-09-09,6.310746064339494,12.030000000000001
2024-09-09,6.310746064339494,12.0
2024-09-09,8.31211498973306,11.91
2024-09-09,10.310746064339494,11.93
2024-09-10,0.30937713894592744,10.85
2024-09-10,0.30937713894592744,10.85
2024-09-10,1.3086926762491444,11.76
2024-09-10,2.308008213552361,11.780000000000001
2024-09-10,2.308008213552361,11.780000000000001
2024-09-10,4.309377138945927,11.91
2024-09-10,4.309377138945927,11.89
2024-09-10,6.308008213552362,11.940000000000001
2024-09-10,6.308008213552362,11.91
2024-09-10,8.309377138945928,11.83
2024-09-10,10.30800821355236,11.84
2024-09-11,0.3066392881587953,10.870000000000001
2024-09-11,0.3066392881587953,10.870000000000001
2024-09-11,1.3059548254620124,11.8
2024-09-11,2.305270362765229,11.780000000000001
2024-09-11,2.305270362765229,11.780000000000001
2024-09-11,4.306639288158795,11.9
2024-09-11,4.306639288158795,11.89
2024-09-11,6.30527036276523,11.93
2024-09-11,6.30527036276523,11.9
2024-09-11,8.306639288158795,11.83
2024-09-11,10.30527036276523,11.84
2024-09-12,0.30390143737166325,10.879999999999999
2024-09-12,0.30390143737166325,10.89
2024-09-12,1.3032169746748803,11.85
2024-09-12,2.302532511978097,11.84
2024-09-12,2.302532511978097,11.84
2024-09-12,4.303901437371663,11.940000000000001
2024-09-12,4.303901437371663,11.93
2024-09-12,6.3025325119780975,11.98
2024-09-12,6.3025325119780975,11.95
2024-09-12,8.303901437371664,11.870000000000001
2024-09-12,10.302532511978097,11.89
2024-09-13,0.30116358658453113,10.9
2024-09-13,0.30116358658453113,10.91
2024-09-13,1.3004791238877482,11.84
2024-09-13,2.299794661190965,11.86
2024-09-13,2.299794661190965,11.86
2024-09-13,4.301163586584531,12.02
2024-09-13,4.301163586584531,11.99
2024-09-13,6.299794661190965,12.09
2024-09-13,6.299794661190965,12.059999999999999
2024-09-13,8.301163586584531,11.99
2024-09-13,10.299794661190965,12.0
2024-09-16,0.2929500342231348,10.9
2024-09-16,0.2929500342231348,10.91
2024-09-16,1.2922655715263518,11.82
2024-09-16,2.291581108829569,11.879999999999999
2024-09-16,2.291581108829569,11.879999999999999
2024-09-16,4.292950034223135,12.059999999999999
2024-09-16,4.292950034223135,12.02
2024-09-16,6.291581108829569,12.120000000000001
2024-09-16,6.291581108829569,12.1
2024-09-16,8.292950034223136,12.02
2024-09-16,10.291581108829568,12.030000000000001
2024-09-17,0.29021218343600275,10.91
2024-09-17,0.29021218343600275,10.92
2024-09-17,1.2895277207392197,11.82
2024-09-17,2.2888432580424367,11.89
2024-09-17,2.2888432580424367,11.89
2024-09-17,4.290212183436003,12.07
2024-09-17,4.290212183436003,12.02
2024-09-17,6.288843258042436,12.15
2024-09-17,6.288843258042436,12.129999999999999
2024-09-17,8.290212183436003,12.07
2024-09-17,10.288843258042437,12.08
2024-09-18,0.2874743326488706,10.91
2024-09-18,0.2874743326488706,10.92
2024-09-18,1.2867898699520877,11.79
2024-09-18,2.2861054072553046,11.89
2024-09-18,2.2861054072553046,11.879999999999999
2024-09-18,4.287474332648871,12.08
2024-09-18,4.287474332648871,12.030000000000001
2024-09-18,6.286105407255304,12.17
2024-09-18,6.286105407255304,12.14
2024-09-18,8.28747433264887,12.059999999999999
2024-09-18,10.286105407255304,12.08
2024-09-19,0.28473648186173856,10.92
2024-09-19,0.28473648186173856,10.93
2024-09-19,1.2840520191649556,11.940000000000001
2024-09-19,2.2833675564681726,11.969999999999999
2024-09-19,2.2833675564681726,11.96
2024-09-19,4.284736481861739,12.09
2024-09-19,4.284736481861739,12.02
2024-09-19,6.283367556468172,12.16
2024-09-19,6.283367556468172,12.129999999999999
2024-09-19,8.284736481861739,12.030000000000001
2024-09-19,10.283367556468173,12.059999999999999
2024-09-20,0.28199863107460643,10.95
2024-09-20,0.28199863107460643,10.969999999999999
2024-09-20,1.2813141683778233,12.09
2024-09-20,2.2806297056810405,12.1
2024-09-20,2.2806297056810405,12.08
2024-09-20,4.2819986310746065,12.21
2024-09-20,4.2819986310746065,12.14
2024-09-20,6.28062970568104,12.280000000000001
2024-09-20,6.28062970568104,12.24
2024-09-20,8.281998631074606,12.14
2024-09-20,10.28062970568104,12.190000000000001
2024-09-23,0.2737850787132101,10.98
2024-09-23,0.2737850787132101,11.0
2024-09-23,1.273100616016427,12.24
2024-09-23,2.272416153319644,12.41
2024-09-23,2.272416153319644,12.39
2024-09-23,4.27378507871321,12.59
2024-09-23,4.27378507871321,12.52
2024-09-23,6.272416153319644,12.690000000000001
2024-09-23,6.272416153319644,12.64
2024-09-23,8.27378507871321,12.52
2024-09-23,10.272416153319645,12.59
2024-09-24,0.27104722792607805,10.93
2024-09-24,0.27104722792607805,10.98
2024-09-24,1.270362765229295,12.18
2024-09-24,2.269678302532512,12.3
2024-09-24,2.269678302532512,12.27
2024-09-24,4.271047227926078,12.45
2024-09-24,4.271047227926078,12.379999999999999
2024-09-24,6.269678302532512,12.52
2024-09-24,6.269678302532512,12.469999999999999
2024-09-24,8.271047227926077,12.34
2024-09-24,10.269678302532512,12.4
2024-09-25,0.2683093771389459,10.89
2024-09-25,0.2683093771389459,10.95
2024-09-25,1.267624914442163,12.030000000000001
2024-09-25,2.2669404517453797,12.07
2024-09-25,2.2669404517453797,12.04
2024-09-25,4.268309377138946,12.219999999999999
2024-09-25,4.268309377138946,12.14
2024-09-25,6.26694045174538,12.29
2024-09-25,6.26694045174538,12.25
2024-09-25,8.268309377138946,12.129999999999999
2024-09-25,10.26694045174538,12.18
2024-09-26,0.2655715263518138,10.9
2024-09-26,0.2655715263518138,10.969999999999999
2024-09-26,1.264887063655031,12.14
2024-09-26,2.2642026009582477,12.2
2024-09-26,2.2642026009582477,12.16
2024-09-26,4.265571526351814,12.33
2024-09-26,4.265571526351814,12.25
2024-09-26,6.264202600958248,12.379999999999999
2024-09-26,6.264202600958248,12.35
2024-09-26,8.265571526351813,12.190000000000001
2024-09-26,10.264202600958248,12.219999999999999
2024-09-27,0.26283367556468173,10.91
2024-09-27,0.26283367556468173,10.969999999999999
2024-09-27,1.2621492128678986,12.23
2024-09-27,2.2614647501711156,12.33
2024-09-27,2.2614647501711156,12.29
2024-09-27,4.262833675564682,12.46
2024-09-27,4.262833675564682,12.370000000000001
2024-09-27,6.261464750171116,12.51
2024-09-27,6.261464750171116,12.469999999999999
2024-09-27,8.262833675564682,12.309999999999999
2024-09-27,10.261464750171116,12.33
2024-09-30,0.2546201232032854,10.91
2024-09-30,0.2546201232032854,10.98
2024-09-30,1.2539356605065024,12.32
2024-09-30,2.2532511978097194,12.379999999999999
2024-09-30,2.2532511978097194,12.34
2024-09-30,4.254620123203286,12.469999999999999
2024-09-30,4.254620123203286,12.370000000000001
2024-09-30,6.253251197809719,12.51
2024-09-30,6.253251197809719,12.469999999999999
2024-09-30,8.254620123203285,12.32
2024-09-30,10.25325119780972,12.33
2024-10-01,0.2518822724161533,10.92
2024-10-01,0.2518822724161533,10.98
2024-10-01,1.2511978097193703,12.280000000000001
2024-10-01,2.2505133470225873,12.379999999999999
2024-10-01,2.2505133470225873,12.33
2024-10-01,4.251882272416153,12.51
2024-10-01,4.251882272416153,12.4
2024-10-01,6.250513347022587,12.57
2024-10-01,6.250513347022587,12.530000000000001
2024-10-01,8.251882272416154,12.39
2024-10-01,10.250513347022586,12.42
2024-10-02,0.24914442162902123,10.93
2024-10-02,0.24914442162902123,10.98
2024-10-02,1.2484599589322383,12.21
2024-10-02,2.2477754962354553,12.280000000000001
2024-10-02,2.2477754962354553,12.23
2024-10-02,4.249144421629021,12.41
2024-10-02,4.249144421629021,12.3
2024-10-02,6.247775496235455,12.46
2024-10-02,6.247775496235455,12.41
2024-10-02,8.24914442162902,12.27
2024-10-02,10.247775496235455,12.280000000000001
2024-10-03,0.2464065708418891,10.969999999999999
2024-10-03,0.2464065708418891,10.99
2024-10-03,1.2457221081451062,12.25
2024-10-03,2.245037645448323,12.35
2024-10-03,2.245037645448323,12.29
2024-10-03,4.246406570841889,12.49
2024-10-03,4.246406570841889,12.370000000000001
2024-10-03,6.245037645448323,12.530000000000001
2024-10-03,6.245037645448323,12.48
2024-10-03,8.24640657084189,12.34
2024-10-03,10.245037645448322,12.36
2024-10-04,0.243668720054757,11.01
2024-10-04,0.243668720054757,11.02
2024-10-04,1.242984257357974,12.35
2024-10-04,2.242299794661191,12.46
2024-10-04,2.242299794661191,12.39
2024-10-04,4.243668720054757,12.559999999999999
2024-10-04,4.243668720054757,12.43
2024-10-04,6.242299794661191,12.58
2024-10-04,6.242299794661191,12.52
2024-10-04,8.243668720054757,12.36
2024-10-04,10.242299794661191,12.379999999999999
2024-10-07,0.23545516769336072,11.059999999999999
2024-10-07,0.23545516769336072,11.059999999999999
2024-10-07,1.2347707049965777,12.370000000000001
2024-10-07,2.2340862422997945,12.43
2024-10-07,2.2340862422997945,12.36
2024-10-07,4.2354551676933605,12.51
2024-10-07,4.2354551676933605,12.370000000000001
2024-10-07,6.234086242299795,12.52
2024-10-07,6.234086242299795,12.440000000000001
2024-10-07,8.235455167693361,12.3
2024-10-07,10.234086242299794,12.309999999999999
2024-10-08,0.2327173169062286,11.07
2024-10-08,0.2327173169062286,11.059999999999999
2024-10-08,1.2320328542094456,12.309999999999999
2024-10-08,2.2313483915126624,12.39
2024-10-08,2.2313483915126624,12.32
2024-10-08,4.232717316906228,12.45
2024-10-08,4.232717316906228,12.309999999999999
2024-10-08,6.231348391512663,12.43
2024-10-08,6.231348391512663,12.35
2024-10-08,8.232717316906228,12.2
2024-10-08,10.231348391512663,12.21
2024-10-09,0.2299794661190965,11.059999999999999
2024-10-09,0.2299794661190965,11.07
2024-10-09,1.2292950034223136,12.370000000000001
2024-10-09,2.2286105407255303,12.370000000000001
2024-10-09,2.2286105407255303,12.45
2024-10-09,4.229979466119096,12.370000000000001
2024-10-09,4.229979466119096,12.51
2024-10-09,6.228610540725531,12.4
2024-10-09,6.228610540725531,12.5
2024-10-09,8.229979466119097,12.280000000000001
2024-10-09,10.22861054072553,12.26
2024-10-10,0.2272416153319644,11.1
2024-10-10,0.2272416153319644,11.09
2024-10-10,1.2265571526351813,12.49
2024-10-10,2.2258726899383983,12.620000000000001
2024-10-10,2.2258726899383983,12.55
2024-10-10,4.227241615331964,12.66
2024-10-10,4.227241615331964,12.530000000000001
2024-10-10,6.225872689938399,12.629999999999999
2024-10-10,6.225872689938399,12.55
2024-10-10,8.227241615331964,12.4
2024-10-10,10.225872689938399,12.379999999999999
2024-10-11,0.2245037645448323,11.11
2024-10-11,0.2245037645448323,11.11
2024-10-11,1.2238193018480492,12.58
2024-10-11,2.223134839151266,12.74
2024-10-11,2.223134839151266,12.67
2024-10-11,4.224503764544832,12.75
2024-10-11,4.224503764544832,12.629999999999999
2024-10-11,6.223134839151267,12.71
2024-10-11,6.223134839151267,12.629999999999999
2024-10-11,8.224503764544833,12.46
2024-10-11,10.223134839151266,12.440000000000001
2024-10-14,0.216290212183436,11.15
2024-10-14,0.216290212183436,11.14
2024-10-14,1.215605749486653,12.66
2024-10-14,2.21492128678987,12.870000000000001
2024-10-14,2.21492128678987,12.809999999999999
2024-10-14,4.216290212183436,12.9
2024-10-14,4.216290212183436,12.780000000000001
2024-10-14,6.2149212867898695,12.879999999999999
2024-10-14,6.2149212867898695,12.8
2024-10-14,8.216290212183436,12.65
2024-10-14,10.21492128678987,12.620000000000001
2024-10-15,0.2135523613963039,11.129999999999999
2024-10-15,0.2135523613963039,11.120000000000001
2024-10-15,1.212867898699521,12.5
2024-10-15,2.212183436002738,12.620000000000001
2024-10-15,2.212183436002738,12.559999999999999
2024-10-15,4.213552361396304,12.65
2024-10-15,4.213552361396304,12.530000000000001
2024-10-15,6.2121834360027375,12.65
2024-10-15,6.2121834360027375,12.57
2024-10-15,8.213552361396303,12.43
2024-10-15,10.212183436002737,12.42
2024-10-16,0.2108145106091718,11.14
2024-10-16,0.2108145106091718,11.14
2024-10-16,1.2101300479123889,12.58
2024-10-16,2.209445585215606,12.75
2024-10-16,2.209445585215606,12.7
2024-10-16,4.210814510609172,12.780000000000001
2024-10-16,4.210814510609172,12.67
2024-10-16,6.209445585215605,12.780000000000001
2024-10-16,6.209445585215605,12.71
2024-10-16,8.210814510609172,12.57
2024-10-16,10.209445585215606,12.55
2024-10-17,0.2080766598220397,11.18
2024-10-17,0.2080766598220397,11.18
2024-10-17,1.2073921971252566,12.690000000000001
2024-10-17,2.206707734428474,12.9
2024-10-17,2.206707734428474,12.85
2024-10-17,4.20807665982204,12.98
2024-10-17,4.20807665982204,12.879999999999999
2024-10-17,6.206707734428473,12.99
2024-10-17,6.206707734428473,12.92
2024-10-17,8.208076659822039,12.8
2024-10-17,10.206707734428473,12.780000000000001
2024-10-18,0.2053388090349076,11.190000000000001
2024-10-18,0.2053388090349076,11.21
2024-10-18,1.2046543463381245,12.66
2024-10-18,2.2039698836413417,12.86
2024-10-18,2.2039698836413417,12.84
2024-10-18,4.205338809034908,12.96
2024-10-18,4.205338809034908,12.870000000000001
2024-10-18,6.203969883641341,12.969999999999999
2024-10-18,6.203969883641341,12.92
2024-10-18,8.205338809034908,12.8
2024-10-18,10.203969883641342,12.8
2024-10-21,0.1971252566735113,11.21
2024-10-21,0.1971252566735113,11.23
2024-10-21,1.1964407939767283,12.719999999999999
2024-10-21,2.195756331279945,12.969999999999999
2024-10-21,2.195756331279945,12.95
2024-10-21,4.1971252566735116,13.07
2024-10-21,4.1971252566735116,12.99
2024-10-21,6.195756331279945,13.059999999999999
2024-10-21,6.195756331279945,13.01
2024-10-21,8.19712525667351,12.870000000000001
2024-10-21,10.195756331279945,12.86
2024-10-22,0.1943874058863792,11.21
2024-10-22,0.1943874058863792,11.23
2024-10-22,1.1937029431895962,12.65
2024-10-22,2.193018480492813,12.86
2024-10-22,2.193018480492813,12.85
2024-10-22,4.1943874058863795,12.98
2024-10-22,4.1943874058863795,12.9
2024-10-22,6.193018480492813,13.0
2024-10-22,6.193018480492813,12.95
2024-10-22,8.19438740588638,12.83
2024-10-22,10.193018480492814,12.809999999999999
2024-10-23,0.19164955509924708,11.23
2024-10-23,0.19164955509924708,11.24
2024-10-23,1.1909650924024642,12.7
2024-10-23,2.190280629705681,12.91
2024-10-23,2.190280629705681,12.9
2024-10-23,4.191649555099247,12.99
2024-10-23,4.191649555099247,12.92
2024-10-23,6.190280629705681,12.99
2024-10-23,6.190280629705681,12.95
2024-10-23,8.191649555099247,12.8
2024-10-23,10.190280629705681,12.79
2024-10-24,0.188911704312115,11.25
2024-10-24,0.188911704312115,11.280000000000001
2024-10-24,1.1882272416153319,12.780000000000001
2024-10-24,2.187542778918549,13.02
2024-10-24,2.187542778918549,13.01
2024-10-24,4.188911704312115,13.1
2024-10-24,4.188911704312115,13.030000000000001
2024-10-24,6.187542778918549,13.09
2024-10-24,6.187542778918549,13.05
2024-10-24,8.188911704312115,12.9
2024-10-24,10.18754277891855,12.879999999999999
2024-10-25,0.1861738535249829,11.24
2024-10-25,0.1861738535249829,11.27
2024-10-25,1.1854893908281998,12.64
2024-10-25,2.184804928131417,12.809999999999999
2024-10-25,2.184804928131417,12.8
2024-10-25,4.186173853524983,12.85
2024-10-25,4.186173853524983,12.79
2024-10-25,6.184804928131417,12.83
2024-10-25,6.184804928131417,12.79
2024-10-25,8.186173853524982,12.65
2024-10-25,10.184804928131417,12.629999999999999
2024-10-28,0.17796030116358658,11.25
2024-10-28,0.17796030116358658,11.29
2024-10-28,1.1772758384668036,12.66
2024-10-28,2.1765913757700206,12.82
2024-10-28,2.1765913757700206,12.82
2024-10-28,4.177960301163586,12.870000000000001
2024-10-28,4.177960301163586,12.82
2024-10-28,6.176591375770021,12.85
2024-10-28,6.176591375770021,12.809999999999999
2024-10-28,8.177960301163587,12.67
2024-10-28,10.17659137577002,12.65
2024-10-29,0.17522245037645448,11.26
2024-10-29,0.17522245037645448,11.3
2024-10-29,1.1745379876796715,12.67
2024-10-29,2.1738535249828885,12.84
2024-10-29,2.1738535249828885,12.84
2024-10-29,4.175222450376454,12.92
2024-10-29,4.175222450376454,12.870000000000001
2024-10-29,6.1738535249828885,12.93
2024-10-29,6.1738535249828885,12.89
2024-10-29,8.175222450376454,12.75
2024-10-29,10.173853524982889,12.74
2024-10-30,0.17248459958932238,11.280000000000001
2024-10-30,0.17248459958932238,11.309999999999999
2024-10-30,1.1718001368925393,12.74
2024-10-30,2.1711156741957565,12.95
2024-10-30,2.1711156741957565,12.940000000000001
2024-10-30,4.172484599589322,13.05
2024-10-30,4.172484599589322,13.0
2024-10-30,6.1711156741957565,13.04
2024-10-30,6.1711156741957565,13.0
2024-10-30,8.172484599589323,12.86
2024-10-30,10.171115674195756,12.83
2024-10-31,0.1697467488021903,11.29
2024-10-31,0.1697467488021903,11.309999999999999
2024-10-31,1.1690622861054072,12.77
2024-10-31,2.1683778234086244,12.93
2024-10-31,2.1683778234086244,12.93
2024-10-31,4.16974674880219,12.99
2024-10-31,4.16974674880219,12.940000000000001
2024-10-31,6.168377823408624,12.969999999999999
2024-10-31,6.168377823408624,12.92
2024-10-31,8.16974674880219,12.780000000000001
2024-10-31,10.168377823408624,12.74
2024-11-01,0.16700889801505817,11.309999999999999
2024-11-01,0.16700889801505817,11.32
2024-11-01,1.1663244353182751,12.8
2024-11-01,2.1656399726214923,12.99
2024-11-01,2.1656399726214923,12.98
2024-11-01,4.167008898015058,13.05
2024-11-01,4.167008898015058,13.01
2024-11-01,6.165639972621492,13.04
2024-11-01,6.165639972621492,12.99
2024-11-01,8.167008898015059,12.85
2024-11-01,10.165639972621491,12.809999999999999
2024-11-04,0.15879534565366188,11.33
2024-11-04,0.15879534565366188,11.34
2024-11-04,1.158110882956879,12.98
2024-11-04,2.1574264202600957,13.17
2024-11-04,2.1574264202600957,13.15
2024-11-04,4.158795345653662,13.21
2024-11-04,4.158795345653662,13.17
2024-11-04,6.157426420260096,13.18
2024-11-04,6.157426420260096,13.14
2024-11-04,8.158795345653662,12.99
2024-11-04,10.157426420260096,12.940000000000001
2024-11-05,0.15605749486652978,11.34
2024-11-05,0.15605749486652978,11.35
2024-11-05,1.1553730321697468,12.9
2024-11-05,2.1546885694729636,13.08
2024-11-05,2.1546885694729636,13.059999999999999
2024-11-05,4.15605749486653,13.14
2024-11-05,4.15605749486653,13.09
2024-11-05,6.154688569472964,13.11
2024-11-05,6.154688569472964,13.05
2024-11-05,8.15605749486653,12.92
2024-11-05,10.154688569472963,12.870000000000001
2024-11-06,0.15331964407939766,11.370000000000001
2024-11-06,0.15331964407939766,11.370000000000001
2024-11-06,1.1526351813826146,12.99
2024-11-06,2.1519507186858315,13.17
2024-11-06,2.1519507186858315,13.15
2024-11-06,4.153319644079398,13.21
2024-11-06,4.153319644079398,13.16
2024-11-06,6.151950718685832,13.17
2024-11-06,6.151950718685832,13.11
2024-11-06,8.153319644079398,12.98
2024-11-06,10.151950718685832,12.91
2024-11-07,0.15058179329226556,11.379999999999999
2024-11-07,0.15058179329226556,11.379999999999999
2024-11-07,1.1498973305954825,12.95
2024-11-07,2.1492128678986995,13.059999999999999
2024-11-07,2.1492128678986995,13.04
2024-11-07,4.1505817932922655,13.04
2024-11-07,4.1505817932922655,12.99
2024-11-07,6.1492128678987,12.98
2024-11-07,6.1492128678987,12.93
2024-11-07,8.150581793292266,12.79
2024-11-07,10.149212867898699,12.719999999999999
2024-11-08,0.14784394250513347,11.39
2024-11-08,0.14784394250513347,11.39
2024-11-08,1.1471594798083504,13.07
2024-11-08,2.1464750171115674,13.17
2024-11-08,2.1464750171115674,13.15
2024-11-08,4.147843942505133,13.08
2024-11-08,4.147843942505133,13.02
2024-11-08,6.146475017111568,12.969999999999999
2024-11-08,6.146475017111568,12.92
2024-11-08,8.147843942505133,12.75
2024-11-08,10.146475017111568,12.73
2024-11-11,0.13963039014373715,11.4
2024-11-11,0.13963039014373715,11.4
2024-11-11,1.1389459274469542,13.120000000000001
2024-11-11,2.138261464750171,13.21
2024-11-11,2.138261464750171,13.190000000000001
2024-11-11,4.139630390143737,13.09
2024-11-11,4.139630390143737,13.04
2024-11-11,6.138261464750171,12.969999999999999
2024-11-11,6.138261464750171,12.92
2024-11-11,8.139630390143736,12.75
2024-11-11,10.13826146475017,12.67
2024-11-12,0.13689253935660506,11.4
2024-11-12,0.13689253935660506,11.4
2024-11-12,1.136208076659822,13.1
2024-11-12,2.135523613963039,13.27
2024-11-12,2.135523613963039,13.25
2024-11-12,4.136892539356605,13.14
2024-11-12,4.136892539356605,13.08
2024-11-12,6.135523613963039,13.01
2024-11-12,6.135523613963039,12.96
2024-11-12,8.136892539356605,12.8
2024-11-12,10.13552361396304,12.71
2024-11-13,0.13415468856947296,11.41
2024-11-13,0.13415468856947296,11.41
2024-11-13,1.1334702258726899,13.17
2024-11-13,2.132785763175907,13.379999999999999
2024-11-13,2.132785763175907,13.36
2024-11-13,4.134154688569473,13.27
2024-11-13,4.134154688569473,13.21
2024-11-13,6.132785763175907,13.15
2024-11-13,6.132785763175907,13.1
2024-11-13,8.134154688569472,12.940000000000001
2024-11-13,10.132785763175907,12.86
2024-11-14,0.13141683778234087,11.41
2024-11-14,0.13141683778234087,11.42
2024-11-14,1.1307323750855578,13.190000000000001
2024-11-14,2.130047912388775,13.39
2024-11-14,2.130047912388775,13.36
2024-11-14,4.131416837782341,13.26
2024-11-14,4.131416837782341,13.2
2024-11-14,6.1300479123887746,13.120000000000001
2024-11-14,6.1300479123887746,13.07
2024-11-14,8.131416837782341,12.91
2024-11-14,10.130047912388775,12.83
2024-11-18,0.12046543463381246,11.440000000000001
2024-11-18,0.12046543463381246,11.45
2024-11-18,1.1197809719370295,13.25
2024-11-18,2.1190965092402463,13.46
2024-11-18,2.1190965092402463,13.43
2024-11-18,4.120465434633813,13.33
2024-11-18,4.120465434633813,13.27
2024-11-18,6.119096509240246,13.2
2024-11-18,6.119096509240246,13.15
2024-11-18,8.120465434633813,13.0
2024-11-18,10.119096509240247,12.93
2024-11-19,0.11772758384668036,11.440000000000001
2024-11-19,0.11772758384668036,11.46
2024-11-19,1.1170431211498972,13.27
2024-11-19,2.116358658453114,13.469999999999999
2024-11-19,2.116358658453114,13.43
2024-11-19,4.117727583846681,13.32
2024-11-19,4.117727583846681,13.26
2024-11-19,6.116358658453114,13.18
2024-11-19,6.116358658453114,13.129999999999999
2024-11-19,8.11772758384668,12.969999999999999
2024-11-19,10.116358658453114,12.9
2024-11-21,0.11225188227241616,11.46
2024-11-21,0.11225188227241616,11.49
2024-11-21,1.111567419575633,13.219999999999999
2024-11-21,2.11088295687885,13.440000000000001
2024-11-21,2.11088295687885,13.4
2024-11-21,4.112251882272417,13.35
2024-11-21,4.112251882272417,13.29
2024-11-21,6.11088295687885,13.23
2024-11-21,6.11088295687885,13.18
2024-11-21,8.112251882272416,13.02
2024-11-21,10.11088295687885,12.95
2024-11-22,0.10951403148528405,11.48
2024-11-22,0.10951403148528405,11.5
2024-11-22,1.108829568788501,13.16
2024-11-22,2.108145106091718,13.34
2024-11-22,2.108145106091718,13.309999999999999
2024-11-22,4.1095140314852845,13.219999999999999
2024-11-22,4.1095140314852845,13.16
2024-11-22,6.108145106091718,13.1
2024-11-22,6.108145106091718,13.059999999999999
2024-11-22,8.109514031485284,12.9
2024-11-22,10.108145106091717,12.82
2024-11-25,0.10130047912388775,11.51
2024-11-25,0.10130047912388775,11.530000000000001
2024-11-25,1.1006160164271048,13.23
2024-11-25,2.099931553730322,13.39
2024-11-25,2.099931553730322,13.370000000000001
2024-11-25,4.101300479123887,13.26
2024-11-25,4.101300479123887,13.2
2024-11-25,6.099931553730322,13.14
2024-11-25,6.099931553730322,13.1
2024-11-25,8.101300479123887,12.95
2024-11-25,10.099931553730322,12.879999999999999
2024-11-26,0.09856262833675565,11.52
2024-11-26,0.09856262833675565,11.54
2024-11-26,1.0978781656399725,13.25
2024-11-26,2.0971937029431897,13.34
2024-11-26,2.0971937029431897,13.32
2024-11-26,4.098562628336755,13.17
2024-11-26,4.098562628336755,13.120000000000001
2024-11-26,6.09719370294319,13.05
2024-11-26,6.09719370294319,13.030000000000001
2024-11-26,8.098562628336756,12.879999999999999
2024-11-26,10.097193702943189,12.8
2024-11-27,0.09582477754962354,11.530000000000001
2024-11-27,0.09582477754962354,11.54
2024-11-27,1.0951403148528405,13.29
2024-11-27,2.0944558521560577,13.41
2024-11-27,2.0944558521560577,13.4
2024-11-27,4.095824777549623,13.25
2024-11-27,4.095824777549623,13.219999999999999
2024-11-27,6.094455852156058,13.129999999999999
2024-11-27,6.094455852156058,13.11
2024-11-27,8.095824777549623,12.96
2024-11-27,10.094455852156058,12.89
2024-11-28,0.09308692676249145,11.58
2024-11-28,0.09308692676249145,11.6
2024-11-28,1.0924024640657084,13.59
2024-11-28,2.0917180013689256,13.780000000000001
2024-11-28,2.0917180013689256,13.76
2024-11-28,4.093086926762491,13.690000000000001
2024-11-28,4.093086926762491,13.65
2024-11-28,6.091718001368926,13.57
2024-11-28,6.091718001368926,13.55
2024-11-28,8.093086926762492,13.4
2024-11-28,10.091718001368925,13.32
2024-11-29,0.09034907597535935,11.68
2024-11-29,0.09034907597535935,11.690000000000001
2024-11-29,1.0896646132785763,14.120000000000001
2024-11-29,2.088980150581793,14.370000000000001
2024-11-29,2.088980150581793,14.36
2024-11-29,4.090349075975359,14.29
2024-11-29,4.090349075975359,14.27
2024-11-29,6.0889801505817935,14.190000000000001
2024-11-29,6.0889801505817935,14.17
2024-11-29,8.09034907597536,14.030000000000001
2024-11-29,10.088980150581794,13.93
2024-12-02,0.08213552361396304,11.68
2024-12-02,0.08213552361396304,11.7
2024-12-02,1.08145106091718,13.9
2024-12-02,2.080766598220397,14.09
2024-12-02,2.080766598220397,14.09
2024-12-02,4.082135523613963,13.92
2024-12-02,4.082135523613963,13.91
2024-12-02,6.080766598220397,13.780000000000001
2024-12-02,6.080766598220397,13.77
2024-12-02,8.082135523613964,13.6
2024-12-02,10.080766598220396,13.5
2024-12-03,1.0787132101300478,13.85
2024-12-03,2.078028747433265,14.09
2024-12-03,2.078028747433265,14.09
2024-12-03,4.079397672826831,13.940000000000001
2024-12-03,4.079397672826831,13.95
2024-12-03,6.078028747433265,13.809999999999999
2024-12-03,6.078028747433265,13.809999999999999
2024-12-03,8.07939767282683,13.629999999999999
2024-12-03,10.078028747433265,13.52
2024-12-04,1.0759753593429158,14.05
2024-12-04,2.0752908966461328,14.39
2024-12-04,2.0752908966461328,14.39
2024-12-04,4.076659822039699,14.33
2024-12-04,4.076659822039699,14.34
2024-12-04,6.075290896646133,14.21
2024-12-04,6.075290896646133,14.219999999999999
2024-12-04,8.0766598220397,14.04
2024-12-04,10.075290896646132,13.95
2024-12-05,1.0732375085557837,14.08
2024-12-05,2.0725530458590007,14.34
2024-12-05,2.0725530458590007,14.33
2024-12-05,4.073921971252567,14.16
2024-12-05,4.073921971252567,14.18
2024-12-05,6.072553045859,14.02
2024-12-05,6.072553045859,14.04
2024-12-05,8.073921971252567,13.86
2024-12-05,10.072553045859001,13.76
2024-12-06,1.0704996577686516,14.27
2024-12-06,2.0698151950718686,14.58
2024-12-06,2.0698151950718686,14.57
2024-12-06,4.071184120465435,14.33
2024-12-06,4.071184120465435,14.36
2024-12-06,6.069815195071868,14.14
2024-12-06,6.069815195071868,14.17
2024-12-06,8.071184120465434,13.95
2024-12-06,10.069815195071868,13.85
2024-12-09,1.0622861054072552,14.41
2024-12-09,2.0616016427104724,14.809999999999999
2024-12-09,2.0616016427104724,14.8
2024-12-09,4.0629705681040384,14.54
2024-12-09,4.0629705681040384,14.57
2024-12-09,6.061601642710472,14.32
2024-12-09,6.061601642710472,14.35
2024-12-09,8.062970568104038,14.11
2024-12-09,10.061601642710473,14.01
2024-12-10,1.0595482546201231,14.42
2024-12-10,2.0588637919233403,14.82
2024-12-10,2.0588637919233403,14.82
2024-12-10,4.060232717316906,14.54
2024-12-10,4.060232717316906,14.58
2024-12-10,6.05886379192334,14.280000000000001
2024-12-10,6.05886379192334,14.32
2024-12-10,8.060232717316905,14.05
2024-12-10,10.05886379192334,13.96
2024-12-11,1.056810403832991,14.370000000000001
2024-12-11,2.0561259411362083,14.66
2024-12-11,2.0561259411362083,14.65
2024-12-11,4.057494866529774,14.26
2024-12-11,4.057494866529774,14.3
2024-12-11,6.056125941136208,13.98
2024-12-11,6.056125941136208,14.030000000000001
2024-12-11,8.057494866529774,13.75
2024-12-11,10.056125941136209,13.629999999999999
2024-12-12,1.054072553045859,14.54
2024-12-12,2.0533880903490758,14.620000000000001
2024-12-12,2.0533880903490758,14.620000000000001
2024-12-12,4.054757015742642,14.1
2024-12-12,4.054757015742642,14.15
2024-12-12,6.053388090349076,13.809999999999999
2024-12-12,6.053388090349076,13.86
2024-12-12,8.054757015742641,13.58
2024-12-12,10.053388090349076,13.46
2024-12-13,1.051334702258727,14.82
2024-12-13,2.0506502395619437,14.93
2024-12-13,2.0506502395619437,14.93
2024-12-13,4.05201916495551,14.43
2024-12-13,4.05201916495551,14.48
2024-12-13,6.050650239561944,14.15
2024-12-13,6.050650239561944,14.219999999999999
2024-12-13,8.05201916495551,13.91
2024-12-13,10.050650239561945,13.8
2024-12-16,1.0431211498973305,14.940000000000001
2024-12-16,2.0424366872005475,15.23
2024-12-16,2.0424366872005475,15.219999999999999
2024-12-16,4.043805612594114,14.91
2024-12-16,4.043805612594114,14.96
2024-12-16,6.0424366872005475,14.67
2024-12-16,6.0424366872005475,14.74
2024-12-16,8.043805612594113,14.43
2024-12-16,10.042436687200547,14.33
2024-12-17,1.0403832991101984,15.09
2024-12-17,2.0396988364134154,15.629999999999999
2024-12-17,2.0396988364134154,15.620000000000001
2024-12-17,4.041067761806982,15.42
2024-12-17,4.041067761806982,15.49
2024-12-17,6.039698836413415,15.2
2024-12-17,6.039698836413415,15.27
2024-12-17,8.041067761806982,14.98
2024-12-17,10.039698836413416,14.870000000000001
2024-12-18,1.0376454483230664,15.07
2024-12-18,2.0369609856262834,15.379999999999999
2024-12-18,2.0369609856262834,15.35
2024-12-18,4.03832991101985,15.02
2024-12-18,4.03832991101985,15.08
2024-12-18,6.036960985626283,14.719999999999999
2024-12-18,6.036960985626283,14.8
2024-12-18,8.038329911019849,14.48
2024-12-18,10.036960985626283,14.36
2024-12-19,1.0349075975359343,15.75
2024-12-19,2.0342231348391513,16.27
2024-12-19,2.0342231348391513,16.25
2024-12-19,4.035592060232717,15.950000000000001
2024-12-19,4.035592060232717,16.02
2024-12-19,6.034223134839151,15.66
2024-12-19,6.034223134839151,15.77
2024-12-19,8.035592060232718,15.440000000000001
2024-12-19,10.03422313483915,15.29
2024-12-20,1.0321697467488022,15.08
2024-12-20,2.0314852840520192,15.309999999999999
2024-12-20,2.0314852840520192,15.27
2024-12-20,4.032854209445585,14.969999999999999
2024-12-20,4.032854209445585,15.04
2024-12-20,6.031485284052019,14.719999999999999
2024-12-20,6.031485284052019,14.809999999999999
2024-12-20,8.032854209445585,14.51
2024-12-20,10.03148528405202,14.370000000000001
2024-12-23,1.0239561943874058,15.16
2024-12-23,2.023271731690623,15.4
2024-12-23,2.023271731690623,15.35
2024-12-23,4.024640657084189,15.030000000000001
2024-12-23,4.024640657084189,15.120000000000001
2024-12-23,6.023271731690623,14.82
2024-12-23,6.023271731690623,14.91
2024-12-23,8.02464065708419,14.629999999999999
2024-12-23,10.023271731690622,14.48
2024-12-26,1.0157426420260096,15.4
2024-12-26,2.0150581793292264,15.71
2024-12-26,2.0150581793292264,15.66
2024-12-26,4.016427104722792,15.3
2024-12-26,4.016427104722792,15.39
2024-12-26,6.015058179329227,15.04
2024-12-26,6.015058179329227,15.129999999999999
2024-12-26,8.016427104722792,14.84
2024-12-26,10.015058179329227,14.66
2024-12-27,1.0130047912388775,15.280000000000001
2024-12-27,2.0123203285420943,15.52
2024-12-27,2.0123203285420943,15.58
2024-12-27,4.01368925393566,15.370000000000001
2024-12-27,4.01368925393566,15.280000000000001
2024-12-27,6.012320328542095,15.17
2024-12-27,6.012320328542095,15.08
2024-12-27,8.013689253935661,14.91
2024-12-27,10.012320328542094,14.74
2024-12-30,1.0047912388774811,15.42
2024-12-30,2.004106776180698,15.91
2024-12-30,2.004106776180698,15.86
2024-12-30,4.005475701574264,15.73
2024-12-30,4.005475701574264,15.83
2024-12-30,6.0041067761806985,15.55
2024-12-30,6.0041067761806985,15.65
2024-12-30,8.005475701574264,15.4
2024-12-30,10.004106776180699,15.219999999999999
2025-01-02,0.9965776865160849,15.4
2025-01-02,1.995893223819302,15.98
2025-01-02,1.995893223819302,15.940000000000001
2025-01-02,3.997262149212868,15.86
2025-01-02,3.997262149212868,15.96
2025-01-02,5.9958932238193015,15.66
2025-01-02,5.9958932238193015,15.74
2025-01-02,7.997262149212868,15.49
2025-01-02,9.995893223819301,15.280000000000001
2025-01-03,0.9938398357289527,15.2
2025-01-03,1.9931553730321698,15.719999999999999
2025-01-03,1.9931553730321698,15.690000000000001
2025-01-03,3.994524298425736,15.530000000000001
2025-01-03,3.994524298425736,15.61
2025-01-03,5.993155373032169,15.3
2025-01-03,5.993155373032169,15.370000000000001
2025-01-03,7.994524298425736,15.11
2025-01-03,9.99315537303217,14.9
2025-01-06,0.9856262833675564,14.99
2025-01-06,1.9849418206707734,15.43
2025-01-06,1.9849418206707734,15.39
2025-01-06,3.9863107460643397,15.26
2025-01-06,3.9863107460643397,15.33
2025-01-06,5.984941820670773,15.05
2025-01-06,5.984941820670773,15.11
2025-01-06,7.98631074606434,14.84
2025-01-06,9.984941820670773,14.64
2025-01-07,0.9828884325804244,14.98
2025-01-07,1.9822039698836413,15.36
2025-01-07,1.9822039698836413,15.3
2025-01-07,3.9835728952772076,15.11
2025-01-07,3.9835728952772076,15.17
2025-01-07,5.982203969883641,14.89
2025-01-07,5.982203969883641,14.940000000000001
2025-01-07,7.983572895277208,14.68
2025-01-07,9.982203969883642,14.48
2025-01-08,0.9801505817932923,15.030000000000001
2025-01-08,1.9794661190965093,15.5
2025-01-08,1.9794661190965093,15.440000000000001
2025-01-08,3.980835044490075,15.34
2025-01-08,3.980835044490075,15.41
2025-01-08,5.979466119096509,15.14
2025-01-08,5.979466119096509,15.21
2025-01-08,7.9808350444900755,14.969999999999999
2025-01-08,9.979466119096509,14.77
2025-01-09,0.9774127310061602,14.92
2025-01-09,1.9767282683093772,15.34
2025-01-09,1.9767282683093772,15.29
2025-01-09,3.978097193702943,15.25
2025-01-09,3.978097193702943,15.33
2025-01-09,5.976728268309377,15.11
2025-01-09,5.976728268309377,15.190000000000001
2025-01-09,7.9780971937029435,14.95
2025-01-09,9.976728268309378,14.79
2025-01-10,0.974674880219028,14.98
2025-01-10,1.9739904175222451,15.370000000000001
2025-01-10,1.9739904175222451,15.309999999999999
2025-01-10,3.975359342915811,15.25
2025-01-10,3.975359342915811,15.3
2025-01-10,5.973990417522245,15.14
2025-01-10,5.973990417522245,15.2
2025-01-10,7.975359342915811,15.0
2025-01-10,9.973990417522245,14.86
2025-01-13,0.9664613278576317,15.030000000000001
2025-01-13,1.9657768651608487,15.440000000000001
2025-01-13,1.9657768651608487,15.379999999999999
2025-01-13,3.9671457905544147,15.469999999999999
2025-01-13,3.9671457905544147,15.49
2025-01-13,5.965776865160849,15.370000000000001
2025-01-13,5.965776865160849,15.43
2025-01-13,7.967145790554415,15.24
2025-01-13,9.96577686516085,15.11
2025-01-14,0.9637234770704997,14.92
2025-01-14,1.9630390143737166,15.32
2025-01-14,1.9630390143737166,15.25
2025-01-14,3.9644079397672827,15.41
2025-01-14,3.9644079397672827,15.42
2025-01-14,5.963039014373717,15.35
2025-01-14,5.963039014373717,15.4
2025-01-14,7.964407939767283,15.23
2025-01-14,9.963039014373717,15.120000000000001
2025-01-15,0.9609856262833676,14.85
2025-01-15,1.9603011635865846,15.15
2025-01-15,1.9603011635865846,15.08
2025-01-15,3.9616700889801506,15.16
2025-01-15,3.9616700889801506,15.17
2025-01-15,5.960301163586585,15.1
2025-01-15,5.960301163586585,15.129999999999999
2025-01-15,7.96167008898015,14.969999999999999
2025-01-15,9.960301163586584,14.85
2025-01-16,0.9582477754962354,14.83
2025-01-16,1.9575633127994525,15.1
2025-01-16,1.9575633127994525,15.02
2025-01-16,3.9589322381930185,14.99
2025-01-16,3.9589322381930185,15.0
2025-01-16,5.9575633127994525,14.91
2025-01-16,5.9575633127994525,14.96
2025-01-16,7.958932238193018,14.8
2025-01-16,9.957563312799453,14.71
2025-01-17,0.9555099247091033,14.870000000000001
2025-01-17,1.9548254620123204,15.190000000000001
2025-01-17,1.9548254620123204,15.1
2025-01-17,3.9561943874058865,15.17
2025-01-17,3.9561943874058865,15.17
2025-01-17,5.95482546201232,15.129999999999999
2025-01-17,5.95482546201232,15.190000000000001
2025-01-17,7.956194387405886,15.030000000000001
2025-01-17,9.95482546201232,15.0
2025-01-20,0.947296372347707,14.96
2025-01-20,1.946611909650924,15.3
2025-01-20,1.946611909650924,15.21
2025-01-20,3.9479808350444903,15.32
2025-01-20,3.9479808350444903,15.3
2025-01-20,5.946611909650924,15.3
2025-01-20,5.946611909650924,15.34
2025-01-20,7.94798083504449,15.219999999999999
2025-01-20,9.946611909650924,15.190000000000001
2025-01-21,0.944558521560575,14.95
2025-01-21,1.943874058863792,15.219999999999999
2025-01-21,1.943874058863792,15.14
2025-01-21,3.9452429842573578,15.21
2025-01-21,3.9452429842573578,15.17
2025-01-21,5.943874058863792,15.2
2025-01-21,5.943874058863792,15.23
2025-01-21,7.945242984257358,15.120000000000001
2025-01-21,9.943874058863791,15.129999999999999
2025-01-22,0.9418206707734429,14.92
2025-01-22,1.9411362080766599,15.21
2025-01-22,1.9411362080766599,15.129999999999999
2025-01-22,3.9425051334702257,15.219999999999999
2025-01-22,3.9425051334702257,15.18
2025-01-22,5.94113620807666,15.18
2025-01-22,5.94113620807666,15.219999999999999
2025-01-22,7.942505133470226,15.1
2025-01-22,9.94113620807666,15.09
2025-01-23,0.9390828199863107,14.92
2025-01-23,1.9383983572895278,15.23
2025-01-23,1.9383983572895278,15.15
2025-01-23,3.9397672826830936,15.21
2025-01-23,3.9397672826830936,15.17
2025-01-23,5.938398357289528,15.15
2025-01-23,5.938398357289528,15.2
2025-01-23,7.939767282683094,15.05
2025-01-23,9.938398357289527,15.059999999999999
2025-01-24,0.9363449691991786,15.1
2025-01-24,1.9356605065023955,15.43
2025-01-24,1.9356605065023955,15.36
2025-01-24,3.9370294318959616,15.379999999999999
2025-01-24,3.9370294318959616,15.35
2025-01-24,5.935660506502396,15.32
2025-01-24,5.935660506502396,15.379999999999999
2025-01-24,7.9370294318959616,15.219999999999999
2025-01-24,9.935660506502396,15.23
2025-01-27,0.9281314168377823,15.15
2025-01-27,1.9274469541409993,15.41
2025-01-27,1.9274469541409993,15.33
2025-01-27,3.9288158795345653,15.280000000000001
2025-01-27,3.9288158795345653,15.25
2025-01-27,5.927446954141,15.2
2025-01-27,5.927446954141,15.26
2025-01-27,7.928815879534565,15.09
2025-01-27,9.927446954140999,15.129999999999999
2025-01-28,0.9253935660506503,15.120000000000001
2025-01-28,1.9247091033538672,15.36
2025-01-28,1.9247091033538672,15.280000000000001
2025-01-28,3.9260780287474333,15.23
2025-01-28,3.9260780287474333,15.2
2025-01-28,5.924709103353867,15.16
2025-01-28,5.924709103353867,15.219999999999999
2025-01-28,7.926078028747433,15.05
2025-01-28,9.924709103353868,15.09
2025-01-29,0.9226557152635181,15.14
2025-01-29,1.9219712525667352,15.35
2025-01-29,1.9219712525667352,15.280000000000001
2025-01-29,3.923340177960301,15.26
2025-01-29,3.923340177960301,15.23
2025-01-29,5.921971252566735,15.2
2025-01-29,5.921971252566735,15.26
2025-01-29,7.923340177960301,15.11
2025-01-29,9.921971252566735,15.15
2025-01-30,0.919917864476386,15.01
2025-01-30,1.919233401779603,15.280000000000001
2025-01-30,1.919233401779603,15.21
2025-01-30,3.920602327173169,15.33
2025-01-30,3.920602327173169,15.309999999999999
2025-01-30,5.919233401779603,15.33
2025-01-30,5.919233401779603,15.39
2025-01-30,7.920602327173169,15.280000000000001
2025-01-30,9.919233401779604,15.32
2025-01-31,0.917180013689254,14.8
2025-01-31,1.9164955509924708,14.870000000000001
2025-01-31,1.9164955509924708,14.809999999999999
2025-01-31,3.917864476386037,14.84
2025-01-31,3.917864476386037,14.82
2025-01-31,5.916495550992471,14.86
2025-01-31,5.916495550992471,14.92
2025-01-31,7.917864476386037,14.82
2025-01-31,9.91649555099247,14.879999999999999
2025-02-03,0.9089664613278576,14.9
2025-02-03,1.9082819986310746,15.02
2025-02-03,1.9082819986310746,14.969999999999999
2025-02-03,2.9075975359342916,14.89
2025-02-03,3.909650924024641,14.91
2025-02-03,3.909650924024641,14.89
2025-02-03,5.908281998631074,14.89
2025-02-03,5.908281998631074,14.940000000000001
2025-02-03,6.907597535934292,14.9
2025-02-03,7.909650924024641,14.82
2025-02-03,9.908281998631075,14.86
2025-02-04,0.9062286105407256,14.91
2025-02-04,1.9055441478439425,14.93
2025-02-04,1.9055441478439425,14.879999999999999
2025-02-04,2.9048596851471595,14.690000000000001
2025-02-04,3.9069130732375084,14.629999999999999
2025-02-04,3.9069130732375084,14.620000000000001
2025-02-04,5.905544147843942,14.57
2025-02-04,5.905544147843942,14.64
2025-02-04,6.9048596851471595,14.59
2025-02-04,7.906913073237509,14.51
2025-02-04,9.905544147843942,14.54
2025-02-05,0.9034907597535934,14.9
2025-02-05,1.9028062970568105,14.95
2025-02-05,1.9028062970568105,14.91
2025-02-05,2.9021218343600275,14.75
2025-02-05,3.9041752224503763,14.7
2025-02-05,3.9041752224503763,14.690000000000001
2025-02-05,5.90280629705681,14.61
2025-02-05,5.90280629705681,14.68
2025-02-05,6.9021218343600275,14.620000000000001
2025-02-05,7.904175222450377,14.54
2025-02-05,9.902806297056811,14.57
2025-02-06,0.9007529089664613,14.969999999999999
2025-02-06,1.9000684462696784,15.11
2025-02-06,1.9000684462696784,15.08
2025-02-06,2.8993839835728954,14.93
2025-02-06,3.9014373716632442,14.879999999999999
2025-02-06,3.9014373716632442,14.870000000000001
2025-02-06,5.900068446269678,14.82
2025-02-06,5.900068446269678,14.91
2025-02-06,6.899383983572895,14.85
2025-02-06,7.901437371663245,14.77
2025-02-06,9.900068446269678,14.82
2025-02-07,0.8980150581793293,14.93
2025-02-07,1.8973305954825461,15.04
2025-02-07,1.8973305954825461,15.02
2025-02-07,2.8966461327857633,14.879999999999999
2025-02-07,3.898699520876112,14.85
2025-02-07,3.898699520876112,14.84
2025-02-07,5.897330595482546,14.809999999999999
2025-02-07,5.897330595482546,14.89
2025-02-07,6.896646132785763,14.83
2025-02-07,7.898699520876113,14.76
2025-02-07,9.897330595482547,14.809999999999999
2025-02-10,0.8898015058179329,15.030000000000001
2025-02-10,1.88911704312115,15.25
2025-02-10,1.88911704312115,15.219999999999999
2025-02-10,2.8884325804243667,15.120000000000001
2025-02-10,3.890485968514716,15.08
2025-02-10,3.890485968514716,15.07
2025-02-10,5.88911704312115,15.01
2025-02-10,5.88911704312115,15.09
2025-02-10,6.888432580424367,15.02
2025-02-10,7.8904859685147155,14.940000000000001
2025-02-10,9.88911704312115,14.96
2025-02-11,0.8870636550308009,14.92
2025-02-11,1.8863791923340179,15.11
2025-02-11,1.8863791923340179,15.09
2025-02-11,2.8856947296372346,15.01
2025-02-11,3.887748117727584,15.0
2025-02-11,3.887748117727584,15.0
2025-02-11,5.886379192334018,14.969999999999999
2025-02-11,5.886379192334018,15.059999999999999
2025-02-11,6.885694729637235,14.99
2025-02-11,7.887748117727583,14.93
2025-02-11,9.886379192334017,14.969999999999999
2025-02-12,0.8843258042436687,14.89
2025-02-12,1.8836413415468858,15.02
2025-02-12,1.8836413415468858,15.0
2025-02-12,2.8829568788501025,14.91
2025-02-12,3.885010266940452,14.9
2025-02-12,3.885010266940452,14.9
2025-02-12,5.883641341546886,14.86
2025-02-12,5.883641341546886,14.95
2025-02-12,6.882956878850103,14.89
2025-02-12,7.885010266940451,14.82
2025-02-12,9.883641341546886,14.86
2025-02-13,0.8815879534565366,14.84
2025-02-13,1.8809034907597535,15.0
2025-02-13,1.8809034907597535,14.98
2025-02-13,2.8802190280629705,14.95
2025-02-13,3.8822724161533197,15.0
2025-02-13,3.8822724161533197,15.01
2025-02-13,5.880903490759754,15.0
2025-02-13,5.880903490759754,15.09
2025-02-13,6.880219028062971,15.030000000000001
2025-02-13,7.882272416153319,14.96
2025-02-13,9.880903490759753,14.99
2025-02-14,0.8788501026694046,14.8
2025-02-14,1.8781656399726214,14.92
2025-02-14,1.8781656399726214,14.9
2025-02-14,2.8774811772758384,14.85
2025-02-14,3.8795345653661877,14.89
2025-02-14,3.8795345653661877,14.89
2025-02-14,5.878165639972622,14.9
2025-02-14,5.878165639972622,14.99
2025-02-14,6.877481177275839,14.92
2025-02-14,7.879534565366187,14.870000000000001
2025-02-14,9.878165639972622,14.89
2025-02-17,0.8706365503080082,14.76
2025-02-17,1.8699520876112252,14.719999999999999
2025-02-17,1.8699520876112252,14.7
2025-02-17,2.869267624914442,14.54
2025-02-17,3.871321013004791,14.530000000000001
2025-02-17,3.871321013004791,14.54
2025-02-17,5.8699520876112254,14.530000000000001
2025-02-17,5.8699520876112254,14.620000000000001
2025-02-17,6.869267624914442,14.54
2025-02-17,7.871321013004791,14.48
2025-02-17,9.869952087611225,14.52
2025-02-18,0.8678986995208761,14.66
2025-02-18,1.8672142368240932,14.620000000000001
2025-02-18,1.8672142368240932,14.6
2025-02-18,2.86652977412731,14.46
2025-02-18,3.868583162217659,14.469999999999999
2025-02-18,3.868583162217659,14.48
2025-02-18,5.867214236824093,14.48
2025-02-18,5.867214236824093,14.57
2025-02-18,6.86652977412731,14.5
2025-02-18,7.868583162217659,14.45
2025-02-18,9.867214236824093,14.48
2025-02-19,0.865160848733744,14.66
2025-02-19,1.864476386036961,14.57
2025-02-19,1.864476386036961,14.55
2025-02-19,2.863791923340178,14.4
2025-02-19,3.865845311430527,14.43
2025-02-19,3.865845311430527,14.440000000000001
2025-02-19,5.864476386036961,14.440000000000001
2025-02-19,5.864476386036961,14.54
2025-02-19,6.863791923340178,14.45
2025-02-19,7.865845311430527,14.4
2025-02-19,9.86447638603696,14.46
2025-02-20,0.8624229979466119,14.66
2025-02-20,1.8617385352498288,14.690000000000001
2025-02-20,1.8617385352498288,14.67
2025-02-20,2.861054072553046,14.57
2025-02-20,3.863107460643395,14.61
2025-02-20,3.863107460643395,14.61
2025-02-20,5.861738535249829,14.6
2025-02-20,5.861738535249829,14.7
2025-02-20,6.861054072553046,14.629999999999999
2025-02-20,7.863107460643395,14.57
2025-02-20,9.86173853524983,14.61
2025-02-21,0.8596851471594799,14.620000000000001
2025-02-21,1.8590006844626967,14.620000000000001
2025-02-21,1.8590006844626967,14.6
2025-02-21,2.858316221765914,14.5
2025-02-21,3.8603696098562628,14.58
2025-02-21,3.8603696098562628,14.59
2025-02-21,5.859000684462697,14.629999999999999
2025-02-21,5.859000684462697,14.74
2025-02-21,6.8583162217659135,14.68
2025-02-21,7.860369609856263,14.64
2025-02-21,9.859000684462696,14.719999999999999
2025-02-24,0.8514715947980835,14.52
2025-02-24,1.8507871321013005,14.42
2025-02-24,1.8507871321013005,14.4
2025-02-24,2.8501026694045173,14.309999999999999
2025-02-24,3.8521560574948666,14.41
2025-02-24,3.8521560574948666,14.42
2025-02-24,5.8507871321013,14.51
2025-02-24,5.8507871321013,14.620000000000001
2025-02-24,6.850102669404517,14.559999999999999
2025-02-24,7.852156057494867,14.530000000000001
2025-02-24,9.850787132101301,14.629999999999999
2025-02-25,0.8487337440109514,14.6
2025-02-25,1.8480492813141685,14.57
2025-02-25,1.8480492813141685,14.559999999999999
2025-02-25,2.847364818617385,14.469999999999999
2025-02-25,3.8494182067077345,14.59
2025-02-25,3.8494182067077345,14.6
2025-02-25,5.848049281314168,14.690000000000001
2025-02-25,5.848049281314168,14.8
2025-02-25,6.847364818617385,14.75
2025-02-25,7.8494182067077345,14.74
2025-02-25,9.848049281314168,14.84
2025-02-26,0.8459958932238193,14.59
2025-02-26,1.8453114305270362,14.530000000000001
2025-02-26,1.8453114305270362,14.52
2025-02-26,2.844626967830253,14.46
2025-02-26,3.8466803559206024,14.6
2025-02-26,3.8466803559206024,14.61
2025-02-26,5.845311430527036,14.74
2025-02-26,5.845311430527036,14.85
2025-02-26,6.844626967830253,14.809999999999999
2025-02-26,7.846680355920602,14.79
2025-02-26,9.845311430527037,14.9
2025-02-27,0.8432580424366872,14.77
2025-02-27,1.842573579739904,14.82
2025-02-27,1.842573579739904,14.809999999999999
2025-02-27,2.841889117043121,14.780000000000001
2025-02-27,3.8439425051334704,14.92
2025-02-27,3.8439425051334704,14.93
2025-02-27,5.842573579739904,15.0
2025-02-27,5.842573579739904,15.11
2025-02-27,6.841889117043121,15.030000000000001
2025-02-27,7.84394250513347,15.01
2025-02-27,9.842573579739904,15.07
2025-02-28,0.840520191649555,14.85
2025-02-28,1.839835728952772,14.92
2025-02-28,1.839835728952772,14.92
2025-02-28,2.839151266255989,14.9
2025-02-28,3.8412046543463383,15.030000000000001
2025-02-28,3.8412046543463383,15.04
2025-02-28,5.839835728952772,15.11
2025-02-28,5.839835728952772,15.21
2025-02-28,6.839151266255989,15.14
2025-02-28,7.841204654346338,15.120000000000001
2025-02-28,9.839835728952773,15.16
2025-03-05,0.8268309377138946,14.870000000000001
2025-03-05,1.8261464750171115,14.93
2025-03-05,1.8261464750171115,14.93
2025-03-05,2.8254620123203287,14.92
2025-03-05,3.8275154004106775,15.05
2025-03-05,3.8275154004106775,15.07
2025-03-05,5.8261464750171115,15.17
2025-03-05,5.8261464750171115,15.26
2025-03-05,6.825462012320329,15.2
2025-03-05,7.827515400410678,15.17
2025-03-05,9.826146475017111,15.2
2025-03-06,0.8240930869267625,14.82
2025-03-06,1.8234086242299794,14.86
2025-03-06,1.8234086242299794,14.86
2025-03-06,2.8227241615331966,14.83
2025-03-06,3.8247775496235454,14.96
2025-03-06,3.8247775496235454,14.98
2025-03-06,5.823408624229979,15.059999999999999
2025-03-06,5.823408624229979,15.15
2025-03-06,6.822724161533197,15.07
2025-03-06,7.824777549623546,15.059999999999999
2025-03-06,9.82340862422998,15.07
2025-03-07,0.8213552361396304,14.690000000000001
2025-03-07,1.8206707734428473,14.67
2025-03-07,1.8206707734428473,14.67
2025-03-07,2.8199863107460645,14.690000000000001
2025-03-07,3.8220396988364134,14.870000000000001
2025-03-07,3.8220396988364134,14.89
2025-03-07,5.820670773442847,15.02
2025-03-07,5.820670773442847,15.11
2025-03-07,6.8199863107460645,15.05
2025-03-07,7.822039698836414,15.04
2025-03-07,9.820670773442847,15.059999999999999
2025-03-10,0.813141683778234,14.690000000000001
2025-03-10,1.8124572210814511,14.57
2025-03-10,1.8124572210814511,14.57
2025-03-10,2.811772758384668,14.49
2025-03-10,3.813826146475017,14.629999999999999
2025-03-10,3.813826146475017,14.65
2025-03-10,5.812457221081451,14.75
2025-03-10,5.812457221081451,14.84
2025-03-10,6.811772758384668,14.780000000000001
2025-03-10,7.813826146475017,14.77
2025-03-10,9.81245722108145,14.8
2025-03-11,0.810403832991102,14.7
2025-03-11,1.809719370294319,14.620000000000001
2025-03-11,1.809719370294319,14.620000000000001
2025-03-11,2.809034907597536,14.54
2025-03-11,3.811088295687885,14.68
2025-03-11,3.811088295687885,14.7
2025-03-11,5.809719370294319,14.82
2025-03-11,5.809719370294319,14.91
2025-03-11,6.809034907597536,14.84
2025-03-11,7.811088295687885,14.84
2025-03-11,9.809719370294319,14.870000000000001
2025-03-12,0.8076659822039699,14.7
2025-03-12,1.8069815195071868,14.620000000000001
2025-03-12,1.8069815195071868,14.620000000000001
2025-03-12,2.8062970568104038,14.52
2025-03-12,3.808350444900753,14.65
2025-03-12,3.808350444900753,14.68
2025-03-12,5.806981519507187,14.77
2025-03-12,5.806981519507187,14.86
2025-03-12,6.806297056810404,14.780000000000001
2025-03-12,7.808350444900753,14.79
2025-03-12,9.806981519507186,14.82
2025-03-13,0.8049281314168378,14.66
2025-03-13,1.8042436687200547,14.59
2025-03-13,1.8042436687200547,14.59
2025-03-13,2.8035592060232717,14.54
2025-03-13,3.805612594113621,14.7
2025-03-13,3.805612594113621,14.73
2025-03-13,5.804243668720055,14.86
2025-03-13,5.804243668720055,14.96
2025-03-13,6.803559206023272,14.9
2025-03-13,7.8056125941136205,14.92
2025-03-13,9.804243668720055,14.969999999999999
2025-03-14,0.8021902806297057,14.7
2025-03-14,1.8015058179329226,14.530000000000001
2025-03-14,1.8015058179329226,14.530000000000001
2025-03-14,2.8008213552361396,14.42
2025-03-14,3.802874743326489,14.559999999999999
2025-03-14,3.802874743326489,14.58
2025-03-14,5.801505817932923,14.7
2025-03-14,5.801505817932923,14.809999999999999
2025-03-14,6.80082135523614,14.75
2025-03-14,7.8028747433264884,14.76
2025-03-14,9.801505817932922,14.809999999999999
2025-03-17,0.7939767282683093,14.73
2025-03-17,1.7932922655715264,14.59
2025-03-17,1.7932922655715264,14.59
2025-03-17,2.7926078028747434,14.46
2025-03-17,3.7946611909650922,14.59
2025-03-17,3.7946611909650922,14.620000000000001
2025-03-17,5.793292265571527,14.74
2025-03-17,5.793292265571527,14.85
2025-03-17,6.792607802874743,14.77
2025-03-17,7.794661190965092,14.79
2025-03-17,9.793292265571527,14.84
2025-03-18,0.7912388774811773,14.71
2025-03-18,1.7905544147843941,14.51
2025-03-18,1.7905544147843941,14.52
2025-03-18,2.7898699520876113,14.35
2025-03-18,3.79192334017796,14.49
2025-03-18,3.79192334017796,14.52
2025-03-18,5.790554414784395,14.66
2025-03-18,5.790554414784395,14.76
2025-03-18,6.789869952087611,14.719999999999999
2025-03-18,7.79192334017796,14.74
2025-03-18,9.790554414784394,14.79
2025-03-19,0.7885010266940452,14.66
2025-03-19,1.787816563997262,14.41
2025-03-19,1.787816563997262,14.41
2025-03-19,2.7871321013004793,14.18
2025-03-19,3.789185489390828,14.29
2025-03-19,3.789185489390828,14.32
2025-03-19,5.7878165639972625,14.46
2025-03-19,5.7878165639972625,14.57
2025-03-19,6.787132101300479,14.5
2025-03-19,7.789185489390828,14.530000000000001
2025-03-19,9.787816563997263,14.58
2025-03-20,0.785763175906913,14.76
2025-03-20,1.78507871321013,14.52
2025-03-20,1.78507871321013,14.52
2025-03-20,2.784394250513347,14.24
2025-03-20,3.786447638603696,14.309999999999999
2025-03-20,3.786447638603696,14.34
2025-03-20,5.7850787132101305,14.440000000000001
2025-03-20,5.7850787132101305,14.55
2025-03-20,6.784394250513347,14.5
2025-03-20,7.786447638603696,14.51
2025-03-20,9.78507871321013,14.57
2025-03-21,0.783025325119781,14.83
2025-03-21,1.782340862422998,14.690000000000001
2025-03-21,1.782340862422998,14.7
2025-03-21,2.7816563997262147,14.5
2025-03-21,3.783709787816564,14.59
2025-03-21,3.783709787816564,14.61
2025-03-21,5.782340862422998,14.74
2025-03-21,5.782340862422998,14.86
2025-03-21,6.781656399726215,14.79
2025-03-21,7.783709787816564,14.8
2025-03-21,9.782340862422998,14.86
2025-03-24,0.7748117727583846,14.879999999999999
2025-03-24,1.7741273100616017,14.75
2025-03-24,1.7741273100616017,14.76
2025-03-24,2.7734428473648185,14.55
2025-03-24,3.7754962354551678,14.620000000000001
2025-03-24,3.7754962354551678,14.65
2025-03-24,5.774127310061601,14.719999999999999
2025-03-24,5.774127310061601,14.83
2025-03-24,6.7734428473648185,14.77
2025-03-24,7.775496235455168,14.77
2025-03-24,9.774127310061601,14.82
2025-03-25,0.7720739219712526,15.01
2025-03-25,1.7713894592744694,14.95
2025-03-25,1.7713894592744694,14.96
2025-03-25,2.7707049965776864,14.780000000000001
2025-03-25,3.7727583846680357,14.85
2025-03-25,3.7727583846680357,14.870000000000001
2025-03-25,5.771389459274469,14.940000000000001
2025-03-25,5.771389459274469,15.05
2025-03-25,6.770704996577686,14.969999999999999
2025-03-25,7.772758384668036,14.98
2025-03-25,9.77138945927447,15.030000000000001
2025-03-26,0.7693360711841205,15.08
2025-03-26,1.7686516084873374,15.05
2025-03-26,1.7686516084873374,15.059999999999999
2025-03-26,2.7679671457905544,14.89
2025-03-26,3.7700205338809036,14.95
2025-03-26,3.7700205338809036,14.98
2025-03-26,5.768651608487337,15.02
2025-03-26,5.768651608487337,15.129999999999999
2025-03-26,6.767967145790554,15.04
2025-03-26,7.770020533880904,15.05
2025-03-26,9.768651608487337,15.11
2025-03-27,0.7665982203969883,15.030000000000001
2025-03-27,1.7659137577002053,14.96
2025-03-27,1.7659137577002053,14.969999999999999
2025-03-27,2.7652292950034223,14.83
2025-03-27,3.7672826830937716,14.92
2025-03-27,3.7672826830937716,14.940000000000001
2025-03-27,5.765913757700205,15.02
2025-03-27,5.765913757700205,15.120000000000001
2025-03-27,6.765229295003422,15.04
2025-03-27,7.767282683093772,15.059999999999999
2025-03-27,9.765913757700206,15.11
2025-03-28,0.7638603696098563,15.1
2025-03-28,1.7631759069130732,15.059999999999999
2025-03-28,1.7631759069130732,15.07
2025-03-28,2.7624914442162902,14.92
2025-03-28,3.7645448323066395,15.01
2025-03-28,3.7645448323066395,15.030000000000001
2025-03-28,5.763175906913073,15.1
2025-03-28,5.763175906913073,15.190000000000001
2025-03-28,6.76249144421629,15.120000000000001
2025-03-28,7.7645448323066395,15.129999999999999
2025-03-28,9.763175906913073,15.18
2025-03-31,0.75564681724846,15.030000000000001
2025-03-31,1.754962354551677,14.98
2025-03-31,1.754962354551677,14.99
2025-03-31,2.754277891854894,14.8
2025-03-31,3.756331279945243,14.879999999999999
2025-03-31,3.756331279945243,14.91
2025-03-31,5.754962354551677,14.99
2025-03-31,5.754962354551677,15.08
2025-03-31,6.754277891854894,15.02
2025-03-31,7.756331279945243,15.04
2025-03-31,9.754962354551678,15.08
2025-04-01,0.7529089664613279,14.940000000000001
2025-04-01,1.7522245037645447,14.84
2025-04-01,1.7522245037645447,14.85
2025-04-01,2.751540041067762,14.66
2025-04-01,3.753593429158111,14.75
2025-04-01,3.753593429158111,14.780000000000001
2025-04-01,5.752224503764545,14.89
2025-04-01,5.752224503764545,14.98
2025-04-01,6.751540041067762,14.940000000000001
2025-04-01,7.753593429158111,14.95
2025-04-01,9.752224503764545,15.0
2025-04-02,0.7501711156741958,14.92
2025-04-02,1.7494866529774127,14.75
2025-04-02,1.7494866529774127,14.76
2025-04-02,2.74880219028063,14.559999999999999
2025-04-02,3.7508555783709787,14.64
2025-04-02,3.7508555783709787,14.67
2025-04-02,5.749486652977413,14.8
2025-04-02,5.749486652977413,14.9
2025-04-02,6.74880219028063,14.83
2025-04-02,7.750855578370979,14.870000000000001
2025-04-02,9.749486652977414,14.93
2025-04-03,0.7474332648870636,14.809999999999999
2025-04-03,1.7467488021902806,14.57
2025-04-03,1.7467488021902806,14.58
2025-04-03,2.746064339493498,14.379999999999999
2025-04-03,3.7481177275838466,14.48
2025-04-03,3.7481177275838466,14.51
2025-04-03,5.746748802190281,14.690000000000001
2025-04-03,5.746748802190281,14.79
2025-04-03,6.746064339493498,14.74
2025-04-03,7.748117727583847,14.77
2025-04-03,9.74674880219028,14.86
2025-04-04,0.7446954140999316,14.620000000000001
2025-04-04,1.7440109514031485,14.18
2025-04-04,1.7440109514031485,14.190000000000001
2025-04-04,2.7433264887063653,14.04
2025-04-04,3.7453798767967146,14.24
2025-04-04,3.7453798767967146,14.27
2025-04-04,5.7440109514031485,14.57
2025-04-04,5.7440109514031485,14.67
2025-04-04,6.743326488706366,14.68
2025-04-04,7.745379876796714,14.75
2025-04-04,9.744010951403148,14.92
2025-04-07,0.7364818617385352,14.64
2025-04-07,1.7357973990417521,14.21
2025-04-07,1.7357973990417521,14.219999999999999
2025-04-07,2.735112936344969,14.07
2025-04-07,3.7371663244353184,14.280000000000001
2025-04-07,3.7371663244353184,14.3
2025-04-07,5.735797399041752,14.58
2025-04-07,5.735797399041752,14.690000000000001
2025-04-07,6.7351129363449695,14.68
2025-04-07,7.737166324435318,14.75
2025-04-07,9.735797399041752,14.86
2025-04-08,0.7337440109514032,14.7
2025-04-08,1.73305954825462,14.24
2025-04-08,1.73305954825462,14.25
2025-04-08,2.732375085557837,14.07
2025-04-08,3.7344284736481863,14.26
2025-04-08,3.7344284736481863,14.29
2025-04-08,5.73305954825462,14.530000000000001
2025-04-08,5.73305954825462,14.629999999999999
2025-04-08,6.7323750855578375,14.629999999999999
2025-04-08,7.734428473648186,14.690000000000001
2025-04-08,9.73305954825462,14.82
2025-04-09,0.731006160164271,14.83
2025-04-09,1.730321697467488,14.6
2025-04-09,1.730321697467488,14.6
2025-04-09,2.729637234770705,14.57
2025-04-09,3.7316906228610542,14.83
2025-04-09,3.7316906228610542,14.86
2025-04-09,5.730321697467488,15.1
2025-04-09,5.730321697467488,15.2
2025-04-09,6.729637234770705,15.18
2025-04-09,7.731690622861054,15.23
2025-04-09,9.730321697467488,15.34
2025-04-10,0.7282683093771389,14.8
2025-04-10,1.727583846680356,14.5
2025-04-10,1.727583846680356,14.51
2025-04-10,2.726899383983573,14.379999999999999
2025-04-10,3.728952772073922,14.55
2025-04-10,3.728952772073922,14.58
2025-04-10,5.727583846680356,14.8
2025-04-10,5.727583846680356,14.89
2025-04-10,6.7268993839835725,14.89
2025-04-10,7.728952772073922,14.940000000000001
2025-04-10,9.727583846680355,15.04
2025-04-11,0.7255304585900069,14.75
2025-04-11,1.7248459958932238,14.46
2025-04-11,1.7248459958932238,14.46
2025-04-11,2.724161533196441,14.33
2025-04-11,3.7262149212867897,14.49
2025-04-11,3.7262149212867897,14.52
2025-04-11,5.724845995893224,14.75
2025-04-11,5.724845995893224,14.84
2025-04-11,6.72416153319644,14.86
2025-04-11,7.72621492128679,14.9
2025-04-11,9.724845995893224,14.99
2025-04-14,0.7173169062286106,14.71
2025-04-14,1.7166324435318274,14.29
2025-04-14,1.7166324435318274,14.29
2025-04-14,2.7159479808350446,14.14
2025-04-14,3.7180013689253935,14.309999999999999
2025-04-14,3.7180013689253935,14.34
2025-04-14,5.716632443531828,14.57
2025-04-14,5.716632443531828,14.66
2025-04-14,6.715947980835044,14.66
2025-04-14,7.7180013689253935,14.7
2025-04-14,9.716632443531827,14.76
2025-04-15,0.7145790554414785,14.690000000000001
2025-04-15,1.7138945927446954,14.190000000000001
2025-04-15,1.7138945927446954,14.190000000000001
2025-04-15,2.7132101300479126,14.030000000000001
2025-04-15,3.7152635181382614,14.2
2025-04-15,3.7152635181382614,14.23
2025-04-15,5.713894592744696,14.469999999999999
2025-04-15,5.713894592744696,14.55
2025-04-15,6.713210130047912,14.55
2025-04-15,7.715263518138261,14.58
2025-04-15,9.713894592744696,14.65
2025-04-16,0.7118412046543463,14.719999999999999
2025-04-16,1.7111567419575633,14.23
2025-04-16,1.7111567419575633,14.23
2025-04-16,2.7104722792607805,14.07
2025-04-16,3.7125256673511293,14.24
2025-04-16,3.7125256673511293,14.27
2025-04-16,5.711156741957564,14.5
2025-04-16,5.711156741957564,14.58
2025-04-16,6.71047227926078,14.559999999999999
2025-04-16,7.712525667351129,14.57
2025-04-16,9.711156741957563,14.629999999999999
2025-04-17,0.7091033538672142,14.73
2025-04-17,1.7084188911704312,14.25
2025-04-17,1.7084188911704312,14.25
2025-04-17,2.707734428473648,14.1
2025-04-17,3.7097878165639973,14.32
2025-04-17,3.7097878165639973,14.34
2025-04-17,5.708418891170431,14.59
2025-04-17,5.708418891170431,14.67
2025-04-17,6.707734428473648,14.65
2025-04-17,7.709787816563997,14.67
2025-04-17,9.708418891170432,14.73
2025-04-22,0.6954140999315537,14.719999999999999
2025-04-22,1.6947296372347707,14.18
2025-04-22,1.6947296372347707,14.18
2025-04-22,2.6940451745379876,13.969999999999999
2025-04-22,3.696098562628337,14.18
2025-04-22,3.696098562628337,14.16
2025-04-22,5.69472963723477,14.5
2025-04-22,5.69472963723477,14.42
2025-04-22,6.694045174537988,14.48
2025-04-22,7.696098562628337,14.51
2025-04-22,9.69472963723477,14.58
2025-04-23,0.6926762491444216,14.68
2025-04-23,1.6919917864476386,14.1
2025-04-23,1.6919917864476386,14.09
2025-04-23,2.6913073237508556,13.89
2025-04-23,3.693360711841205,14.1
2025-04-23,3.693360711841205,14.129999999999999
2025-04-23,5.691991786447638,14.42
2025-04-23,5.691991786447638,14.51
2025-04-23,6.691307323750856,14.51
2025-04-23,7.693360711841205,14.54
2025-04-23,9.69199178644764,14.64
2025-04-24,0.6899383983572895,14.66
2025-04-24,1.6892539356605065,13.99
2025-04-24,1.6892539356605065,13.98
2025-04-24,2.6885694729637235,13.75
2025-04-24,3.6906228610540723,13.969999999999999
2025-04-24,3.6906228610540723,13.99
2025-04-24,5.689253935660506,14.29
2025-04-24,5.689253935660506,14.39
2025-04-24,6.6885694729637235,14.4
2025-04-24,7.690622861054073,14.440000000000001
2025-04-24,9.689253935660506,14.559999999999999
2025-04-25,0.6872005475701575,14.59
2025-04-25,1.6865160848733745,13.83
2025-04-25,1.6865160848733745,13.82
2025-04-25,2.6858316221765914,13.52
2025-04-25,3.6878850102669403,13.719999999999999
2025-04-25,3.6878850102669403,13.74
2025-04-25,5.686516084873374,14.04
2025-04-25,5.686516084873374,14.14
2025-04-25,6.685831622176591,14.14
2025-04-25,7.687885010266941,14.190000000000001
2025-04-25,9.686516084873375,14.32
2025-04-28,0.6789869952087612,14.65
2025-04-28,1.678302532511978,13.96
2025-04-28,1.678302532511978,13.96
2025-04-28,2.6776180698151952,13.64
2025-04-28,3.679671457905544,13.83
2025-04-28,3.679671457905544,13.85
2025-04-28,5.678302532511978,14.120000000000001
2025-04-28,5.678302532511978,14.25
2025-04-28,6.677618069815195,14.23
2025-04-28,7.6796714579055445,14.25
2025-04-28,9.678302532511978,14.39
2025-04-29,0.676249144421629,14.66
2025-04-29,1.675564681724846,13.91
2025-04-29,1.675564681724846,13.91
2025-04-29,2.674880219028063,13.58
2025-04-29,3.676933607118412,13.77
2025-04-29,3.676933607118412,13.79
2025-04-29,5.675564681724846,14.059999999999999
2025-04-29,5.675564681724846,14.18
2025-04-29,6.674880219028063,14.16
2025-04-29,7.676933607118412,14.16
2025-04-29,9.675564681724847,14.27
2025-04-30,0.6735112936344969,14.65
2025-04-30,1.672826830937714,13.879999999999999
2025-04-30,1.672826830937714,13.879999999999999
2025-04-30,2.6721423682409307,13.530000000000001
2025-04-30,3.67419575633128,13.71
2025-04-30,3.67419575633128,13.73
2025-04-30,5.672826830937714,13.99
2025-04-30,5.672826830937714,14.1
2025-04-30,6.672142368240931,14.059999999999999
2025-04-30,7.67419575633128,14.07
2025-04-30,9.672826830937714,14.2
2025-05-02,0.6680355920602327,14.66
2025-05-02,1.6673511293634498,13.92
2025-05-02,1.6673511293634498,13.92
2025-05-02,2.6666666666666665,13.54
2025-05-02,3.668720054757016,13.690000000000001
2025-05-02,3.668720054757016,13.71
2025-05-02,5.66735112936345,13.93
2025-05-02,5.66735112936345,14.05
2025-05-02,6.666666666666667,13.99
2025-05-02,7.668720054757015,14.0
2025-05-02,9.66735112936345,14.11
2025-05-05,0.6598220396988365,14.66
2025-05-05,1.6591375770020533,13.940000000000001
2025-05-05,1.6591375770020533,13.95
2025-05-05,2.6584531143052703,13.57
2025-05-05,3.6605065023956196,13.719999999999999
2025-05-05,3.6605065023956196,13.74
2025-05-05,5.6591375770020536,13.93
2025-05-05,5.6591375770020536,14.05
2025-05-05,6.658453114305271,14.0
2025-05-05,7.660506502395619,13.99
2025-05-05,9.659137577002053,14.1
2025-05-06,0.6570841889117043,14.71
2025-05-06,1.6563997262149213,14.07
2025-05-06,1.6563997262149213,14.07
2025-05-06,2.6557152635181382,13.71
2025-05-06,3.6577686516084875,13.83
2025-05-06,3.6577686516084875,13.85
2025-05-06,5.6563997262149215,14.01
2025-05-06,5.6563997262149215,14.129999999999999
2025-05-06,6.655715263518139,14.05
2025-05-06,7.657768651608487,14.04
2025-05-06,9.656399726214921,14.129999999999999
2025-05-07,0.6543463381245722,14.71
2025-05-07,1.6536618754277892,14.030000000000001
2025-05-07,1.6536618754277892,14.04
2025-05-07,2.652977412731006,13.6
2025-05-07,3.6550308008213555,13.71
2025-05-07,3.6550308008213555,13.73
2025-05-07,5.653661875427789,13.870000000000001
2025-05-07,5.653661875427789,14.0
2025-05-07,6.652977412731006,13.91
2025-05-07,7.655030800821355,13.9
2025-05-07,9.653661875427789,13.99
2025-05-08,0.6516084873374401,14.73
2025-05-08,1.6509240246406571,13.940000000000001
2025-05-08,1.6509240246406571,13.95
2025-05-08,2.650239561943874,13.45
2025-05-08,3.652292950034223,13.55
2025-05-08,3.652292950034223,13.58
2025-05-08,5.650924024640657,13.74
2025-05-08,5.650924024640657,13.870000000000001
2025-05-08,6.650239561943874,13.8
2025-05-08,7.652292950034223,13.8
2025-05-08,9.650924024640657,13.93
2025-05-09,0.648870636550308,14.77
2025-05-09,1.648186173853525,14.0
2025-05-09,1.648186173853525,14.01
2025-05-09,2.647501711156742,13.5
2025-05-09,3.649555099247091,13.57
2025-05-09,3.649555099247091,13.59
2025-05-09,5.648186173853525,13.74
2025-05-09,5.648186173853525,13.870000000000001
2025-05-09,6.647501711156742,13.8
2025-05-09,7.649555099247091,13.8
2025-05-09,9.648186173853524,13.91
2025-05-12,0.6406570841889117,14.8
2025-05-12,1.6399726214921286,14.059999999999999
2025-05-12,1.6399726214921286,14.07
2025-05-12,2.639288158795346,13.57
2025-05-12,3.6413415468856947,13.61
2025-05-12,3.6413415468856947,13.64
2025-05-12,5.639972621492129,13.74
2025-05-12,5.639972621492129,13.86
2025-05-12,6.639288158795345,13.79
2025-05-12,7.641341546885695,13.79
2025-05-12,9.639972621492129,13.89
2025-05-13,0.6379192334017796,14.75
2025-05-13,1.6372347707049966,13.98
2025-05-13,1.6372347707049966,13.99
2025-05-13,2.6365503080082138,13.49
2025-05-13,3.6386036960985626,13.530000000000001
2025-05-13,3.6386036960985626,13.57
2025-05-13,5.637234770704997,13.67
2025-05-13,5.637234770704997,13.79
2025-05-13,6.636550308008213,13.73
2025-05-13,7.638603696098563,13.73
2025-05-13,9.637234770704996,13.85
2025-05-14,0.6351813826146475,14.780000000000001
2025-05-14,1.6344969199178645,14.04
2025-05-14,1.6344969199178645,14.04
2025-05-14,2.6338124572210813,13.58
2025-05-14,3.6358658453114305,13.68
2025-05-14,3.6358658453114305,13.71
2025-05-14,5.634496919917864,13.85
2025-05-14,5.634496919917864,13.969999999999999
2025-05-14,6.633812457221081,13.9
2025-05-14,7.6358658453114305,13.92
2025-05-14,9.634496919917865,14.04
2025-05-15,0.6324435318275154,14.780000000000001
2025-05-15,1.6317590691307324,14.120000000000001
2025-05-15,1.6317590691307324,14.129999999999999
2025-05-15,2.631074606433949,13.71
2025-05-15,3.6331279945242985,13.780000000000001
2025-05-15,3.6331279945242985,13.809999999999999
2025-05-15,5.631759069130732,13.93
2025-05-15,5.631759069130732,14.05
2025-05-15,6.631074606433949,13.96
2025-05-15,7.6331279945242985,13.969999999999999
2025-05-15,9.631759069130732,14.059999999999999
2025-05-16,0.6297056810403833,14.77
2025-05-16,1.6290212183436004,14.16
2025-05-16,1.6290212183436004,14.16
2025-05-16,2.628336755646817,13.77
2025-05-16,3.6303901437371664,13.86
2025-05-16,3.6303901437371664,13.89
2025-05-16,5.6290212183436,13.969999999999999
2025-05-16,5.6290212183436,14.08
2025-05-16,6.628336755646817,13.99
2025-05-16,7.630390143737166,13.99
2025-05-16,9.6290212183436,14.08
2025-05-19,0.621492128678987,14.75
2025-05-19,1.620807665982204,14.059999999999999
2025-05-19,1.620807665982204,14.059999999999999
2025-05-19,2.620123203285421,13.690000000000001
2025-05-19,3.62217659137577,13.8
2025-05-19,3.62217659137577,13.84
2025-05-19,5.620807665982204,13.969999999999999
2025-05-19,5.620807665982204,14.08
2025-05-19,6.620123203285421,14.0
2025-05-19,7.62217659137577,14.0
2025-05-19,9.620807665982204,14.1
2025-05-20,0.6187542778918549,14.690000000000001
2025-05-20,1.6180698151950719,13.91
2025-05-20,1.6180698151950719,13.91
2025-05-20,2.617385352498289,13.46
2025-05-20,3.619438740588638,13.59
2025-05-20,3.619438740588638,13.629999999999999
2025-05-20,5.618069815195072,13.82
2025-05-20,5.618069815195072,13.93
2025-05-20,6.617385352498289,13.89
2025-05-20,7.619438740588638,13.9
2025-05-20,9.618069815195073,14.030000000000001
2025-05-21,0.6160164271047228,14.73
2025-05-21,1.6153319644079398,14.030000000000001
2025-05-21,1.6153319644079398,14.030000000000001
2025-05-21,2.614647501711157,13.59
2025-05-21,3.6167008898015056,13.73
2025-05-21,3.6167008898015056,13.77
2025-05-21,5.61533196440794,13.96
2025-05-21,5.61533196440794,14.09
2025-05-21,6.614647501711157,14.030000000000001
2025-05-21,7.616700889801506,14.05
2025-05-21,9.61533196440794,14.2
2025-05-22,0.6132785763175906,14.75
2025-05-22,1.6125941136208077,14.1
2025-05-22,1.6125941136208077,14.1
2025-05-22,2.6119096509240247,13.719999999999999
2025-05-22,3.6139630390143735,13.870000000000001
2025-05-22,3.6139630390143735,13.91
2025-05-22,5.6125941136208075,14.1
2025-05-22,5.6125941136208075,14.219999999999999
2025-05-22,6.611909650924025,14.15
2025-05-22,7.613963039014374,14.17
2025-05-22,9.612594113620808,14.309999999999999
2025-05-23,0.6105407255304586,14.71
2025-05-23,1.6098562628336757,14.030000000000001
2025-05-23,1.6098562628336757,14.030000000000001
2025-05-23,2.6091718001368926,13.629999999999999
2025-05-23,3.6112251882272415,13.77
2025-05-23,3.6112251882272415,13.809999999999999
2025-05-23,5.6098562628336754,13.99
2025-05-23,5.6098562628336754,14.11
2025-05-23,6.609171800136893,14.04
2025-05-23,7.611225188227242,14.05
2025-05-23,9.609856262833675,14.17
2025-05-26,0.6023271731690623,14.7
2025-05-26,1.6016427104722792,14.0
2025-05-26,1.6016427104722792,14.0
2025-05-26,2.6009582477754964,13.620000000000001
2025-05-26,3.6030116358658453,13.780000000000001
2025-05-26,3.6030116358658453,13.82
2025-05-26,5.601642710472279,14.030000000000001
2025-05-26,5.601642710472279,14.14
2025-05-26,6.6009582477754964,14.09
2025-05-26,7.603011635865846,14.11
2025-05-26,9.60164271047228,14.219999999999999
2025-05-27,0.5995893223819302,14.66
2025-05-27,1.5989048596851472,13.86
2025-05-27,1.5989048596851472,13.85
2025-05-27,2.598220396988364,13.42
2025-05-27,3.600273785078713,13.559999999999999
2025-05-27,3.600273785078713,13.6
2025-05-27,5.598904859685147,13.809999999999999
2025-05-27,5.598904859685147,13.92
2025-05-27,6.598220396988364,13.89
2025-05-27,7.600273785078714,13.91
2025-05-27,9.598904859685147,14.04
2025-05-28,0.5968514715947981,14.690000000000001
2025-05-28,1.596167008898015,13.91
2025-05-28,1.596167008898015,13.9
2025-05-28,2.595482546201232,13.43
2025-05-28,3.597535934291581,13.55
2025-05-28,3.597535934291581,13.58
2025-05-28,5.596167008898015,13.76
2025-05-28,5.596167008898015,13.870000000000001
2025-05-28,6.595482546201232,13.84
2025-05-28,7.597535934291581,13.85
2025-05-28,9.596167008898014,13.98
2025-05-29,0.5941136208076659,14.73
2025-05-29,1.593429158110883,14.02
2025-05-29,1.593429158110883,14.0
2025-05-29,2.5927446954141,13.559999999999999
2025-05-29,3.594798083504449,13.690000000000001
2025-05-29,3.594798083504449,13.719999999999999
2025-05-29,5.593429158110883,13.870000000000001
2025-05-29,5.593429158110883,13.98
2025-05-29,6.5927446954141,13.940000000000001
2025-05-29,7.594798083504449,13.940000000000001
2025-05-29,9.593429158110883,14.05
2025-05-30,0.5913757700205339,14.71
2025-05-30,1.5906913073237507,14.04
2025-05-30,1.5906913073237507,14.01
2025-05-30,2.5900068446269677,13.559999999999999
2025-05-30,3.592060232717317,13.68
2025-05-30,3.592060232717317,13.719999999999999
2025-05-30,5.590691307323751,13.85
2025-05-30,5.590691307323751,13.96
2025-05-30,6.590006844626968,13.9
2025-05-30,7.592060232717317,13.91
2025-05-30,9.59069130732375,13.99
2025-06-02,0.5831622176591376,14.74
2025-06-02,1.5824777549623545,14.120000000000001
2025-06-02,1.5824777549623545,14.09
2025-06-02,2.5817932922655715,13.629999999999999
2025-06-02,3.583846680355921,13.71
2025-06-02,3.583846680355921,13.75
2025-06-02,5.582477754962355,13.86
2025-06-02,5.582477754962355,13.969999999999999
2025-06-02,6.581793292265571,13.93
2025-06-02,7.58384668035592,13.93
2025-06-02,9.582477754962355,14.02
2025-06-03,0.5804243668720055,14.77
2025-06-03,1.5797399041752225,14.18
2025-06-03,1.5797399041752225,14.15
2025-06-03,2.5790554414784395,13.690000000000001
2025-06-03,3.5811088295687883,13.77
2025-06-03,3.5811088295687883,13.8
2025-06-03,5.579739904175223,13.91
2025-06-03,5.579739904175223,14.01
2025-06-03,6.579055441478439,13.969999999999999
2025-06-03,7.581108829568788,13.98
2025-06-03,9.579739904175222,14.07
2025-06-04,0.5776865160848734,14.77
2025-06-04,1.5770020533880904,14.16
2025-06-04,1.5770020533880904,14.129999999999999
2025-06-04,2.5763175906913074,13.629999999999999
2025-06-04,3.578370978781656,13.690000000000001
2025-06-04,3.578370978781656,13.719999999999999
2025-06-04,5.577002053388091,13.82
2025-06-04,5.577002053388091,13.93
2025-06-04,6.576317590691307,13.870000000000001
2025-06-04,7.578370978781656,13.879999999999999
2025-06-04,9.57700205338809,13.969999999999999
2025-06-05,0.5749486652977412,14.8
2025-06-05,1.5742642026009583,14.219999999999999
2025-06-05,1.5742642026009583,14.2
2025-06-05,2.5735797399041753,13.68
2025-06-05,3.575633127994524,13.73
2025-06-05,3.575633127994524,13.76
2025-06-05,5.574264202600959,13.86
2025-06-05,5.574264202600959,13.969999999999999
2025-06-05,6.573579739904175,13.9
2025-06-05,7.575633127994524,13.92
2025-06-05,9.574264202600958,13.99
2025-06-06,0.5722108145106092,14.870000000000001
2025-06-06,1.571526351813826,14.379999999999999
2025-06-06,1.571526351813826,14.36
2025-06-06,2.5708418891170433,13.870000000000001
2025-06-06,3.572895277207392,13.92
2025-06-06,3.572895277207392,13.95
2025-06-06,5.5715263518138265,14.059999999999999
2025-06-06,5.5715263518138265,14.17
2025-06-06,6.570841889117043,14.09
2025-06-06,7.572895277207392,14.120000000000001
2025-06-06,9.571526351813826,14.2
2025-06-09,0.5639972621492129,14.83
2025-06-09,1.5633127994524298,14.25
2025-06-09,1.5633127994524298,14.219999999999999
2025-06-09,2.5626283367556466,13.74
2025-06-09,3.564681724845996,13.79
2025-06-09,3.564681724845996,13.83
2025-06-09,5.563312799452429,13.95
2025-06-09,5.563312799452429,14.059999999999999
2025-06-09,6.562628336755647,14.0
2025-06-09,7.564681724845996,14.02
2025-06-09,9.56331279945243,14.11
2025-06-10,0.5612594113620808,14.79
2025-06-10,1.5605749486652978,14.14
2025-06-10,1.5605749486652978,14.11
2025-06-10,2.5598904859685145,13.629999999999999
2025-06-10,3.561943874058864,13.690000000000001
2025-06-10,3.561943874058864,13.719999999999999
2025-06-10,5.560574948665297,13.85
2025-06-10,5.560574948665297,13.96
2025-06-10,6.5598904859685145,13.91
2025-06-10,7.561943874058864,13.93
2025-06-10,9.560574948665298,14.02
2025-06-11,0.5585215605749486,14.809999999999999
2025-06-11,1.5578370978781657,14.15
2025-06-11,1.5578370978781657,14.120000000000001
2025-06-11,2.5571526351813825,13.58
2025-06-11,3.5592060232717317,13.620000000000001
2025-06-11,3.5592060232717317,13.66
2025-06-11,5.557837097878165,13.8
2025-06-11,5.557837097878165,13.92
2025-06-11,6.5571526351813825,13.86
2025-06-11,7.559206023271732,13.879999999999999
2025-06-11,9.557837097878165,13.98
2025-06-12,0.5557837097878165,14.8
2025-06-12,1.5550992470910336,14.18
2025-06-12,1.5550992470910336,14.14
2025-06-12,2.5544147843942504,13.61
2025-06-12,3.5564681724845997,13.620000000000001
2025-06-12,3.5564681724845997,13.66
2025-06-12,5.555099247091033,13.77
2025-06-12,5.555099247091033,13.89
2025-06-12,6.55441478439425,13.82
2025-06-12,7.5564681724846,13.85
2025-06-12,9.555099247091034,13.940000000000001
2025-06-13,0.5530458590006845,14.82
2025-06-13,1.5523613963039014,14.26
2025-06-13,1.5523613963039014,14.23
2025-06-13,2.5516769336071183,13.719999999999999
2025-06-13,3.5537303216974676,13.75
2025-06-13,3.5537303216974676,13.79
2025-06-13,5.552361396303901,13.89
2025-06-13,5.552361396303901,14.01
2025-06-13,6.551676933607118,13.940000000000001
2025-06-13,7.553730321697468,13.98
2025-06-13,9.552361396303901,14.07
2025-06-16,0.5448323066392882,14.79
2025-06-16,1.5441478439425051,14.16
2025-06-16,1.5441478439425051,14.120000000000001
2025-06-16,2.543463381245722,13.58
2025-06-16,3.5455167693360714,13.61
2025-06-16,3.5455167693360714,13.65
2025-06-16,5.544147843942505,13.74
2025-06-16,5.544147843942505,13.870000000000001
2025-06-16,6.543463381245722,13.809999999999999
2025-06-16,7.545516769336071,13.83
2025-06-16,9.544147843942506,13.93
2025-06-17,0.5420944558521561,14.83
2025-06-17,1.541409993155373,14.2
2025-06-17,1.541409993155373,14.16
2025-06-17,2.54072553045859,13.59
2025-06-17,3.542778918548939,13.57
2025-06-17,3.542778918548939,13.620000000000001
2025-06-17,5.541409993155373,13.719999999999999
2025-06-17,5.541409993155373,13.85
2025-06-17,6.54072553045859,13.780000000000001
2025-06-17,7.542778918548939,13.809999999999999
2025-06-17,9.541409993155373,13.92
2025-06-18,0.5393566050650239,14.8
2025-06-18,1.538672142368241,14.26
2025-06-18,1.538672142368241,14.23
2025-06-18,2.537987679671458,13.7
2025-06-18,3.540041067761807,13.690000000000001
2025-06-18,3.540041067761807,13.74
2025-06-18,5.538672142368241,13.82
2025-06-18,5.538672142368241,13.969999999999999
2025-06-18,6.537987679671458,13.879999999999999
2025-06-18,7.540041067761807,13.91
2025-06-18,9.538672142368242,14.01
2025-06-20,0.5338809034907598,14.879999999999999
2025-06-20,1.5331964407939767,14.3
2025-06-20,1.5331964407939767,14.27
2025-06-20,2.532511978097194,13.629999999999999
2025-06-20,3.5345653661875427,13.59
2025-06-20,3.5345653661875427,13.64
2025-06-20,5.533196440793977,13.74
2025-06-20,5.533196440793977,13.89
2025-06-20,6.532511978097194,13.82
2025-06-20,7.534565366187543,13.85
2025-06-20,9.533196440793978,13.96
2025-06-23,0.5256673511293635,14.89
2025-06-23,1.5249828884325805,14.309999999999999
2025-06-23,1.5249828884325805,14.27
2025-06-23,2.524298425735797,13.6
2025-06-23,3.5263518138261465,13.530000000000001
2025-06-23,3.5263518138261465,13.58
2025-06-23,5.5249828884325805,13.64
2025-06-23,5.5249828884325805,13.79
2025-06-23,6.524298425735798,13.73
2025-06-23,7.526351813826146,13.76
2025-06-23,9.52498288843258,13.85
2025-06-24,0.5229295003422314,14.879999999999999
2025-06-24,1.5222450376454484,14.25
2025-06-24,1.5222450376454484,14.219999999999999
2025-06-24,2.521560574948665,13.54
2025-06-24,3.5236139630390144,13.45
2025-06-24,3.5236139630390144,13.51
2025-06-24,5.522245037645448,13.6
2025-06-24,5.522245037645448,13.75
2025-06-24,6.521560574948666,13.68
2025-06-24,7.523613963039014,13.74
2025-06-24,9.522245037645447,13.86
2025-06-25,0.5201916495550992,14.879999999999999
2025-06-25,1.5195071868583163,14.24
2025-06-25,1.5195071868583163,14.21
2025-06-25,2.518822724161533,13.54
2025-06-25,3.5208761122518824,13.51
2025-06-25,3.5208761122518824,13.57
2025-06-25,5.519507186858316,13.690000000000001
2025-06-25,5.519507186858316,13.85
2025-06-25,6.5188227241615335,13.780000000000001
2025-06-25,7.520876112251882,13.84
2025-06-25,9.519507186858316,13.96
2025-06-26,0.5174537987679672,14.86
2025-06-26,1.516769336071184,14.21
2025-06-26,1.516769336071184,14.17
2025-06-26,2.516084873374401,13.51
2025-06-26,3.5181382614647503,13.469999999999999
2025-06-26,3.5181382614647503,13.530000000000001
2025-06-26,5.516769336071184,13.65
2025-06-26,5.516769336071184,13.809999999999999
2025-06-26,6.5160848733744015,13.75
2025-06-26,7.51813826146475,13.809999999999999
2025-06-26,9.516769336071183,13.940000000000001
2025-06-27,0.5147159479808351,14.86
2025-06-27,1.514031485284052,14.16
2025-06-27,1.514031485284052,14.129999999999999
2025-06-27,2.513347022587269,13.42
2025-06-27,3.515400410677618,13.39
2025-06-27,3.515400410677618,13.45
2025-06-27,5.514031485284052,13.58
2025-06-27,5.514031485284052,13.73
2025-06-27,6.513347022587269,13.7
2025-06-27,7.515400410677618,13.76
2025-06-27,9.514031485284052,13.870000000000001
2025-06-30,0.5065023956194388,14.870000000000001
2025-06-30,1.5058179329226558,14.2
2025-06-30,1.5058179329226558,14.16
2025-06-30,2.5051334702258727,13.45
2025-06-30,3.5071868583162216,13.41
2025-06-30,3.5071868583162216,13.469999999999999
2025-06-30,5.505817932922656,13.57
2025-06-30,5.505817932922656,13.719999999999999
2025-06-30,6.505133470225872,13.68
2025-06-30,7.507186858316222,13.73
2025-06-30,9.505817932922655,13.85
2025-07-01,0.5037645448323066,14.86
2025-07-01,1.5030800821355237,14.059999999999999
2025-07-01,1.5030800821355237,14.1
2025-07-01,2.5023956194387407,13.27
2025-07-01,3.5044490075290895,13.21
2025-07-01,3.5044490075290895,13.15
2025-07-01,5.503080082135524,13.4
2025-07-01,5.503080082135524,13.25
2025-07-01,6.50239561943874,13.35
2025-07-01,7.5044490075290895,13.379999999999999
2025-07-01,9.503080082135524,13.469999999999999
2025-07-02,0.5010266940451745,14.85
2025-07-02,1.5003422313483916,14.1
2025-07-02,1.5003422313483916,14.059999999999999
2025-07-02,2.4996577686516086,13.29
2025-07-02,3.5017111567419574,13.18
2025-07-02,3.5017111567419574,13.24
2025-07-02,5.500342231348392,13.26
2025-07-02,5.500342231348392,13.41
2025-07-02,6.499657768651608,13.35
2025-07-02,7.501711156741957,13.379999999999999
2025-07-02,9.500342231348391,13.48
2025-07-03,0.49828884325804246,14.86
2025-07-03,1.4976043805612593,14.11
2025-07-03,1.4976043805612593,14.08
2025-07-03,2.4969199178644765,13.33
2025-07-03,3.4989733059548254,13.23
2025-07-03,3.4989733059548254,13.29
2025-07-03,5.49760438056126,13.29
2025-07-03,5.49760438056126,13.440000000000001
2025-07-03,6.496919917864476,13.370000000000001
2025-07-03,7.498973305954825,13.379999999999999
2025-07-03,9.49760438056126,13.49
2025-07-04,0.49555099247091033,14.9
2025-07-04,1.4948665297741273,14.17
2025-07-04,1.4948665297741273,14.14
2025-07-04,2.4941820670773445,13.43
2025-07-04,3.4962354551676933,13.35
2025-07-04,3.4962354551676933,13.41
2025-07-04,5.494866529774128,13.43
2025-07-04,5.494866529774128,13.58
2025-07-04,6.494182067077344,13.52
2025-07-04,7.496235455167693,13.54
2025-07-04,9.494866529774127,13.64
2025-07-07,0.487337440109514,14.9
2025-07-07,1.486652977412731,14.21
2025-07-07,1.486652977412731,14.17
2025-07-07,2.485968514715948,13.46
2025-07-07,3.488021902806297,13.370000000000001
2025-07-07,3.488021902806297,13.43
2025-07-07,5.486652977412731,13.45
2025-07-07,5.486652977412731,13.6
2025-07-07,6.485968514715948,13.530000000000001
2025-07-07,7.488021902806297,13.55
2025-07-07,9.486652977412732,13.65
2025-07-08,0.48459958932238195,14.89
2025-07-08,1.483915126625599,14.15
2025-07-08,1.483915126625599,14.11
2025-07-08,2.4832306639288158,13.42
2025-07-08,3.485284052019165,13.34
2025-07-08,3.485284052019165,13.4
2025-07-08,5.4839151266255985,13.46
2025-07-08,5.4839151266255985,13.61
2025-07-08,6.483230663928816,13.55
2025-07-08,7.485284052019165,13.57
2025-07-08,9.483915126625599,13.67
2025-07-09,0.48186173853524983,14.91
2025-07-09,1.4811772758384667,14.190000000000001
2025-07-09,1.4811772758384667,14.16
2025-07-09,2.4804928131416837,13.469999999999999
2025-07-09,3.482546201232033,13.440000000000001
2025-07-09,3.482546201232033,13.5
2025-07-09,5.4811772758384665,13.57
2025-07-09,5.4811772758384665,13.719999999999999
2025-07-09,6.480492813141684,13.65
2025-07-09,7.482546201232033,13.67
2025-07-09,9.481177275838467,13.77
2025-07-10,0.4791238877481177,14.940000000000001
2025-07-10,1.4784394250513346,14.4
2025-07-10,1.4784394250513346,14.379999999999999
2025-07-10,2.4777549623545516,13.79
2025-07-10,3.479808350444901,13.77
2025-07-10,3.479808350444901,13.83
2025-07-10,5.478439425051334,13.93
2025-07-10,5.478439425051334,14.08
2025-07-10,6.477754962354552,14.01
2025-07-10,7.479808350444901,14.01
2025-07-10,9.478439425051334,14.1
2025-07-11,0.47638603696098564,14.92
2025-07-11,1.4757015742642026,14.29
2025-07-11,1.4757015742642026,14.27
2025-07-11,2.4750171115674195,13.59
2025-07-11,3.477070499657769,13.55
2025-07-11,3.477070499657769,13.61
2025-07-11,5.475701574264202,13.719999999999999
2025-07-11,5.475701574264202,13.85
2025-07-11,6.4750171115674195,13.8
2025-07-11,7.477070499657769,13.8
2025-07-11,9.475701574264203,13.870000000000001
2025-07-14,0.4681724845995893,14.92
2025-07-14,1.4674880219028064,14.3
2025-07-14,1.4674880219028064,14.280000000000001
2025-07-14,2.4668035592060233,13.61
2025-07-14,3.468856947296372,13.559999999999999
2025-07-14,3.468856947296372,13.620000000000001
2025-07-14,5.467488021902806,13.73
2025-07-14,5.467488021902806,13.86
2025-07-14,6.466803559206023,13.8
2025-07-14,7.468856947296373,13.82
2025-07-14,9.467488021902806,13.89
2025-07-15,0.4654346338124572,14.92
2025-07-15,1.4647501711156743,14.29
2025-07-15,1.4647501711156743,14.27
2025-07-15,2.4640657084188913,13.64
2025-07-15,3.46611909650924,13.620000000000001
2025-07-15,3.46611909650924,13.67
2025-07-15,5.464750171115674,13.809999999999999
2025-07-15,5.464750171115674,13.940000000000001
2025-07-15,6.464065708418891,13.9
2025-07-15,7.4661190965092405,13.92
2025-07-15,9.464750171115675,14.01
2025-07-16,0.46269678302532513,14.92
2025-07-16,1.462012320328542,14.36
2025-07-16,1.462012320328542,14.33
2025-07-16,2.461327857631759,13.780000000000001
2025-07-16,3.463381245722108,13.76
2025-07-16,3.463381245722108,13.82
2025-07-16,5.462012320328542,13.96
2025-07-16,5.462012320328542,14.09
2025-07-16,6.461327857631759,14.059999999999999
2025-07-16,7.4633812457221085,14.07
2025-07-16,9.462012320328542,14.17
2025-07-17,0.459958932238193,14.92
2025-07-17,1.45927446954141,14.379999999999999
2025-07-17,1.45927446954141,14.35
2025-07-17,2.458590006844627,13.84
2025-07-17,3.460643394934976,13.86
2025-07-17,3.460643394934976,13.91
2025-07-17,5.45927446954141,14.07
2025-07-17,5.45927446954141,14.190000000000001
2025-07-17,6.458590006844627,14.17
2025-07-17,7.460643394934976,14.190000000000001
2025-07-17,9.45927446954141,14.280000000000001
2025-07-18,0.45722108145106094,14.93
2025-07-18,1.4565366187542779,14.370000000000001
2025-07-18,1.4565366187542779,14.34
2025-07-18,2.455852156057495,13.76
2025-07-18,3.457905544147844,13.74
2025-07-18,3.457905544147844,13.8
2025-07-18,5.456536618754278,13.95
2025-07-18,5.456536618754278,14.07
2025-07-18,6.455852156057495,14.04
2025-07-18,7.457905544147844,14.05
2025-07-18,9.456536618754278,14.120000000000001
2025-07-21,0.4490075290896646,14.93
2025-07-21,1.4483230663928817,14.35
2025-07-21,1.4483230663928817,14.309999999999999
2025-07-21,2.4476386036960984,13.73
2025-07-21,3.4496919917864477,13.719999999999999
2025-07-21,3.4496919917864477,13.780000000000001
2025-07-21,5.448323066392882,13.95
2025-07-21,5.448323066392882,14.07
2025-07-21,6.447638603696099,14.04
2025-07-21,7.449691991786447,14.059999999999999
2025-07-21,9.44832306639288,14.129999999999999
2025-07-22,0.4462696783025325,14.940000000000001
2025-07-22,1.4455852156057496,14.3
2025-07-22,1.4455852156057496,14.26
2025-07-22,2.4449007529089664,13.690000000000001
2025-07-22,3.4469541409993156,13.7
2025-07-22,3.4469541409993156,13.76
2025-07-22,5.44558521560575,13.940000000000001
2025-07-22,5.44558521560575,14.05
2025-07-22,6.444900752908967,14.04
2025-07-22,7.446954140999315,14.05
2025-07-22,9.44558521560575,14.120000000000001
2025-07-23,0.44353182751540043,14.92
2025-07-23,1.4428473648186173,14.24
2025-07-23,1.4428473648186173,14.2
2025-07-23,2.4421629021218343,13.6
2025-07-23,3.4442162902121836,13.61
2025-07-23,3.4442162902121836,13.67
2025-07-23,5.4428473648186175,13.84
2025-07-23,5.4428473648186175,13.95
2025-07-23,6.442162902121835,13.96
2025-07-23,7.444216290212183,13.96
2025-07-23,9.442847364818617,14.05
2025-07-24,0.4407939767282683,14.92
2025-07-24,1.4401095140314852,14.24
2025-07-24,1.4401095140314852,14.2
2025-07-24,2.439425051334702,13.61
2025-07-24,3.4414784394250515,13.629999999999999
2025-07-24,3.4414784394250515,13.690000000000001
2025-07-24,5.4401095140314855,13.9
2025-07-24,5.4401095140314855,14.02
2025-07-24,6.439425051334703,14.01
2025-07-24,7.441478439425051,14.04
2025-07-24,9.440109514031485,14.120000000000001
2025-07-25,0.4380561259411362,14.91
2025-07-25,1.4373716632443532,14.21
2025-07-25,1.4373716632443532,14.17
2025-07-25,2.43668720054757,13.6
2025-07-25,3.4387405886379194,13.620000000000001
2025-07-25,3.4387405886379194,13.68
2025-07-25,5.437371663244353,13.91
2025-07-25,5.437371663244353,14.030000000000001
2025-07-25,6.436687200547571,14.02
2025-07-25,7.438740588637919,14.05
2025-07-25,9.437371663244353,14.15
2025-07-28,0.42984257357973993,14.91
2025-07-28,1.429158110882957,14.2
2025-07-28,1.429158110882957,14.16
2025-07-28,2.428473648186174,13.61
2025-07-28,3.430527036276523,13.64
2025-07-28,3.430527036276523,13.7
2025-07-28,5.429158110882957,13.92
2025-07-28,5.429158110882957,14.04
2025-07-28,6.4284736481861735,14.05
2025-07-28,7.430527036276523,14.059999999999999
2025-07-28,9.429158110882957,14.15
2025-07-29,0.4271047227926078,14.9
2025-07-29,1.4264202600958247,14.21
2025-07-29,1.4264202600958247,14.18
2025-07-29,2.425735797399042,13.6
2025-07-29,3.4277891854893907,13.61
2025-07-29,3.4277891854893907,13.67
2025-07-29,5.426420260095825,13.89
2025-07-29,5.426420260095825,14.0
2025-07-29,6.425735797399041,14.02
2025-07-29,7.427789185489391,14.030000000000001
2025-07-29,9.426420260095824,14.129999999999999
2025-07-30,0.4243668720054757,14.879999999999999
2025-07-30,1.4236824093086926,14.15
2025-07-30,1.4236824093086926,14.129999999999999
2025-07-30,2.42299794661191,13.51
2025-07-30,3.4250513347022586,13.48
2025-07-30,3.4250513347022586,13.54
2025-07-30,5.423682409308693,13.74
2025-07-30,5.423682409308693,13.84
2025-07-30,6.422997946611909,13.86
2025-07-30,7.425051334702259,13.879999999999999
2025-07-30,9.423682409308693,13.98
2025-07-31,0.4216290212183436,14.89
2025-07-31,1.4209445585215605,14.25
2025-07-31,1.4209445585215605,14.24
2025-07-31,2.4202600958247777,13.57
2025-07-31,3.4223134839151266,13.52
2025-07-31,3.4223134839151266,13.58
2025-07-31,5.420944558521561,13.76
2025-07-31,5.420944558521561,13.86
2025-07-31,6.420260095824777,13.89
2025-07-31,7.422313483915127,13.9
2025-07-31,9.42094455852156,14.02
2025-08-01,0.4188911704312115,14.9
2025-08-01,1.4182067077344285,14.36
2025-08-01,1.4182067077344285,14.34
2025-08-01,2.4175222450376452,13.73
2025-08-01,3.4195756331279945,13.690000000000001
2025-08-01,3.4195756331279945,13.75
2025-08-01,5.418206707734429,13.91
2025-08-01,5.418206707734429,14.02
2025-08-01,6.417522245037645,14.02
2025-08-01,7.4195756331279945,14.04
2025-08-01,9.418206707734429,14.129999999999999
2025-08-04,0.4106776180698152,14.89
2025-08-04,1.4099931553730323,14.21
2025-08-04,1.4099931553730323,14.18
2025-08-04,2.409308692676249,13.55
2025-08-04,3.4113620807665983,13.530000000000001
2025-08-04,3.4113620807665983,13.59
2025-08-04,5.409993155373032,13.780000000000001
2025-08-04,5.409993155373032,13.89
2025-08-04,6.409308692676249,13.9
2025-08-04,7.411362080766598,13.92
2025-08-04,9.409993155373032,14.02
2025-08-05,0.4079397672826831,14.89
2025-08-05,1.4072553045859,14.16
2025-08-05,1.4072553045859,14.14
2025-08-05,2.406570841889117,13.51
2025-08-05,3.4086242299794662,13.51
2025-08-05,3.4086242299794662,13.57
2025-08-05,5.4072553045859,13.77
2025-08-05,5.4072553045859,13.870000000000001
2025-08-05,6.406570841889117,13.89
2025-08-05,7.408624229979466,13.91
2025-08-05,9.4072553045859,14.0
2025-08-06,0.405201916495551,14.879999999999999
2025-08-06,1.404517453798768,14.17
2025-08-06,1.404517453798768,14.14
2025-08-06,2.403832991101985,13.530000000000001
2025-08-06,3.405886379192334,13.530000000000001
2025-08-06,3.405886379192334,13.59
2025-08-06,5.404517453798768,13.79
2025-08-06,5.404517453798768,13.89
2025-08-06,6.403832991101985,13.91
2025-08-06,7.405886379192334,13.93
2025-08-06,9.404517453798768,14.02
2025-08-07,0.4024640657084189,14.879999999999999
2025-08-07,1.4017796030116358,14.17
2025-08-07,1.4017796030116358,14.14
2025-08-07,2.401095140314853,13.530000000000001
2025-08-07,3.403148528405202,13.52
2025-08-07,3.403148528405202,13.57
2025-08-07,5.401779603011636,13.77
2025-08-07,5.401779603011636,13.870000000000001
2025-08-07,6.401095140314853,13.89
2025-08-07,7.403148528405202,13.91
2025-08-07,9.401779603011637,14.01
2025-08-08,0.3997262149212868,14.870000000000001
2025-08-08,1.3990417522245038,14.09
2025-08-08,1.3990417522245038,14.05
2025-08-08,2.3983572895277208,13.42
2025-08-08,3.40041067761807,13.379999999999999
2025-08-08,3.40041067761807,13.440000000000001
2025-08-08,5.3990417522245036,13.61
2025-08-08,5.3990417522245036,13.71
2025-08-08,6.398357289527721,13.73
2025-08-08,7.40041067761807,13.75
2025-08-08,9.399041752224504,13.86
2025-08-11,0.3915126625598905,14.879999999999999
2025-08-11,1.3908281998631074,14.11
2025-08-11,1.3908281998631074,14.07
2025-08-11,2.3901437371663246,13.41
2025-08-11,3.3921971252566734,13.36
2025-08-11,3.3921971252566734,13.41
2025-08-11,5.390828199863107,13.6
2025-08-11,5.390828199863107,13.7
2025-08-11,6.3901437371663246,13.71
2025-08-11,7.392197125256674,13.74
2025-08-11,9.390828199863108,13.85
2025-08-12,0.3887748117727584,14.86
2025-08-12,1.3880903490759753,14.030000000000001
2025-08-12,1.3880903490759753,13.99
2025-08-12,2.3874058863791925,13.3
2025-08-12,3.3894592744695413,13.25
2025-08-12,3.3894592744695413,13.309999999999999
2025-08-12,5.388090349075975,13.49
2025-08-12,5.388090349075975,13.6
2025-08-12,6.3874058863791925,13.61
2025-08-12,7.389459274469542,13.629999999999999
2025-08-12,9.388090349075975,13.74
2025-08-13,0.3860369609856263,14.85
2025-08-13,1.3853524982888432,13.91
2025-08-13,1.3853524982888432,13.870000000000001
2025-08-13,2.3846680355920604,13.18
2025-08-13,3.3867214236824092,13.17
2025-08-13,3.3867214236824092,13.219999999999999
2025-08-13,5.385352498288843,13.48
2025-08-13,5.385352498288843,13.59
2025-08-13,6.38466803559206,13.620000000000001
2025-08-13,7.38672142368241,13.65
2025-08-13,9.385352498288844,13.77
2025-08-14,0.38329911019849416,14.85
2025-08-14,1.3826146475017111,13.95
2025-08-14,1.3826146475017111,13.92
2025-08-14,2.3819301848049284,13.26
2025-08-14,3.383983572895277,13.26
2025-08-14,3.383983572895277,13.309999999999999
2025-08-14,5.382614647501711,13.55
2025-08-14,5.382614647501711,13.66
2025-08-14,6.381930184804928,13.690000000000001
2025-08-14,7.383983572895278,13.7
2025-08-14,9.382614647501711,13.809999999999999
2025-08-15,0.3805612594113621,14.85
2025-08-15,1.379876796714579,13.93
2025-08-15,1.379876796714579,13.91
2025-08-15,2.379192334017796,13.219999999999999
2025-08-15,3.381245722108145,13.23
2025-08-15,3.381245722108145,13.280000000000001
2025-08-15,5.379876796714579,13.530000000000001
2025-08-15,5.379876796714579,13.64
2025-08-15,6.379192334017796,13.68
2025-08-15,7.381245722108145,13.7
2025-08-15,9.379876796714578,13.809999999999999
2025-08-18,0.3723477070499658,14.86
2025-08-18,1.3716632443531827,13.92
2025-08-18,1.3716632443531827,13.9
2025-08-18,2.3709787816563996,13.219999999999999
2025-08-18,3.373032169746749,13.219999999999999
2025-08-18,3.373032169746749,13.280000000000001
2025-08-18,5.371663244353183,13.52
2025-08-18,5.371663244353183,13.629999999999999
2025-08-18,6.3709787816564,13.66
2025-08-18,7.3730321697467485,13.68
2025-08-18,9.371663244353183,13.8
2025-08-19,0.36960985626283366,14.85
2025-08-19,1.3689253935660506,13.98
2025-08-19,1.3689253935660506,13.96
2025-08-19,2.3682409308692676,13.34
2025-08-19,3.370294318959617,13.36
2025-08-19,3.370294318959617,13.42
2025-08-19,5.368925393566051,13.67
2025-08-19,5.368925393566051,13.780000000000001
2025-08-19,6.368240930869268,13.809999999999999
2025-08-19,7.370294318959616,13.84
2025-08-19,9.36892539356605,13.95
2025-08-20,0.3668720054757016,14.86
2025-08-20,1.3661875427789185,14.1
2025-08-20,1.3661875427789185,14.08
2025-08-20,2.3655030800821355,13.49
2025-08-20,3.3675564681724848,13.530000000000001
2025-08-20,3.3675564681724848,13.59
2025-08-20,5.366187542778919,13.82
2025-08-20,5.366187542778919,13.93
2025-08-20,6.365503080082136,13.96
2025-08-20,7.367556468172484,13.969999999999999
2025-08-20,9.366187542778919,14.08
2025-08-21,0.36413415468856947,14.85
2025-08-21,1.3634496919917864,14.030000000000001
2025-08-21,1.3634496919917864,14.02
2025-08-21,2.3627652292950034,13.42
2025-08-21,3.3648186173853527,13.48
2025-08-21,3.3648186173853527,13.54
2025-08-21,5.363449691991787,13.809999999999999
2025-08-21,5.363449691991787,13.92
2025-08-21,6.362765229295003,13.96
2025-08-21,7.364818617385352,13.98
2025-08-21,9.363449691991786,14.09
2025-08-22,0.3613963039014374,14.84
2025-08-22,1.3607118412046544,14.05
2025-08-22,1.3607118412046544,14.030000000000001
2025-08-22,2.3600273785078714,13.41
2025-08-22,3.36208076659822,13.469999999999999
2025-08-22,3.36208076659822,13.530000000000001
2025-08-22,5.360711841204655,13.83
2025-08-22,5.360711841204655,13.93
2025-08-22,6.360027378507871,13.99
2025-08-22,7.36208076659822,14.02
2025-08-22,9.360711841204655,14.11
2025-08-25,0.3531827515400411,14.82
2025-08-25,1.352498288843258,13.95
2025-08-25,1.352498288843258,13.940000000000001
2025-08-25,2.351813826146475,13.29
2025-08-25,3.353867214236824,13.35
2025-08-25,3.353867214236824,13.4
2025-08-25,5.352498288843258,13.719999999999999
2025-08-25,5.352498288843258,13.83
2025-08-25,6.351813826146475,13.89
2025-08-25,7.353867214236824,13.93
2025-08-25,9.352498288843258,14.05
2025-08-26,0.35044490075290896,14.83
2025-08-26,1.3497604380561259,13.99
2025-08-26,1.3497604380561259,13.98
2025-08-26,2.349075975359343,13.35
2025-08-26,3.351129363449692,13.39
2025-08-26,3.351129363449692,13.440000000000001
2025-08-26,5.349760438056126,13.75
2025-08-26,5.349760438056126,13.870000000000001
2025-08-26,6.349075975359343,13.93
2025-08-26,7.351129363449692,13.96
2025-08-26,9.349760438056126,14.09
2025-08-27,0.34770704996577684,14.83
2025-08-27,1.3470225872689938,13.969999999999999
2025-08-27,1.3470225872689938,13.96
2025-08-27,2.346338124572211,13.33
2025-08-27,3.34839151266256,13.36
2025-08-27,3.34839151266256,13.4
2025-08-27,5.347022587268994,13.71
2025-08-27,5.347022587268994,13.83
2025-08-27,6.346338124572211,13.89
2025-08-27,7.34839151266256,13.92
2025-08-27,9.347022587268993,14.05
2025-08-28,0.34496919917864477,14.83
2025-08-28,1.3442847364818618,13.96
2025-08-28,1.3442847364818618,13.95
2025-08-28,2.3436002737850785,13.3
2025-08-28,3.345653661875428,13.34
2025-08-28,3.345653661875428,13.379999999999999
2025-08-28,5.344284736481861,13.719999999999999
2025-08-28,5.344284736481861,13.82
2025-08-28,6.3436002737850785,13.9
2025-08-28,7.345653661875428,13.93
2025-08-28,9.344284736481862,14.05
2025-08-29,0.34223134839151265,14.83
2025-08-29,1.3415468856947297,13.98
2025-08-29,1.3415468856947297,13.969999999999999
2025-08-29,2.3408624229979464,13.32
2025-08-29,3.3429158110882957,13.35
2025-08-29,3.3429158110882957,13.379999999999999
2025-08-29,5.341546885694729,13.66
2025-08-29,5.341546885694729,13.76
2025-08-29,6.3408624229979464,13.83
2025-08-29,7.342915811088296,13.870000000000001
2025-08-29,9.34154688569473,13.98
2025-09-01,0.33401779603011633,14.83
2025-09-01,1.3333333333333333,13.96
2025-09-01,1.3333333333333333,13.95
2025-09-01,2.3326488706365502,13.33
2025-09-01,3.3347022587268995,13.36
2025-09-01,3.3347022587268995,13.4
2025-09-01,5.333333333333333,13.68
2025-09-01,5.333333333333333,13.780000000000001
2025-09-01,6.33264887063655,13.84
2025-09-01,7.3347022587268995,13.870000000000001
2025-09-01,9.333333333333334,13.969999999999999
2025-09-02,0.33127994524298426,14.83
2025-09-02,1.3305954825462012,13.96
2025-09-02,1.3305954825462012,13.95
2025-09-02,2.329911019849418,13.36
2025-09-02,3.3319644079397674,13.4
2025-09-02,3.3319644079397674,13.45
2025-09-02,5.330595482546201,13.75
2025-09-02,5.330595482546201,13.86
2025-09-02,6.329911019849418,13.93
2025-09-02,7.3319644079397674,13.96
2025-09-02,9.330595482546201,14.059999999999999
2025-09-03,0.32854209445585214,14.83
2025-09-03,1.3278576317590691,13.96
2025-09-03,1.3278576317590691,13.95
2025-09-03,2.327173169062286,13.34
2025-09-03,3.3292265571526354,13.4
2025-09-03,3.3292265571526354,13.440000000000001
2025-09-03,5.327857631759069,13.75
2025-09-03,5.327857631759069,13.84
2025-09-03,6.327173169062286,13.92
2025-09-03,7.329226557152635,13.96
2025-09-03,9.32785763175907,14.04
2025-09-04,0.3258042436687201,14.82
2025-09-04,1.325119780971937,13.99
2025-09-04,1.325119780971937,13.98
2025-09-04,2.324435318275154,13.370000000000001
2025-09-04,3.326488706365503,13.42
2025-09-04,3.326488706365503,13.469999999999999
2025-09-04,5.325119780971937,13.780000000000001
2025-09-04,5.325119780971937,13.870000000000001
2025-09-04,6.324435318275154,13.95
2025-09-04,7.326488706365503,13.99
2025-09-04,9.325119780971937,14.08
2025-09-05,0.32306639288158795,14.809999999999999
2025-09-05,1.322381930184805,13.940000000000001
2025-09-05,1.322381930184805,13.93
2025-09-05,2.321697467488022,13.3
2025-09-05,3.323750855578371,13.36
2025-09-05,3.323750855578371,13.41
2025-09-05,5.322381930184805,13.71
2025-09-05,5.322381930184805,13.8
2025-09-05,6.321697467488022,13.89
2025-09-05,7.323750855578371,13.940000000000001
2025-09-05,9.322381930184806,14.04
2025-09-08,0.31485284052019163,14.82
2025-09-08,1.3141683778234086,13.92
2025-09-08,1.3141683778234086,13.91
2025-09-08,2.3134839151266258,13.25
2025-09-08,3.3155373032169746,13.27
2025-09-08,3.3155373032169746,13.32
2025-09-08,5.314168377823409,13.6
2025-09-08,5.314168377823409,13.690000000000001
2025-09-08,6.313483915126626,13.79
2025-09-08,7.315537303216975,13.83
2025-09-08,9.314168377823409,13.93
2025-09-09,0.31211498973305957,14.82
2025-09-09,1.3114305270362765,13.940000000000001
2025-09-09,1.3114305270362765,13.93
2025-09-09,2.3107460643394937,13.280000000000001
2025-09-09,3.3127994524298425,13.3
2025-09-09,3.3127994524298425,13.34
2025-09-09,5.3114305270362765,13.620000000000001
2025-09-09,5.3114305270362765,13.7
2025-09-09,6.310746064339494,13.8
2025-09-09,7.312799452429843,13.84
2025-09-09,9.311430527036277,13.91
2025-09-10,0.30937713894592744,14.82
2025-09-10,1.3086926762491444,13.99
2025-09-10,1.3086926762491444,13.98
2025-09-10,2.308008213552361,13.34
2025-09-10,3.3100616016427105,13.36
2025-09-10,3.3100616016427105,13.4
2025-09-10,5.308692676249144,13.65
2025-09-10,5.308692676249144,13.74
2025-09-10,6.308008213552362,13.809999999999999
2025-09-10,7.310061601642711,13.85
2025-09-10,9.308692676249144,13.92
2025-09-11,0.3066392881587953,14.8
2025-09-11,1.3059548254620124,14.0
2025-09-11,1.3059548254620124,14.0
2025-09-11,2.305270362765229,13.32
2025-09-11,3.3073237508555784,13.32
2025-09-11,3.3073237508555784,13.370000000000001
2025-09-11,5.305954825462012,13.6
2025-09-11,5.305954825462012,13.68
2025-09-11,6.30527036276523,13.76
2025-09-11,7.307323750855578,13.79
2025-09-11,9.305954825462011,13.870000000000001
2025-09-12,0.30390143737166325,14.79
2025-09-12,1.3032169746748803,14.02
2025-09-12,1.3032169746748803,14.02
2025-09-12,2.302532511978097,13.34
2025-09-12,3.3045859000684463,13.33
2025-09-12,3.3045859000684463,13.379999999999999
2025-09-12,5.30321697467488,13.6
2025-09-12,5.30321697467488,13.68
2025-09-12,6.3025325119780975,13.76
2025-09-12,7.304585900068446,13.77
2025-09-12,9.30321697467488,13.84
2025-09-15,0.29568788501026694,14.79
2025-09-15,1.2950034223134839,13.99
2025-09-15,1.2950034223134839,13.99
2025-09-15,2.294318959616701,13.3
2025-09-15,3.29637234770705,13.27
2025-09-15,3.29637234770705,13.32
2025-09-15,5.295003422313484,13.52
2025-09-15,5.295003422313484,13.6
2025-09-15,6.294318959616701,13.67
2025-09-15,7.29637234770705,13.68
2025-09-15,9.295003422313483,13.74
2025-09-16,0.2929500342231348,14.79
2025-09-16,1.2922655715263518,13.99
2025-09-16,1.2922655715263518,13.99
2025-09-16,2.291581108829569,13.3
2025-09-16,3.293634496919918,13.27
2025-09-16,3.293634496919918,13.32
2025-09-16,5.292265571526352,13.52
2025-09-16,5.292265571526352,13.6
2025-09-16,6.291581108829569,13.67
2025-09-16,7.293634496919918,13.690000000000001
2025-09-16,9.292265571526352,13.75
2025-09-17,0.29021218343600275,14.780000000000001
2025-09-17,1.2895277207392197,13.940000000000001
2025-09-17,1.2895277207392197,13.940000000000001
2025-09-17,2.2888432580424367,13.219999999999999
2025-09-17,3.2908966461327855,13.18
2025-09-17,3.2908966461327855,13.23
2025-09-17,5.28952772073922,13.4
2025-09-17,5.28952772073922,13.48
2025-09-17,6.288843258042436,13.55
2025-09-17,7.2908966461327855,13.57
2025-09-17,9.289527720739219,13.620000000000001
2025-09-18,0.2874743326488706,14.79
2025-09-18,1.2867898699520877,13.96
2025-09-18,1.2867898699520877,13.96
2025-09-18,2.2861054072553046,13.219999999999999
2025-09-18,3.2881587953456535,13.14
2025-09-18,3.2881587953456535,13.2
2025-09-18,5.286789869952088,13.33
2025-09-18,5.286789869952088,13.41
2025-09-18,6.286105407255304,13.469999999999999
2025-09-18,7.2881587953456535,13.48
2025-09-18,9.286789869952088,13.530000000000001
2025-09-19,0.28473648186173856,14.780000000000001
2025-09-19,1.2840520191649556,13.99
2025-09-19,1.2840520191649556,13.99
2025-09-19,2.2833675564681726,13.3
2025-09-19,3.2854209445585214,13.25
2025-09-19,3.2854209445585214,13.309999999999999
2025-09-19,5.284052019164956,13.440000000000001
2025-09-19,5.284052019164956,13.52
2025-09-19,6.283367556468172,13.58
2025-09-19,7.285420944558521,13.6
2025-09-19,9.284052019164955,13.65
2025-09-22,0.27652292950034224,14.79
2025-09-22,1.2758384668035592,14.0
2025-09-22,1.2758384668035592,14.0
2025-09-22,2.2751540041067764,13.34
2025-09-22,3.277207392197125,13.309999999999999
2025-09-22,3.277207392197125,13.36
2025-09-22,5.27583846680356,13.49
2025-09-22,5.27583846680356,13.57
2025-09-22,6.275154004106776,13.629999999999999
2025-09-22,7.277207392197125,13.620000000000001
2025-09-22,9.27583846680356,13.66
2025-09-23,0.2737850787132101,14.79
2025-09-23,1.273100616016427,14.01
2025-09-23,1.273100616016427,14.01
2025-09-23,2.272416153319644,13.35
2025-09-23,3.274469541409993,13.34
2025-09-23,3.274469541409993,13.39
2025-09-23,5.2731006160164275,13.55
2025-09-23,5.2731006160164275,13.64
2025-09-23,6.272416153319644,13.690000000000001
2025-09-23,7.274469541409993,13.690000000000001
2025-09-23,9.273100616016427,13.74
2025-09-24,0.27104722792607805,14.79
2025-09-24,1.270362765229295,13.99
2025-09-24,1.270362765229295,14.0
2025-09-24,2.269678302532512,13.3
2025-09-24,3.271731690622861,13.280000000000001
2025-09-24,3.271731690622861,13.34
2025-09-24,5.270362765229295,13.5
2025-09-24,5.270362765229295,13.59
2025-09-24,6.269678302532512,13.629999999999999
2025-09-24,7.271731690622861,13.629999999999999
2025-09-24,9.270362765229295,13.68
2025-09-25,0.2683093771389459,14.780000000000001
2025-09-25,1.267624914442163,13.98
2025-09-25,1.267624914442163,13.99
2025-09-25,2.2669404517453797,13.29
2025-09-25,3.268993839835729,13.25
2025-09-25,3.268993839835729,13.3
2025-09-25,5.2676249144421625,13.440000000000001
2025-09-25,5.2676249144421625,13.530000000000001
2025-09-25,6.26694045174538,13.57
2025-09-25,7.268993839835729,13.57
2025-09-25,9.267624914442163,13.61
2025-09-26,0.2655715263518138,14.780000000000001
2025-09-26,1.264887063655031,14.030000000000001
2025-09-26,1.264887063655031,14.04
2025-09-26,2.2642026009582477,13.370000000000001
2025-09-26,3.266255989048597,13.32
2025-09-26,3.266255989048597,13.379999999999999
2025-09-26,5.2648870636550305,13.52
2025-09-26,5.2648870636550305,13.61
2025-09-26,6.264202600958248,13.65
2025-09-26,7.266255989048597,13.629999999999999
2025-09-26,9.264887063655031,13.66
2025-09-29,0.25735797399041754,14.780000000000001
2025-09-29,1.2566735112936345,13.99
2025-09-29,1.2566735112936345,14.0
2025-09-29,2.2559890485968515,13.33
2025-09-29,3.2580424366872007,13.3
2025-09-29,3.2580424366872007,13.36
2025-09-29,5.256673511293634,13.55
2025-09-29,5.256673511293634,13.629999999999999
2025-09-29,6.2559890485968515,13.690000000000001
2025-09-29,7.258042436687201,13.690000000000001
2025-09-29,9.256673511293634,13.73
2025-09-30,0.2546201232032854,14.79
2025-09-30,1.2539356605065024,14.030000000000001
2025-09-30,1.2539356605065024,14.04
2025-09-30,2.2532511978097194,13.379999999999999
2025-09-30,3.2553045859000687,13.35
2025-09-30,3.2553045859000687,13.41
2025-09-30,5.253935660506502,13.58
2025-09-30,5.253935660506502,13.67
2025-09-30,6.253251197809719,13.719999999999999
2025-09-30,7.255304585900069,13.71
2025-09-30,9.253935660506503,13.75
2025-10-01,0.2518822724161533,14.8
2025-10-01,1.2511978097193703,14.030000000000001
2025-10-01,1.2511978097193703,14.04
2025-10-01,2.2505133470225873,13.379999999999999
2025-10-01,3.252566735112936,13.33
2025-10-01,3.252566735112936,13.379999999999999
2025-10-01,5.25119780971937,13.559999999999999
2025-10-01,5.25119780971937,13.64
2025-10-01,6.250513347022587,13.690000000000001
2025-10-01,7.252566735112937,13.690000000000001
2025-10-01,9.25119780971937,13.73
2025-10-02,0.24914442162902123,14.83
2025-10-02,1.2484599589322383,14.04
2025-10-02,1.2484599589322383,14.05
2025-10-02,2.2477754962354553,13.41
2025-10-02,3.249828884325804,13.36
2025-10-02,3.249828884325804,13.41
2025-10-02,5.248459958932238,13.559999999999999
2025-10-02,5.248459958932238,13.65
2025-10-02,6.247775496235455,13.7
2025-10-02,7.2498288843258045,13.690000000000001
2025-10-02,9.248459958932239,13.719999999999999
2025-10-03,0.2464065708418891,14.86
2025-10-03,1.2457221081451062,14.1
2025-10-03,1.2457221081451062,14.1
2025-10-03,2.245037645448323,13.54
2025-10-03,3.247091033538672,13.54
2025-10-03,3.247091033538672,13.6
2025-10-03,5.245722108145106,13.76
2025-10-03,5.245722108145106,13.84
2025-10-03,6.245037645448323,13.89
2025-10-03,7.2470910335386725,13.89
2025-10-03,9.245722108145106,13.91
2025-10-06,0.23819301848049282,14.86
2025-10-06,1.2375085557837098,14.09
2025-10-06,1.2375085557837098,14.09
2025-10-06,2.236824093086927,13.55
2025-10-06,3.238877481177276,13.54
2025-10-06,3.238877481177276,13.6
2025-10-06,5.23750855578371,13.76
2025-10-06,5.23750855578371,13.85
2025-10-06,6.236824093086927,13.89
2025-10-06,7.238877481177276,13.879999999999999
2025-10-06,9.23750855578371,13.9
2025-10-07,0.23545516769336072,14.870000000000001
2025-10-07,1.2347707049965777,14.11
2025-10-07,1.2347707049965777,14.11
2025-10-07,2.2340862422997945,13.559999999999999
2025-10-07,3.2361396303901437,13.55
2025-10-07,3.2361396303901437,13.61
2025-10-07,5.234770704996578,13.780000000000001
2025-10-07,5.234770704996578,13.870000000000001
2025-10-07,6.234086242299795,13.92
2025-10-07,7.236139630390143,13.92
2025-10-07,9.234770704996578,13.96
2025-10-08,0.2327173169062286,14.870000000000001
2025-10-08,1.2320328542094456,14.11
2025-10-08,1.2320328542094456,14.120000000000001
2025-10-08,2.2313483915126624,13.57
2025-10-08,3.2334017796030117,13.57
2025-10-08,3.2334017796030117,13.629999999999999
2025-10-08,5.232032854209446,13.83
2025-10-08,5.232032854209446,13.91
2025-10-08,6.231348391512663,13.969999999999999
2025-10-08,7.233401779603011,13.969999999999999
2025-10-08,9.232032854209445,14.01
2025-10-09,0.2299794661190965,14.870000000000001
2025-10-09,1.2292950034223136,14.01
2025-10-09,1.2292950034223136,14.01
2025-10-09,2.2286105407255303,13.43
2025-10-09,3.2306639288158796,13.440000000000001
2025-10-09,3.2306639288158796,13.48
2025-10-09,5.229295003422314,13.690000000000001
2025-10-09,5.229295003422314,13.780000000000001
2025-10-09,6.228610540725531,13.85
2025-10-09,7.230663928815879,13.84
2025-10-09,9.229295003422314,13.89
2025-10-10,0.2272416153319644,14.86
2025-10-10,1.2265571526351813,13.99
2025-10-10,1.2265571526351813,14.0
2025-10-10,2.2258726899383983,13.41
2025-10-10,3.2279260780287475,13.42
2025-10-10,3.2279260780287475,13.48
2025-10-10,5.2265571526351815,13.7
2025-10-10,5.2265571526351815,13.780000000000001
2025-10-10,6.225872689938399,13.86
2025-10-10,7.227926078028747,13.86
2025-10-10,9.22655715263518,13.91
2025-10-13,0.2190280629705681,14.86
2025-10-13,1.218343600273785,13.96
2025-10-13,1.218343600273785,13.98
2025-10-13,2.217659137577002,13.440000000000001
2025-10-13,3.2197125256673513,13.48
2025-10-13,3.2197125256673513,13.54
2025-10-13,5.218343600273785,13.77
2025-10-13,5.218343600273785,13.86
2025-10-13,6.217659137577002,13.93
2025-10-13,7.219712525667351,13.93
2025-10-13,9.218343600273785,13.99
2025-10-14,0.216290212183436,14.86
2025-10-14,1.215605749486653,13.99
2025-10-14,1.215605749486653,14.02
2025-10-14,2.21492128678987,13.49
2025-10-14,3.216974674880219,13.54
2025-10-14,3.216974674880219,13.6
2025-10-14,5.215605749486653,13.84
2025-10-14,5.215605749486653,13.93
2025-10-14,6.2149212867898695,14.0
2025-10-14,7.216974674880219,14.02
2025-10-14,9.215605749486652,14.08
2025-10-15,0.2135523613963039,14.85
2025-10-15,1.212867898699521,13.98
2025-10-15,1.212867898699521,14.01
2025-10-15,2.212183436002738,13.440000000000001
2025-10-15,3.2142368240930868,13.469999999999999
2025-10-15,3.2142368240930868,13.530000000000001
2025-10-15,5.212867898699521,13.77
2025-10-15,5.212867898699521,13.870000000000001
2025-10-15,6.2121834360027375,13.93
2025-10-15,7.214236824093087,13.96
2025-10-15,9.212867898699521,14.02
2025-10-16,0.2108145106091718,14.85
2025-10-16,1.2101300479123889,13.969999999999999
2025-10-16,1.2101300479123889,14.0
2025-10-16,2.209445585215606,13.379999999999999
2025-10-16,3.2114989733059547,13.39
2025-10-16,3.2114989733059547,13.440000000000001
2025-10-16,5.210130047912389,13.64
2025-10-16,5.210130047912389,13.74
2025-10-16,6.209445585215605,13.79
2025-10-16,7.211498973305955,13.82
2025-10-16,9.210130047912388,13.879999999999999
2025-10-17,0.2080766598220397,14.85
2025-10-17,1.2073921971252566,13.98
2025-10-17,1.2073921971252566,14.01
2025-10-17,2.206707734428474,13.4
2025-10-17,3.2087611225188226,13.440000000000001
2025-10-17,3.2087611225188226,13.49
2025-10-17,5.207392197125257,13.73
2025-10-17,5.207392197125257,13.83
2025-10-17,6.206707734428473,13.9
2025-10-17,7.208761122518823,13.93
2025-10-17,9.207392197125257,14.0
2025-10-20,0.1998631074606434,14.85
2025-10-20,1.1991786447638604,13.96
2025-10-20,1.1991786447638604,13.99
2025-10-20,2.198494182067077,13.370000000000001
2025-10-20,3.2005475701574264,13.42
2025-10-20,3.2005475701574264,13.48
2025-10-20,5.19917864476386,13.71
2025-10-20,5.19917864476386,13.8
2025-10-20,6.198494182067077,13.870000000000001
2025-10-20,7.200547570157426,13.89
2025-10-20,9.19917864476386,13.940000000000001
2025-10-21,0.1971252566735113,14.870000000000001
2025-10-21,1.1964407939767283,13.9
2025-10-21,1.1964407939767283,13.93
2025-10-21,2.195756331279945,13.280000000000001
2025-10-21,3.1978097193702943,13.309999999999999
2025-10-21,3.1978097193702943,13.370000000000001
2025-10-21,5.196440793976728,13.61
2025-10-21,5.196440793976728,13.7
2025-10-21,6.195756331279945,13.780000000000001
2025-10-21,7.197809719370294,13.82
2025-10-21,9.196440793976729,13.879999999999999
2025-10-22,0.1943874058863792,14.879999999999999
2025-10-22,1.1937029431895962,13.89
2025-10-22,1.1937029431895962,13.93
2025-10-22,2.193018480492813,13.29
2025-10-22,3.1950718685831623,13.32
2025-10-22,3.1950718685831623,13.379999999999999
2025-10-22,5.193702943189596,13.61
2025-10-22,5.193702943189596,13.7
2025-10-22,6.193018480492813,13.77
2025-10-22,7.195071868583162,13.809999999999999
2025-10-22,9.193702943189596,13.870000000000001
2025-10-23,0.19164955509924708,14.870000000000001
2025-10-23,1.1909650924024642,13.84
2025-10-23,1.1909650924024642,13.870000000000001
2025-10-23,2.190280629705681,13.21
2025-10-23,3.19233401779603,13.26
2025-10-23,3.19233401779603,13.32
2025-10-23,5.190965092402464,13.57
2025-10-23,5.190965092402464,13.66
2025-10-23,6.190280629705681,13.73
2025-10-23,7.19233401779603,13.77
2025-10-23,9.190965092402465,13.84
2025-10-24,0.188911704312115,14.870000000000001
2025-10-24,1.1882272416153319,13.8
2025-10-24,1.1882272416153319,13.83
2025-10-24,2.187542778918549,13.16
2025-10-24,3.189596167008898,13.21
2025-10-24,3.189596167008898,13.26
2025-10-24,5.188227241615332,13.530000000000001
2025-10-24,5.188227241615332,13.620000000000001
2025-10-24,6.187542778918549,13.690000000000001
2025-10-24,7.189596167008898,13.73
2025-10-24,9.188227241615332,13.809999999999999
2025-10-27,0.1806981519507187,14.86
2025-10-27,1.1800136892539357,13.74
2025-10-27,1.1800136892539357,13.77
2025-10-27,2.1793292265571527,13.059999999999999
2025-10-27,3.1813826146475015,13.09
2025-10-27,3.1813826146475015,13.15
2025-10-27,5.1800136892539355,13.39
2025-10-27,5.1800136892539355,13.48
2025-10-27,6.179329226557153,13.55
2025-10-27,7.181382614647502,13.61
2025-10-27,9.180013689253936,13.690000000000001
2025-10-28,0.17796030116358658,14.879999999999999
2025-10-28,1.1772758384668036,13.809999999999999
2025-10-28,1.1772758384668036,13.84
2025-10-28,2.1765913757700206,13.16
2025-10-28,3.1786447638603694,13.190000000000001
2025-10-28,3.1786447638603694,13.24
2025-10-28,5.177275838466803,13.48
2025-10-28,5.177275838466803,13.58
2025-10-28,6.176591375770021,13.64
2025-10-28,7.17864476386037,13.690000000000001
2025-10-28,9.177275838466803,13.76
2025-10-29,0.17522245037645448,14.879999999999999
2025-10-29,1.1745379876796715,13.79
2025-10-29,1.1745379876796715,13.82
2025-10-29,2.1738535249828885,13.16
2025-10-29,3.1759069130732374,13.190000000000001
2025-10-29,3.1759069130732374,13.25
2025-10-29,5.174537987679671,13.5
2025-10-29,5.174537987679671,13.59
2025-10-29,6.1738535249828885,13.66
2025-10-29,7.175906913073238,13.71
2025-10-29,9.174537987679672,13.77
2025-10-30,0.17248459958932238,14.89
2025-10-30,1.1718001368925393,13.82
2025-10-30,1.1718001368925393,13.85
2025-10-30,2.1711156741957565,13.219999999999999
2025-10-30,3.1731690622861053,13.27
2025-10-30,3.1731690622861053,13.33
2025-10-30,5.171800136892539,13.6
2025-10-30,5.171800136892539,13.690000000000001
2025-10-30,6.1711156741957565,13.76
2025-10-30,7.173169062286106,13.82
2025-10-30,9.17180013689254,13.879999999999999
2025-10-31,0.1697467488021903,14.89
2025-10-31,1.1690622861054072,13.86
2025-10-31,1.1690622861054072,13.89
2025-10-31,2.1683778234086244,13.219999999999999
2025-10-31,3.1704312114989732,13.25
2025-10-31,3.1704312114989732,13.3
2025-10-31,5.169062286105407,13.559999999999999
2025-10-31,5.169062286105407,13.65
2025-10-31,6.168377823408624,13.719999999999999
2025-10-31,7.170431211498974,13.780000000000001
2025-10-31,9.169062286105408,13.84
2025-11-03,0.16153319644079397,14.9
2025-11-03,1.160848733744011,13.83
2025-11-03,1.160848733744011,13.86
2025-11-03,2.1601642710472277,13.190000000000001
2025-11-03,3.162217659137577,13.21
2025-11-03,3.162217659137577,13.27
2025-11-03,5.160848733744011,13.52
2025-11-03,5.160848733744011,13.61
2025-11-03,6.160164271047228,13.68
2025-11-03,7.162217659137577,13.75
2025-11-03,9.160848733744011,13.809999999999999
2025-11-04,0.15879534565366188,14.9
2025-11-04,1.158110882956879,13.85
2025-11-04,1.158110882956879,13.870000000000001
2025-11-04,2.1574264202600957,13.2
2025-11-04,3.159479808350445,13.219999999999999
2025-11-04,3.159479808350445,13.280000000000001
2025-11-04,5.158110882956879,13.54
2025-11-04,5.158110882956879,13.64
2025-11-04,6.157426420260096,13.71
2025-11-04,7.1594798083504445,13.79
2025-11-04,9.158110882956878,13.84
2025-11-05,0.15605749486652978,14.9
2025-11-05,1.1553730321697468,13.82
2025-11-05,1.1553730321697468,13.84
2025-11-05,2.1546885694729636,13.17
2025-11-05,3.156741957563313,13.21
2025-11-05,3.156741957563313,13.27
2025-11-05,5.155373032169747,13.54
2025-11-05,5.155373032169747,13.629999999999999
2025-11-05,6.154688569472964,13.719999999999999
2025-11-05,7.156741957563312,13.8
2025-11-05,9.155373032169747,13.870000000000001
2025-11-06,0.15331964407939766,14.9
2025-11-06,1.1526351813826146,13.83
2025-11-06,1.1526351813826146,13.85
2025-11-06,2.1519507186858315,13.15
2025-11-06,3.154004106776181,13.15
2025-11-06,3.154004106776181,13.21
2025-11-06,5.152635181382615,13.46
2025-11-06,5.152635181382615,13.559999999999999
2025-11-06,6.151950718685832,13.629999999999999
2025-11-06,7.15400410677618,13.71
2025-11-06,9.152635181382614,13.77
2025-11-07,0.15058179329226556,14.91
2025-11-07,1.1498973305954825,13.85
2025-11-07,1.1498973305954825,13.870000000000001
2025-11-07,2.1492128678986995,13.190000000000001
2025-11-07,3.1512662559890487,13.2
2025-11-07,3.1512662559890487,13.26
2025-11-07,5.149897330595483,13.530000000000001
2025-11-07,5.149897330595483,13.620000000000001
2025-11-07,6.1492128678987,13.7
2025-11-07,7.151266255989048,13.77
2025-11-07,9.149897330595483,13.83
2025-11-10,0.14236824093086928,14.91
2025-11-10,1.1416837782340863,13.83
2025-11-10,1.1416837782340863,13.85
2025-11-10,2.1409993155373033,13.14
2025-11-10,3.143052703627652,13.16
2025-11-10,3.143052703627652,13.219999999999999
2025-11-10,5.1416837782340865,13.48
2025-11-10,5.1416837782340865,13.58
2025-11-10,6.140999315537303,13.66
2025-11-10,7.143052703627652,13.74
2025-11-10,9.141683778234086,13.79
2025-11-11,0.13963039014373715,14.9
2025-11-11,1.1389459274469542,13.68
2025-11-11,1.1389459274469542,13.7
2025-11-11,2.138261464750171,12.93
2025-11-11,3.14031485284052,12.95
2025-11-11,3.14031485284052,13.01
2025-11-11,5.138945927446954,13.29
2025-11-11,5.138945927446954,13.39
2025-11-11,6.138261464750171,13.469999999999999
2025-11-11,7.14031485284052,13.559999999999999
2025-11-11,9.138945927446954,13.620000000000001
2025-11-12,0.13689253935660506,14.91
2025-11-12,1.136208076659822,13.65
2025-11-12,1.136208076659822,13.67
2025-11-12,2.135523613963039,12.95
2025-11-12,3.137577002053388,12.98
2025-11-12,3.137577002053388,13.04
2025-11-12,5.136208076659822,13.32
2025-11-12,5.136208076659822,13.42
2025-11-12,6.135523613963039,13.51
2025-11-12,7.137577002053388,13.61
2025-11-12,9.136208076659821,13.67
2025-11-13,0.13415468856947296,14.91
2025-11-13,1.1334702258726899,13.61
2025-11-13,1.1334702258726899,13.629999999999999
2025-11-13,2.132785763175907,12.89
2025-11-13,3.134839151266256,12.91
2025-11-13,3.134839151266256,12.969999999999999
2025-11-13,5.13347022587269,13.27
2025-11-13,5.13347022587269,13.370000000000001
2025-11-13,6.132785763175907,13.469999999999999
2025-11-13,7.134839151266256,13.57
2025-11-13,9.13347022587269,13.64
2025-11-14,0.13141683778234087,14.91
2025-11-14,1.1307323750855578,13.629999999999999
2025-11-14,1.1307323750855578,13.64
2025-11-14,2.130047912388775,12.93
2025-11-14,3.132101300479124,12.969999999999999
2025-11-14,3.132101300479124,13.030000000000001
2025-11-14,5.130732375085558,13.34
2025-11-14,5.130732375085558,13.440000000000001
2025-11-14,6.1300479123887746,13.54
2025-11-14,7.132101300479124,13.65
2025-11-14,9.130732375085557,13.74
2025-11-17,0.12320328542094455,14.91
2025-11-17,1.1225188227241616,13.6
2025-11-17,1.1225188227241616,13.620000000000001
2025-11-17,2.1218343600273784,12.92
2025-11-17,3.1238877481177276,12.95
2025-11-17,3.1238877481177276,13.01
2025-11-17,5.122518822724161,13.309999999999999
2025-11-17,5.122518822724161,13.4
2025-11-17,6.121834360027378,13.51
2025-11-17,7.123887748117728,13.61
2025-11-17,9.122518822724162,13.68
2025-11-18,0.12046543463381246,14.92
2025-11-18,1.1197809719370295,13.629999999999999
2025-11-18,1.1197809719370295,13.65
2025-11-18,2.1190965092402463,12.99
2025-11-18,3.1211498973305956,13.05
2025-11-18,3.1211498973305956,13.11
2025-11-18,5.119780971937029,13.41
2025-11-18,5.119780971937029,13.51
2025-11-18,6.119096509240246,13.59
2025-11-18,7.121149897330596,13.690000000000001
2025-11-18,9.119780971937029,13.74
2025-11-19,0.11772758384668036,14.92
2025-11-19,1.1170431211498972,13.61
2025-11-19,1.1170431211498972,13.629999999999999
2025-11-19,2.116358658453114,12.969999999999999
2025-11-19,3.1184120465434635,13.030000000000001
2025-11-19,3.1184120465434635,13.09
2025-11-19,5.117043121149897,13.41
2025-11-19,5.117043121149897,13.5
2025-11-19,6.116358658453114,13.6
2025-11-19,7.1184120465434635,13.690000000000001
2025-11-19,9.117043121149898,13.74
2025-11-21,0.11225188227241616,14.92
2025-11-21,1.111567419575633,13.61
2025-11-21,1.111567419575633,13.629999999999999
2025-11-21,2.11088295687885,12.95
2025-11-21,3.1129363449691994,13.02
2025-11-21,3.1129363449691994,13.08
2025-11-21,5.111567419575633,13.379999999999999
2025-11-21,5.111567419575633,13.469999999999999
2025-11-21,6.11088295687885,13.57
2025-11-21,7.112936344969199,13.67
2025-11-21,9.111567419575634,13.71
2025-11-24,0.10403832991101986,14.92
2025-11-24,1.103353867214237,13.61
2025-11-24,1.103353867214237,13.629999999999999
2025-11-24,2.102669404517454,12.95
2025-11-24,3.1047227926078027,13.0
2025-11-24,3.1047227926078027,13.059999999999999
2025-11-24,5.103353867214237,13.33
2025-11-24,5.103353867214237,13.42
2025-11-24,6.102669404517454,13.52
2025-11-24,7.104722792607803,13.6
2025-11-24,9.103353867214237,13.65
2025-11-25,0.10130047912388775,14.93
2025-11-25,1.1006160164271048,13.51
2025-11-25,1.1006160164271048,13.530000000000001
2025-11-25,2.099931553730322,12.83
2025-11-25,3.1019849418206706,12.9
2025-11-25,3.1019849418206706,12.96
2025-11-25,5.100616016427105,13.25
2025-11-25,5.100616016427105,13.34
2025-11-25,6.099931553730322,13.440000000000001
2025-11-25,7.101984941820671,13.530000000000001
2025-11-25,9.100616016427105,13.59
2025-11-26,0.09856262833675565,14.93
2025-11-26,1.0978781656399725,13.5
2025-11-26,1.0978781656399725,13.52
2025-11-26,2.0971937029431897,12.809999999999999
2025-11-26,3.0992470910335386,12.879999999999999
2025-11-26,3.0992470910335386,12.940000000000001
2025-11-26,5.0978781656399725,13.24
2025-11-26,5.0978781656399725,13.33
2025-11-26,6.09719370294319,13.440000000000001
2025-11-26,7.099247091033539,13.530000000000001
2025-11-26,9.097878165639973,13.6
2025-11-27,0.09582477754962354,14.93
2025-11-27,1.0951403148528405,13.49
2025-11-27,1.0951403148528405,13.51
2025-11-27,2.0944558521560577,12.79
2025-11-27,3.0965092402464065,12.84
2025-11-27,3.0965092402464065,12.9
2025-11-27,5.0951403148528405,13.18
2025-11-27,5.0951403148528405,13.26
2025-11-27,6.094455852156058,13.36
2025-11-27,7.096509240246407,13.45
2025-11-27,9.095140314852841,13.52
2025-11-28,0.09308692676249145,14.940000000000001
2025-11-28,1.0924024640657084,13.559999999999999
2025-11-28,1.0924024640657084,13.59
2025-11-28,2.0917180013689256,12.870000000000001
2025-11-28,3.0937713894592744,12.89
2025-11-28,3.0937713894592744,12.95
2025-11-28,5.092402464065708,13.18
2025-11-28,5.092402464065708,13.27
2025-11-28,6.091718001368926,13.36
2025-11-28,7.093771389459275,13.440000000000001
2025-11-28,9.092402464065708,13.49
2025-12-01,0.08487337440109514,14.93
2025-12-01,1.0841889117043122,13.559999999999999
2025-12-01,1.0841889117043122,13.58
2025-12-01,2.083504449007529,12.86
2025-12-01,3.0855578370978782,12.870000000000001
2025-12-01,3.0855578370978782,12.93
2025-12-01,5.084188911704312,13.15
2025-12-01,5.084188911704312,13.24
2025-12-01,6.083504449007529,13.32
2025-12-01,7.085557837097878,13.39
2025-12-01,9.084188911704311,13.43
2025-12-02,0.08213552361396304,14.940000000000001
2025-12-02,1.08145106091718,13.57
2025-12-02,1.08145106091718,13.59
2025-12-02,2.080766598220397,12.85
2025-12-02,3.082819986310746,12.85
2025-12-02,3.082819986310746,12.91
2025-12-02,5.08145106091718,13.1
2025-12-02,5.08145106091718,13.190000000000001
2025-12-02,6.080766598220397,13.26
2025-12-02,7.082819986310746,13.34
2025-12-02,9.08145106091718,13.379999999999999
2025-12-03,1.0787132101300478,13.54
2025-12-03,1.0787132101300478,13.57
2025-12-03,2.078028747433265,12.8
2025-12-03,3.080082135523614,12.8
2025-12-03,3.080082135523614,12.86
2025-12-03,5.078713210130048,13.04
2025-12-03,5.078713210130048,13.129999999999999
2025-12-03,6.078028747433265,13.190000000000001
2025-12-03,7.080082135523614,13.25
2025-12-03,9.078713210130047,13.280000000000001
2025-12-04,1.0759753593429158,13.530000000000001
2025-12-04,1.0759753593429158,13.559999999999999
2025-12-04,2.0752908966461328,12.76
2025-12-04,3.077344284736482,12.77
2025-12-04,3.077344284736482,12.83
2025-12-04,5.075975359342916,13.02
2025-12-04,5.075975359342916,13.1
2025-12-04,6.075290896646133,13.16
2025-12-04,7.077344284736482,13.23
2025-12-04,9.075975359342916,13.26
2025-12-05,1.0732375085557837,13.52
2025-12-05,1.0732375085557837,13.55
2025-12-05,2.0725530458590007,12.75
2025-12-05,3.07460643394935,12.77
2025-12-05,3.07460643394935,12.83
2025-12-05,5.073237508555784,13.01
2025-12-05,5.073237508555784,13.09
2025-12-05,6.072553045859,13.16
2025-12-05,7.0746064339493495,13.21
2025-12-05,9.073237508555783,13.23
2025-12-08,1.0650239561943875,13.809999999999999
2025-12-08,1.0650239561943875,13.76
2025-12-08,2.0643394934976045,13.2
2025-12-08,3.0663928815879533,13.309999999999999
2025-12-08,3.0663928815879533,13.25
2025-12-08,5.065023956194388,13.559999999999999
2025-12-08,5.065023956194388,13.49
2025-12-08,6.064339493497604,13.629999999999999
2025-12-08,7.066392881587953,13.690000000000001
2025-12-08,9.065023956194388,13.68
2025-12-09,1.0622861054072552,13.77
2025-12-09,1.0622861054072552,13.82
2025-12-09,2.0616016427104724,13.25
2025-12-09,3.0636550308008212,13.35
2025-12-09,3.0636550308008212,13.4
2025-12-09,5.062286105407256,13.6
2025-12-09,5.062286105407256,13.66
2025-12-09,6.061601642710472,13.73
2025-12-09,7.063655030800821,13.780000000000001
2025-12-09,9.062286105407255,13.74
2025-12-10,1.0595482546201231,13.7
2025-12-10,1.0595482546201231,13.74
2025-12-10,2.0588637919233403,13.129999999999999
2025-12-10,3.060917180013689,13.25
2025-12-10,3.060917180013689,13.3
2025-12-10,5.059548254620124,13.559999999999999
2025-12-10,5.059548254620124,13.620000000000001
2025-12-10,6.05886379192334,13.7
2025-12-10,7.060917180013689,13.75
2025-12-10,9.059548254620124,13.74
2025-12-11,1.056810403832991,13.77
2025-12-11,1.056810403832991,13.809999999999999
2025-12-11,2.0561259411362083,13.24
2025-12-11,3.058179329226557,13.370000000000001
2025-12-11,3.058179329226557,13.42
2025-12-11,5.0568104038329915,13.64
2025-12-11,5.0568104038329915,13.7
2025-12-11,6.056125941136208,13.780000000000001
2025-12-11,7.058179329226557,13.82
2025-12-11,9.05681040383299,13.8
2025-12-12,1.054072553045859,13.629999999999999
2025-12-12,1.054072553045859,13.68
2025-12-12,2.0533880903490758,13.05
2025-12-12,3.055441478439425,13.190000000000001
2025-12-12,3.055441478439425,13.23
2025-12-12,5.054072553045859,13.5
2025-12-12,5.054072553045859,13.57
2025-12-12,6.053388090349076,13.65
2025-12-12,7.055441478439425,13.690000000000001
2025-12-12,9.05407255304586,13.690000000000001
2025-12-15,1.0458590006844628,13.54
2025-12-15,1.0458590006844628,13.59
2025-12-15,2.0451745379876796,12.93
2025-12-15,3.047227926078029,13.07
2025-12-15,3.047227926078029,13.11
2025-12-15,5.045859000684462,13.39
2025-12-15,5.045859000684462,13.45
2025-12-15,6.04517453798768,13.54
2025-12-15,7.047227926078029,13.59
2025-12-15,9.045859000684462,13.59
2025-12-16,1.0431211498973305,13.620000000000001
2025-12-16,1.0431211498973305,13.66
2025-12-16,2.0424366872005475,13.05
2025-12-16,3.0444900752908968,13.18
2025-12-16,3.0444900752908968,13.23
2025-12-16,5.04312114989733,13.5
2025-12-16,5.04312114989733,13.57
2025-12-16,6.0424366872005475,13.65
2025-12-16,7.044490075290897,13.68
2025-12-16,9.043121149897331,13.67
2025-12-17,1.0403832991101984,13.71
2025-12-17,1.0403832991101984,13.76
2025-12-17,2.0396988364134154,13.21
2025-12-17,3.0417522245037647,13.36
2025-12-17,3.0417522245037647,13.41
2025-12-17,5.040383299110198,13.66
2025-12-17,5.040383299110198,13.73
2025-12-17,6.039698836413415,13.8
2025-12-17,7.041752224503765,13.83
2025-12-17,9.040383299110198,13.809999999999999
2025-12-18,1.0376454483230664,13.82
2025-12-18,1.0376454483230664,13.86
2025-12-18,2.0369609856262834,13.309999999999999
2025-12-18,3.0390143737166326,13.48
2025-12-18,3.0390143737166326,13.52
2025-12-18,5.037645448323066,13.79
2025-12-18,5.037645448323066,13.85
2025-12-18,6.036960985626283,13.940000000000001
2025-12-18,7.039014373716633,13.95
2025-12-18,9.037645448323067,13.93
2025-12-19,1.0349075975359343,13.780000000000001
2025-12-19,1.0349075975359343,13.82
2025-12-19,2.0342231348391513,13.280000000000001
2025-12-19,3.0362765229295,13.42
2025-12-19,3.0362765229295,13.46
2025-12-19,5.034907597535934,13.73
2025-12-19,5.034907597535934,13.780000000000001
2025-12-19,6.034223134839151,13.879999999999999
2025-12-19,7.036276522929501,13.9
2025-12-19,9.034907597535934,13.879999999999999
2025-12-22,1.0266940451745379,13.75
2025-12-22,1.0266940451745379,13.79
2025-12-22,2.026009582477755,13.23
2025-12-22,3.028062970568104,13.39
2025-12-22,3.028062970568104,13.440000000000001
2025-12-22,5.026694045174538,13.719999999999999
2025-12-22,5.026694045174538,13.79
2025-12-22,6.026009582477755,13.86
2025-12-22,7.028062970568104,13.89
2025-12-22,9.026694045174539,13.86
2025-12-23,1.0239561943874058,13.84
2025-12-23,1.0239561943874058,13.870000000000001
2025-12-23,2.023271731690623,13.35
2025-12-23,3.025325119780972,13.530000000000001
2025-12-23,3.025325119780972,13.57
2025-12-23,5.023956194387406,13.86
2025-12-23,5.023956194387406,13.93
2025-12-23,6.023271731690623,13.99
2025-12-23,7.025325119780972,14.030000000000001
2025-12-23,9.023956194387406,14.0
2025-12-26,1.0157426420260096,13.83
2025-12-26,1.0157426420260096,13.86
2025-12-26,2.0150581793292264,13.3
2025-12-26,3.0171115674195756,13.469999999999999
2025-12-26,3.0171115674195756,13.51
2025-12-26,5.01574264202601,13.8
2025-12-26,5.01574264202601,13.86
2025-12-26,6.015058179329227,13.93
2025-12-26,7.017111567419575,13.96
2025-12-26,9.015742642026009,13.940000000000001
2025-12-29,1.0075290896646132,13.719999999999999
2025-12-29,1.0075290896646132,13.74
2025-12-29,2.00684462696783,13.17
2025-12-29,3.0088980150581794,13.36
2025-12-29,3.0088980150581794,13.39
2025-12-29,5.007529089664613,13.7
2025-12-29,5.007529089664613,13.76
2025-12-29,6.006844626967831,13.83
2025-12-29,7.008898015058179,13.870000000000001
2025-12-29,9.007529089664613,13.85
2025-12-30,1.0047912388774811,13.77
2025-12-30,1.0047912388774811,13.8
2025-12-30,2.004106776180698,13.17
2025-12-30,3.0061601642710474,13.32
2025-12-30,3.0061601642710474,13.35
2025-12-30,5.004791238877481,13.66
2025-12-30,5.004791238877481,13.719999999999999
2025-12-30,6.0041067761806985,13.79
2025-12-30,7.006160164271047,13.84
2025-12-30,9.00479123887748,13.83
2026-01-02,0.9965776865160849,13.71
2026-01-02,0.9965776865160849,13.7
2026-01-02,1.995893223819302,13.1
2026-01-02,2.9979466119096507,13.219999999999999
2026-01-02,2.9979466119096507,13.25
2026-01-02,4.996577686516085,13.52
2026-01-02,4.996577686516085,13.57
2026-01-02,5.9958932238193015,13.66
2026-01-02,6.997946611909651,13.690000000000001
2026-01-02,8.996577686516085,13.67
2026-01-05,0.9883641341546886,13.68
2026-01-05,0.9883641341546886,13.65
2026-01-05,1.9876796714579055,13.04
2026-01-05,2.9897330595482545,13.15
2026-01-05,2.9897330595482545,13.18
2026-01-05,4.988364134154689,13.46
2026-01-05,4.988364134154689,13.51
2026-01-05,5.987679671457905,13.59
2026-01-05,6.9897330595482545,13.629999999999999
2026-01-05,8.988364134154688,13.61
2026-01-06,0.9856262833675564,13.690000000000001
2026-01-06,0.9856262833675564,13.66
2026-01-06,1.9849418206707734,13.02
2026-01-06,2.9869952087611225,13.129999999999999
2026-01-06,2.9869952087611225,13.17
2026-01-06,4.985626283367557,13.5
2026-01-06,4.985626283367557,13.55
2026-01-06,5.984941820670773,13.66
2026-01-06,6.9869952087611225,13.71
2026-01-06,8.985626283367557,13.719999999999999
2026-01-07,0.9828884325804244,13.690000000000001
2026-01-07,0.9828884325804244,13.66
2026-01-07,1.9822039698836413,13.01
2026-01-07,2.9842573579739904,13.120000000000001
2026-01-07,2.9842573579739904,13.14
2026-01-07,4.982888432580425,13.5
2026-01-07,4.982888432580425,13.54
2026-01-07,5.982203969883641,13.66
2026-01-07,6.98425735797399,13.719999999999999
2026-01-07,8.982888432580424,13.75
2026-01-08,0.9801505817932923,13.66
2026-01-08,0.9801505817932923,13.64
2026-01-08,1.9794661190965093,13.02
2026-01-08,2.9815195071868583,13.129999999999999
2026-01-08,2.9815195071868583,13.15
2026-01-08,4.980150581793292,13.52
2026-01-08,4.980150581793292,13.58
2026-01-08,5.979466119096509,13.690000000000001
2026-01-08,6.981519507186858,13.75
2026-01-08,8.980150581793293,13.76
2026-01-09,0.9774127310061602,13.73
2026-01-09,0.9774127310061602,13.7
2026-01-09,1.9767282683093772,13.059999999999999
2026-01-09,2.9787816563997263,13.15
2026-01-09,2.9787816563997263,13.18
2026-01-09,4.97741273100616,13.51
2026-01-09,4.97741273100616,13.57
2026-01-09,5.976728268309377,13.67
2026-01-09,6.978781656399726,13.73
2026-01-09,8.97741273100616,13.73
2026-01-12,0.9691991786447639,13.7
2026-01-12,0.9691991786447639,13.66
2026-01-12,1.9685147159479808,13.04
2026-01-12,2.97056810403833,13.14
2026-01-12,2.97056810403833,13.16
2026-01-12,4.969199178644764,13.48
2026-01-12,4.969199178644764,13.54
2026-01-12,5.968514715947981,13.64
2026-01-12,6.97056810403833,13.690000000000001
2026-01-12,8.969199178644764,13.7
2026-01-13,0.9664613278576317,13.66
2026-01-13,0.9664613278576317,13.7
2026-01-13,1.9657768651608487,13.01
2026-01-13,2.967830253251198,13.1
2026-01-13,2.967830253251198,13.120000000000001
2026-01-13,4.9664613278576315,13.5
2026-01-13,4.9664613278576315,13.440000000000001
2026-01-13,5.965776865160849,13.59
2026-01-13,6.967830253251198,13.66
2026-01-13,8.966461327857632,13.67
2026-01-14,0.9637234770704997,13.65
2026-01-14,0.9637234770704997,13.61
2026-01-14,1.9630390143737166,12.96
2026-01-14,2.965092402464066,13.059999999999999
2026-01-14,2.965092402464066,13.09
2026-01-14,4.963723477070499,13.42
2026-01-14,4.963723477070499,13.48
2026-01-14,5.963039014373717,13.59
2026-01-14,6.965092402464066,13.66
2026-01-14,8.9637234770705,13.690000000000001
2026-01-15,0.9609856262833676,13.71
2026-01-15,0.9609856262833676,13.66
2026-01-15,1.9603011635865846,13.059999999999999
2026-01-15,2.9623545516769334,13.15
2026-01-15,2.9623545516769334,13.18
2026-01-15,4.960985626283367,13.5
2026-01-15,4.960985626283367,13.559999999999999
2026-01-15,5.960301163586585,13.67
2026-01-15,6.962354551676934,13.73
2026-01-15,8.960985626283367,13.75
2026-01-16,0.9582477754962354,13.71
2026-01-16,0.9582477754962354,13.67
2026-01-16,1.9575633127994525,13.1
2026-01-16,2.9596167008898013,13.21
2026-01-16,2.9596167008898013,13.24
2026-01-16,4.958247775496235,13.54
2026-01-16,4.958247775496235,13.61
2026-01-16,5.9575633127994525,13.7
2026-01-16,6.959616700889802,13.77
2026-01-16,8.958247775496236,13.79
2026-01-19,0.9500342231348392,13.74
2026-01-19,0.9500342231348392,13.719999999999999
2026-01-19,1.949349760438056,13.219999999999999
2026-01-19,2.951403148528405,13.33
2026-01-19,2.951403148528405,13.36
2026-01-19,4.950034223134839,13.690000000000001
2026-01-19,4.950034223134839,13.75
2026-01-19,5.949349760438056,13.84
2026-01-19,6.951403148528406,13.91
2026-01-19,8.950034223134839,13.93
2026-01-20,0.947296372347707,13.690000000000001
2026-01-20,0.947296372347707,13.68
2026-01-20,1.946611909650924,13.18
2026-01-20,2.948665297741273,13.32
2026-01-20,2.948665297741273,13.35
2026-01-20,4.947296372347707,13.690000000000001
2026-01-20,4.947296372347707,13.76
2026-01-20,5.946611909650924,13.85
2026-01-20,6.9486652977412735,13.93
2026-01-20,8.947296372347708,13.95
2026-01-21,0.944558521560575,13.7
2026-01-21,0.944558521560575,13.67
2026-01-21,1.943874058863792,13.18
2026-01-21,2.945927446954141,13.32
2026-01-21,2.945927446954141,13.35
2026-01-21,4.944558521560575,13.7
2026-01-21,4.944558521560575,13.76
2026-01-21,5.943874058863792,13.86
2026-01-21,6.945927446954141,13.95
2026-01-21,8.944558521560575,13.969999999999999
2026-01-22,0.9418206707734429,13.64
2026-01-22,0.9418206707734429,13.620000000000001
2026-01-22,1.9411362080766599,13.059999999999999
2026-01-22,2.943189596167009,13.190000000000001
2026-01-22,2.943189596167009,13.219999999999999
2026-01-22,4.941820670773443,13.58
2026-01-22,4.941820670773443,13.65
2026-01-22,5.94113620807666,13.74
2026-01-22,6.9431895961670085,13.83
2026-01-22,8.941820670773442,13.86
2026-01-23,0.9390828199863107,13.65
2026-01-23,0.9390828199863107,13.620000000000001
2026-01-23,1.9383983572895278,13.05
2026-01-23,2.940451745379877,13.16
2026-01-23,2.940451745379877,13.190000000000001
2026-01-23,4.939082819986311,13.55
2026-01-23,4.939082819986311,13.620000000000001
2026-01-23,5.938398357289528,13.719999999999999
2026-01-23,6.940451745379876,13.82
2026-01-23,8.93908281998631,13.83
2026-01-26,0.9308692676249144,13.61
2026-01-26,0.9308692676249144,13.58
2026-01-26,1.9301848049281314,12.99
2026-01-26,2.9322381930184807,13.08
2026-01-26,2.9322381930184807,13.09
2026-01-26,4.930869267624915,13.440000000000001
2026-01-26,4.930869267624915,13.51
2026-01-26,5.930184804928132,13.6
2026-01-26,6.93223819301848,13.690000000000001
2026-01-26,8.930869267624914,13.690000000000001
2026-01-27,0.9281314168377823,13.59
2026-01-27,0.9281314168377823,13.55
2026-01-27,1.9274469541409993,12.95
2026-01-27,2.9295003422313486,13.030000000000001
2026-01-27,2.9295003422313486,13.05
2026-01-27,4.9281314168377826,13.39
2026-01-27,4.9281314168377826,13.469999999999999
2026-01-27,5.927446954141,13.559999999999999
2026-01-27,6.929500342231348,13.65
2026-01-27,8.928131416837783,13.64
2026-01-28,0.9253935660506503,13.51
2026-01-28,0.9253935660506503,13.469999999999999
2026-01-28,1.9247091033538672,12.86
2026-01-28,2.926762491444216,12.93
2026-01-28,2.926762491444216,12.95
2026-01-28,4.9253935660506505,13.27
2026-01-28,4.9253935660506505,13.35
2026-01-28,5.924709103353867,13.42
2026-01-28,6.926762491444216,13.530000000000001
2026-01-28,8.92539356605065,13.51
2026-01-29,0.9226557152635181,13.43
2026-01-29,0.9226557152635181,13.39
2026-01-29,1.9219712525667352,12.71
2026-01-29,2.924024640657084,12.780000000000001
2026-01-29,2.924024640657084,12.8
2026-01-29,4.922655715263518,13.14
2026-01-29,4.922655715263518,13.219999999999999
2026-01-29,5.921971252566735,13.309999999999999
2026-01-29,6.924024640657084,13.42
2026-01-29,8.922655715263518,13.43
2026-01-30,0.919917864476386,13.45
2026-01-30,0.919917864476386,13.41
2026-01-30,1.919233401779603,12.74
2026-01-30,2.921286789869952,12.82
2026-01-30,2.921286789869952,12.83
2026-01-30,4.919917864476386,13.219999999999999
2026-01-30,4.919917864476386,13.3
2026-01-30,5.919233401779603,13.39
2026-01-30,6.921286789869952,13.5
2026-01-30,8.919917864476385,13.49
2026-02-02,0.9117043121149897,13.41
2026-02-02,0.9117043121149897,13.370000000000001
2026-02-02,1.9110198494182067,12.719999999999999
2026-02-02,2.9130732375085557,12.809999999999999
2026-02-02,2.9130732375085557,12.809999999999999
2026-02-02,4.91170431211499,13.21
2026-02-02,4.91170431211499,13.3
2026-02-02,5.9110198494182065,13.4
2026-02-02,6.913073237508556,13.52
2026-02-02,8.91170431211499,13.51
2026-02-02,10.913073237508556,13.620000000000001
2026-02-03,0.9089664613278576,13.379999999999999
2026-02-03,0.9089664613278576,13.35
2026-02-03,1.9082819986310746,12.690000000000001
2026-02-03,2.9103353867214237,12.79
2026-02-03,2.9103353867214237,12.79
2026-02-03,4.908966461327857,13.2
2026-02-03,4.908966461327857,13.280000000000001
2026-02-03,5.908281998631074,13.379999999999999
2026-02-03,6.910335386721424,13.5
2026-02-03,8.908966461327857,13.49
2026-02-03,10.910335386721425,13.59
2026-02-04,0.9062286105407256,13.39
2026-02-04,0.9062286105407256,13.370000000000001
2026-02-04,1.9055441478439425,12.719999999999999
2026-02-04,2.9075975359342916,12.85
2026-02-04,2.9075975359342916,12.85
2026-02-04,4.906228610540725,13.280000000000001
2026-02-04,4.906228610540725,13.370000000000001
2026-02-04,5.905544147843942,13.469999999999999
2026-02-04,6.907597535934292,13.59
2026-02-04,8.906228610540726,13.59
2026-02-04,10.907597535934292,13.690000000000001
2026-02-05,0.9034907597535934,13.36
2026-02-05,0.9034907597535934,13.35
2026-02-05,1.9028062970568105,12.71
2026-02-05,2.9048596851471595,12.83
2026-02-05,2.9048596851471595,12.83
2026-02-05,4.903490759753593,13.27
2026-02-05,4.903490759753593,13.35
2026-02-05,5.90280629705681,13.46
2026-02-05,6.9048596851471595,13.58
2026-02-05,8.903490759753593,13.58
2026-02-05,10.904859685147159,13.690000000000001
2026-02-06,0.9007529089664613,13.34
2026-02-06,0.9007529089664613,13.32
2026-02-06,1.9000684462696784,12.690000000000001
2026-02-06,2.9021218343600275,12.82
2026-02-06,2.9021218343600275,12.82
2026-02-06,4.900752908966461,13.280000000000001
2026-02-06,4.900752908966461,13.36
2026-02-06,5.900068446269678,13.469999999999999
2026-02-06,6.9021218343600275,13.59
2026-02-06,8.900752908966462,13.59
2026-02-06,10.902121834360027,13.7
2026-02-09,0.892539356605065,13.309999999999999
2026-02-09,0.892539356605065,13.3
2026-02-09,1.891854893908282,12.690000000000001
2026-02-09,2.8939082819986313,12.84
2026-02-09,2.8939082819986313,12.84
2026-02-09,4.892539356605065,13.32
2026-02-09,4.892539356605065,13.4
2026-02-09,5.891854893908282,13.52
2026-02-09,6.893908281998631,13.65
2026-02-09,8.892539356605065,13.66
2026-02-09,10.89390828199863,13.77
2026-02-10,0.8898015058179329,13.32
2026-02-10,0.8898015058179329,13.309999999999999
2026-02-10,1.88911704312115,12.67
2026-02-10,2.891170431211499,12.79
2026-02-10,2.891170431211499,12.8
2026-02-10,4.889801505817933,13.23
2026-02-10,4.889801505817933,13.309999999999999
2026-02-10,5.88911704312115,13.43
2026-02-10,6.891170431211499,13.55
2026-02-10,8.889801505817934,13.57
2026-02-10,10.8911704312115,13.690000000000001
2026-02-11,0.8870636550308009,13.34
2026-02-11,0.8870636550308009,13.33
2026-02-11,1.8863791923340179,12.7
2026-02-11,2.8884325804243667,12.82
2026-02-11,2.8884325804243667,12.82
2026-02-11,4.887063655030801,13.24
2026-02-11,4.887063655030801,13.32
2026-02-11,5.886379192334018,13.43
2026-02-11,6.888432580424367,13.55
2026-02-11,8.8870636550308,13.559999999999999
2026-02-11,10.888432580424366,13.67
2026-02-12,0.8843258042436687,13.27
2026-02-12,0.8843258042436687,13.280000000000001
2026-02-12,1.8836413415468858,12.65
2026-02-12,2.8856947296372346,12.8
2026-02-12,2.8856947296372346,12.79
2026-02-12,4.884325804243669,13.34
2026-02-12,4.884325804243669,13.26
2026-02-12,5.883641341546886,13.46
2026-02-12,6.885694729637235,13.59
2026-02-12,8.88432580424367,13.620000000000001
2026-02-12,10.885694729637235,13.73
2026-02-13,0.8815879534565366,13.26
2026-02-13,0.8815879534565366,13.26
2026-02-13,1.8809034907597535,12.65
2026-02-13,2.8829568788501025,12.79
2026-02-13,2.8829568788501025,12.8
2026-02-13,4.8815879534565365,13.25
2026-02-13,4.8815879534565365,13.34
2026-02-13,5.880903490759754,13.46
2026-02-13,6.882956878850103,13.57
2026-02-13,8.881587953456537,13.59
2026-02-13,10.882956878850102,13.7
2026-02-18,0.8678986995208761,13.219999999999999
2026-02-18,0.8678986995208761,13.219999999999999
2026-02-18,1.8672142368240932,12.59
2026-02-18,2.869267624914442,12.71
2026-02-18,2.869267624914442,12.719999999999999
2026-02-18,4.867898699520876,13.15
2026-02-18,4.867898699520876,13.23
2026-02-18,5.867214236824093,13.34
2026-02-18,6.869267624914442,13.46
2026-02-18,8.867898699520875,13.469999999999999
2026-02-18,10.869267624914443,13.58
2026-02-19,0.865160848733744,13.26
2026-02-19,0.865160848733744,13.26
2026-02-19,1.864476386036961,12.65
2026-02-19,2.86652977412731,12.780000000000001
2026-02-19,2.86652977412731,12.79
2026-02-19,4.865160848733744,13.219999999999999
2026-02-19,4.865160848733744,13.309999999999999
2026-02-19,5.864476386036961,13.42
2026-02-19,6.86652977412731,13.530000000000001
2026-02-19,8.865160848733744,13.54
2026-02-19,10.86652977412731,13.65
2026-02-20,0.8624229979466119,13.24
2026-02-20,0.8624229979466119,13.24
2026-02-20,1.8617385352498288,12.620000000000001
2026-02-20,2.863791923340178,12.76
2026-02-20,2.863791923340178,12.77
2026-02-20,4.862422997946612,13.23
2026-02-20,4.862422997946612,13.32
2026-02-20,5.861738535249829,13.43
2026-02-20,6.863791923340178,13.55
2026-02-20,8.862422997946611,13.57
2026-02-20,10.863791923340179,13.68
2026-02-23,0.8542094455852156,13.190000000000001
2026-02-23,0.8542094455852156,13.2
2026-02-23,1.8535249828884326,12.57
2026-02-23,2.855578370978782,12.71
2026-02-23,2.855578370978782,12.73
2026-02-23,4.854209445585216,13.2
2026-02-23,4.854209445585216,13.280000000000001
2026-02-23,5.853524982888432,13.4
2026-02-23,6.855578370978781,13.530000000000001
2026-02-23,8.854209445585216,13.559999999999999
2026-02-23,10.855578370978781,13.67
2026-02-24,0.8514715947980835,13.190000000000001
2026-02-24,0.8514715947980835,13.190000000000001
2026-02-24,1.8507871321013005,12.55
2026-02-24,2.8528405201916494,12.7
2026-02-24,2.8528405201916494,12.719999999999999
2026-02-24,4.851471594798084,13.18
2026-02-24,4.851471594798084,13.27
2026-02-24,5.8507871321013,13.39
2026-02-24,6.852840520191649,13.51
2026-02-24,8.851471594798083,13.54
2026-02-24,10.85284052019165,13.65
2026-02-25,0.8487337440109514,13.16
2026-02-25,0.8487337440109514,13.16
2026-02-25,1.8480492813141685,12.52
2026-02-25,2.8501026694045173,12.629999999999999
2026-02-25,2.8501026694045173,12.65
2026-02-25,4.848733744010952,13.07
2026-02-25,4.848733744010952,13.16
2026-02-25,5.848049281314168,13.27
2026-02-25,6.850102669404517,13.39
2026-02-25,8.848733744010952,13.42
2026-02-25,10.850102669404517,13.52
2026-02-26,0.8459958932238193,13.15
2026-02-26,0.8459958932238193,13.17
2026-02-26,1.8453114305270362,12.559999999999999
2026-02-26,2.847364818617385,12.68
2026-02-26,2.847364818617385,12.7
2026-02-26,4.84599589322382,13.129999999999999
2026-02-26,4.84599589322382,13.219999999999999
2026-02-26,5.845311430527036,13.309999999999999
2026-02-26,6.847364818617385,13.440000000000001
2026-02-26,8.845995893223819,13.45
2026-02-26,10.847364818617386,13.55
2026-02-27,0.8432580424366872,13.24
2026-02-27,0.8432580424366872,13.26
2026-02-27,1.842573579739904,12.65
2026-02-27,2.844626967830253,12.76
2026-02-27,2.844626967830253,12.780000000000001
2026-02-27,4.843258042436688,13.17
2026-02-27,4.843258042436688,13.26
2026-02-27,5.842573579739904,13.36
2026-02-27,6.844626967830253,13.48
2026-02-27,8.843258042436688,13.49
2026-02-27,10.844626967830253,13.59
2026-03-02,0.8350444900752909,13.26
2026-03-02,0.8350444900752909,13.280000000000001
2026-03-02,1.834360027378508,12.73
2026-03-02,2.836413415468857,12.85
2026-03-02,2.836413415468857,12.86
2026-03-02,4.8350444900752905,13.27
2026-03-02,4.8350444900752905,13.36
2026-03-02,5.834360027378508,13.45
2026-03-02,6.836413415468857,13.559999999999999
2026-03-02,8.83504449007529,13.559999999999999
2026-03-02,10.836413415468858,13.67
2026-03-03,0.8323066392881588,13.34
2026-03-03,0.8323066392881588,13.36
2026-03-03,1.8316221765913758,12.870000000000001
2026-03-03,2.833675564681725,13.0
2026-03-03,2.833675564681725,13.01
2026-03-03,4.832306639288158,13.39
2026-03-03,4.832306639288158,13.469999999999999
2026-03-03,5.831622176591376,13.559999999999999
2026-03-03,6.833675564681725,13.65
2026-03-03,8.83230663928816,13.64
2026-03-03,10.833675564681725,13.74
2026-03-04,0.8295687885010267,13.34
2026-03-04,0.8295687885010267,13.36
2026-03-04,1.8288843258042438,12.84
2026-03-04,2.830937713894593,12.98
2026-03-04,2.830937713894593,12.99
2026-03-04,4.829568788501026,13.39
2026-03-04,4.829568788501026,13.469999999999999
2026-03-04,5.8288843258042435,13.57
2026-03-04,6.830937713894593,13.66
2026-03-04,8.829568788501026,13.65
2026-03-04,10.830937713894592,13.74
2026-03-05,0.8268309377138946,13.379999999999999
2026-03-05,0.8268309377138946,13.4
2026-03-05,1.8261464750171115,12.89
2026-03-05,2.8281998631074607,13.030000000000001
2026-03-05,2.8281998631074607,13.030000000000001
2026-03-05,4.826830937713894,13.42
2026-03-05,4.826830937713894,13.5
2026-03-05,5.8261464750171115,13.58
2026-03-05,6.828199863107461,13.68
2026-03-05,8.826830937713895,13.66
2026-03-05,10.82819986310746,13.75
2026-03-06,0.8240930869267625,13.629999999999999
2026-03-06,0.8240930869267625,13.64
2026-03-06,1.8234086242299794,13.23
2026-03-06,2.8254620123203287,13.41
2026-03-06,2.8254620123203287,13.41
2026-03-06,4.824093086926762,13.79
2026-03-06,4.824093086926762,13.870000000000001
2026-03-06,5.823408624229979,13.940000000000001
2026-03-06,6.825462012320329,14.02
2026-03-06,8.824093086926762,14.0
2026-03-06,10.825462012320328,14.059999999999999
2026-03-09,0.8158795345653662,13.74
2026-03-09,0.8158795345653662,13.76
2026-03-09,1.8151950718685832,13.379999999999999
2026-03-09,2.817248459958932,13.559999999999999
2026-03-09,2.817248459958932,13.559999999999999
2026-03-09,4.815879534565366,13.96
2026-03-09,4.815879534565366,14.04
2026-03-09,5.815195071868583,14.129999999999999
2026-03-09,6.8172484599589325,14.21
2026-03-09,8.815879534565367,14.2
2026-03-09,10.817248459958932,14.27
2026-03-10,0.813141683778234,13.51
2026-03-10,0.813141683778234,13.54
2026-03-10,1.8124572210814511,13.11
2026-03-10,2.8145106091718,13.26
2026-03-10,2.8145106091718,13.24
2026-03-10,4.813141683778234,13.6
2026-03-10,4.813141683778234,13.68
2026-03-10,5.812457221081451,13.75
2026-03-10,6.8145106091718,13.83
2026-03-10,8.813141683778234,13.809999999999999
2026-03-10,10.8145106091718,13.870000000000001
2026-03-11,0.810403832991102,13.51
2026-03-11,0.810403832991102,13.59
2026-03-11,1.809719370294319,13.17
2026-03-11,2.811772758384668,13.3
2026-03-11,2.811772758384668,13.280000000000001
2026-03-11,4.810403832991102,13.64
2026-03-11,4.810403832991102,13.719999999999999
2026-03-11,5.809719370294319,13.79
2026-03-11,6.811772758384668,13.85
2026-03-11,8.810403832991103,13.86
2026-03-11,10.811772758384668,13.92
2026-03-12,0.8076659822039699,13.64
2026-03-12,0.8076659822039699,13.73
2026-03-12,1.8069815195071868,13.34
2026-03-12,2.809034907597536,13.43
2026-03-12,2.809034907597536,13.42
2026-03-12,4.80766598220397,13.73
2026-03-12,4.80766598220397,13.8
2026-03-12,5.806981519507187,13.85
2026-03-12,6.809034907597536,13.86
2026-03-12,8.80766598220397,13.870000000000001
2026-03-12,10.809034907597535,13.91
2026-03-13,0.8049281314168378,13.83
2026-03-13,0.8049281314168378,13.96
2026-03-13,1.8042436687200547,13.5
2026-03-13,2.8062970568104038,13.61
2026-03-13,2.8062970568104038,13.6
2026-03-13,4.804928131416838,13.93
2026-03-13,4.804928131416838,14.0
2026-03-13,5.804243668720055,14.05
2026-03-13,6.806297056810404,14.05
2026-03-13,8.804928131416839,14.059999999999999
2026-03-13,10.806297056810404,14.11
2026-03-16,0.7967145790554415,13.969999999999999
2026-03-16,0.7967145790554415,14.1
2026-03-16,1.7960301163586585,13.73
2026-03-16,2.7980835044490076,13.79
2026-03-16,2.7980835044490076,13.79
2026-03-16,4.7967145790554415,14.030000000000001
2026-03-16,4.7967145790554415,14.11
2026-03-16,5.796030116358659,14.129999999999999
2026-03-16,6.798083504449007,14.11
2026-03-16,8.796714579055442,14.11
2026-03-16,10.798083504449007,14.120000000000001
2026-03-17,0.7939767282683093,13.86
2026-03-17,0.7939767282683093,13.969999999999999
2026-03-17,1.7932922655715264,13.530000000000001
2026-03-17,2.7953456536618755,13.58
2026-03-17,2.7953456536618755,13.58
2026-03-17,4.7939767282683095,13.79
2026-03-17,4.7939767282683095,13.870000000000001
2026-03-17,5.793292265571527,13.89
2026-03-17,6.795345653661875,13.879999999999999
2026-03-17,8.793976728268309,13.89
2026-03-17,10.795345653661876,13.89
2026-03-18,0.7912388774811773,13.969999999999999
2026-03-18,0.7912388774811773,14.08
2026-03-18,1.7905544147843941,13.68
2026-03-18,2.7926078028747434,13.68
2026-03-18,2.7926078028747434,13.68
2026-03-18,4.791238877481177,13.83
2026-03-18,4.791238877481177,13.9
2026-03-18,5.790554414784395,13.9
2026-03-18,6.792607802874743,13.879999999999999
2026-03-18,8.791238877481177,13.879999999999999
2026-03-18,10.792607802874743,13.879999999999999
2026-03-19,0.7885010266940452,13.99
2026-03-19,0.7885010266940452,14.08
2026-03-19,1.787816563997262,13.84
2026-03-19,2.7898699520876113,13.940000000000001
2026-03-19,2.7898699520876113,13.940000000000001
2026-03-19,4.788501026694045,14.16
2026-03-19,4.788501026694045,14.24
2026-03-19,5.7878165639972625,14.24
2026-03-19,6.789869952087611,14.23
2026-03-19,8.788501026694044,14.24
2026-03-19,10.789869952087612,14.25
2026-03-20,0.785763175906913,13.85
2026-03-20,0.785763175906913,14.05
2026-03-20,1.78507871321013,13.82
2026-03-20,2.7871321013004793,13.879999999999999
2026-03-20,2.7871321013004793,13.879999999999999
2026-03-20,4.785763175906913,14.030000000000001
2026-03-20,4.785763175906913,14.11
2026-03-20,5.7850787132101305,14.1
2026-03-20,6.787132101300479,14.08
2026-03-20,8.785763175906913,14.08
2026-03-20,10.787132101300479,14.07
2026-03-23,0.7775496235455168,14.01
2026-03-23,0.7775496235455168,14.18
2026-03-23,1.7768651608487338,14.120000000000001
2026-03-23,2.7789185489390826,14.15
2026-03-23,2.7789185489390826,14.15
2026-03-23,4.777549623545517,14.2
2026-03-23,4.777549623545517,14.280000000000001
2026-03-23,5.776865160848733,14.24
2026-03-23,6.778918548939083,14.219999999999999
2026-03-23,8.777549623545516,14.18
2026-03-23,10.778918548939084,14.16
2026-03-24,0.7748117727583846,13.870000000000001
2026-03-24,0.7748117727583846,14.07
2026-03-24,1.7741273100616017,13.9
2026-03-24,2.7761806981519506,13.93
2026-03-24,2.7761806981519506,13.93
2026-03-24,4.774811772758385,14.059999999999999
2026-03-24,4.774811772758385,14.15
2026-03-24,5.774127310061601,14.14
2026-03-24,6.776180698151951,14.14
2026-03-24,8.774811772758385,14.120000000000001
2026-03-24,10.77618069815195,14.129999999999999
2026-03-25,0.7720739219712526,13.79
2026-03-25,0.7720739219712526,13.969999999999999
2026-03-25,1.7713894592744694,13.8
2026-03-25,2.7734428473648185,13.84
2026-03-25,2.7734428473648185,13.84
2026-03-25,4.772073921971253,14.0
2026-03-25,4.772073921971253,14.1
2026-03-25,5.771389459274469,14.09
2026-03-25,6.7734428473648185,14.11
2026-03-25,8.772073921971252,14.1
2026-03-25,10.77344284736482,14.120000000000001
2026-03-26,0.7693360711841205,13.940000000000001
2026-03-26,0.7693360711841205,14.129999999999999
2026-03-26,1.7686516084873374,14.059999999999999
2026-03-26,2.7707049965776864,14.11
2026-03-26,2.7707049965776864,14.11
2026-03-26,4.769336071184121,14.26
2026-03-26,4.769336071184121,14.35
2026-03-26,5.768651608487337,14.33
2026-03-26,6.770704996577686,14.34
2026-03-26,8.76933607118412,14.309999999999999
2026-03-26,10.770704996577686,14.309999999999999
2026-03-27,0.7665982203969883,14.15
2026-03-27,0.7665982203969883,14.309999999999999
2026-03-27,1.7659137577002053,14.3
2026-03-27,2.7679671457905544,14.309999999999999
2026-03-27,2.7679671457905544,14.32
2026-03-27,4.766598220396989,14.379999999999999
2026-03-27,4.766598220396989,14.469999999999999
2026-03-27,5.765913757700205,14.440000000000001
2026-03-27,6.767967145790554,14.42
2026-03-27,8.766598220396988,14.379999999999999
2026-03-27,10.767967145790555,14.379999999999999
2026-03-30,0.758384668035592,14.09
2026-03-30,0.758384668035592,14.18
2026-03-30,1.757700205338809,14.09
2026-03-30,2.759753593429158,14.09
2026-03-30,2.759753593429158,14.1
2026-03-30,4.758384668035592,14.14
2026-03-30,4.758384668035592,14.23
2026-03-30,5.757700205338809,14.21
2026-03-30,6.759753593429158,14.21
2026-03-30,8.758384668035593,14.190000000000001
2026-03-30,10.759753593429158,14.21
2026-03-31,0.75564681724846,14.02
2026-03-31,0.75564681724846,14.1
2026-03-31,1.754962354551677,14.0
2026-03-31,2.757015742642026,14.01
2026-03-31,2.757015742642026,14.02
2026-03-31,4.75564681724846,14.11
2026-03-31,4.75564681724846,14.2
2026-03-31,5.754962354551677,14.18
2026-03-31,6.757015742642026,14.190000000000001
2026-03-31,8.75564681724846,14.190000000000001
2026-03-31,10.757015742642025,14.2
2026-04-01,0.7529089664613279,13.79
2026-04-01,0.7529089664613279,13.879999999999999
2026-04-01,1.7522245037645447,13.68
2026-04-01,2.754277891854894,13.71
2026-04-01,2.754277891854894,13.719999999999999
2026-04-01,4.7529089664613275,13.86
2026-04-01,4.7529089664613275,13.95
2026-04-01,5.752224503764545,13.940000000000001
2026-04-01,6.754277891854894,13.969999999999999
2026-04-01,8.752908966461328,13.969999999999999
2026-04-01,10.754277891854894,13.98
2026-04-02,0.7501711156741958,13.93
2026-04-02,0.7501711156741958,14.02
2026-04-02,1.7494866529774127,13.9
2026-04-02,2.751540041067762,13.92
2026-04-02,2.751540041067762,13.92
2026-04-02,4.7501711156741955,14.04
2026-04-02,4.7501711156741955,14.129999999999999
2026-04-02,5.749486652977413,14.11
2026-04-02,6.751540041067762,14.129999999999999
2026-04-02,8.750171115674195,14.120000000000001
2026-04-02,10.751540041067761,14.129999999999999
2026-04-06,0.7392197125256673,13.83
2026-04-06,0.7392197125256673,13.91
2026-04-06,1.7385352498288844,13.73
2026-04-06,2.7405886379192332,13.73
2026-04-06,2.7405886379192332,13.74
2026-04-06,4.739219712525667,13.84
2026-04-06,4.739219712525667,13.940000000000001
2026-04-06,5.738535249828884,13.940000000000001
2026-04-06,6.740588637919234,13.96
2026-04-06,8.739219712525667,13.96
2026-04-06,10.740588637919233,13.99
2026-04-07,0.7364818617385352,14.01
2026-04-07,0.7364818617385352,14.1
2026-04-07,1.7357973990417521,13.9
2026-04-07,2.737850787132101,13.86
2026-04-07,2.737850787132101,13.870000000000001
2026-04-07,4.736481861738535,13.940000000000001
2026-04-07,4.736481861738535,14.04
2026-04-07,5.735797399041752,14.030000000000001
2026-04-07,6.737850787132102,14.05
2026-04-07,8.736481861738536,14.059999999999999
2026-04-07,10.737850787132102,14.08
2026-04-08,0.7337440109514032,13.690000000000001
2026-04-08,0.7337440109514032,13.780000000000001
2026-04-08,1.73305954825462,13.440000000000001
2026-04-08,2.735112936344969,13.42
2026-04-08,2.735112936344969,13.43
2026-04-08,4.733744010951403,13.58
2026-04-08,4.733744010951403,13.68
2026-04-08,5.73305954825462,13.68
2026-04-08,6.7351129363449695,13.74
2026-04-08,8.733744010951403,13.77
2026-04-08,10.735112936344969,13.8
2026-04-09,0.731006160164271,13.73
2026-04-09,0.731006160164271,13.83
2026-04-09,1.730321697467488,13.48
2026-04-09,2.732375085557837,13.469999999999999
2026-04-09,2.732375085557837,13.469999999999999
2026-04-09,4.731006160164271,13.64
2026-04-09,4.731006160164271,13.73
2026-04-09,5.730321697467488,13.74
2026-04-09,6.7323750855578375,13.79
2026-04-09,8.731006160164272,13.83
2026-04-09,10.732375085557837,13.85
2026-04-10,0.7282683093771389,13.84
2026-04-10,0.7282683093771389,13.9
2026-04-10,1.727583846680356,13.51
2026-04-10,2.729637234770705,13.46
2026-04-10,2.729637234770705,13.46
2026-04-10,4.728268309377139,13.61
2026-04-10,4.728268309377139,13.7
2026-04-10,5.727583846680356,13.719999999999999
2026-04-10,6.729637234770705,13.77
2026-04-10,8.728268309377139,13.79
2026-04-10,10.729637234770705,13.82
2026-04-13,0.7200547570157426,13.98
2026-04-13,0.7200547570157426,14.02
2026-04-13,1.7193702943189597,13.65
2026-04-13,2.7214236824093088,13.559999999999999
2026-04-13,2.7214236824093088,13.559999999999999
2026-04-13,4.720054757015743,13.6
2026-04-13,4.720054757015743,13.7
2026-04-13,5.71937029431896,13.68
2026-04-13,6.721423682409308,13.719999999999999
2026-04-13,8.720054757015742,13.719999999999999
2026-04-13,10.72142368240931,13.73
2026-04-14,0.7173169062286106,13.86
2026-04-14,0.7173169062286106,13.91
2026-04-14,1.7166324435318274,13.440000000000001
2026-04-14,2.7186858316221767,13.32
2026-04-14,2.7186858316221767,13.32
2026-04-14,4.717316906228611,13.39
2026-04-14,4.717316906228611,13.49
2026-04-14,5.716632443531828,13.49
2026-04-14,6.718685831622176,13.559999999999999
2026-04-14,8.71731690622861,13.58
2026-04-14,10.718685831622176,13.6
2026-04-15,0.7145790554414785,13.809999999999999
2026-04-15,0.7145790554414785,13.84
2026-04-15,1.7138945927446954,13.4
2026-04-15,2.7159479808350446,13.32
2026-04-15,2.7159479808350446,13.33
2026-04-15,4.714579055441479,13.45
2026-04-15,4.714579055441479,13.55
2026-04-15,5.713894592744696,13.57
2026-04-15,6.715947980835044,13.65
2026-04-15,8.714579055441478,13.690000000000001
2026-04-15,10.715947980835045,13.73
2026-04-16,0.7118412046543463,13.83
2026-04-16,0.7118412046543463,13.86
2026-04-16,1.7111567419575633,13.379999999999999
2026-04-16,2.7132101300479126,13.35
2026-04-16,2.7132101300479126,13.35
2026-04-16,4.7118412046543465,13.49
2026-04-16,4.7118412046543465,13.59
2026-04-16,5.711156741957564,13.6
2026-04-16,6.713210130047912,13.67
2026-04-16,8.711841204654347,13.71
2026-04-16,10.713210130047912,13.74
2026-04-17,0.7091033538672142,13.940000000000001
2026-04-17,0.7091033538672142,13.89
2026-04-17,1.7084188911704312,13.45
2026-04-17,2.7104722792607805,13.4
2026-04-17,2.7104722792607805,13.4
2026-04-17,4.7091033538672145,13.51
2026-04-17,4.7091033538672145,13.6
2026-04-17,5.708418891170431,13.61
2026-04-17,6.71047227926078,13.68
2026-04-17,8.709103353867214,13.690000000000001
2026-04-17,10.710472279260781,13.73
2026-04-20,0.7008898015058179,13.85
2026-04-20,0.7008898015058179,13.79
2026-04-20,1.700205338809035,13.309999999999999
2026-04-20,2.702258726899384,13.280000000000001
2026-04-20,2.702258726899384,13.29
2026-04-20,4.700889801505818,13.45
2026-04-20,4.700889801505818,13.54
2026-04-20,5.700205338809035,13.55
2026-04-20,6.702258726899384,13.64
2026-04-20,8.700889801505818,13.65
2026-04-20,10.702258726899384,13.68
2026-04-22,0.6954140999315537,13.9
2026-04-22,0.6954140999315537,13.85
2026-04-22,1.6947296372347707,13.4
2026-04-22,2.6967830253251197,13.33
2026-04-22,2.6967830253251197,13.34
2026-04-22,4.695414099931554,13.45
2026-04-22,4.695414099931554,13.54
2026-04-22,5.69472963723477,13.54
2026-04-22,6.69678302532512,13.620000000000001
2026-04-22,8.695414099931554,13.629999999999999
2026-04-22,10.69678302532512,13.66
2026-04-23,0.6926762491444216,13.92
2026-04-23,0.6926762491444216,13.870000000000001
2026-04-23,1.6919917864476386,13.45
2026-04-23,2.6940451745379876,13.39
2026-04-23,2.6940451745379876,13.39
2026-04-23,4.692676249144422,13.51
2026-04-23,4.692676249144422,13.6
2026-04-23,5.691991786447638,13.6
2026-04-23,6.694045174537988,13.690000000000001
2026-04-23,8.692676249144421,13.71
2026-04-23,10.694045174537989,13.74
2026-04-24,0.6899383983572895,13.969999999999999
2026-04-24,0.6899383983572895,13.940000000000001
2026-04-24,1.6892539356605065,13.59
2026-04-24,2.6913073237508556,13.57
2026-04-24,2.6913073237508556,13.57
2026-04-24,4.689938398357289,13.65
2026-04-24,4.689938398357289,13.75
2026-04-24,5.689253935660506,13.73
2026-04-24,6.691307323750856,13.82
2026-04-24,8.68993839835729,13.83
2026-04-24,10.691307323750856,13.84
2026-04-27,0.6817248459958932,13.99
2026-04-27,0.6817248459958932,13.95
2026-04-27,1.68104038329911,13.59
2026-04-27,2.6830937713894594,13.559999999999999
2026-04-27,2.6830937713894594,13.57
2026-04-27,4.681724845995893,13.620000000000001
2026-04-27,4.681724845995893,13.719999999999999
2026-04-27,5.68104038329911,13.7
2026-04-27,6.683093771389459,13.780000000000001
2026-04-27,8.681724845995893,13.77
2026-04-27,10.683093771389458,13.780000000000001
2026-04-28,0.6789869952087612,14.09
2026-04-28,0.6789869952087612,14.05
2026-04-28,1.678302532511978,13.79
2026-04-28,2.6803559206023273,13.76
2026-04-28,2.6803559206023273,13.77
2026-04-28,4.678986995208761,13.8
2026-04-28,4.678986995208761,13.9
2026-04-28,5.678302532511978,13.85
2026-04-28,6.680355920602327,13.92
2026-04-28,8.678986995208762,13.9
2026-04-28,10.680355920602327,13.9
2026-04-29,0.676249144421629,13.99
2026-04-29,0.676249144421629,14.030000000000001
2026-04-29,1.675564681724846,13.76
2026-04-29,2.6776180698151952,13.73
2026-04-29,2.6776180698151952,13.75
2026-04-29,4.676249144421629,13.76
2026-04-29,4.676249144421629,13.85
2026-04-29,5.675564681724846,13.809999999999999
2026-04-29,6.677618069815195,13.879999999999999
2026-04-29,8.676249144421629,13.870000000000001
2026-04-29,10.677618069815194,13.86
2026-04-30,0.6735112936344969,13.940000000000001
2026-04-30,0.6735112936344969,14.01
2026-04-30,1.672826830937714,13.8
2026-04-30,2.674880219028063,13.8
2026-04-30,2.674880219028063,13.809999999999999
2026-04-30,4.673511293634497,13.84
2026-04-30,4.673511293634497,13.93
2026-04-30,5.672826830937714,13.9
2026-04-30,6.674880219028063,13.969999999999999
2026-04-30,8.673511293634498,13.95
2026-04-30,10.674880219028063,13.95
2026-05-04,0.6625598904859685,14.0
2026-05-04,0.6625598904859685,14.04
2026-05-04,1.6618754277891854,13.809999999999999
2026-05-04,2.6639288158795345,13.809999999999999
2026-05-04,2.6639288158795345,13.83
2026-05-04,4.662559890485968,13.86
2026-05-04,4.662559890485968,13.96
2026-05-04,5.661875427789186,13.93
2026-05-04,6.663928815879535,13.99
2026-05-04,8.66255989048597,13.98
2026-05-04,10.663928815879535,13.98
2026-05-05,0.6598220396988365,13.98
2026-05-05,0.6598220396988365,14.05
2026-05-05,1.6591375770020533,13.86
2026-05-05,2.6611909650924024,13.870000000000001
2026-05-05,2.6611909650924024,13.879999999999999
2026-05-05,4.659822039698836,13.92
2026-05-05,4.659822039698836,14.01
2026-05-05,5.6591375770020536,13.98
2026-05-05,6.661190965092403,14.059999999999999
2026-05-05,8.659822039698836,14.04
2026-05-05,10.661190965092402,14.04
2026-05-06,0.6570841889117043,13.84
2026-05-06,0.6570841889117043,13.92
2026-05-06,1.6563997262149213,13.6
2026-05-06,2.6584531143052703,13.629999999999999
2026-05-06,2.6584531143052703,13.65
2026-05-06,4.657084188911704,13.75
2026-05-06,4.657084188911704,13.84
2026-05-06,5.6563997262149215,13.84
2026-05-06,6.658453114305271,13.940000000000001
2026-05-06,8.657084188911705,13.95
2026-05-06,10.65845311430527,13.969999999999999
2026-05-07,0.6543463381245722,13.83
2026-05-07,0.6543463381245722,13.92
2026-05-07,1.6536618754277892,13.52
2026-05-07,2.6557152635181382,13.55
2026-05-07,2.6557152635181382,13.559999999999999
2026-05-07,4.654346338124572,13.68
2026-05-07,4.654346338124572,13.77
2026-05-07,5.653661875427789,13.780000000000001
2026-05-07,6.655715263518139,13.879999999999999
2026-05-07,8.654346338124572,13.89
2026-05-07,10.655715263518138,13.91
2026-05-08,0.6516084873374401,13.870000000000001
2026-05-08,0.6516084873374401,13.969999999999999
2026-05-08,1.6509240246406571,13.61
2026-05-08,2.652977412731006,13.65
2026-05-08,2.652977412731006,13.67
2026-05-08,4.65160848733744,13.780000000000001
2026-05-08,4.65160848733744,13.879999999999999
2026-05-08,5.650924024640657,13.879999999999999
2026-05-08,6.652977412731006,13.98
2026-05-08,8.65160848733744,13.99
2026-05-08,10.652977412731007,14.01
2026-05-11,0.6433949349760438,13.89
2026-05-11,0.6433949349760438,13.98
2026-05-11,1.6427104722792607,13.65
2026-05-11,2.64476386036961,13.690000000000001
2026-05-11,2.64476386036961,13.7
2026-05-11,4.643394934976044,13.79
2026-05-11,4.643394934976044,13.879999999999999
2026-05-11,5.642710472279261,13.879999999999999
2026-05-11,6.6447638603696095,13.969999999999999
2026-05-11,8.643394934976044,13.969999999999999
2026-05-11,10.64476386036961,13.99
2026-05-12,0.6406570841889117,13.95
2026-05-12,0.6406570841889117,14.04
2026-05-12,1.6399726214921286,13.8
2026-05-12,2.642026009582478,13.85
2026-05-12,2.642026009582478,13.86
2026-05-12,4.640657084188912,13.93
2026-05-12,4.640657084188912,14.02
2026-05-12,5.639972621492129,14.0
2026-05-12,6.6420260095824775,14.09
2026-05-12,8.640657084188911,14.08
2026-05-12,10.642026009582478,14.09
2026-05-13,0.6379192334017796,13.96
2026-05-13,0.6379192334017796,14.030000000000001
2026-05-13,1.6372347707049966,13.809999999999999
2026-05-13,2.639288158795346,13.879999999999999
2026-05-13,2.639288158795346,13.89
2026-05-13,4.63791923340178,13.95
2026-05-13,4.63791923340178,14.04
2026-05-13,5.637234770704997,14.030000000000001
2026-05-13,6.639288158795345,14.11
2026-05-13,8.63791923340178,14.1
2026-05-13,10.639288158795345,14.11
2026-05-14,0.6351813826146475,13.98
2026-05-14,0.6351813826146475,14.059999999999999
2026-05-14,1.6344969199178645,13.93
2026-05-14,2.6365503080082138,14.04
2026-05-14,2.6365503080082138,14.05
2026-05-14,4.635181382614648,14.14
2026-05-14,4.635181382614648,14.23
2026-05-14,5.634496919917864,14.21
2026-05-14,6.636550308008213,14.280000000000001
2026-05-14,8.635181382614647,14.27
2026-05-14,10.636550308008214,14.27
2026-05-15,0.6324435318275154,14.02
2026-05-15,0.6324435318275154,14.11
2026-05-15,1.6317590691307324,14.01
2026-05-15,2.6338124572210813,14.129999999999999
2026-05-15,2.6338124572210813,14.14
2026-05-15,4.632443531827516,14.27
2026-05-15,4.632443531827516,14.35
2026-05-15,5.631759069130732,14.35
2026-05-15,6.633812457221081,14.43
2026-05-15,8.632443531827516,14.41
2026-05-15,10.633812457221081,14.42
2026-05-18,0.6242299794661191,14.01
2026-05-18,0.6242299794661191,14.1
2026-05-18,1.623545516769336,14.01
2026-05-18,2.625598904859685,14.14
2026-05-18,2.625598904859685,14.15
2026-05-18,4.6242299794661195,14.27
2026-05-18,4.6242299794661195,14.36
2026-05-18,5.623545516769336,14.35
2026-05-18,6.625598904859685,14.42
2026-05-18,8.624229979466119,14.41
2026-05-18,10.625598904859686,14.41
2026-05-19,0.621492128678987,13.98
2026-05-19,0.621492128678987,14.059999999999999
2026-05-19,1.620807665982204,14.0
2026-05-19,2.622861054072553,14.14
2026-05-19,2.622861054072553,14.15
2026-05-19,4.621492128678987,14.3
2026-05-19,4.621492128678987,14.39
2026-05-19,5.620807665982204,14.39
2026-05-19,6.622861054072553,14.46
2026-05-19,8.621492128678987,14.45
2026-05-19,10.622861054072553,14.46
2026-05-20,0.6187542778918549,13.92
2026-05-20,0.6187542778918549,14.01
2026-05-20,1.6180698151950719,13.95
2026-05-20,2.620123203285421,14.129999999999999
2026-05-20,2.620123203285421,14.14
2026-05-20,4.618754277891855,14.32
2026-05-20,4.618754277891855,14.4
2026-05-20,5.618069815195072,14.41
2026-05-20,6.620123203285421,14.48
2026-05-20,8.618754277891854,14.469999999999999
2026-05-20,10.620123203285422,14.46
2026-05-21,0.6160164271047228,14.0
2026-05-21,0.6160164271047228,13.91
2026-05-21,1.6153319644079398,13.89
2026-05-21,2.617385352498289,14.07
2026-05-21,2.617385352498289,14.07
2026-05-21,4.616016427104722,14.34
2026-05-21,4.616016427104722,14.25
2026-05-21,5.61533196440794,14.35
2026-05-21,6.617385352498289,14.43
2026-05-21,8.616016427104723,14.42
2026-05-21,10.617385352498289,14.43
2026-05-22,0.6132785763175906,13.86
2026-05-22,0.6132785763175906,13.95
2026-05-22,1.6125941136208077,13.75
2026-05-22,2.614647501711157,13.9
2026-05-22,2.614647501711157,13.9
2026-05-22,4.61327857631759,14.09
2026-05-22,4.61327857631759,14.17
2026-05-22,5.6125941136208075,14.190000000000001
2026-05-22,6.614647501711157,14.27
2026-05-22,8.61327857631759,14.280000000000001
2026-05-22,10.614647501711156,14.29
2026-05-25,0.6050650239561944,13.84
2026-05-25,0.6050650239561944,13.92
2026-05-25,1.6043805612594113,13.68
2026-05-25,2.6064339493497606,13.79
2026-05-25,2.6064339493497606,13.79
2026-05-25,4.605065023956194,13.940000000000001
2026-05-25,4.605065023956194,14.02
2026-05-25,5.604380561259411,14.04
2026-05-25,6.606433949349761,14.120000000000001
2026-05-25,8.605065023956195,14.120000000000001
2026-05-25,10.60643394934976,14.129999999999999
2026-05-26,0.6023271731690623,13.879999999999999
2026-05-26,0.6023271731690623,13.96
2026-05-26,1.6016427104722792,13.74
2026-05-26,2.6036960985626285,13.83
2026-05-26,2.6036960985626285,13.84
2026-05-26,4.602327173169062,14.059999999999999
2026-05-26,4.602327173169062,13.98
2026-05-26,5.601642710472279,14.07
2026-05-26,6.6036960985626285,14.15
2026-05-26,8.602327173169062,14.15
2026-05-26,10.603696098562628,14.15
2026-05-27,0.5995893223819302,13.84
2026-05-27,0.5995893223819302,13.940000000000001
2026-05-27,1.5989048596851472,13.77
2026-05-27,2.6009582477754964,13.86
2026-05-27,2.6009582477754964,13.870000000000001
2026-05-27,4.59958932238193,13.99
2026-05-27,4.59958932238193,14.07
2026-05-27,5.598904859685147,14.08
2026-05-27,6.6009582477754964,14.15
2026-05-27,8.59958932238193,14.14
2026-05-27,10.600958247775496,14.129999999999999
2026-05-28,0.5968514715947981,13.91
2026-05-28,0.5968514715947981,13.99
2026-05-28,1.596167008898015,13.870000000000001
2026-05-28,2.598220396988364,13.96
2026-05-28,2.598220396988364,13.969999999999999
2026-05-28,4.596851471594798,14.09
2026-05-28,4.596851471594798,14.16
2026-05-28,5.596167008898015,14.17
2026-05-28,6.598220396988364,14.25
2026-05-28,8.596851471594798,14.23
2026-05-28,10.598220396988363,14.25
2026-05-29,0.5941136208076659,13.940000000000001
2026-05-29,0.5941136208076659,14.01
2026-05-29,1.593429158110883,13.870000000000001
2026-05-29,2.595482546201232,13.96
2026-05-29,2.595482546201232,13.969999999999999
2026-05-29,4.594113620807666,14.09
2026-05-29,4.594113620807666,14.16
2026-05-29,5.593429158110883,14.18
2026-05-29,6.595482546201232,14.25
2026-05-29,8.594113620807667,14.23
2026-05-29,10.595482546201232,14.24
2026-06-01,0.5859000684462696,13.93
2026-06-01,0.5859000684462696,14.02
2026-06-01,1.5852156057494866,13.89
2026-06-01,2.5872689938398357,13.96
2026-06-01,2.5872689938398357,13.969999999999999
2026-06-01,4.58590006844627,14.04
2026-06-01,4.58590006844627,14.120000000000001
2026-06-01,5.585215605749487,14.129999999999999
2026-06-01,6.587268993839836,14.2
2026-06-01,8.58590006844627,14.18
2026-06-01,10.587268993839835,14.190000000000001
2026-06-02,0.5831622176591376,13.98
2026-06-02,0.5831622176591376,14.07
2026-06-02,1.5824777549623545,14.02
2026-06-02,2.5845311430527036,14.09
2026-06-02,2.5845311430527036,14.1
2026-06-02,4.583162217659138,14.120000000000001
2026-06-02,4.583162217659138,14.2
2026-06-02,5.582477754962355,14.21
2026-06-02,6.584531143052704,14.27
2026-06-02,8.583162217659138,14.25
2026-06-02,10.584531143052704,14.27
2026-06-03,0.5804243668720055,13.969999999999999
2026-06-03,0.5804243668720055,14.11
2026-06-03,1.5797399041752225,14.08
2026-06-03,2.5817932922655715,14.2
2026-06-03,2.5817932922655715,14.21
2026-06-03,4.5804243668720055,14.24
2026-06-03,4.5804243668720055,14.309999999999999
2026-06-03,5.579739904175223,14.309999999999999
2026-06-03,6.581793292265571,14.370000000000001
2026-06-03,8.580424366872005,14.33
2026-06-03,10.581793292265571,14.34
2026-06-05,0.5749486652977412,13.969999999999999
2026-06-05,0.5749486652977412,14.14
2026-06-05,1.5742642026009583,14.219999999999999
2026-06-05,2.5763175906913074,14.379999999999999
2026-06-05,2.5763175906913074,14.370000000000001
2026-06-05,4.574948665297741,14.4
2026-06-05,4.574948665297741,14.469999999999999
2026-06-05,5.574264202600959,14.469999999999999
2026-06-05,6.576317590691307,14.52
2026-06-05,8.574948665297741,14.5
2026-06-05,10.576317590691307,14.52
2026-06-08,0.5667351129363449,14.09
2026-06-08,0.5667351129363449,14.26
2026-06-08,1.566050650239562,14.57
2026-06-08,2.568104038329911,14.780000000000001
2026-06-08,2.568104038329911,14.77
2026-06-08,4.566735112936345,14.73
2026-06-08,4.566735112936345,14.8
2026-06-08,5.566050650239562,14.76
2026-06-08,6.568104038329911,14.8
2026-06-08,8.566735112936344,14.77
2026-06-08,10.568104038329912,14.8
2026-06-09,0.5639972621492129,14.23
2026-06-09,0.5639972621492129,14.4
2026-06-09,1.5633127994524298,14.780000000000001
2026-06-09,2.565366187542779,14.89
2026-06-09,2.565366187542779,14.879999999999999
2026-06-09,4.563997262149213,14.79
2026-06-09,4.563997262149213,14.85
2026-06-09,5.563312799452429,14.79
2026-06-09,6.565366187542779,14.8
2026-06-09,8.563997262149213,14.75
2026-06-09,10.565366187542779,14.74
2026-06-10,0.5612594113620808,14.29
2026-06-10,0.5612594113620808,14.41
2026-06-10,1.5605749486652978,14.940000000000001
2026-06-10,2.5626283367556466,15.08
2026-06-10,2.5626283367556466,15.059999999999999
2026-06-10,4.561259411362081,14.940000000000001
2026-06-10,4.561259411362081,15.0
2026-06-10,5.560574948665297,14.93
2026-06-10,6.562628336755647,14.940000000000001
2026-06-10,8.56125941136208,14.870000000000001
2026-06-10,10.562628336755647,14.85
2026-06-11,0.5585215605749486,14.24
2026-06-11,0.5585215605749486,14.35
2026-06-11,1.5578370978781657,14.75
2026-06-11,2.5598904859685145,14.92
2026-06-11,2.5598904859685145,14.9
2026-06-11,4.558521560574949,14.84
2026-06-11,4.558521560574949,14.91
2026-06-11,5.557837097878165,14.86
2026-06-11,6.5598904859685145,14.86
2026-06-11,8.558521560574949,14.79
2026-06-11,10.559890485968515,14.77
2026-06-12,0.5557837097878165,14.14
2026-06-12,0.5557837097878165,14.25
2026-06-12,1.5550992470910336,14.49
2026-06-12,2.5571526351813825,14.59
2026-06-12,2.5571526351813825,14.57
2026-06-12,4.555783709787817,14.52
2026-06-12,4.555783709787817,14.59
2026-06-12,5.555099247091033,14.55
2026-06-12,6.5571526351813825,14.559999999999999
2026-06-12,8.555783709787816,14.51
2026-06-12,10.557152635181383,14.5
2026-06-15,0.5475701574264202,14.04
2026-06-15,0.5475701574264202,14.15
2026-06-15,1.5468856947296372,14.33
2026-06-15,2.5489390828199863,14.379999999999999
2026-06-15,2.5489390828199863,14.36
2026-06-15,4.547570157426421,14.34
2026-06-15,4.547570157426421,14.41
2026-06-15,5.546885694729637,14.370000000000001
2026-06-15,6.548939082819986,14.4
2026-06-15,8.54757015742642,14.35
2026-06-15,10.548939082819986,14.33
2026-06-16,0.5448323066392882,13.98
2026-06-16,0.5448323066392882,14.09
2026-06-16,1.5441478439425051,14.2
2026-06-16,2.546201232032854,14.29
2026-06-16,2.546201232032854,14.26
2026-06-16,4.544832306639288,14.280000000000001
2026-06-16,4.544832306639288,14.35
2026-06-16,5.544147843942505,14.309999999999999
2026-06-16,6.546201232032854,14.34
2026-06-16,8.544832306639288,14.3
2026-06-16,10.546201232032855,14.280000000000001
2026-06-17,0.5420944558521561,14.0
2026-06-17,0.5420944558521561,14.15
2026-06-17,1.541409993155373,14.4
2026-06-17,2.543463381245722,14.5
2026-06-17,2.543463381245722,14.469999999999999
2026-06-17,4.542094455852156,14.440000000000001
2026-06-17,4.542094455852156,14.51
2026-06-17,5.541409993155373,14.45
2026-06-17,6.543463381245722,14.46
2026-06-17,8.542094455852157,14.39
2026-06-17,10.543463381245722,14.36
2026-06-18,0.5393566050650239,14.01
2026-06-18,0.5393566050650239,14.15
2026-06-18,1.538672142368241,14.59
2026-06-18,2.54072553045859,14.809999999999999
2026-06-18,2.54072553045859,14.79
2026-06-18,4.539356605065024,14.8
2026-06-18,4.539356605065024,14.879999999999999
2026-06-18,5.538672142368241,14.82
2026-06-18,6.54072553045859,14.82
2026-06-18,8.539356605065024,14.73
2026-06-18,10.54072553045859,14.68
2026-06-19,0.5366187542778919,14.0
2026-06-19,0.5366187542778919,14.14
2026-06-19,1.5359342915811087,14.65
2026-06-19,2.537987679671458,14.870000000000001
2026-06-19,2.537987679671458,14.86
2026-06-19,4.5366187542778915,14.85
2026-06-19,4.5366187542778915,14.92
2026-06-19,5.535934291581109,14.85
2026-06-19,6.537987679671458,14.84
2026-06-19,8.536618754277892,14.74
2026-06-19,10.537987679671458,14.68
2026-06-22,0.5284052019164955,14.01
2026-06-22,0.5284052019164955,14.14
2026-06-22,1.5277207392197125,14.71
2026-06-22,2.529774127310062,14.969999999999999
2026-06-22,2.529774127310062,14.95
2026-06-22,4.528405201916495,14.96
2026-06-22,4.528405201916495,15.030000000000001
2026-06-22,5.5277207392197125,14.96
2026-06-22,6.529774127310062,14.95
2026-06-22,8.528405201916495,14.85
2026-06-22,10.529774127310061,14.780000000000001
2026-06-23,0.5256673511293635,14.0
2026-06-23,0.5256673511293635,14.120000000000001
2026-06-23,1.5249828884325805,14.629999999999999
2026-06-23,2.5270362765229293,14.89
2026-06-23,2.5270362765229293,14.870000000000001
2026-06-23,4.525667351129363,14.89
2026-06-23,4.525667351129363,14.969999999999999
2026-06-23,5.5249828884325805,14.89
2026-06-23,6.52703627652293,14.870000000000001
2026-06-23,8.525667351129364,14.77
2026-06-23,10.52703627652293,14.7
2026-06-24,0.5229295003422314,14.01
2026-06-24,0.5229295003422314,14.08
2026-06-24,1.5222450376454484,14.41
2026-06-24,2.524298425735797,14.67
2026-06-24,2.524298425735797,14.64
2026-06-24,4.522929500342231,14.65
2026-06-24,4.522929500342231,14.73
2026-06-24,5.522245037645448,14.65
2026-06-24,6.524298425735798,14.64
2026-06-24,8.522929500342231,14.55
2026-06-24,10.524298425735797,14.469999999999999
2026-06-25,0.5201916495550992,13.86
2026-06-25,0.5201916495550992,13.96
2026-06-25,1.5195071868583163,14.09
2026-06-25,2.521560574948665,14.3
2026-06-25,2.521560574948665,14.25
2026-06-25,4.520191649555099,14.370000000000001
2026-06-25,4.520191649555099,14.440000000000001
2026-06-25,5.519507186858316,14.4
2026-06-25,6.521560574948666,14.41
2026-06-25,8.5201916495551,14.33
2026-06-25,10.521560574948666,14.27
2026-06-26,0.5174537987679672,13.85
2026-06-26,0.5174537987679672,13.940000000000001
2026-06-26,1.516769336071184,14.05
2026-06-26,2.518822724161533,14.26
2026-06-26,2.518822724161533,14.21
2026-06-26,4.517453798767967,14.370000000000001
2026-06-26,4.517453798767967,14.43
2026-06-26,5.516769336071184,14.41
2026-06-26,6.5188227241615335,14.42
2026-06-26,8.517453798767967,14.36
2026-06-26,10.518822724161533,14.32
2026-06-29,0.5092402464065708,13.85
2026-06-29,0.5092402464065708,13.96
2026-06-29,1.5085557837097878,14.120000000000001
2026-06-29,2.510609171800137,14.32
2026-06-29,2.510609171800137,14.27
2026-06-29,4.509240246406571,14.46
2026-06-29,4.509240246406571,14.52
2026-06-29,5.508555783709788,14.52
2026-06-29,6.510609171800137,14.55
2026-06-29,8.509240246406572,14.52
2026-06-29,10.510609171800137,14.49
2026-06-30,0.5065023956194388,13.84
2026-06-30,0.5065023956194388,13.96
2026-06-30,1.5058179329226558,14.129999999999999
2026-06-30,2.507871321013005,14.309999999999999
2026-06-30,2.507871321013005,14.25
2026-06-30,4.506502395619439,14.43
2026-06-30,4.506502395619439,14.5
2026-06-30,5.505817932922656,14.48
2026-06-30,6.507871321013004,14.51
2026-06-30,8.506502395619439,14.469999999999999
2026-06-30,10.507871321013004,14.45
2026-07-01,0.5037645448323066,13.77
2026-07-01,0.5037645448323066,13.89
2026-07-01,1.5030800821355237,14.04
2026-07-01,2.5051334702258727,14.2
2026-07-01,2.5051334702258727,14.15
2026-07-01,4.503764544832307,14.35
2026-07-01,4.503764544832307,14.41
2026-07-01,5.503080082135524,14.41
2026-07-01,6.505133470225872,14.45
2026-07-01,8.503764544832306,14.43
2026-07-01,10.505133470225873,14.42
2026-07-02,0.5010266940451745,13.77
2026-07-02,0.5010266940451745,13.91
2026-07-02,1.5003422313483916,14.11
2026-07-02,2.5023956194387407,14.33
2026-07-02,2.5023956194387407,14.280000000000001
2026-07-02,4.501026694045175,14.469999999999999
2026-07-02,4.501026694045175,14.54
2026-07-02,5.500342231348392,14.530000000000001
2026-07-02,6.50239561943874,14.57
2026-07-02,8.501026694045175,14.55
2026-07-02,10.50239561943874,14.54
2026-07-03,0.49828884325804246,13.79
2026-07-03,0.49828884325804246,13.9
2026-07-03,1.4976043805612593,14.2
2026-07-03,2.4996577686516086,14.42
2026-07-03,2.4996577686516086,14.35
2026-07-03,4.498288843258043,14.59
2026-07-03,4.498288843258043,14.66
2026-07-03,5.49760438056126,14.65
2026-07-03,6.499657768651608,14.68
2026-07-03,8.498288843258042,14.65
2026-07-03,10.499657768651609,14.61
2026-07-06,0.49007529089664614,13.82
2026-07-06,0.49007529089664614,13.86
2026-07-06,1.4893908281998631,14.08
2026-07-06,2.4914442162902124,14.27
2026-07-06,2.4914442162902124,14.21
2026-07-06,4.490075290896646,14.45
2026-07-06,4.490075290896646,14.52
2026-07-06,5.489390828199863,14.51
2026-07-06,6.491444216290212,14.55
2026-07-06,8.490075290896646,14.51
2026-07-06,10.491444216290212,14.469999999999999
2026-07-07,0.487337440109514,13.83
2026-07-07,0.487337440109514,13.86
2026-07-07,1.486652977412731,14.11
2026-07-07,2.48870636550308,14.280000000000001
2026-07-07,2.48870636550308,14.2
2026-07-07,4.487337440109514,14.440000000000001
2026-07-07,4.487337440109514,14.5
2026-07-07,5.486652977412731,14.49
2026-07-07,6.48870636550308,14.530000000000001
2026-07-07,8.487337440109513,14.49
2026-07-07,10.48870636550308,14.46
2026-07-08,0.48459958932238195,13.879999999999999
2026-07-08,0.48459958932238195,13.91
2026-07-08,1.483915126625599,14.24
2026-07-08,2.485968514715948,14.42
2026-07-08,2.485968514715948,14.34
2026-07-08,4.484599589322382,14.54
2026-07-08,4.484599589322382,14.6
2026-07-08,5.4839151266255985,14.59
2026-07-08,6.485968514715948,14.620000000000001
2026-07-08,8.484599589322382,14.59
2026-07-08,10.485968514715948,14.55
2026-07-09,0.48186173853524983,13.870000000000001
2026-07-09,0.48186173853524983,13.9
2026-07-09,1.4811772758384667,14.16
2026-07-09,2.4832306639288158,14.379999999999999
2026-07-09,2.4832306639288158,14.3
2026-07-09,4.48186173853525,14.530000000000001
2026-07-09,4.48186173853525,14.59
2026-07-09,5.4811772758384665,14.58
2026-07-09,6.483230663928816,14.61
2026-07-09,8.48186173853525,14.58
2026-07-09,10.483230663928817,14.54
2026-07-10,0.4791238877481177,13.74
2026-07-10,0.4791238877481177,13.77
2026-07-10,1.4784394250513346,13.870000000000001
2026-07-10,2.4804928131416837,14.1
2026-07-10,2.4804928131416837,14.02
2026-07-10,4.479123887748118,14.33
2026-07-10,4.479123887748118,14.379999999999999
2026-07-10,5.478439425051334,14.4
2026-07-10,6.480492813141684,14.45
2026-07-10,8.479123887748118,14.45
2026-07-10,10.480492813141684,14.440000000000001
2026-07-13,0.47091033538672145,13.77
2026-07-13,0.47091033538672145,13.8
2026-07-13,1.4702258726899384,13.940000000000001
2026-07-13,2.4722792607802875,14.15
2026-07-13,2.4722792607802875,14.04
2026-07-13,4.470910335386721,14.370000000000001
2026-07-13,4.470910335386721,14.43
2026-07-13,5.470225872689938,14.440000000000001
2026-07-13,6.4722792607802875,14.49
2026-07-13,8.470910335386721,14.48
2026-07-13,10.472279260780287,14.45
2026-07-14,0.4681724845995893,13.79
2026-07-14,0.4681724845995893,13.82
2026-07-14,1.4674880219028064,14.05
2026-07-14,2.4695414099931554,14.280000000000001
2026-07-14,2.4695414099931554,14.14
2026-07-14,4.468172484599589,14.46
2026-07-14,4.468172484599589,14.52
2026-07-14,5.467488021902806,14.51
2026-07-14,6.469541409993155,14.54
2026-07-14,8.46817248459959,14.51
2026-07-14,10.469541409993155,14.469999999999999
2026-07-15,0.4654346338124572,13.75
2026-07-15,0.4654346338124572,13.780000000000001
2026-07-15,1.4647501711156743,13.92
2026-07-15,2.4668035592060233,14.14
2026-07-15,2.4668035592060233,14.0
2026-07-15,4.465434633812457,14.370000000000001
2026-07-15,4.465434633812457,14.43
2026-07-15,5.464750171115674,14.440000000000001
2026-07-15,6.466803559206023,14.49
2026-07-15,8.465434633812457,14.48
2026-07-15,10.466803559206022,14.46
2026-07-16,0.46269678302532513,13.719999999999999
2026-07-16,0.46269678302532513,13.75
2026-07-16,1.462012320328542,13.870000000000001
2026-07-16,2.4640657084188913,14.120000000000001
2026-07-16,2.4640657084188913,13.98
2026-07-16,4.462696783025325,14.39
2026-07-16,4.462696783025325,14.45
2026-07-16,5.462012320328542,14.469999999999999
2026-07-16,6.464065708418891,14.54
2026-07-16,8.462696783025326,14.55
2026-07-16,10.464065708418891,14.54
2026-07-17,0.459958932238193,13.74
2026-07-17,0.459958932238193,13.76
2026-07-17,1.45927446954141,13.96
2026-07-17,2.461327857631759,14.190000000000001
2026-07-17,2.461327857631759,14.05
2026-07-17,4.459958932238193,14.440000000000001
2026-07-17,4.459958932238193,14.49
2026-07-17,5.45927446954141,14.52
2026-07-17,6.461327857631759,14.58
2026-07-17,8.459958932238193,14.59
2026-07-17,10.461327857631758,14.58
2026-07-20,0.4517453798767967,13.809999999999999
2026-07-20,0.4517453798767967,13.82
2026-07-20,1.4510609171800137,14.15
2026-07-20,2.4531143052703626,14.42
2026-07-20,2.4531143052703626,14.280000000000001
2026-07-20,4.4517453798767965,14.64
2026-07-20,4.4517453798767965,14.7
2026-07-20,5.451060917180014,14.719999999999999
2026-07-20,6.453114305270363,14.77
2026-07-20,8.451745379876797,14.76
2026-07-20,10.453114305270363,14.74
2026-07-21,0.4490075290896646,13.76
2026-07-21,0.4490075290896646,13.780000000000001
2026-07-21,1.4483230663928817,14.08
2026-07-21,2.4503764544832305,14.379999999999999
2026-07-21,2.4503764544832305,14.24
2026-07-21,4.4490075290896645,14.61
2026-07-21,4.4490075290896645,14.66
2026-07-21,5.448323066392882,14.68
2026-07-21,6.450376454483231,14.73
2026-07-21,8.449007529089664,14.719999999999999
2026-07-21,10.45037645448323,14.71
