date,tenor_yrs,yield_pct
2020-01-02,0.08333333333333333,1.5358522499999916
2020-01-02,0.25,1.5459290000000125
2020-01-02,0.5,1.5761622499999906
2020-01-02,1.0,1.566084000000001
2020-01-02,2.0,1.5862409999999993
2020-01-02,3.0,1.596320249999983
2020-01-02,5.0,1.6769722500000084
2020-01-02,7.0,1.7980102499999928
2020-01-02,10.0,1.8888360000000048
2020-01-02,20.0,2.2019902500000077
2020-01-02,30.0,2.3435722499999923
2020-01-03,0.08333333333333333,1.525776000000012
2020-01-03,0.25,1.525776000000012
2020-01-03,0.5,1.556006249999986
2020-01-03,1.0,1.556006249999986
2020-01-03,2.0,1.5358522499999916
2020-01-03,3.0,1.5459290000000125
2020-01-03,5.0,1.596320249999983
2020-01-03,7.0,1.7173102500000148
2020-01-03,10.0,1.8080999999999792
2020-01-03,20.0,2.121130250000003
2020-01-03,30.0,2.272769000000019
2020-01-06,0.08333333333333333,1.5459290000000125
2020-01-06,0.25,1.566084000000001
2020-01-06,0.5,1.566084000000001
2020-01-06,1.0,1.5459290000000125
2020-01-06,2.0,1.5459290000000125
2020-01-06,3.0,1.566084000000001
2020-01-06,5.0,1.6164802499999853
2020-01-06,7.0,1.727395999999981
2020-01-06,10.0,1.818190250000007
2020-01-06,20.0,2.14134225
2020-01-06,30.0,2.292996000000014
2020-01-07,0.08333333333333333,1.525776000000012
2020-01-07,0.25,1.5459290000000125
2020-01-07,0.5,1.566084000000001
2020-01-07,1.0,1.5358522499999916
2020-01-07,2.0,1.5459290000000125
2020-01-07,3.0,1.556006249999986
2020-01-07,5.0,1.6265610000000041
2020-01-07,7.0,1.7475689999999933
2020-01-07,10.0,1.8383722500000088
2020-01-07,20.0,2.171663999999973
2020-01-07,30.0,2.3233402499999833
2020-01-08,0.08333333333333333,1.5056250000000215
2020-01-08,0.25,1.5459290000000125
2020-01-08,0.5,1.566084000000001
2020-01-08,1.0,1.556006249999986
2020-01-08,2.0,1.5862409999999993
2020-01-08,3.0,1.6164802499999853
2020-01-08,5.0,1.6769722500000084
2020-01-08,7.0,1.7879209999999812
2020-01-08,10.0,1.8787422499999984
2020-01-08,20.0,2.2222102500000007
2020-01-08,30.0,2.363806249999989
2020-01-09,0.08333333333333333,1.5358522499999916
2020-01-09,0.25,1.5459290000000125
2020-01-09,0.5,1.566084000000001
2020-01-09,1.0,1.5459290000000125
2020-01-09,2.0,1.5862409999999993
2020-01-09,3.0,1.596320249999983
2020-01-09,5.0,1.6568062500000202
2020-01-09,7.0,1.777832250000011
2020-01-09,10.0,1.8585562499999986
2020-01-09,20.0,2.1817722500000025
2020-01-09,30.0,2.3941610000000058
2020-01-10,0.08333333333333333,1.525776000000012
2020-01-10,0.25,1.5459290000000125
2020-01-10,0.5,1.556006249999986
2020-01-10,1.0,1.5358522499999916
2020-01-10,2.0,1.566084000000001
2020-01-10,3.0,1.596320249999983
2020-01-10,5.0,1.63664225000002
2020-01-10,7.0,1.7475689999999933
2020-01-10,10.0,1.8383722500000088
2020-01-10,20.0,2.151448999999994
2020-01-10,30.0,2.292996000000014
2020-01-13,0.08333333333333333,1.5459290000000125
2020-01-13,0.25,1.5761622499999906
2020-01-13,0.5,1.5761622499999906
2020-01-13,1.0,1.5358522499999916
2020-01-13,2.0,1.5862409999999993
2020-01-13,3.0,1.6064000000000078
2020-01-13,5.0,1.6568062500000202
2020-01-13,7.0,1.7677439999999933
2020-01-13,10.0,1.8585562499999986
2020-01-13,20.0,2.171663999999973
2020-01-13,30.0,2.3132250000000187
2020-01-14,0.08333333333333333,1.5358522499999916
2020-01-14,0.25,1.5761622499999906
2020-01-14,0.5,1.5761622499999906
2020-01-14,1.0,1.5358522499999916
2020-01-14,2.0,1.5862409999999993
2020-01-14,3.0,1.596320249999983
2020-01-14,5.0,1.63664225000002
2020-01-14,7.0,1.7475689999999933
2020-01-14,10.0,1.8282810000000316
2020-01-14,20.0,2.131235999999981
2020-01-14,30.0,2.2828822499999957
2020-01-15,0.08333333333333333,1.5358522499999916
2020-01-15,0.25,1.5761622499999906
2020-01-15,0.5,1.5862409999999993
2020-01-15,1.0,1.5459290000000125
2020-01-15,2.0,1.566084000000001
2020-01-15,3.0,1.566084000000001
2020-01-15,5.0,1.6064000000000078
2020-01-15,7.0,1.7173102500000148
2020-01-15,10.0,1.7980102499999928
2020-01-15,20.0,2.1009202500000157
2020-01-15,30.0,2.242432250000004
2020-01-16,0.08333333333333333,1.5459290000000125
2020-01-16,0.25,1.556006249999986
2020-01-16,0.5,1.566084000000001
2020-01-16,1.0,1.5459290000000125
2020-01-16,2.0,1.5862409999999993
2020-01-16,3.0,1.5862409999999993
2020-01-16,5.0,1.63664225000002
2020-01-16,7.0,1.7374822500000109
2020-01-16,10.0,1.818190250000007
2020-01-16,20.0,2.121130250000003
2020-01-16,30.0,2.272769000000019
2020-01-17,0.08333333333333333,1.5459290000000125
2020-01-17,0.25,1.566084000000001
2020-01-17,0.5,1.5761622499999906
2020-01-17,1.0,1.566084000000001
2020-01-17,2.0,1.5862409999999993
2020-01-17,3.0,1.566084000000001
2020-01-17,5.0,1.63664225000002
2020-01-17,7.0,1.7475689999999933
2020-01-17,10.0,1.8484640000000274
2020-01-17,20.0,2.171663999999973
2020-01-17,30.0,2.3031102499999845
2020-01-21,0.08333333333333333,1.525776000000012
2020-01-21,0.25,1.566084000000001
2020-01-21,0.5,1.5761622499999906
2020-01-21,1.0,1.5459290000000125
2020-01-21,2.0,1.5358522499999916
2020-01-21,3.0,1.5358522499999916
2020-01-21,5.0,1.5761622499999906
2020-01-21,7.0,1.6971402500000066
2020-01-21,10.0,1.7879209999999812
2020-01-21,20.0,2.1110249999999997
2020-01-21,30.0,2.242432250000004
2020-01-22,0.08333333333333333,1.525776000000012
2020-01-22,0.25,1.556006249999986
2020-01-22,0.5,1.566084000000001
2020-01-22,1.0,1.556006249999986
2020-01-22,2.0,1.5358522499999916
2020-01-22,3.0,1.525776000000012
2020-01-22,5.0,1.5761622499999906
2020-01-22,7.0,1.6870559999999868
2020-01-22,10.0,1.777832250000011
2020-01-22,20.0,2.0807122500000164
2020-01-22,30.0,2.232321000000015
2020-01-23,0.08333333333333333,1.556006249999986
2020-01-23,0.25,1.556006249999986
2020-01-23,0.5,1.566084000000001
2020-01-23,1.0,1.556006249999986
2020-01-23,2.0,1.515700249999985
2020-01-23,3.0,1.515700249999985
2020-01-23,5.0,1.556006249999986
2020-01-23,7.0,1.6568062500000202
2020-01-23,10.0,1.7475689999999933
2020-01-23,20.0,2.0403022500000256
2020-01-23,30.0,2.1918809999999844
2020-01-24,0.08333333333333333,1.5459290000000125
2020-01-24,0.25,1.5459290000000125
2020-01-24,0.5,1.556006249999986
2020-01-24,1.0,1.556006249999986
2020-01-24,2.0,1.4955502499999884
2020-01-24,3.0,1.485476000000019
2020-01-24,5.0,1.515700249999985
2020-01-24,7.0,1.6164802499999853
2020-01-24,10.0,1.707225000000001
2020-01-24,20.0,2.0100000000000007
2020-01-24,30.0,2.151448999999994
2020-01-27,0.08333333333333333,1.5358522499999916
2020-01-27,0.25,1.556006249999986
2020-01-27,0.5,1.5761622499999906
2020-01-27,1.0,1.5358522499999916
2020-01-27,2.0,1.4451840000000216
2020-01-27,3.0,1.4149702499999917
2020-01-27,5.0,1.4451840000000216
2020-01-27,7.0,1.525776000000012
2020-01-27,10.0,1.6164802499999853
2020-01-27,20.0,1.9191202499999838
2020-01-27,30.0,2.060506250000027
2020-01-28,0.08333333333333333,1.5358522499999916
2020-01-28,0.25,1.5761622499999906
2020-01-28,0.5,1.5862409999999993
2020-01-28,1.0,1.5358522499999916
2020-01-28,2.0,1.4552562500000032
2020-01-28,3.0,1.4552562500000032
2020-01-28,5.0,1.475402250000002
2020-01-28,7.0,1.566084000000001
2020-01-28,10.0,1.6568062500000202
2020-01-28,20.0,1.9595062499999871
2020-01-28,30.0,2.1110249999999997
2020-01-29,0.08333333333333333,1.525776000000012
2020-01-29,0.25,1.566084000000001
2020-01-29,0.5,1.5761622499999906
2020-01-29,1.0,1.515700249999985
2020-01-29,2.0,1.4250410000000269
2020-01-29,3.0,1.394830250000001
2020-01-29,5.0,1.4149702499999917
2020-01-29,7.0,1.515700249999985
2020-01-29,10.0,1.6064000000000078
2020-01-29,20.0,1.898930249999986
2020-01-29,30.0,2.060506250000027
2020-01-30,0.08333333333333333,1.596320249999983
2020-01-30,0.25,1.5761622499999906
2020-01-30,0.5,1.5761622499999906
2020-01-30,1.0,1.485476000000019
2020-01-30,2.0,1.4149702499999917
2020-01-30,3.0,1.374692249999998
2020-01-30,5.0,1.394830250000001
2020-01-30,7.0,1.4955502499999884
2020-01-30,10.0,1.5761622499999906
2020-01-30,20.0,1.8888360000000048
2020-01-30,30.0,2.0504040000000057
2020-01-31,0.08333333333333333,1.566084000000001
2020-01-31,0.25,1.556006249999986
2020-01-31,0.5,1.5459290000000125
2020-01-31,1.0,1.4552562500000032
2020-01-31,2.0,1.3344222500000003
2020-01-31,3.0,1.304224999999981
2020-01-31,5.0,1.324355999999982
2020-01-31,7.0,1.4250410000000269
2020-01-31,10.0,1.515700249999985
2020-01-31,20.0,1.8383722500000088
2020-01-31,30.0,1.9999002499999863
2020-02-03,0.08333333333333333,1.566084000000001
2020-02-03,0.25,1.5761622499999906
2020-02-03,0.5,1.566084000000001
2020-02-03,1.0,1.4653290000000263
2020-02-03,2.0,1.364623999999992
2020-02-03,3.0,1.3444889999999932
2020-02-03,5.0,1.3545562500000052
2020-02-03,7.0,1.4552562500000032
2020-02-03,10.0,1.5459290000000125
2020-02-03,20.0,1.8484640000000274
2020-02-03,30.0,2.0201002499999676
2020-02-04,0.08333333333333333,1.556006249999986
2020-02-04,0.25,1.5761622499999906
2020-02-04,0.5,1.5761622499999906
2020-02-04,1.0,1.485476000000019
2020-02-04,2.0,1.4149702499999917
2020-02-04,3.0,1.4048999999999756
2020-02-04,5.0,1.4250410000000269
2020-02-04,7.0,1.525776000000012
2020-02-04,10.0,1.6164802499999853
2020-02-04,20.0,1.9191202499999838
2020-02-04,30.0,2.0908159999999842
2020-02-05,0.08333333333333333,1.556006249999986
2020-02-05,0.25,1.5761622499999906
2020-02-05,0.5,1.5761622499999906
2020-02-05,1.0,1.4955502499999884
2020-02-05,2.0,1.4451840000000216
2020-02-05,3.0,1.4351122499999924
2020-02-05,5.0,1.4653290000000263
2020-02-05,7.0,1.5761622499999906
2020-02-05,10.0,1.6668890000000047
2020-02-05,20.0,1.9797022499999928
2020-02-05,30.0,2.151448999999994
2020-02-06,0.08333333333333333,1.596320249999983
2020-02-06,0.25,1.5761622499999906
2020-02-06,0.5,1.5862409999999993
2020-02-06,1.0,1.515700249999985
2020-02-06,2.0,1.4451840000000216
2020-02-06,3.0,1.4351122499999924
2020-02-06,5.0,1.4552562500000032
2020-02-06,7.0,1.566084000000001
2020-02-06,10.0,1.6568062500000202
2020-02-06,20.0,1.949409000000002
2020-02-06,30.0,2.121130250000003
2020-02-07,0.08333333333333333,1.5761622499999906
2020-02-07,0.25,1.566084000000001
2020-02-07,0.5,1.5761622499999906
2020-02-07,1.0,1.4955502499999884
2020-02-07,2.0,1.4149702499999917
2020-02-07,3.0,1.394830250000001
2020-02-07,5.0,1.4149702499999917
2020-02-07,7.0,1.515700249999985
2020-02-07,10.0,1.596320249999983
2020-02-07,20.0,1.898930249999986
2020-02-07,30.0,2.060506250000027
2020-02-10,0.08333333333333333,1.5862409999999993
2020-02-10,0.25,1.5862409999999993
2020-02-10,0.5,1.5862409999999993
2020-02-10,1.0,1.4552562500000032
2020-02-10,2.0,1.374692249999998
2020-02-10,3.0,1.364623999999992
2020-02-10,5.0,1.3847609999999788
2020-02-10,7.0,1.475402250000002
2020-02-10,10.0,1.566084000000001
2020-02-10,20.0,1.8787422499999984
2020-02-10,30.0,2.0403022500000256
2020-02-11,0.08333333333333333,1.5761622499999906
2020-02-11,0.25,1.5761622499999906
2020-02-11,0.5,1.556006249999986
2020-02-11,1.0,1.485476000000019
2020-02-11,2.0,1.4149702499999917
2020-02-11,3.0,1.394830250000001
2020-02-11,5.0,1.4048999999999756
2020-02-11,7.0,1.5056250000000215
2020-02-11,10.0,1.596320249999983
2020-02-11,20.0,1.898930249999986
2020-02-11,30.0,2.060506250000027
2020-02-12,0.08333333333333333,1.5761622499999906
2020-02-12,0.25,1.5862409999999993
2020-02-12,0.5,1.566084000000001
2020-02-12,1.0,1.4955502499999884
2020-02-12,2.0,1.4451840000000216
2020-02-12,3.0,1.4250410000000269
2020-02-12,5.0,1.4552562500000032
2020-02-12,7.0,1.556006249999986
2020-02-12,10.0,1.6265610000000041
2020-02-12,20.0,1.9393122499999915
2020-02-12,30.0,2.1009202500000157
2020-02-13,0.08333333333333333,1.596320249999983
2020-02-13,0.25,1.596320249999983
2020-02-13,0.5,1.566084000000001
2020-02-13,1.0,1.485476000000019
2020-02-13,2.0,1.4451840000000216
2020-02-13,3.0,1.4250410000000269
2020-02-13,5.0,1.4351122499999924
2020-02-13,7.0,1.5358522499999916
2020-02-13,10.0,1.6164802499999853
2020-02-13,20.0,1.9191202499999838
2020-02-13,30.0,2.0807122500000164
2020-02-14,0.08333333333333333,1.6064000000000078
2020-02-14,0.25,1.5862409999999993
2020-02-14,0.5,1.566084000000001
2020-02-14,1.0,1.4955502499999884
2020-02-14,2.0,1.4250410000000269
2020-02-14,3.0,1.4048999999999756
2020-02-14,5.0,1.4250410000000269
2020-02-14,7.0,1.515700249999985
2020-02-14,10.0,1.596320249999983
2020-02-14,20.0,1.898930249999986
2020-02-14,30.0,2.0504040000000057
2020-02-18,0.08333333333333333,1.6164802499999853
2020-02-18,0.25,1.5862409999999993
2020-02-18,0.5,1.566084000000001
2020-02-18,1.0,1.475402250000002
2020-02-18,2.0,1.4149702499999917
2020-02-18,3.0,1.374692249999998
2020-02-18,5.0,1.394830250000001
2020-02-18,7.0,1.485476000000019
2020-02-18,10.0,1.556006249999986
2020-02-18,20.0,1.8585562499999986
2020-02-18,30.0,2.0100000000000007
2020-02-19,0.08333333333333333,1.6164802499999853
2020-02-19,0.25,1.5862409999999993
2020-02-19,0.5,1.566084000000001
2020-02-19,1.0,1.475402250000002
2020-02-19,2.0,1.4250410000000269
2020-02-19,3.0,1.394830250000001
2020-02-19,5.0,1.4149702499999917
2020-02-19,7.0,1.5056250000000215
2020-02-19,10.0,1.566084000000001
2020-02-19,20.0,1.868649000000011
2020-02-19,30.0,2.0201002499999676
2020-02-20,0.08333333333333333,1.6164802499999853
2020-02-20,0.25,1.5862409999999993
2020-02-20,0.5,1.556006249999986
2020-02-20,1.0,1.4653290000000263
2020-02-20,2.0,1.394830250000001
2020-02-20,3.0,1.3545562500000052
2020-02-20,5.0,1.374692249999998
2020-02-20,7.0,1.4552562500000032
2020-02-20,10.0,1.525776000000012
2020-02-20,20.0,1.818190250000007
2020-02-20,30.0,1.9797022499999928
2020-02-21,0.08333333333333333,1.6064000000000078
2020-02-21,0.25,1.566084000000001
2020-02-21,0.5,1.5358522499999916
2020-02-21,1.0,1.4351122499999924
2020-02-21,2.0,1.3444889999999932
2020-02-21,3.0,1.304224999999981
2020-02-21,5.0,1.304224999999981
2020-02-21,7.0,1.394830250000001
2020-02-21,10.0,1.4653290000000263
2020-02-21,20.0,1.757656250000017
2020-02-21,30.0,1.9090250000000086
2020-02-24,0.08333333333333333,1.6064000000000078
2020-02-24,0.25,1.5358522499999916
2020-02-24,0.5,1.4955502499999884
2020-02-24,1.0,1.3545562500000052
2020-02-24,2.0,1.263968999999987
2020-02-24,3.0,1.213660250000026
2020-02-24,5.0,1.213660250000026
2020-02-24,7.0,1.304224999999981
2020-02-24,10.0,1.3847609999999788
2020-02-24,20.0,1.6870559999999868
2020-02-24,30.0,1.8484640000000274
2020-02-25,0.08333333333333333,1.596320249999983
2020-02-25,0.25,1.5358522499999916
2020-02-25,0.5,1.475402250000002
2020-02-25,1.0,1.304224999999981
2020-02-25,2.0,1.2035999999999936
2020-02-25,3.0,1.1633640000000112
2020-02-25,5.0,1.1633640000000112
2020-02-25,7.0,1.2539062500000142
2020-02-25,10.0,1.3344222500000003
2020-02-25,20.0,1.63664225000002
2020-02-25,30.0,1.8080999999999792
2020-02-26,0.08333333333333333,1.596320249999983
2020-02-26,0.25,1.5358522499999916
2020-02-26,0.5,1.4250410000000269
2020-02-26,1.0,1.263968999999987
2020-02-26,2.0,1.1633640000000112
2020-02-26,3.0,1.1432490000000017
2020-02-26,5.0,1.1432490000000017
2020-02-26,7.0,1.2539062500000142
2020-02-26,10.0,1.3344222500000003
2020-02-26,20.0,1.6467239999999883
2020-02-26,30.0,1.818190250000007
2020-02-27,0.08333333333333333,1.566084000000001
2020-02-27,0.25,1.4552562500000032
2020-02-27,0.5,1.3344222500000003
2020-02-27,1.0,1.1834810000000084
2020-02-27,2.0,1.113080249999987
2020-02-27,3.0,1.0829160000000115
2020-02-27,5.0,1.113080249999987
2020-02-27,7.0,1.2237209999999887
2020-02-27,10.0,1.304224999999981
2020-02-27,20.0,1.6164802499999853
2020-02-27,30.0,1.7980102499999928
2020-02-28,0.08333333333333333,1.4552562500000032
2020-02-28,0.25,1.2740322500000234
2020-02-28,0.5,1.113080249999987
2020-02-28,1.0,0.9723522500000081
2020-02-28,2.0,0.8618489999999923
2020-02-28,3.0,0.851806250000009
2020-02-28,5.0,0.8919802500000129
2020-02-28,7.0,1.032652249999999
2020-02-28,10.0,1.1331922499999925
2020-02-28,20.0,1.4653290000000263
2020-02-28,30.0,1.6568062500000202
2020-03-02,0.08333333333333333,1.4149702499999917
2020-03-02,0.25,1.1331922499999925
2020-03-02,0.5,0.9522562500000165
2020-03-02,1.0,0.8919802500000129
2020-03-02,2.0,0.8417640000000004
2020-03-02,3.0,0.851806250000009
2020-03-02,5.0,0.8819359999999943
2020-03-02,7.0,1.0125502499999994
2020-03-02,10.0,1.103025000000013
2020-03-02,20.0,1.4653290000000263
2020-03-02,30.0,1.6668890000000047
2020-03-03,0.08333333333333333,1.113080249999987
2020-03-03,0.25,0.9522562500000165
2020-03-03,0.5,0.831722250000011
2020-03-03,1.0,0.7313322499999941
2020-03-03,2.0,0.7112602499999898
2020-03-03,3.0,0.7212960000000157
2020-03-03,5.0,0.7714822499999885
2020-03-03,7.0,0.9120702500000188
2020-03-03,10.0,1.022601000000023
2020-03-03,20.0,1.4451840000000216
2020-03-03,30.0,1.6467239999999883
2020-03-04,0.08333333333333333,1.0024999999999729
2020-03-04,0.25,0.7212960000000157
2020-03-04,0.5,0.681156000000005
2020-03-04,1.0,0.5908702499999974
2020-03-04,2.0,0.6711222499999892
2020-03-04,3.0,0.681156000000005
2020-03-04,5.0,0.7514062499999863
2020-03-04,7.0,0.9020249999999841
2020-03-04,10.0,1.022601000000023
2020-03-04,20.0,1.4552562500000032
2020-03-04,30.0,1.6769722500000084
2020-03-05,0.08333333333333333,0.922115999999984
2020-03-05,0.25,0.6209610000000199
2020-03-05,0.5,0.5307022500000036
2020-03-05,1.0,0.4805759999999992
2020-03-05,2.0,0.5908702499999974
2020-03-05,3.0,0.610930250000008
2020-03-05,5.0,0.6711222499999892
2020-03-05,7.0,0.811640250000023
2020-03-05,10.0,0.922115999999984
2020-03-05,20.0,1.3444889999999932
2020-03-05,30.0,1.566084000000001
2020-03-06,0.08333333333333333,0.7915602499999785
2020-03-06,0.25,0.45050625000002675
2020-03-06,0.5,0.4104202500000209
2020-03-06,1.0,0.39038024999997756
2020-03-06,2.0,0.4906002500000062
2020-03-06,3.0,0.5307022500000036
2020-03-06,5.0,0.5808409999999764
2020-03-06,7.0,0.6911902499999956
2020-03-06,10.0,0.7413690000000139
2020-03-06,20.0,1.0929702499999916
2020-03-06,30.0,1.2539062500000142
2020-03-09,0.08333333333333333,0.5708122499999968
2020-03-09,0.25,0.3302722499999966
2020-03-09,0.5,0.27018224999999507
2020-03-09,1.0,0.31024024999999344
2020-03-09,2.0,0.38036100000000683
2020-03-09,3.0,0.40039999999998965
2020-03-09,5.0,0.4605289999999984
2020-03-09,7.0,0.560783999999992
2020-03-09,10.0,0.5407289999999954
2020-03-09,20.0,0.871892250000017
2020-03-09,30.0,0.9924502500000099
2020-03-10,0.08333333333333333,0.5708122499999968
2020-03-10,0.25,0.44048399999998544
2020-03-10,0.5,0.4304622500000299
2020-03-10,1.0,0.4304622500000299
2020-03-10,2.0,0.5006249999999879
2020-03-10,3.0,0.5808409999999764
2020-03-10,5.0,0.6309922500000065
2020-03-10,7.0,0.7313322499999941
2020-03-10,10.0,0.761444
2020-03-10,20.0,1.1633640000000112
2020-03-10,30.0,1.2840959999999901
2020-03-11,0.08333333333333333,0.4204410000000047
2020-03-11,0.25,0.4204410000000047
2020-03-11,0.5,0.40039999999998965
2020-03-11,1.0,0.40039999999998965
2020-03-11,2.0,0.5006249999999879
2020-03-11,3.0,0.5808409999999764
2020-03-11,5.0,0.6610890000000147
2020-03-11,7.0,0.7815209999999961
2020-03-11,10.0,0.8216809999999963
2020-03-11,20.0,1.1331922499999925
2020-03-11,30.0,1.304224999999981
2020-03-12,0.08333333333333333,0.4104202500000209
2020-03-12,0.25,0.3302722499999966
2020-03-12,0.5,0.37034224999998866
2020-03-12,1.0,0.39038024999997756
2020-03-12,2.0,0.5006249999999879
2020-03-12,3.0,0.5808409999999764
2020-03-12,5.0,0.6610890000000147
2020-03-12,7.0,0.8216809999999963
2020-03-12,10.0,0.8819359999999943
2020-03-12,20.0,1.2740322500000234
2020-03-12,30.0,1.4955502499999884
2020-03-13,0.08333333333333333,0.3302722499999966
2020-03-13,0.25,0.28019600000002143
2020-03-13,0.5,0.38036100000000683
2020-03-13,1.0,0.38036100000000683
2020-03-13,2.0,0.4906002500000062
2020-03-13,3.0,0.5808409999999764
2020-03-13,5.0,0.7012250000000053
2020-03-13,7.0,0.8919802500000129
2020-03-13,10.0,0.9422089999999939
2020-03-13,20.0,1.3142902500000053
2020-03-13,30.0,1.566084000000001
2020-03-16,0.08333333333333333,0.25015624999999986
2020-03-16,0.25,0.2401440000000088
2020-03-16,0.5,0.29021025000000034
2020-03-16,1.0,0.29021025000000034
2020-03-16,2.0,0.36032400000001186
2020-03-16,3.0,0.4304622500000299
2020-03-16,5.0,0.4906002500000062
2020-03-16,7.0,0.6711222499999892
2020-03-16,10.0,0.7313322499999941
2020-03-16,20.0,1.103025000000013
2020-03-16,30.0,1.3444889999999932
2020-03-17,0.08333333333333333,0.12003599999999004
2020-03-17,0.25,0.1900902500000079
2020-03-17,0.5,0.2401440000000088
2020-03-17,1.0,0.3002250000000206
2020-03-17,2.0,0.47055225000001144
2020-03-17,3.0,0.5407289999999954
2020-03-17,5.0,0.6610890000000147
2020-03-17,7.0,0.9120702500000188
2020-03-17,10.0,1.022601000000023
2020-03-17,20.0,1.4552562500000032
2020-03-17,30.0,1.63664225000002
2020-03-18,0.08333333333333333,0.04000399999999349
2020-03-18,0.25,0.02000099999999172
2020-03-18,0.5,0.08001599999998277
2020-03-18,1.0,0.21011024999999517
2020-03-18,2.0,0.5407289999999954
2020-03-18,3.0,0.6610890000000147
2020-03-18,5.0,0.7915602499999785
2020-03-18,7.0,1.0829160000000115
2020-03-18,10.0,1.1834810000000084
2020-03-18,20.0,1.6064000000000078
2020-03-18,30.0,1.777832250000011
2020-03-19,0.08333333333333333,0.04000399999999349
2020-03-19,0.25,0.04000399999999349
2020-03-19,0.5,0.060008999999983104
2020-03-19,1.0,0.20009999999996975
2020-03-19,2.0,0.44048399999998544
2020-03-19,3.0,0.5307022500000036
2020-03-19,5.0,0.6610890000000147
2020-03-19,7.0,1.0024999999999729
2020-03-19,10.0,1.1231360000000024
2020-03-19,20.0,1.566084000000001
2020-03-19,30.0,1.7879209999999812
2020-03-20,0.08333333333333333,0.04000399999999349
2020-03-20,0.25,0.05000625000002312
2020-03-20,0.5,0.05000625000002312
2020-03-20,1.0,0.1500562499999969
2020-03-20,2.0,0.37034224999998866
2020-03-20,3.0,0.4104202500000209
2020-03-20,5.0,0.5206759999999866
2020-03-20,7.0,0.8216809999999963
2020-03-20,10.0,0.922115999999984
2020-03-20,20.0,1.3545562500000052
2020-03-20,30.0,1.556006249999986
2020-03-23,0.08333333333333333,0.010000250000019584
2020-03-23,0.25,0.02000099999999172
2020-03-23,0.5,0.08001599999998277
2020-03-23,1.0,0.17007225000000847
2020-03-23,2.0,0.28019600000002143
2020-03-23,3.0,0.31024024999999344
2020-03-23,5.0,0.38036100000000683
2020-03-23,7.0,0.6309922500000065
2020-03-23,10.0,0.761444
2020-03-23,20.0,1.1231360000000024
2020-03-23,30.0,1.3344222500000003
2020-03-24,0.08333333333333333,0.010000250000019584
2020-03-24,0.25,0.010000250000019584
2020-03-24,0.5,0.09002025000002245
2020-03-24,1.0,0.25015624999999986
2020-03-24,2.0,0.38036100000000683
2020-03-24,3.0,0.44048399999998544
2020-03-24,5.0,0.5206759999999866
2020-03-24,7.0,0.7514062499999863
2020-03-24,10.0,0.8417640000000004
2020-03-24,20.0,1.1935402499999803
2020-03-24,30.0,1.394830250000001
2020-03-25,0.08333333333333333,0.0
2020-03-25,0.25,0.0
2020-03-25,0.5,0.07001225000000666
2020-03-25,1.0,0.1900902500000079
2020-03-25,2.0,0.3402890000000047
2020-03-25,3.0,0.4104202500000209
2020-03-25,5.0,0.560783999999992
2020-03-25,7.0,0.7714822499999885
2020-03-25,10.0,0.8819359999999943
2020-03-25,20.0,1.233782250000015
2020-03-25,30.0,1.4552562500000032
2020-03-26,0.08333333333333333,0.010000250000019584
2020-03-26,0.25,0.0
2020-03-26,0.5,0.04000399999999349
2020-03-26,1.0,0.13004225000001757
2020-03-26,2.0,0.3002250000000206
2020-03-26,3.0,0.36032400000001186
2020-03-26,5.0,0.510650250000011
2020-03-26,7.0,0.7212960000000157
2020-03-26,10.0,0.831722250000011
2020-03-26,20.0,1.2035999999999936
2020-03-26,30.0,1.4250410000000269
2020-03-27,0.08333333333333333,0.010000250000019584
2020-03-27,0.25,0.03000225000002743
2020-03-27,0.5,0.02000099999999172
2020-03-27,1.0,0.11003025000000388
2020-03-27,2.0,0.25015624999999986
2020-03-27,3.0,0.3002250000000206
2020-03-27,5.0,0.4104202500000209
2020-03-27,7.0,0.6008999999999709
2020-03-27,10.0,0.7212960000000157
2020-03-27,20.0,1.0929702499999916
2020-03-27,30.0,1.2941602500000204
2020-03-30,0.08333333333333333,0.04000399999999349
2020-03-30,0.25,0.12003599999999004
2020-03-30,0.5,0.12003599999999004
2020-03-30,1.0,0.14004899999997544
2020-03-30,2.0,0.2301322499999925
2020-03-30,3.0,0.29021025000000034
2020-03-30,5.0,0.39038024999997756
2020-03-30,7.0,0.5708122499999968
2020-03-30,10.0,0.7012250000000053
2020-03-30,20.0,1.103025000000013
2020-03-30,30.0,1.3142902500000053
2020-03-31,0.08333333333333333,0.05000625000002312
2020-03-31,0.25,0.11003025000000388
2020-03-31,0.5,0.1500562499999969
2020-03-31,1.0,0.17007225000000847
2020-03-31,2.0,0.2301322499999925
2020-03-31,3.0,0.29021025000000034
2020-03-31,5.0,0.37034224999998866
2020-03-31,7.0,0.5507562500000063
2020-03-31,10.0,0.7012250000000053
2020-03-31,20.0,1.1533062499999858
2020-03-31,30.0,1.3545562500000052
2020-04-01,0.08333333333333333,0.03000225000002743
2020-04-01,0.25,0.09002025000002245
2020-04-01,0.5,0.14004899999997544
2020-04-01,1.0,0.1600639999999931
2020-04-01,2.0,0.2301322499999925
2020-04-01,3.0,0.28019600000002143
2020-04-01,5.0,0.37034224999998866
2020-04-01,7.0,0.510650250000011
2020-04-01,10.0,0.6209610000000199
2020-04-01,20.0,1.0427040000000165
2020-04-01,30.0,1.2740322500000234
2020-04-02,0.08333333333333333,0.09002025000002245
2020-04-02,0.25,0.09002025000002245
2020-04-02,0.5,0.1500562499999969
2020-04-02,1.0,0.14004899999997544
2020-04-02,2.0,0.2301322499999925
2020-04-02,3.0,0.29021025000000034
2020-04-02,5.0,0.39038024999997756
2020-04-02,7.0,0.5307022500000036
2020-04-02,10.0,0.6309922500000065
2020-04-02,20.0,1.0427040000000165
2020-04-02,30.0,1.263968999999987
2020-04-03,0.08333333333333333,0.09002025000002245
2020-04-03,0.25,0.10002499999999248
2020-04-03,0.5,0.1500562499999969
2020-04-03,1.0,0.1500562499999969
2020-04-03,2.0,0.2301322499999925
2020-04-03,3.0,0.3002250000000206
2020-04-03,5.0,0.39038024999997756
2020-04-03,7.0,0.5206759999999866
2020-04-03,10.0,0.6209610000000199
2020-04-03,20.0,1.0527562499999865
2020-04-03,30.0,1.243843999999994
2020-04-06,0.08333333333333333,0.09002025000002245
2020-04-06,0.25,0.1500562499999969
2020-04-06,0.5,0.17007225000000847
2020-04-06,1.0,0.20009999999996975
2020-04-06,2.0,0.27018224999999507
2020-04-06,3.0,0.3503062499999876
2020-04-06,5.0,0.44048399999998544
2020-04-06,7.0,0.5808409999999764
2020-04-06,10.0,0.6711222499999892
2020-04-06,20.0,1.0829160000000115
2020-04-06,30.0,1.2740322500000234
2020-04-07,0.08333333333333333,0.10002499999999248
2020-04-07,0.25,0.14004899999997544
2020-04-07,0.5,0.20009999999996975
2020-04-07,1.0,0.20009999999996975
2020-04-07,2.0,0.28019600000002143
2020-04-07,3.0,0.36032400000001186
2020-04-07,5.0,0.4805759999999992
2020-04-07,7.0,0.6410240000000123
2020-04-07,10.0,0.7514062499999863
2020-04-07,20.0,1.1331922499999925
2020-04-07,30.0,1.324355999999982
2020-04-08,0.08333333333333333,0.14004899999997544
2020-04-08,0.25,0.22012100000001755
2020-04-08,0.5,0.2401440000000088
2020-04-08,1.0,0.2301322499999925
2020-04-08,2.0,0.27018224999999507
2020-04-08,3.0,0.3402890000000047
2020-04-08,5.0,0.47055225000001144
2020-04-08,7.0,0.6510562499999928
2020-04-08,10.0,0.7714822499999885
2020-04-08,20.0,1.1834810000000084
2020-04-08,30.0,1.374692249999998
2020-04-09,0.08333333333333333,0.20009999999996975
2020-04-09,0.25,0.25015624999999986
2020-04-09,0.5,0.2401440000000088
2020-04-09,1.0,0.25015624999999986
2020-04-09,2.0,0.2301322499999925
2020-04-09,3.0,0.29021025000000034
2020-04-09,5.0,0.4104202500000209
2020-04-09,7.0,0.6008999999999709
2020-04-09,10.0,0.7313322499999941
2020-04-09,20.0,1.1533062499999858
2020-04-09,30.0,1.3545562500000052
2020-04-13,0.08333333333333333,0.17007225000000847
2020-04-13,0.25,0.2601690000000101
2020-04-13,0.5,0.27018224999999507
2020-04-13,1.0,0.27018224999999507
2020-04-13,2.0,0.25015624999999986
2020-04-13,3.0,0.31024024999999344
2020-04-13,5.0,0.44048399999998544
2020-04-13,7.0,0.6309922500000065
2020-04-13,10.0,0.761444
2020-04-13,20.0,1.1935402499999803
2020-04-13,30.0,1.394830250000001
2020-04-14,0.08333333333333333,0.17007225000000847
2020-04-14,0.25,0.20009999999996975
2020-04-14,0.5,0.2401440000000088
2020-04-14,1.0,0.25015624999999986
2020-04-14,2.0,0.2301322499999925
2020-04-14,3.0,0.29021025000000034
2020-04-14,5.0,0.4204410000000047
2020-04-14,7.0,0.610930250000008
2020-04-14,10.0,0.761444
2020-04-14,20.0,1.1935402499999803
2020-04-14,30.0,1.4149702499999917
2020-04-15,0.08333333333333333,0.14004899999997544
2020-04-15,0.25,0.14004899999997544
2020-04-15,0.5,0.1900902500000079
2020-04-15,1.0,0.1900902500000079
2020-04-15,2.0,0.20009999999996975
2020-04-15,3.0,0.2401440000000088
2020-04-15,5.0,0.3402890000000047
2020-04-15,7.0,0.4906002500000062
2020-04-15,10.0,0.6309922500000065
2020-04-15,20.0,1.06280900000002
2020-04-15,30.0,1.2740322500000234
2020-04-16,0.08333333333333333,0.14004899999997544
2020-04-16,0.25,0.14004899999997544
2020-04-16,0.5,0.1800809999999764
2020-04-16,1.0,0.17007225000000847
2020-04-16,2.0,0.20009999999996975
2020-04-16,3.0,0.25015624999999986
2020-04-16,5.0,0.3503062499999876
2020-04-16,7.0,0.5006249999999879
2020-04-16,10.0,0.610930250000008
2020-04-16,20.0,1.0125502499999994
2020-04-16,30.0,1.213660250000026
2020-04-17,0.08333333333333333,0.12003599999999004
2020-04-17,0.25,0.12003599999999004
2020-04-17,0.5,0.1600639999999931
2020-04-17,1.0,0.1600639999999931
2020-04-17,2.0,0.20009999999996975
2020-04-17,3.0,0.2601690000000101
2020-04-17,5.0,0.36032400000001186
2020-04-17,7.0,0.5307022500000036
2020-04-17,10.0,0.6510562499999928
2020-04-17,20.0,1.0829160000000115
2020-04-17,30.0,1.2740322500000234
2020-04-20,0.08333333333333333,0.10002499999999248
2020-04-20,0.25,0.12003599999999004
2020-04-20,0.5,0.1500562499999969
2020-04-20,1.0,0.1500562499999969
2020-04-20,2.0,0.20009999999996975
2020-04-20,3.0,0.2601690000000101
2020-04-20,5.0,0.3503062499999876
2020-04-20,7.0,0.510650250000011
2020-04-20,10.0,0.6309922500000065
2020-04-20,20.0,1.0427040000000165
2020-04-20,30.0,1.233782250000015
2020-04-21,0.08333333333333333,0.08001599999998277
2020-04-21,0.25,0.11003025000000388
2020-04-21,0.5,0.14004899999997544
2020-04-21,1.0,0.17007225000000847
2020-04-21,2.0,0.20009999999996975
2020-04-21,3.0,0.2401440000000088
2020-04-21,5.0,0.3402890000000047
2020-04-21,7.0,0.4805759999999992
2020-04-21,10.0,0.5808409999999764
2020-04-21,20.0,0.9824009999999772
2020-04-21,30.0,1.1734222499999891
2020-04-22,0.08333333333333333,0.09002025000002245
2020-04-22,0.25,0.12003599999999004
2020-04-22,0.5,0.14004899999997544
2020-04-22,1.0,0.1600639999999931
2020-04-22,2.0,0.22012100000001755
2020-04-22,3.0,0.2601690000000101
2020-04-22,5.0,0.37034224999998866
2020-04-22,7.0,0.5206759999999866
2020-04-22,10.0,0.6309922500000065
2020-04-22,20.0,1.032652249999999
2020-04-22,30.0,1.2237209999999887
2020-04-23,0.08333333333333333,0.09002025000002245
2020-04-23,0.25,0.11003025000000388
2020-04-23,0.5,0.14004899999997544
2020-04-23,1.0,0.17007225000000847
2020-04-23,2.0,0.22012100000001755
2020-04-23,3.0,0.2601690000000101
2020-04-23,5.0,0.37034224999998866
2020-04-23,7.0,0.510650250000011
2020-04-23,10.0,0.610930250000008
2020-04-23,20.0,0.9924502500000099
2020-04-23,30.0,1.1834810000000084
2020-04-24,0.08333333333333333,0.10002499999999248
2020-04-24,0.25,0.12003599999999004
2020-04-24,0.5,0.14004899999997544
2020-04-24,1.0,0.1800809999999764
2020-04-24,2.0,0.22012100000001755
2020-04-24,3.0,0.2601690000000101
2020-04-24,5.0,0.36032400000001186
2020-04-24,7.0,0.510650250000011
2020-04-24,10.0,0.6008999999999709
2020-04-24,20.0,0.9824009999999772
2020-04-24,30.0,1.1734222499999891
2020-04-27,0.08333333333333333,0.09002025000002245
2020-04-27,0.25,0.12003599999999004
2020-04-27,0.5,0.1500562499999969
2020-04-27,1.0,0.17007225000000847
2020-04-27,2.0,0.2401440000000088
2020-04-27,3.0,0.29021025000000034
2020-04-27,5.0,0.4104202500000209
2020-04-27,7.0,0.560783999999992
2020-04-27,10.0,0.6711222499999892
2020-04-27,20.0,1.06280900000002
2020-04-27,30.0,1.2539062500000142
2020-04-28,0.08333333333333333,0.08001599999998277
2020-04-28,0.25,0.11003025000000388
2020-04-28,0.5,0.13004225000001757
2020-04-28,1.0,0.1600639999999931
2020-04-28,2.0,0.20009999999996975
2020-04-28,3.0,0.2601690000000101
2020-04-28,5.0,0.37034224999998866
2020-04-28,7.0,0.5206759999999866
2020-04-28,10.0,0.6209610000000199
2020-04-28,20.0,1.0024999999999729
2020-04-28,30.0,1.2035999999999936
2020-04-29,0.08333333333333333,0.10002499999999248
2020-04-29,0.25,0.10002499999999248
2020-04-29,0.5,0.12003599999999004
2020-04-29,1.0,0.1800809999999764
2020-04-29,2.0,0.20009999999996975
2020-04-29,3.0,0.2401440000000088
2020-04-29,5.0,0.36032400000001186
2020-04-29,7.0,0.5206759999999866
2020-04-29,10.0,0.6309922500000065
2020-04-29,20.0,1.022601000000023
2020-04-29,30.0,1.243843999999994
2020-04-30,0.08333333333333333,0.10002499999999248
2020-04-30,0.25,0.09002025000002245
2020-04-30,0.5,0.11003025000000388
2020-04-30,1.0,0.1600639999999931
2020-04-30,2.0,0.20009999999996975
2020-04-30,3.0,0.2401440000000088
2020-04-30,5.0,0.36032400000001186
2020-04-30,7.0,0.5307022500000036
2020-04-30,10.0,0.6410240000000123
2020-04-30,20.0,1.0527562499999865
2020-04-30,30.0,1.2840959999999901
2020-05-01,0.08333333333333333,0.10002499999999248
2020-05-01,0.25,0.12003599999999004
2020-05-01,0.5,0.12003599999999004
2020-05-01,1.0,0.17007225000000847
2020-05-01,2.0,0.20009999999996975
2020-05-01,3.0,0.25015624999999986
2020-05-01,5.0,0.36032400000001186
2020-05-01,7.0,0.5307022500000036
2020-05-01,10.0,0.6410240000000123
2020-05-01,20.0,1.0427040000000165
2020-05-01,30.0,1.2740322500000234
2020-05-04,0.08333333333333333,0.10002499999999248
2020-05-04,0.25,0.13004225000001757
2020-05-04,0.5,0.14004899999997544
2020-05-04,1.0,0.1600639999999931
2020-05-04,2.0,0.1900902500000079
2020-05-04,3.0,0.2401440000000088
2020-05-04,5.0,0.36032400000001186
2020-05-04,7.0,0.5206759999999866
2020-05-04,10.0,0.6410240000000123
2020-05-04,20.0,1.0527562499999865
2020-05-04,30.0,1.2941602500000204
2020-05-05,0.08333333333333333,0.09002025000002245
2020-05-05,0.25,0.13004225000001757
2020-05-05,0.5,0.1500562499999969
2020-05-05,1.0,0.1600639999999931
2020-05-05,2.0,0.1900902500000079
2020-05-05,3.0,0.2401440000000088
2020-05-05,5.0,0.36032400000001186
2020-05-05,7.0,0.5307022500000036
2020-05-05,10.0,0.6610890000000147
2020-05-05,20.0,1.072862249999984
2020-05-05,30.0,1.324355999999982
2020-05-06,0.08333333333333333,0.08001599999998277
2020-05-06,0.25,0.12003599999999004
2020-05-06,0.5,0.1600639999999931
2020-05-06,1.0,0.1600639999999931
2020-05-06,2.0,0.17007225000000847
2020-05-06,3.0,0.2401440000000088
2020-05-06,5.0,0.37034224999998866
2020-05-06,7.0,0.5708122499999968
2020-05-06,10.0,0.7212960000000157
2020-05-06,20.0,1.1633640000000112
2020-05-06,30.0,1.4149702499999917
2020-05-07,0.08333333333333333,0.10002499999999248
2020-05-07,0.25,0.11003025000000388
2020-05-07,0.5,0.14004899999997544
2020-05-07,1.0,0.1500562499999969
2020-05-07,2.0,0.13004225000001757
2020-05-07,3.0,0.1900902500000079
2020-05-07,5.0,0.29021025000000034
2020-05-07,7.0,0.4906002500000062
2020-05-07,10.0,0.6309922500000065
2020-05-07,20.0,1.0527562499999865
2020-05-07,30.0,1.3142902500000053
2020-05-08,0.08333333333333333,0.10002499999999248
2020-05-08,0.25,0.12003599999999004
2020-05-08,0.5,0.1500562499999969
2020-05-08,1.0,0.1500562499999969
2020-05-08,2.0,0.1600639999999931
2020-05-08,3.0,0.21011024999999517
2020-05-08,5.0,0.3302722499999966
2020-05-08,7.0,0.5307022500000036
2020-05-08,10.0,0.6911902499999956
2020-05-08,20.0,1.1231360000000024
2020-05-08,30.0,1.394830250000001
2020-05-11,0.08333333333333333,0.09002025000002245
2020-05-11,0.25,0.12003599999999004
2020-05-11,0.5,0.1600639999999931
2020-05-11,1.0,0.1600639999999931
2020-05-11,2.0,0.17007225000000847
2020-05-11,3.0,0.2401440000000088
2020-05-11,5.0,0.36032400000001186
2020-05-11,7.0,0.560783999999992
2020-05-11,10.0,0.7313322499999941
2020-05-11,20.0,1.1633640000000112
2020-05-11,30.0,1.4351122499999924
2020-05-12,0.08333333333333333,0.10002499999999248
2020-05-12,0.25,0.13004225000001757
2020-05-12,0.5,0.1600639999999931
2020-05-12,1.0,0.1600639999999931
2020-05-12,2.0,0.17007225000000847
2020-05-12,3.0,0.22012100000001755
2020-05-12,5.0,0.3402890000000047
2020-05-12,7.0,0.5307022500000036
2020-05-12,10.0,0.6911902499999956
2020-05-12,20.0,1.113080249999987
2020-05-12,30.0,1.3847609999999788
2020-05-13,0.08333333333333333,0.10002499999999248
2020-05-13,0.25,0.13004225000001757
2020-05-13,0.5,0.1500562499999969
2020-05-13,1.0,0.1500562499999969
2020-05-13,2.0,0.1600639999999931
2020-05-13,3.0,0.20009999999996975
2020-05-13,5.0,0.31024024999999344
2020-05-13,7.0,0.5006249999999879
2020-05-13,10.0,0.6410240000000123
2020-05-13,20.0,1.072862249999984
2020-05-13,30.0,1.3545562500000052
2020-05-14,0.08333333333333333,0.09002025000002245
2020-05-14,0.25,0.12003599999999004
2020-05-14,0.5,0.1500562499999969
2020-05-14,1.0,0.1500562499999969
2020-05-14,2.0,0.1600639999999931
2020-05-14,3.0,0.20009999999996975
2020-05-14,5.0,0.31024024999999344
2020-05-14,7.0,0.4805759999999992
2020-05-14,10.0,0.6309922500000065
2020-05-14,20.0,1.032652249999999
2020-05-14,30.0,1.304224999999981
2020-05-15,0.08333333333333333,0.09002025000002245
2020-05-15,0.25,0.12003599999999004
2020-05-15,0.5,0.1500562499999969
2020-05-15,1.0,0.1500562499999969
2020-05-15,2.0,0.1600639999999931
2020-05-15,3.0,0.1900902500000079
2020-05-15,5.0,0.31024024999999344
2020-05-15,7.0,0.4906002500000062
2020-05-15,10.0,0.6410240000000123
2020-05-15,20.0,1.0527562499999865
2020-05-15,30.0,1.324355999999982
2020-05-18,0.08333333333333333,0.10002499999999248
2020-05-18,0.25,0.13004225000001757
2020-05-18,0.5,0.1500562499999969
2020-05-18,1.0,0.17007225000000847
2020-05-18,2.0,0.1800809999999764
2020-05-18,3.0,0.2401440000000088
2020-05-18,5.0,0.38036100000000683
2020-05-18,7.0,0.5708122499999968
2020-05-18,10.0,0.7313322499999941
2020-05-18,20.0,1.1734222499999891
2020-05-18,30.0,1.4451840000000216
2020-05-19,0.08333333333333333,0.09002025000002245
2020-05-19,0.25,0.13004225000001757
2020-05-19,0.5,0.1500562499999969
2020-05-19,1.0,0.1600639999999931
2020-05-19,2.0,0.17007225000000847
2020-05-19,3.0,0.22012100000001755
2020-05-19,5.0,0.3503062499999876
2020-05-19,7.0,0.5407289999999954
2020-05-19,10.0,0.7012250000000053
2020-05-19,20.0,1.1533062499999858
2020-05-19,30.0,1.4351122499999924
2020-05-20,0.08333333333333333,0.08001599999998277
2020-05-20,0.25,0.12003599999999004
2020-05-20,0.5,0.14004899999997544
2020-05-20,1.0,0.1600639999999931
2020-05-20,2.0,0.1600639999999931
2020-05-20,3.0,0.21011024999999517
2020-05-20,5.0,0.3402890000000047
2020-05-20,7.0,0.5307022500000036
2020-05-20,10.0,0.681156000000005
2020-05-20,20.0,1.1935402499999803
2020-05-20,30.0,1.4048999999999756
2020-05-21,0.08333333333333333,0.09002025000002245
2020-05-21,0.25,0.12003599999999004
2020-05-21,0.5,0.14004899999997544
2020-05-21,1.0,0.1600639999999931
2020-05-21,2.0,0.17007225000000847
2020-05-21,3.0,0.21011024999999517
2020-05-21,5.0,0.3503062499999876
2020-05-21,7.0,0.5307022500000036
2020-05-21,10.0,0.681156000000005
2020-05-21,20.0,1.1633640000000112
2020-05-21,30.0,1.4048999999999756
2020-05-22,0.08333333333333333,0.09002025000002245
2020-05-22,0.25,0.12003599999999004
2020-05-22,0.5,0.1600639999999931
2020-05-22,1.0,0.17007225000000847
2020-05-22,2.0,0.17007225000000847
2020-05-22,3.0,0.21011024999999517
2020-05-22,5.0,0.3402890000000047
2020-05-22,7.0,0.510650250000011
2020-05-22,10.0,0.6610890000000147
2020-05-22,20.0,1.1231360000000024
2020-05-22,30.0,1.374692249999998
2020-05-26,0.08333333333333333,0.10002499999999248
2020-05-26,0.25,0.14004899999997544
2020-05-26,0.5,0.17007225000000847
2020-05-26,1.0,0.17007225000000847
2020-05-26,2.0,0.1800809999999764
2020-05-26,3.0,0.22012100000001755
2020-05-26,5.0,0.3503062499999876
2020-05-26,7.0,0.5307022500000036
2020-05-26,10.0,0.6911902499999956
2020-05-26,20.0,1.1935402499999803
2020-05-26,30.0,1.4351122499999924
2020-05-27,0.08333333333333333,0.11003025000000388
2020-05-27,0.25,0.1500562499999969
2020-05-27,0.5,0.17007225000000847
2020-05-27,1.0,0.1800809999999764
2020-05-27,2.0,0.1900902500000079
2020-05-27,3.0,0.22012100000001755
2020-05-27,5.0,0.3402890000000047
2020-05-27,7.0,0.5206759999999866
2020-05-27,10.0,0.681156000000005
2020-05-27,20.0,1.1935402499999803
2020-05-27,30.0,1.4451840000000216
2020-05-28,0.08333333333333333,0.14004899999997544
2020-05-28,0.25,0.1500562499999969
2020-05-28,0.5,0.1800809999999764
2020-05-28,1.0,0.17007225000000847
2020-05-28,2.0,0.17007225000000847
2020-05-28,3.0,0.22012100000001755
2020-05-28,5.0,0.3402890000000047
2020-05-28,7.0,0.5407289999999954
2020-05-28,10.0,0.7012250000000053
2020-05-28,20.0,1.233782250000015
2020-05-28,30.0,1.475402250000002
2020-05-29,0.08333333333333333,0.13004225000001757
2020-05-29,0.25,0.14004899999997544
2020-05-29,0.5,0.1800809999999764
2020-05-29,1.0,0.17007225000000847
2020-05-29,2.0,0.1600639999999931
2020-05-29,3.0,0.1900902500000079
2020-05-29,5.0,0.3002250000000206
2020-05-29,7.0,0.5006249999999879
2020-05-29,10.0,0.6510562499999928
2020-05-29,20.0,1.1834810000000084
2020-05-29,30.0,1.4149702499999917
2020-06-01,0.08333333333333333,0.12003599999999004
2020-06-01,0.25,0.14004899999997544
2020-06-01,0.5,0.1800809999999764
2020-06-01,1.0,0.17007225000000847
2020-06-01,2.0,0.14004899999997544
2020-06-01,3.0,0.20009999999996975
2020-06-01,5.0,0.31024024999999344
2020-06-01,7.0,0.5006249999999879
2020-06-01,10.0,0.6610890000000147
2020-06-01,20.0,1.2237209999999887
2020-06-01,30.0,1.4653290000000263
2020-06-02,0.08333333333333333,0.12003599999999004
2020-06-02,0.25,0.1500562499999969
2020-06-02,0.5,0.1800809999999764
2020-06-02,1.0,0.17007225000000847
2020-06-02,2.0,0.17007225000000847
2020-06-02,3.0,0.20009999999996975
2020-06-02,5.0,0.32025600000000765
2020-06-02,7.0,0.5206759999999866
2020-06-02,10.0,0.681156000000005
2020-06-02,20.0,1.243843999999994
2020-06-02,30.0,1.485476000000019
2020-06-03,0.08333333333333333,0.12003599999999004
2020-06-03,0.25,0.1600639999999931
2020-06-03,0.5,0.1900902500000079
2020-06-03,1.0,0.17007225000000847
2020-06-03,2.0,0.1900902500000079
2020-06-03,3.0,0.2601690000000101
2020-06-03,5.0,0.38036100000000683
2020-06-03,7.0,0.5908702499999974
2020-06-03,10.0,0.7714822499999885
2020-06-03,20.0,1.324355999999982
2020-06-03,30.0,1.566084000000001
2020-06-04,0.08333333333333333,0.13004225000001757
2020-06-04,0.25,0.1500562499999969
2020-06-04,0.5,0.1800809999999764
2020-06-04,1.0,0.17007225000000847
2020-06-04,2.0,0.1900902500000079
2020-06-04,3.0,0.2601690000000101
2020-06-04,5.0,0.40039999999998965
2020-06-04,7.0,0.6309922500000065
2020-06-04,10.0,0.8216809999999963
2020-06-04,20.0,1.3847609999999788
2020-06-04,30.0,1.6164802499999853
2020-06-05,0.08333333333333333,0.13004225000001757
2020-06-05,0.25,0.1500562499999969
2020-06-05,0.5,0.1800809999999764
2020-06-05,1.0,0.1800809999999764
2020-06-05,2.0,0.22012100000001755
2020-06-05,3.0,0.29021025000000034
2020-06-05,5.0,0.47055225000001144
2020-06-05,7.0,0.7112602499999898
2020-06-05,10.0,0.9120702500000188
2020-06-05,20.0,1.4653290000000263
2020-06-05,30.0,1.6870559999999868
2020-06-08,0.08333333333333333,0.1500562499999969
2020-06-08,0.25,0.17007225000000847
2020-06-08,0.5,0.1900902500000079
2020-06-08,1.0,0.1900902500000079
2020-06-08,2.0,0.22012100000001755
2020-06-08,3.0,0.29021025000000034
2020-06-08,5.0,0.45050625000002675
2020-06-08,7.0,0.6911902499999956
2020-06-08,10.0,0.8819359999999943
2020-06-08,20.0,1.4351122499999924
2020-06-08,30.0,1.6568062500000202
2020-06-09,0.08333333333333333,0.14004899999997544
2020-06-09,0.25,0.1900902500000079
2020-06-09,0.5,0.1900902500000079
2020-06-09,1.0,0.1900902500000079
2020-06-09,2.0,0.20009999999996975
2020-06-09,3.0,0.25015624999999986
2020-06-09,5.0,0.40039999999998965
2020-06-09,7.0,0.6510562499999928
2020-06-09,10.0,0.8417640000000004
2020-06-09,20.0,1.374692249999998
2020-06-09,30.0,1.596320249999983
2020-06-10,0.08333333333333333,0.13004225000001757
2020-06-10,0.25,0.17007225000000847
2020-06-10,0.5,0.1900902500000079
2020-06-10,1.0,0.1800809999999764
2020-06-10,2.0,0.17007225000000847
2020-06-10,3.0,0.22012100000001755
2020-06-10,5.0,0.3302722499999966
2020-06-10,7.0,0.560783999999992
2020-06-10,10.0,0.7514062499999863
2020-06-10,20.0,1.3142902500000053
2020-06-10,30.0,1.5358522499999916
2020-06-11,0.08333333333333333,0.14004899999997544
2020-06-11,0.25,0.17007225000000847
2020-06-11,0.5,0.1800809999999764
2020-06-11,1.0,0.1900902500000079
2020-06-11,2.0,0.1900902500000079
2020-06-11,3.0,0.22012100000001755
2020-06-11,5.0,0.32025600000000765
2020-06-11,7.0,0.510650250000011
2020-06-11,10.0,0.6610890000000147
2020-06-11,20.0,1.1935402499999803
2020-06-11,30.0,1.4149702499999917
2020-06-12,0.08333333333333333,0.14004899999997544
2020-06-12,0.25,0.1600639999999931
2020-06-12,0.5,0.1800809999999764
2020-06-12,1.0,0.1800809999999764
2020-06-12,2.0,0.1900902500000079
2020-06-12,3.0,0.22012100000001755
2020-06-12,5.0,0.3302722499999966
2020-06-12,7.0,0.5407289999999954
2020-06-12,10.0,0.7112602499999898
2020-06-12,20.0,1.243843999999994
2020-06-12,30.0,1.4552562500000032
2020-06-15,0.08333333333333333,0.1500562499999969
2020-06-15,0.25,0.1800809999999764
2020-06-15,0.5,0.1900902500000079
2020-06-15,1.0,0.17007225000000847
2020-06-15,2.0,0.1900902500000079
2020-06-15,3.0,0.22012100000001755
2020-06-15,5.0,0.3302722499999966
2020-06-15,7.0,0.5407289999999954
2020-06-15,10.0,0.7112602499999898
2020-06-15,20.0,1.243843999999994
2020-06-15,30.0,1.4552562500000032
2020-06-16,0.08333333333333333,0.14004899999997544
2020-06-16,0.25,0.17007225000000847
2020-06-16,0.5,0.1900902500000079
2020-06-16,1.0,0.1800809999999764
2020-06-16,2.0,0.21011024999999517
2020-06-16,3.0,0.2301322499999925
2020-06-16,5.0,0.3402890000000047
2020-06-16,7.0,0.560783999999992
2020-06-16,10.0,0.7514062499999863
2020-06-16,20.0,1.3142902500000053
2020-06-16,30.0,1.5459290000000125
2020-06-17,0.08333333333333333,0.13004225000001757
2020-06-17,0.25,0.17007225000000847
2020-06-17,0.5,0.1800809999999764
2020-06-17,1.0,0.1900902500000079
2020-06-17,2.0,0.1900902500000079
2020-06-17,3.0,0.2301322499999925
2020-06-17,5.0,0.3402890000000047
2020-06-17,7.0,0.5507562500000063
2020-06-17,10.0,0.7413690000000139
2020-06-17,20.0,1.304224999999981
2020-06-17,30.0,1.525776000000012
2020-06-18,0.08333333333333333,0.13004225000001757
2020-06-18,0.25,0.1600639999999931
2020-06-18,0.5,0.17007225000000847
2020-06-18,1.0,0.1900902500000079
2020-06-18,2.0,0.1900902500000079
2020-06-18,3.0,0.22012100000001755
2020-06-18,5.0,0.3402890000000047
2020-06-18,7.0,0.5407289999999954
2020-06-18,10.0,0.7112602499999898
2020-06-18,20.0,1.243843999999994
2020-06-18,30.0,1.475402250000002
2020-06-19,0.08333333333333333,0.13004225000001757
2020-06-19,0.25,0.1500562499999969
2020-06-19,0.5,0.17007225000000847
2020-06-19,1.0,0.1800809999999764
2020-06-19,2.0,0.1900902500000079
2020-06-19,3.0,0.22012100000001755
2020-06-19,5.0,0.3302722499999966
2020-06-19,7.0,0.5307022500000036
2020-06-19,10.0,0.7012250000000053
2020-06-19,20.0,1.233782250000015
2020-06-19,30.0,1.475402250000002
2020-06-22,0.08333333333333333,0.14004899999997544
2020-06-22,0.25,0.1600639999999931
2020-06-22,0.5,0.1800809999999764
2020-06-22,1.0,0.17007225000000847
2020-06-22,2.0,0.1900902500000079
2020-06-22,3.0,0.22012100000001755
2020-06-22,5.0,0.3402890000000047
2020-06-22,7.0,0.5407289999999954
2020-06-22,10.0,0.7112602499999898
2020-06-22,20.0,1.233782250000015
2020-06-22,30.0,1.4653290000000263
2020-06-23,0.08333333333333333,0.12003599999999004
2020-06-23,0.25,0.1600639999999931
2020-06-23,0.5,0.17007225000000847
2020-06-23,1.0,0.1800809999999764
2020-06-23,2.0,0.1800809999999764
2020-06-23,3.0,0.22012100000001755
2020-06-23,5.0,0.3302722499999966
2020-06-23,7.0,0.5407289999999954
2020-06-23,10.0,0.7212960000000157
2020-06-23,20.0,1.2539062500000142
2020-06-23,30.0,1.4955502499999884
2020-06-24,0.08333333333333333,0.11003025000000388
2020-06-24,0.25,0.1500562499999969
2020-06-24,0.5,0.17007225000000847
2020-06-24,1.0,0.17007225000000847
2020-06-24,2.0,0.1900902500000079
2020-06-24,3.0,0.21011024999999517
2020-06-24,5.0,0.3302722499999966
2020-06-24,7.0,0.5206759999999866
2020-06-24,10.0,0.6911902499999956
2020-06-24,20.0,1.213660250000026
2020-06-24,30.0,1.4451840000000216
2020-06-25,0.08333333333333333,0.13004225000001757
2020-06-25,0.25,0.1600639999999931
2020-06-25,0.5,0.17007225000000847
2020-06-25,1.0,0.17007225000000847
2020-06-25,2.0,0.17007225000000847
2020-06-25,3.0,0.21011024999999517
2020-06-25,5.0,0.32025600000000765
2020-06-25,7.0,0.5307022500000036
2020-06-25,10.0,0.681156000000005
2020-06-25,20.0,1.2035999999999936
2020-06-25,30.0,1.4351122499999924
2020-06-26,0.08333333333333333,0.12003599999999004
2020-06-26,0.25,0.14004899999997544
2020-06-26,0.5,0.17007225000000847
2020-06-26,1.0,0.17007225000000847
2020-06-26,2.0,0.17007225000000847
2020-06-26,3.0,0.1900902500000079
2020-06-26,5.0,0.3002250000000206
2020-06-26,7.0,0.4906002500000062
2020-06-26,10.0,0.6410240000000123
2020-06-26,20.0,1.1533062499999858
2020-06-26,30.0,1.374692249999998
2020-06-29,0.08333333333333333,0.11003025000000388
2020-06-29,0.25,0.14004899999997544
2020-06-29,0.5,0.1800809999999764
2020-06-29,1.0,0.1600639999999931
2020-06-29,2.0,0.1600639999999931
2020-06-29,3.0,0.1800809999999764
2020-06-29,5.0,0.28019600000002143
2020-06-29,7.0,0.47055225000001144
2020-06-29,10.0,0.6410240000000123
2020-06-29,20.0,1.1633640000000112
2020-06-29,30.0,1.394830250000001
2020-06-30,0.08333333333333333,0.13004225000001757
2020-06-30,0.25,0.1600639999999931
2020-06-30,0.5,0.1800809999999764
2020-06-30,1.0,0.1600639999999931
2020-06-30,2.0,0.1600639999999931
2020-06-30,3.0,0.1800809999999764
2020-06-30,5.0,0.29021025000000034
2020-06-30,7.0,0.4906002500000062
2020-06-30,10.0,0.6610890000000147
2020-06-30,20.0,1.1834810000000084
2020-06-30,30.0,1.4149702499999917
2020-07-01,0.08333333333333333,0.12003599999999004
2020-07-01,0.25,0.14004899999997544
2020-07-01,0.5,0.17007225000000847
2020-07-01,1.0,0.1600639999999931
2020-07-01,2.0,0.17007225000000847
2020-07-01,3.0,0.1900902500000079
2020-07-01,5.0,0.31024024999999344
2020-07-01,7.0,0.5206759999999866
2020-07-01,10.0,0.6911902499999956
2020-07-01,20.0,1.2035999999999936
2020-07-01,30.0,1.4351122499999924
2020-07-02,0.08333333333333333,0.13004225000001757
2020-07-02,0.25,0.14004899999997544
2020-07-02,0.5,0.1600639999999931
2020-07-02,1.0,0.1600639999999931
2020-07-02,2.0,0.1600639999999931
2020-07-02,3.0,0.1900902500000079
2020-07-02,5.0,0.29021025000000034
2020-07-02,7.0,0.5006249999999879
2020-07-02,10.0,0.681156000000005
2020-07-02,20.0,1.2035999999999936
2020-07-02,30.0,1.4351122499999924
2020-07-06,0.08333333333333333,0.12003599999999004
2020-07-06,0.25,0.1500562499999969
2020-07-06,0.5,0.1600639999999931
2020-07-06,1.0,0.1600639999999931
2020-07-06,2.0,0.1600639999999931
2020-07-06,3.0,0.1900902500000079
2020-07-06,5.0,0.31024024999999344
2020-07-06,7.0,0.510650250000011
2020-07-06,10.0,0.6911902499999956
2020-07-06,20.0,1.213660250000026
2020-07-06,30.0,1.4552562500000032
2020-07-07,0.08333333333333333,0.12003599999999004
2020-07-07,0.25,0.1500562499999969
2020-07-07,0.5,0.17007225000000847
2020-07-07,1.0,0.1500562499999969
2020-07-07,2.0,0.1600639999999931
2020-07-07,3.0,0.1900902500000079
2020-07-07,5.0,0.29021025000000034
2020-07-07,7.0,0.4805759999999992
2020-07-07,10.0,0.6510562499999928
2020-07-07,20.0,1.1533062499999858
2020-07-07,30.0,1.3847609999999788
2020-07-08,0.08333333333333333,0.11003025000000388
2020-07-08,0.25,0.1500562499999969
2020-07-08,0.5,0.17007225000000847
2020-07-08,1.0,0.1500562499999969
2020-07-08,2.0,0.1600639999999931
2020-07-08,3.0,0.1900902500000079
2020-07-08,5.0,0.3002250000000206
2020-07-08,7.0,0.4906002500000062
2020-07-08,10.0,0.6711222499999892
2020-07-08,20.0,1.1633640000000112
2020-07-08,30.0,1.394830250000001
2020-07-09,0.08333333333333333,0.11003025000000388
2020-07-09,0.25,0.13004225000001757
2020-07-09,0.5,0.1600639999999931
2020-07-09,1.0,0.1500562499999969
2020-07-09,2.0,0.1600639999999931
2020-07-09,3.0,0.1800809999999764
2020-07-09,5.0,0.28019600000002143
2020-07-09,7.0,0.4605289999999984
2020-07-09,10.0,0.6209610000000199
2020-07-09,20.0,1.0929702499999916
2020-07-09,30.0,1.324355999999982
2020-07-10,0.08333333333333333,0.10002499999999248
2020-07-10,0.25,0.13004225000001757
2020-07-10,0.5,0.1500562499999969
2020-07-10,1.0,0.1500562499999969
2020-07-10,2.0,0.1600639999999931
2020-07-10,3.0,0.1900902500000079
2020-07-10,5.0,0.3002250000000206
2020-07-10,7.0,0.4906002500000062
2020-07-10,10.0,0.6510562499999928
2020-07-10,20.0,1.1231360000000024
2020-07-10,30.0,1.3344222500000003
2020-07-13,0.08333333333333333,0.11003025000000388
2020-07-13,0.25,0.14004899999997544
2020-07-13,0.5,0.1500562499999969
2020-07-13,1.0,0.1600639999999931
2020-07-13,2.0,0.1600639999999931
2020-07-13,3.0,0.1900902500000079
2020-07-13,5.0,0.3002250000000206
2020-07-13,7.0,0.4805759999999992
2020-07-13,10.0,0.6410240000000123
2020-07-13,20.0,1.113080249999987
2020-07-13,30.0,1.3344222500000003
2020-07-14,0.08333333333333333,0.11003025000000388
2020-07-14,0.25,0.1500562499999969
2020-07-14,0.5,0.14004899999997544
2020-07-14,1.0,0.17007225000000847
2020-07-14,2.0,0.14004899999997544
2020-07-14,3.0,0.1900902500000079
2020-07-14,5.0,0.28019600000002143
2020-07-14,7.0,0.47055225000001144
2020-07-14,10.0,0.6309922500000065
2020-07-14,20.0,1.0929702499999916
2020-07-14,30.0,1.304224999999981
2020-07-15,0.08333333333333333,0.12003599999999004
2020-07-15,0.25,0.1600639999999931
2020-07-15,0.5,0.1500562499999969
2020-07-15,1.0,0.1500562499999969
2020-07-15,2.0,0.1600639999999931
2020-07-15,3.0,0.1800809999999764
2020-07-15,5.0,0.28019600000002143
2020-07-15,7.0,0.47055225000001144
2020-07-15,10.0,0.6410240000000123
2020-07-15,20.0,1.113080249999987
2020-07-15,30.0,1.3344222500000003
2020-07-16,0.08333333333333333,0.12003599999999004
2020-07-16,0.25,0.11003025000000388
2020-07-16,0.5,0.13004225000001757
2020-07-16,1.0,0.14004899999997544
2020-07-16,2.0,0.1600639999999931
2020-07-16,3.0,0.17007225000000847
2020-07-16,5.0,0.28019600000002143
2020-07-16,7.0,0.4605289999999984
2020-07-16,10.0,0.6209610000000199
2020-07-16,20.0,1.0929702499999916
2020-07-16,30.0,1.3142902500000053
2020-07-17,0.08333333333333333,0.11003025000000388
2020-07-17,0.25,0.11003025000000388
2020-07-17,0.5,0.13004225000001757
2020-07-17,1.0,0.14004899999997544
2020-07-17,2.0,0.14004899999997544
2020-07-17,3.0,0.1800809999999764
2020-07-17,5.0,0.29021025000000034
2020-07-17,7.0,0.47055225000001144
2020-07-17,10.0,0.6410240000000123
2020-07-17,20.0,1.113080249999987
2020-07-17,30.0,1.3344222500000003
2020-07-20,0.08333333333333333,0.11003025000000388
2020-07-20,0.25,0.13004225000001757
2020-07-20,0.5,0.14004899999997544
2020-07-20,1.0,0.14004899999997544
2020-07-20,2.0,0.1600639999999931
2020-07-20,3.0,0.1800809999999764
2020-07-20,5.0,0.29021025000000034
2020-07-20,7.0,0.47055225000001144
2020-07-20,10.0,0.6209610000000199
2020-07-20,20.0,1.103025000000013
2020-07-20,30.0,1.324355999999982
2020-07-21,0.08333333333333333,0.09002025000002245
2020-07-21,0.25,0.13004225000001757
2020-07-21,0.5,0.13004225000001757
2020-07-21,1.0,0.1500562499999969
2020-07-21,2.0,0.14004899999997544
2020-07-21,3.0,0.17007225000000847
2020-07-21,5.0,0.27018224999999507
2020-07-21,7.0,0.45050625000002675
2020-07-21,10.0,0.610930250000008
2020-07-21,20.0,1.0929702499999916
2020-07-21,30.0,1.3142902500000053
2020-07-22,0.08333333333333333,0.09002025000002245
2020-07-22,0.25,0.13004225000001757
2020-07-22,0.5,0.14004899999997544
2020-07-22,1.0,0.14004899999997544
2020-07-22,2.0,0.14004899999997544
2020-07-22,3.0,0.17007225000000847
2020-07-22,5.0,0.27018224999999507
2020-07-22,7.0,0.45050625000002675
2020-07-22,10.0,0.6008999999999709
2020-07-22,20.0,1.0829160000000115
2020-07-22,30.0,1.2941602500000204
2020-07-23,0.08333333333333333,0.09002025000002245
2020-07-23,0.25,0.12003599999999004
2020-07-23,0.5,0.13004225000001757
2020-07-23,1.0,0.14004899999997544
2020-07-23,2.0,0.1600639999999931
2020-07-23,3.0,0.1600639999999931
2020-07-23,5.0,0.27018224999999507
2020-07-23,7.0,0.44048399999998544
2020-07-23,10.0,0.5908702499999974
2020-07-23,20.0,1.032652249999999
2020-07-23,30.0,1.243843999999994
2020-07-24,0.08333333333333333,0.10002499999999248
2020-07-24,0.25,0.11003025000000388
2020-07-24,0.5,0.14004899999997544
2020-07-24,1.0,0.1600639999999931
2020-07-24,2.0,0.14004899999997544
2020-07-24,3.0,0.17007225000000847
2020-07-24,5.0,0.27018224999999507
2020-07-24,7.0,0.44048399999998544
2020-07-24,10.0,0.5908702499999974
2020-07-24,20.0,1.032652249999999
2020-07-24,30.0,1.233782250000015
2020-07-27,0.08333333333333333,0.10002499999999248
2020-07-27,0.25,0.11003025000000388
2020-07-27,0.5,0.14004899999997544
2020-07-27,1.0,0.14004899999997544
2020-07-27,2.0,0.1500562499999969
2020-07-27,3.0,0.1800809999999764
2020-07-27,5.0,0.3002250000000206
2020-07-27,7.0,0.4605289999999984
2020-07-27,10.0,0.6209610000000199
2020-07-27,20.0,1.0527562499999865
2020-07-27,30.0,1.2539062500000142
2020-07-28,0.08333333333333333,0.09002025000002245
2020-07-28,0.25,0.11003025000000388
2020-07-28,0.5,0.12003599999999004
2020-07-28,1.0,0.14004899999997544
2020-07-28,2.0,0.14004899999997544
2020-07-28,3.0,0.1600639999999931
2020-07-28,5.0,0.2601690000000101
2020-07-28,7.0,0.44048399999998544
2020-07-28,10.0,0.5908702499999974
2020-07-28,20.0,1.0125502499999994
2020-07-28,30.0,1.2237209999999887
2020-07-29,0.08333333333333333,0.09002025000002245
2020-07-29,0.25,0.11003025000000388
2020-07-29,0.5,0.12003599999999004
2020-07-29,1.0,0.13004225000001757
2020-07-29,2.0,0.12003599999999004
2020-07-29,3.0,0.1500562499999969
2020-07-29,5.0,0.25015624999999986
2020-07-29,7.0,0.4304622500000299
2020-07-29,10.0,0.5808409999999764
2020-07-29,20.0,1.032652249999999
2020-07-29,30.0,1.243843999999994
2020-07-30,0.08333333333333333,0.10002499999999248
2020-07-30,0.25,0.09002025000002245
2020-07-30,0.5,0.11003025000000388
2020-07-30,1.0,0.11003025000000388
2020-07-30,2.0,0.11003025000000388
2020-07-30,3.0,0.14004899999997544
2020-07-30,5.0,0.2301322499999925
2020-07-30,7.0,0.40039999999998965
2020-07-30,10.0,0.5507562500000063
2020-07-30,20.0,0.9824009999999772
2020-07-30,30.0,1.2035999999999936
2020-07-31,0.08333333333333333,0.09002025000002245
2020-07-31,0.25,0.09002025000002245
2020-07-31,0.5,0.10002499999999248
2020-07-31,1.0,0.11003025000000388
2020-07-31,2.0,0.11003025000000388
2020-07-31,3.0,0.11003025000000388
2020-07-31,5.0,0.21011024999999517
2020-07-31,7.0,0.39038024999997756
2020-07-31,10.0,0.5507562500000063
2020-07-31,20.0,0.9824009999999772
2020-07-31,30.0,1.2035999999999936
2020-08-03,0.08333333333333333,0.09002025000002245
2020-08-03,0.25,0.10002499999999248
2020-08-03,0.5,0.11003025000000388
2020-08-03,1.0,0.12003599999999004
2020-08-03,2.0,0.11003025000000388
2020-08-03,3.0,0.13004225000001757
2020-08-03,5.0,0.22012100000001755
2020-08-03,7.0,0.40039999999998965
2020-08-03,10.0,0.560783999999992
2020-08-03,20.0,1.0125502499999994
2020-08-03,30.0,1.233782250000015
2020-08-04,0.08333333333333333,0.09002025000002245
2020-08-04,0.25,0.09002025000002245
2020-08-04,0.5,0.11003025000000388
2020-08-04,1.0,0.14004899999997544
2020-08-04,2.0,0.11003025000000388
2020-08-04,3.0,0.10002499999999248
2020-08-04,5.0,0.1900902500000079
2020-08-04,7.0,0.36032400000001186
2020-08-04,10.0,0.5206759999999866
2020-08-04,20.0,0.9623039999999916
2020-08-04,30.0,1.1935402499999803
2020-08-05,0.08333333333333333,0.08001599999998277
2020-08-05,0.25,0.10002499999999248
2020-08-05,0.5,0.12003599999999004
2020-08-05,1.0,0.12003599999999004
2020-08-05,2.0,0.11003025000000388
2020-08-05,3.0,0.13004225000001757
2020-08-05,5.0,0.22012100000001755
2020-08-05,7.0,0.39038024999997756
2020-08-05,10.0,0.5507562500000063
2020-08-05,20.0,1.0024999999999729
2020-08-05,30.0,1.2237209999999887
2020-08-06,0.08333333333333333,0.07001225000000666
2020-08-06,0.25,0.10002499999999248
2020-08-06,0.5,0.11003025000000388
2020-08-06,1.0,0.14004899999997544
2020-08-06,2.0,0.11003025000000388
2020-08-06,3.0,0.13004225000001757
2020-08-06,5.0,0.21011024999999517
2020-08-06,7.0,0.39038024999997756
2020-08-06,10.0,0.5507562500000063
2020-08-06,20.0,0.9824009999999772
2020-08-06,30.0,1.2035999999999936
2020-08-07,0.08333333333333333,0.08001599999998277
2020-08-07,0.25,0.10002499999999248
2020-08-07,0.5,0.12003599999999004
2020-08-07,1.0,0.14004899999997544
2020-08-07,2.0,0.13004225000001757
2020-08-07,3.0,0.14004899999997544
2020-08-07,5.0,0.2301322499999925
2020-08-07,7.0,0.4104202500000209
2020-08-07,10.0,0.5708122499999968
2020-08-07,20.0,1.0125502499999994
2020-08-07,30.0,1.233782250000015
2020-08-10,0.08333333333333333,0.09002025000002245
2020-08-10,0.25,0.11003025000000388
2020-08-10,0.5,0.13004225000001757
2020-08-10,1.0,0.13004225000001757
2020-08-10,2.0,0.14004899999997544
2020-08-10,3.0,0.1500562499999969
2020-08-10,5.0,0.2401440000000088
2020-08-10,7.0,0.4204410000000047
2020-08-10,10.0,0.5908702499999974
2020-08-10,20.0,1.0427040000000165
2020-08-10,30.0,1.2539062500000142
2020-08-11,0.08333333333333333,0.08001599999998277
2020-08-11,0.25,0.11003025000000388
2020-08-11,0.5,0.12003599999999004
2020-08-11,1.0,0.1500562499999969
2020-08-11,2.0,0.1600639999999931
2020-08-11,3.0,0.1800809999999764
2020-08-11,5.0,0.27018224999999507
2020-08-11,7.0,0.4605289999999984
2020-08-11,10.0,0.6410240000000123
2020-08-11,20.0,1.103025000000013
2020-08-11,30.0,1.324355999999982
2020-08-12,0.08333333333333333,0.08001599999998277
2020-08-12,0.25,0.11003025000000388
2020-08-12,0.5,0.12003599999999004
2020-08-12,1.0,0.13004225000001757
2020-08-12,2.0,0.1600639999999931
2020-08-12,3.0,0.1900902500000079
2020-08-12,5.0,0.3002250000000206
2020-08-12,7.0,0.5006249999999879
2020-08-12,10.0,0.6911902499999956
2020-08-12,20.0,1.1533062499999858
2020-08-12,30.0,1.374692249999998
2020-08-13,0.08333333333333333,0.08001599999998277
2020-08-13,0.25,0.10002499999999248
2020-08-13,0.5,0.12003599999999004
2020-08-13,1.0,0.14004899999997544
2020-08-13,2.0,0.1600639999999931
2020-08-13,3.0,0.1900902500000079
2020-08-13,5.0,0.32025600000000765
2020-08-13,7.0,0.5206759999999866
2020-08-13,10.0,0.7112602499999898
2020-08-13,20.0,1.2035999999999936
2020-08-13,30.0,1.4250410000000269
2020-08-14,0.08333333333333333,0.09002025000002245
2020-08-14,0.25,0.10002499999999248
2020-08-14,0.5,0.12003599999999004
2020-08-14,1.0,0.13004225000001757
2020-08-14,2.0,0.14004899999997544
2020-08-14,3.0,0.1800809999999764
2020-08-14,5.0,0.29021025000000034
2020-08-14,7.0,0.510650250000011
2020-08-14,10.0,0.7112602499999898
2020-08-14,20.0,1.213660250000026
2020-08-14,30.0,1.4552562500000032
2020-08-17,0.08333333333333333,0.09002025000002245
2020-08-17,0.25,0.10002499999999248
2020-08-17,0.5,0.12003599999999004
2020-08-17,1.0,0.13004225000001757
2020-08-17,2.0,0.14004899999997544
2020-08-17,3.0,0.1800809999999764
2020-08-17,5.0,0.29021025000000034
2020-08-17,7.0,0.4906002500000062
2020-08-17,10.0,0.6911902499999956
2020-08-17,20.0,1.1935402499999803
2020-08-17,30.0,1.4351122499999924
2020-08-18,0.08333333333333333,0.08001599999998277
2020-08-18,0.25,0.09002025000002245
2020-08-18,0.5,0.13004225000001757
2020-08-18,1.0,0.13004225000001757
2020-08-18,2.0,0.14004899999997544
2020-08-18,3.0,0.17007225000000847
2020-08-18,5.0,0.27018224999999507
2020-08-18,7.0,0.47055225000001144
2020-08-18,10.0,0.6711222499999892
2020-08-18,20.0,1.1633640000000112
2020-08-18,30.0,1.4048999999999756
2020-08-19,0.08333333333333333,0.07001225000000666
2020-08-19,0.25,0.11003025000000388
2020-08-19,0.5,0.12003599999999004
2020-08-19,1.0,0.13004225000001757
2020-08-19,2.0,0.14004899999997544
2020-08-19,3.0,0.17007225000000847
2020-08-19,5.0,0.29021025000000034
2020-08-19,7.0,0.4805759999999992
2020-08-19,10.0,0.681156000000005
2020-08-19,20.0,1.2035999999999936
2020-08-19,30.0,1.4250410000000269
2020-08-20,0.08333333333333333,0.08001599999998277
2020-08-20,0.25,0.11003025000000388
2020-08-20,0.5,0.13004225000001757
2020-08-20,1.0,0.12003599999999004
2020-08-20,2.0,0.13004225000001757
2020-08-20,3.0,0.1500562499999969
2020-08-20,5.0,0.2601690000000101
2020-08-20,7.0,0.4605289999999984
2020-08-20,10.0,0.6510562499999928
2020-08-20,20.0,1.1533062499999858
2020-08-20,30.0,1.3847609999999788
2020-08-21,0.08333333333333333,0.07001225000000666
2020-08-21,0.25,0.10002499999999248
2020-08-21,0.5,0.12003599999999004
2020-08-21,1.0,0.13004225000001757
2020-08-21,2.0,0.1600639999999931
2020-08-21,3.0,0.1600639999999931
2020-08-21,5.0,0.27018224999999507
2020-08-21,7.0,0.4605289999999984
2020-08-21,10.0,0.6410240000000123
2020-08-21,20.0,1.1331922499999925
2020-08-21,30.0,1.3545562500000052
2020-08-24,0.08333333333333333,0.09002025000002245
2020-08-24,0.25,0.12003599999999004
2020-08-24,0.5,0.12003599999999004
2020-08-24,1.0,0.14004899999997544
2020-08-24,2.0,0.14004899999997544
2020-08-24,3.0,0.1800809999999764
2020-08-24,5.0,0.28019600000002143
2020-08-24,7.0,0.47055225000001144
2020-08-24,10.0,0.6510562499999928
2020-08-24,20.0,1.1432490000000017
2020-08-24,30.0,1.3545562500000052
2020-08-25,0.08333333333333333,0.08001599999998277
2020-08-25,0.25,0.11003025000000388
2020-08-25,0.5,0.12003599999999004
2020-08-25,1.0,0.13004225000001757
2020-08-25,2.0,0.1500562499999969
2020-08-25,3.0,0.1800809999999764
2020-08-25,5.0,0.3002250000000206
2020-08-25,7.0,0.4906002500000062
2020-08-25,10.0,0.6911902499999956
2020-08-25,20.0,1.1834810000000084
2020-08-25,30.0,1.394830250000001
2020-08-26,0.08333333333333333,0.08001599999998277
2020-08-26,0.25,0.11003025000000388
2020-08-26,0.5,0.12003599999999004
2020-08-26,1.0,0.12003599999999004
2020-08-26,2.0,0.1600639999999931
2020-08-26,3.0,0.1800809999999764
2020-08-26,5.0,0.28019600000002143
2020-08-26,7.0,0.5006249999999879
2020-08-26,10.0,0.6911902499999956
2020-08-26,20.0,1.2035999999999936
2020-08-26,30.0,1.4149702499999917
2020-08-27,0.08333333333333333,0.09002025000002245
2020-08-27,0.25,0.11003025000000388
2020-08-27,0.5,0.11003025000000388
2020-08-27,1.0,0.13004225000001757
2020-08-27,2.0,0.1600639999999931
2020-08-27,3.0,0.1900902500000079
2020-08-27,5.0,0.31024024999999344
2020-08-27,7.0,0.5307022500000036
2020-08-27,10.0,0.7413690000000139
2020-08-27,20.0,1.2840959999999901
2020-08-27,30.0,1.5056250000000215
2020-08-28,0.08333333333333333,0.09002025000002245
2020-08-28,0.25,0.10002499999999248
2020-08-28,0.5,0.11003025000000388
2020-08-28,1.0,0.12003599999999004
2020-08-28,2.0,0.14004899999997544
2020-08-28,3.0,0.1600639999999931
2020-08-28,5.0,0.28019600000002143
2020-08-28,7.0,0.510650250000011
2020-08-28,10.0,0.7413690000000139
2020-08-28,20.0,1.2941602500000204
2020-08-28,30.0,1.525776000000012
2020-08-31,0.08333333333333333,0.08001599999998277
2020-08-31,0.25,0.11003025000000388
2020-08-31,0.5,0.13004225000001757
2020-08-31,1.0,0.12003599999999004
2020-08-31,2.0,0.14004899999997544
2020-08-31,3.0,0.1500562499999969
2020-08-31,5.0,0.28019600000002143
2020-08-31,7.0,0.5006249999999879
2020-08-31,10.0,0.7212960000000157
2020-08-31,20.0,1.263968999999987
2020-08-31,30.0,1.4955502499999884
2020-09-01,0.08333333333333333,0.09002025000002245
2020-09-01,0.25,0.12003599999999004
2020-09-01,0.5,0.13004225000001757
2020-09-01,1.0,0.12003599999999004
2020-09-01,2.0,0.13004225000001757
2020-09-01,3.0,0.14004899999997544
2020-09-01,5.0,0.2601690000000101
2020-09-01,7.0,0.4605289999999984
2020-09-01,10.0,0.681156000000005
2020-09-01,20.0,1.2035999999999936
2020-09-01,30.0,1.4351122499999924
2020-09-02,0.08333333333333333,0.10002499999999248
2020-09-02,0.25,0.12003599999999004
2020-09-02,0.5,0.12003599999999004
2020-09-02,1.0,0.13004225000001757
2020-09-02,2.0,0.14004899999997544
2020-09-02,3.0,0.1600639999999931
2020-09-02,5.0,0.2601690000000101
2020-09-02,7.0,0.45050625000002675
2020-09-02,10.0,0.6610890000000147
2020-09-02,20.0,1.1633640000000112
2020-09-02,30.0,1.3847609999999788
2020-09-03,0.08333333333333333,0.10002499999999248
2020-09-03,0.25,0.11003025000000388
2020-09-03,0.5,0.12003599999999004
2020-09-03,1.0,0.12003599999999004
2020-09-03,2.0,0.13004225000001757
2020-09-03,3.0,0.1500562499999969
2020-09-03,5.0,0.2401440000000088
2020-09-03,7.0,0.4304622500000299
2020-09-03,10.0,0.6309922500000065
2020-09-03,20.0,1.1331922499999925
2020-09-03,30.0,1.3444889999999932
2020-09-04,0.08333333333333333,0.09002025000002245
2020-09-04,0.25,0.11003025000000388
2020-09-04,0.5,0.12003599999999004
2020-09-04,1.0,0.13004225000001757
2020-09-04,2.0,0.14004899999997544
2020-09-04,3.0,0.1800809999999764
2020-09-04,5.0,0.3002250000000206
2020-09-04,7.0,0.5006249999999879
2020-09-04,10.0,0.7212960000000157
2020-09-04,20.0,1.2539062500000142
2020-09-04,30.0,1.4653290000000263
2020-09-08,0.08333333333333333,0.10002499999999248
2020-09-08,0.25,0.13004225000001757
2020-09-08,0.5,0.14004899999997544
2020-09-08,1.0,0.1500562499999969
2020-09-08,2.0,0.14004899999997544
2020-09-08,3.0,0.17007225000000847
2020-09-08,5.0,0.28019600000002143
2020-09-08,7.0,0.47055225000001144
2020-09-08,10.0,0.6911902499999956
2020-09-08,20.0,1.2237209999999887
2020-09-08,30.0,1.4351122499999924
2020-09-09,0.08333333333333333,0.10002499999999248
2020-09-09,0.25,0.12003599999999004
2020-09-09,0.5,0.14004899999997544
2020-09-09,1.0,0.14004899999997544
2020-09-09,2.0,0.14004899999997544
2020-09-09,3.0,0.17007225000000847
2020-09-09,5.0,0.28019600000002143
2020-09-09,7.0,0.4805759999999992
2020-09-09,10.0,0.7112602499999898
2020-09-09,20.0,1.2539062500000142
2020-09-09,30.0,1.4552562500000032
2020-09-10,0.08333333333333333,0.10002499999999248
2020-09-10,0.25,0.12003599999999004
2020-09-10,0.5,0.12003599999999004
2020-09-10,1.0,0.1500562499999969
2020-09-10,2.0,0.14004899999997544
2020-09-10,3.0,0.17007225000000847
2020-09-10,5.0,0.2601690000000101
2020-09-10,7.0,0.4605289999999984
2020-09-10,10.0,0.681156000000005
2020-09-10,20.0,1.2237209999999887
2020-09-10,30.0,1.4351122499999924
2020-09-11,0.08333333333333333,0.10002499999999248
2020-09-11,0.25,0.11003025000000388
2020-09-11,0.5,0.12003599999999004
2020-09-11,1.0,0.13004225000001757
2020-09-11,2.0,0.13004225000001757
2020-09-11,3.0,0.1600639999999931
2020-09-11,5.0,0.2601690000000101
2020-09-11,7.0,0.45050625000002675
2020-09-11,10.0,0.6711222499999892
2020-09-11,20.0,1.213660250000026
2020-09-11,30.0,1.4250410000000269
2020-09-14,0.08333333333333333,0.10002499999999248
2020-09-14,0.25,0.11003025000000388
2020-09-14,0.5,0.13004225000001757
2020-09-14,1.0,0.14004899999997544
2020-09-14,2.0,0.14004899999997544
2020-09-14,3.0,0.1600639999999931
2020-09-14,5.0,0.27018224999999507
2020-09-14,7.0,0.4605289999999984
2020-09-14,10.0,0.681156000000005
2020-09-14,20.0,1.213660250000026
2020-09-14,30.0,1.4250410000000269
2020-09-15,0.08333333333333333,0.09002025000002245
2020-09-15,0.25,0.11003025000000388
2020-09-15,0.5,0.12003599999999004
2020-09-15,1.0,0.13004225000001757
2020-09-15,2.0,0.14004899999997544
2020-09-15,3.0,0.1600639999999931
2020-09-15,5.0,0.27018224999999507
2020-09-15,7.0,0.4605289999999984
2020-09-15,10.0,0.681156000000005
2020-09-15,20.0,1.213660250000026
2020-09-15,30.0,1.4351122499999924
2020-09-16,0.08333333333333333,0.08001599999998277
2020-09-16,0.25,0.12003599999999004
2020-09-16,0.5,0.12003599999999004
2020-09-16,1.0,0.12003599999999004
2020-09-16,2.0,0.14004899999997544
2020-09-16,3.0,0.1600639999999931
2020-09-16,5.0,0.28019600000002143
2020-09-16,7.0,0.47055225000001144
2020-09-16,10.0,0.6911902499999956
2020-09-16,20.0,1.233782250000015
2020-09-16,30.0,1.4552562500000032
2020-09-17,0.08333333333333333,0.09002025000002245
2020-09-17,0.25,0.09002025000002245
2020-09-17,0.5,0.11003025000000388
2020-09-17,1.0,0.12003599999999004
2020-09-17,2.0,0.13004225000001757
2020-09-17,3.0,0.1600639999999931
2020-09-17,5.0,0.28019600000002143
2020-09-17,7.0,0.47055225000001144
2020-09-17,10.0,0.6911902499999956
2020-09-17,20.0,1.2237209999999887
2020-09-17,30.0,1.4351122499999924
2020-09-18,0.08333333333333333,0.09002025000002245
2020-09-18,0.25,0.10002499999999248
2020-09-18,0.5,0.12003599999999004
2020-09-18,1.0,0.13004225000001757
2020-09-18,2.0,0.14004899999997544
2020-09-18,3.0,0.1600639999999931
2020-09-18,5.0,0.29021025000000034
2020-09-18,7.0,0.4805759999999992
2020-09-18,10.0,0.7012250000000053
2020-09-18,20.0,1.243843999999994
2020-09-18,30.0,1.4552562500000032
2020-09-21,0.08333333333333333,0.09002025000002245
2020-09-21,0.25,0.10002499999999248
2020-09-21,0.5,0.11003025000000388
2020-09-21,1.0,0.12003599999999004
2020-09-21,2.0,0.14004899999997544
2020-09-21,3.0,0.1600639999999931
2020-09-21,5.0,0.27018224999999507
2020-09-21,7.0,0.4605289999999984
2020-09-21,10.0,0.681156000000005
2020-09-21,20.0,1.2237209999999887
2020-09-21,30.0,1.4351122499999924
2020-09-22,0.08333333333333333,0.08001599999998277
2020-09-22,0.25,0.10002499999999248
2020-09-22,0.5,0.11003025000000388
2020-09-22,1.0,0.12003599999999004
2020-09-22,2.0,0.13004225000001757
2020-09-22,3.0,0.1500562499999969
2020-09-22,5.0,0.27018224999999507
2020-09-22,7.0,0.4605289999999984
2020-09-22,10.0,0.681156000000005
2020-09-22,20.0,1.213660250000026
2020-09-22,30.0,1.4250410000000269
2020-09-23,0.08333333333333333,0.08001599999998277
2020-09-23,0.25,0.11003025000000388
2020-09-23,0.5,0.11003025000000388
2020-09-23,1.0,0.13004225000001757
2020-09-23,2.0,0.14004899999997544
2020-09-23,3.0,0.1500562499999969
2020-09-23,5.0,0.28019600000002143
2020-09-23,7.0,0.4605289999999984
2020-09-23,10.0,0.681156000000005
2020-09-23,20.0,1.213660250000026
2020-09-23,30.0,1.4250410000000269
2020-09-24,0.08333333333333333,0.08001599999998277
2020-09-24,0.25,0.10002499999999248
2020-09-24,0.5,0.11003025000000388
2020-09-24,1.0,0.12003599999999004
2020-09-24,2.0,0.14004899999997544
2020-09-24,3.0,0.1600639999999931
2020-09-24,5.0,0.27018224999999507
2020-09-24,7.0,0.4605289999999984
2020-09-24,10.0,0.6711222499999892
2020-09-24,20.0,1.1935402499999803
2020-09-24,30.0,1.4048999999999756
2020-09-25,0.08333333333333333,0.08001599999998277
2020-09-25,0.25,0.10002499999999248
2020-09-25,0.5,0.11003025000000388
2020-09-25,1.0,0.12003599999999004
2020-09-25,2.0,0.12003599999999004
2020-09-25,3.0,0.1500562499999969
2020-09-25,5.0,0.2601690000000101
2020-09-25,7.0,0.45050625000002675
2020-09-25,10.0,0.6610890000000147
2020-09-25,20.0,1.1935402499999803
2020-09-25,30.0,1.4048999999999756
2020-09-28,0.08333333333333333,0.09002025000002245
2020-09-28,0.25,0.11003025000000388
2020-09-28,0.5,0.11003025000000388
2020-09-28,1.0,0.12003599999999004
2020-09-28,2.0,0.14004899999997544
2020-09-28,3.0,0.1600639999999931
2020-09-28,5.0,0.2601690000000101
2020-09-28,7.0,0.4605289999999984
2020-09-28,10.0,0.6711222499999892
2020-09-28,20.0,1.2035999999999936
2020-09-28,30.0,1.4250410000000269
2020-09-29,0.08333333333333333,0.07001225000000666
2020-09-29,0.25,0.09002025000002245
2020-09-29,0.5,0.11003025000000388
2020-09-29,1.0,0.12003599999999004
2020-09-29,2.0,0.11003025000000388
2020-09-29,3.0,0.13004225000001757
2020-09-29,5.0,0.2401440000000088
2020-09-29,7.0,0.44048399999998544
2020-09-29,10.0,0.6610890000000147
2020-09-29,20.0,1.1935402499999803
2020-09-29,30.0,1.4149702499999917
2020-09-30,0.08333333333333333,0.08001599999998277
2020-09-30,0.25,0.10002499999999248
2020-09-30,0.5,0.11003025000000388
2020-09-30,1.0,0.12003599999999004
2020-09-30,2.0,0.13004225000001757
2020-09-30,3.0,0.1600639999999931
2020-09-30,5.0,0.28019600000002143
2020-09-30,7.0,0.47055225000001144
2020-09-30,10.0,0.6911902499999956
2020-09-30,20.0,1.233782250000015
2020-09-30,30.0,1.4653290000000263
2020-10-01,0.08333333333333333,0.09002025000002245
2020-10-01,0.25,0.09002025000002245
2020-10-01,0.5,0.10002499999999248
2020-10-01,1.0,0.12003599999999004
2020-10-01,2.0,0.14004899999997544
2020-10-01,3.0,0.1600639999999931
2020-10-01,5.0,0.27018224999999507
2020-10-01,7.0,0.4605289999999984
2020-10-01,10.0,0.681156000000005
2020-10-01,20.0,1.233782250000015
2020-10-01,30.0,1.4552562500000032
2020-10-02,0.08333333333333333,0.10002499999999248
2020-10-02,0.25,0.09002025000002245
2020-10-02,0.5,0.11003025000000388
2020-10-02,1.0,0.12003599999999004
2020-10-02,2.0,0.13004225000001757
2020-10-02,3.0,0.1600639999999931
2020-10-02,5.0,0.28019600000002143
2020-10-02,7.0,0.4805759999999992
2020-10-02,10.0,0.7012250000000053
2020-10-02,20.0,1.2539062500000142
2020-10-02,30.0,1.485476000000019
2020-10-05,0.08333333333333333,0.09002025000002245
2020-10-05,0.25,0.10002499999999248
2020-10-05,0.5,0.11003025000000388
2020-10-05,1.0,0.12003599999999004
2020-10-05,2.0,0.14004899999997544
2020-10-05,3.0,0.1900902500000079
2020-10-05,5.0,0.3302722499999966
2020-10-05,7.0,0.5507562500000063
2020-10-05,10.0,0.7815209999999961
2020-10-05,20.0,1.3444889999999932
2020-10-05,30.0,1.5761622499999906
2020-10-06,0.08333333333333333,0.08001599999998277
2020-10-06,0.25,0.10002499999999248
2020-10-06,0.5,0.11003025000000388
2020-10-06,1.0,0.14004899999997544
2020-10-06,2.0,0.14004899999997544
2020-10-06,3.0,0.17007225000000847
2020-10-06,5.0,0.32025600000000765
2020-10-06,7.0,0.5307022500000036
2020-10-06,10.0,0.761444
2020-10-06,20.0,1.3344222500000003
2020-10-06,30.0,1.566084000000001
2020-10-07,0.08333333333333333,0.08001599999998277
2020-10-07,0.25,0.10002499999999248
2020-10-07,0.5,0.12003599999999004
2020-10-07,1.0,0.13004225000001757
2020-10-07,2.0,0.1600639999999931
2020-10-07,3.0,0.21011024999999517
2020-10-07,5.0,0.3503062499999876
2020-10-07,7.0,0.560783999999992
2020-10-07,10.0,0.811640250000023
2020-10-07,20.0,1.374692249999998
2020-10-07,30.0,1.6064000000000078
2020-10-08,0.08333333333333333,0.09002025000002245
2020-10-08,0.25,0.09002025000002245
2020-10-08,0.5,0.12003599999999004
2020-10-08,1.0,0.13004225000001757
2020-10-08,2.0,0.13004225000001757
2020-10-08,3.0,0.1800809999999764
2020-10-08,5.0,0.3302722499999966
2020-10-08,7.0,0.5407289999999954
2020-10-08,10.0,0.7815209999999961
2020-10-08,20.0,1.3444889999999932
2020-10-08,30.0,1.5761622499999906
2020-10-09,0.08333333333333333,0.10002499999999248
2020-10-09,0.25,0.10002499999999248
2020-10-09,0.5,0.12003599999999004
2020-10-09,1.0,0.1500562499999969
2020-10-09,2.0,0.1600639999999931
2020-10-09,3.0,0.20009999999996975
2020-10-09,5.0,0.3402890000000047
2020-10-09,7.0,0.5507562500000063
2020-10-09,10.0,0.7915602499999785
2020-10-09,20.0,1.3444889999999932
2020-10-09,30.0,1.5862409999999993
2020-10-13,0.08333333333333333,0.09002025000002245
2020-10-13,0.25,0.11003025000000388
2020-10-13,0.5,0.12003599999999004
2020-10-13,1.0,0.13004225000001757
2020-10-13,2.0,0.1600639999999931
2020-10-13,3.0,0.1800809999999764
2020-10-13,5.0,0.31024024999999344
2020-10-13,7.0,0.5206759999999866
2020-10-13,10.0,0.7413690000000139
2020-10-13,20.0,1.2941602500000204
2020-10-13,30.0,1.525776000000012
2020-10-14,0.08333333333333333,0.10002499999999248
2020-10-14,0.25,0.12003599999999004
2020-10-14,0.5,0.12003599999999004
2020-10-14,1.0,0.13004225000001757
2020-10-14,2.0,0.14004899999997544
2020-10-14,3.0,0.1800809999999764
2020-10-14,5.0,0.3002250000000206
2020-10-14,7.0,0.510650250000011
2020-10-14,10.0,0.7313322499999941
2020-10-14,20.0,1.2840959999999901
2020-10-14,30.0,1.5056250000000215
2020-10-15,0.08333333333333333,0.10002499999999248
2020-10-15,0.25,0.11003025000000388
2020-10-15,0.5,0.12003599999999004
2020-10-15,1.0,0.12003599999999004
2020-10-15,2.0,0.14004899999997544
2020-10-15,3.0,0.1800809999999764
2020-10-15,5.0,0.32025600000000765
2020-10-15,7.0,0.5206759999999866
2020-10-15,10.0,0.7413690000000139
2020-10-15,20.0,1.2941602500000204
2020-10-15,30.0,1.525776000000012
2020-10-16,0.08333333333333333,0.09002025000002245
2020-10-16,0.25,0.11003025000000388
2020-10-16,0.5,0.12003599999999004
2020-10-16,1.0,0.12003599999999004
2020-10-16,2.0,0.14004899999997544
2020-10-16,3.0,0.1800809999999764
2020-10-16,5.0,0.32025600000000765
2020-10-16,7.0,0.5307022500000036
2020-10-16,10.0,0.761444
2020-10-16,20.0,1.304224999999981
2020-10-16,30.0,1.525776000000012
2020-10-19,0.08333333333333333,0.09002025000002245
2020-10-19,0.25,0.11003025000000388
2020-10-19,0.5,0.11003025000000388
2020-10-19,1.0,0.13004225000001757
2020-10-19,2.0,0.1600639999999931
2020-10-19,3.0,0.1900902500000079
2020-10-19,5.0,0.3402890000000047
2020-10-19,7.0,0.5407289999999954
2020-10-19,10.0,0.7815209999999961
2020-10-19,20.0,1.324355999999982
2020-10-19,30.0,1.556006249999986
2020-10-20,0.08333333333333333,0.08001599999998277
2020-10-20,0.25,0.10002499999999248
2020-10-20,0.5,0.12003599999999004
2020-10-20,1.0,0.13004225000001757
2020-10-20,2.0,0.14004899999997544
2020-10-20,3.0,0.1900902500000079
2020-10-20,5.0,0.3402890000000047
2020-10-20,7.0,0.5708122499999968
2020-10-20,10.0,0.811640250000023
2020-10-20,20.0,1.374692249999998
2020-10-20,30.0,1.6064000000000078
2020-10-21,0.08333333333333333,0.08001599999998277
2020-10-21,0.25,0.10002499999999248
2020-10-21,0.5,0.12003599999999004
2020-10-21,1.0,0.13004225000001757
2020-10-21,2.0,0.14004899999997544
2020-10-21,3.0,0.20009999999996975
2020-10-21,5.0,0.36032400000001186
2020-10-21,7.0,0.5808409999999764
2020-10-21,10.0,0.831722250000011
2020-10-21,20.0,1.4048999999999756
2020-10-21,30.0,1.6265610000000041
2020-10-22,0.08333333333333333,0.09002025000002245
2020-10-22,0.25,0.09002025000002245
2020-10-22,0.5,0.11003025000000388
2020-10-22,1.0,0.13004225000001757
2020-10-22,2.0,0.1600639999999931
2020-10-22,3.0,0.21011024999999517
2020-10-22,5.0,0.38036100000000683
2020-10-22,7.0,0.6209610000000199
2020-10-22,10.0,0.871892250000017
2020-10-22,20.0,1.4351122499999924
2020-10-22,30.0,1.6769722500000084
2020-10-23,0.08333333333333333,0.08001599999998277
2020-10-23,0.25,0.10002499999999248
2020-10-23,0.5,0.11003025000000388
2020-10-23,1.0,0.12003599999999004
2020-10-23,2.0,0.1800809999999764
2020-10-23,3.0,0.21011024999999517
2020-10-23,5.0,0.37034224999998866
2020-10-23,7.0,0.610930250000008
2020-10-23,10.0,0.851806250000009
2020-10-23,20.0,1.4149702499999917
2020-10-23,30.0,1.6467239999999883
2020-10-26,0.08333333333333333,0.08001599999998277
2020-10-26,0.25,0.11003025000000388
2020-10-26,0.5,0.12003599999999004
2020-10-26,1.0,0.12003599999999004
2020-10-26,2.0,0.1600639999999931
2020-10-26,3.0,0.1800809999999764
2020-10-26,5.0,0.3503062499999876
2020-10-26,7.0,0.5808409999999764
2020-10-26,10.0,0.811640250000023
2020-10-26,20.0,1.374692249999998
2020-10-26,30.0,1.596320249999983
2020-10-27,0.08333333333333333,0.08001599999998277
2020-10-27,0.25,0.10002499999999248
2020-10-27,0.5,0.11003025000000388
2020-10-27,1.0,0.12003599999999004
2020-10-27,2.0,0.1600639999999931
2020-10-27,3.0,0.1900902500000079
2020-10-27,5.0,0.3402890000000047
2020-10-27,7.0,0.560783999999992
2020-10-27,10.0,0.7915602499999785
2020-10-27,20.0,1.3444889999999932
2020-10-27,30.0,1.5761622499999906
2020-10-28,0.08333333333333333,0.07001225000000666
2020-10-28,0.25,0.10002499999999248
2020-10-28,0.5,0.11003025000000388
2020-10-28,1.0,0.12003599999999004
2020-10-28,2.0,0.1600639999999931
2020-10-28,3.0,0.1900902500000079
2020-10-28,5.0,0.3402890000000047
2020-10-28,7.0,0.560783999999992
2020-10-28,10.0,0.7915602499999785
2020-10-28,20.0,1.3444889999999932
2020-10-28,30.0,1.566084000000001
2020-10-29,0.08333333333333333,0.08001599999998277
2020-10-29,0.25,0.09002025000002245
2020-10-29,0.5,0.10002499999999248
2020-10-29,1.0,0.12003599999999004
2020-10-29,2.0,0.1600639999999931
2020-10-29,3.0,0.20009999999996975
2020-10-29,5.0,0.38036100000000683
2020-10-29,7.0,0.610930250000008
2020-10-29,10.0,0.851806250000009
2020-10-29,20.0,1.394830250000001
2020-10-29,30.0,1.6265610000000041
2020-10-30,0.08333333333333333,0.08001599999998277
2020-10-30,0.25,0.09002025000002245
2020-10-30,0.5,0.11003025000000388
2020-10-30,1.0,0.13004225000001757
2020-10-30,2.0,0.14004899999997544
2020-10-30,3.0,0.1900902500000079
2020-10-30,5.0,0.38036100000000683
2020-10-30,7.0,0.6410240000000123
2020-10-30,10.0,0.8819359999999943
2020-10-30,20.0,1.4351122499999924
2020-10-30,30.0,1.6568062500000202
2020-11-02,0.08333333333333333,0.09002025000002245
2020-11-02,0.25,0.09002025000002245
2020-11-02,0.5,0.11003025000000388
2020-11-02,1.0,0.13004225000001757
2020-11-02,2.0,0.1600639999999931
2020-11-02,3.0,0.20009999999996975
2020-11-02,5.0,0.38036100000000683
2020-11-02,7.0,0.6309922500000065
2020-11-02,10.0,0.871892250000017
2020-11-02,20.0,1.4149702499999917
2020-11-02,30.0,1.63664225000002
2020-11-03,0.08333333333333333,0.09002025000002245
2020-11-03,0.25,0.10002499999999248
2020-11-03,0.5,0.12003599999999004
2020-11-03,1.0,0.14004899999997544
2020-11-03,2.0,0.17007225000000847
2020-11-03,3.0,0.21011024999999517
2020-11-03,5.0,0.39038024999997756
2020-11-03,7.0,0.6510562499999928
2020-11-03,10.0,0.9020249999999841
2020-11-03,20.0,1.4451840000000216
2020-11-03,30.0,1.6668890000000047
2020-11-04,0.08333333333333333,0.08001599999998277
2020-11-04,0.25,0.10002499999999248
2020-11-04,0.5,0.10002499999999248
2020-11-04,1.0,0.12003599999999004
2020-11-04,2.0,0.14004899999997544
2020-11-04,3.0,0.1800809999999764
2020-11-04,5.0,0.3302722499999966
2020-11-04,7.0,0.5507562500000063
2020-11-04,10.0,0.7815209999999961
2020-11-04,20.0,1.3344222500000003
2020-11-04,30.0,1.556006249999986
2020-11-05,0.08333333333333333,0.09002025000002245
2020-11-05,0.25,0.10002499999999248
2020-11-05,0.5,0.10002499999999248
2020-11-05,1.0,0.12003599999999004
2020-11-05,2.0,0.14004899999997544
2020-11-05,3.0,0.1800809999999764
2020-11-05,5.0,0.3302722499999966
2020-11-05,7.0,0.560783999999992
2020-11-05,10.0,0.7915602499999785
2020-11-05,20.0,1.324355999999982
2020-11-05,30.0,1.5459290000000125
2020-11-06,0.08333333333333333,0.10002499999999248
2020-11-06,0.25,0.10002499999999248
2020-11-06,0.5,0.11003025000000388
2020-11-06,1.0,0.12003599999999004
2020-11-06,2.0,0.1600639999999931
2020-11-06,3.0,0.21011024999999517
2020-11-06,5.0,0.36032400000001186
2020-11-06,7.0,0.5908702499999974
2020-11-06,10.0,0.831722250000011
2020-11-06,20.0,1.374692249999998
2020-11-06,30.0,1.6064000000000078
2020-11-09,0.08333333333333333,0.10002499999999248
2020-11-09,0.25,0.11003025000000388
2020-11-09,0.5,0.11003025000000388
2020-11-09,1.0,0.12003599999999004
2020-11-09,2.0,0.17007225000000847
2020-11-09,3.0,0.25015624999999986
2020-11-09,5.0,0.44048399999998544
2020-11-09,7.0,0.7012250000000053
2020-11-09,10.0,0.9623039999999916
2020-11-09,20.0,1.515700249999985
2020-11-09,30.0,1.7374822500000109
2020-11-10,0.08333333333333333,0.09002025000002245
2020-11-10,0.25,0.10002499999999248
2020-11-10,0.5,0.11003025000000388
2020-11-10,1.0,0.12003599999999004
2020-11-10,2.0,0.1900902500000079
2020-11-10,3.0,0.2601690000000101
2020-11-10,5.0,0.4605289999999984
2020-11-10,7.0,0.7212960000000157
2020-11-10,10.0,0.9824009999999772
2020-11-10,20.0,1.5358522499999916
2020-11-10,30.0,1.757656250000017
2020-11-12,0.08333333333333333,0.10002499999999248
2020-11-12,0.25,0.10002499999999248
2020-11-12,0.5,0.10002499999999248
2020-11-12,1.0,0.13004225000001757
2020-11-12,2.0,0.17007225000000847
2020-11-12,3.0,0.2301322499999925
2020-11-12,5.0,0.40039999999998965
2020-11-12,7.0,0.6410240000000123
2020-11-12,10.0,0.8819359999999943
2020-11-12,20.0,1.4250410000000269
2020-11-12,30.0,1.6467239999999883
2020-11-13,0.08333333333333333,0.10002499999999248
2020-11-13,0.25,0.09002025000002245
2020-11-13,0.5,0.10002499999999248
2020-11-13,1.0,0.12003599999999004
2020-11-13,2.0,0.17007225000000847
2020-11-13,3.0,0.2301322499999925
2020-11-13,5.0,0.4104202500000209
2020-11-13,7.0,0.6510562499999928
2020-11-13,10.0,0.8919802500000129
2020-11-13,20.0,1.4351122499999924
2020-11-13,30.0,1.6568062500000202
2020-11-16,0.08333333333333333,0.09002025000002245
2020-11-16,0.25,0.09002025000002245
2020-11-16,0.5,0.12003599999999004
2020-11-16,1.0,0.12003599999999004
2020-11-16,2.0,0.1900902500000079
2020-11-16,3.0,0.2401440000000088
2020-11-16,5.0,0.4104202500000209
2020-11-16,7.0,0.6610890000000147
2020-11-16,10.0,0.9120702500000188
2020-11-16,20.0,1.4451840000000216
2020-11-16,30.0,1.6668890000000047
2020-11-17,0.08333333333333333,0.08001599999998277
2020-11-17,0.25,0.09002025000002245
2020-11-17,0.5,0.10002499999999248
2020-11-17,1.0,0.12003599999999004
2020-11-17,2.0,0.1800809999999764
2020-11-17,3.0,0.22012100000001755
2020-11-17,5.0,0.39038024999997756
2020-11-17,7.0,0.6309922500000065
2020-11-17,10.0,0.871892250000017
2020-11-17,20.0,1.4048999999999756
2020-11-17,30.0,1.6265610000000041
2020-11-18,0.08333333333333333,0.07001225000000666
2020-11-18,0.25,0.09002025000002245
2020-11-18,0.5,0.10002499999999248
2020-11-18,1.0,0.11003025000000388
2020-11-18,2.0,0.1600639999999931
2020-11-18,3.0,0.22012100000001755
2020-11-18,5.0,0.40039999999998965
2020-11-18,7.0,0.6410240000000123
2020-11-18,10.0,0.8819359999999943
2020-11-18,20.0,1.4250410000000269
2020-11-18,30.0,1.6265610000000041
2020-11-19,0.08333333333333333,0.08001599999998277
2020-11-19,0.25,0.07001225000000666
2020-11-19,0.5,0.10002499999999248
2020-11-19,1.0,0.11003025000000388
2020-11-19,2.0,0.1800809999999764
2020-11-19,3.0,0.22012100000001755
2020-11-19,5.0,0.39038024999997756
2020-11-19,7.0,0.6309922500000065
2020-11-19,10.0,0.8618489999999923
2020-11-19,20.0,1.3847609999999788
2020-11-19,30.0,1.5862409999999993
2020-11-20,0.08333333333333333,0.09002025000002245
2020-11-20,0.25,0.07001225000000666
2020-11-20,0.5,0.10002499999999248
2020-11-20,1.0,0.11003025000000388
2020-11-20,2.0,0.1600639999999931
2020-11-20,3.0,0.21011024999999517
2020-11-20,5.0,0.38036100000000683
2020-11-20,7.0,0.6209610000000199
2020-11-20,10.0,0.831722250000011
2020-11-20,20.0,1.3344222500000003
2020-11-20,30.0,1.5358522499999916
2020-11-23,0.08333333333333333,0.08001599999998277
2020-11-23,0.25,0.08001599999998277
2020-11-23,0.5,0.08001599999998277
2020-11-23,1.0,0.10002499999999248
2020-11-23,2.0,0.1600639999999931
2020-11-23,3.0,0.22012100000001755
2020-11-23,5.0,0.39038024999997756
2020-11-23,7.0,0.6410240000000123
2020-11-23,10.0,0.8618489999999923
2020-11-23,20.0,1.364623999999992
2020-11-23,30.0,1.566084000000001
2020-11-24,0.08333333333333333,0.08001599999998277
2020-11-24,0.25,0.09002025000002245
2020-11-24,0.5,0.10002499999999248
2020-11-24,1.0,0.11003025000000388
2020-11-24,2.0,0.1600639999999931
2020-11-24,3.0,0.22012100000001755
2020-11-24,5.0,0.39038024999997756
2020-11-24,7.0,0.6510562499999928
2020-11-24,10.0,0.8819359999999943
2020-11-24,20.0,1.4048999999999756
2020-11-24,30.0,1.6064000000000078
2020-11-25,0.08333333333333333,0.07001225000000666
2020-11-25,0.25,0.09002025000002245
2020-11-25,0.5,0.09002025000002245
2020-11-25,1.0,0.11003025000000388
2020-11-25,2.0,0.17007225000000847
2020-11-25,3.0,0.21011024999999517
2020-11-25,5.0,0.39038024999997756
2020-11-25,7.0,0.6510562499999928
2020-11-25,10.0,0.8819359999999943
2020-11-25,20.0,1.4149702499999917
2020-11-25,30.0,1.6265610000000041
2020-11-27,0.08333333333333333,0.09002025000002245
2020-11-27,0.25,0.09002025000002245
2020-11-27,0.5,0.10002499999999248
2020-11-27,1.0,0.11003025000000388
2020-11-27,2.0,0.1600639999999931
2020-11-27,3.0,0.20009999999996975
2020-11-27,5.0,0.37034224999998866
2020-11-27,7.0,0.610930250000008
2020-11-27,10.0,0.8417640000000004
2020-11-27,20.0,1.364623999999992
2020-11-27,30.0,1.5761622499999906
2020-11-30,0.08333333333333333,0.08001599999998277
2020-11-30,0.25,0.08001599999998277
2020-11-30,0.5,0.09002025000002245
2020-11-30,1.0,0.11003025000000388
2020-11-30,2.0,0.1600639999999931
2020-11-30,3.0,0.1900902500000079
2020-11-30,5.0,0.36032400000001186
2020-11-30,7.0,0.6209610000000199
2020-11-30,10.0,0.8417640000000004
2020-11-30,20.0,1.374692249999998
2020-11-30,30.0,1.5862409999999993
2020-12-01,0.08333333333333333,0.07001225000000666
2020-12-01,0.25,0.09002025000002245
2020-12-01,0.5,0.10002499999999248
2020-12-01,1.0,0.12003599999999004
2020-12-01,2.0,0.17007225000000847
2020-12-01,3.0,0.22012100000001755
2020-12-01,5.0,0.4204410000000047
2020-12-01,7.0,0.681156000000005
2020-12-01,10.0,0.922115999999984
2020-12-01,20.0,1.4653290000000263
2020-12-01,30.0,1.6668890000000047
2020-12-02,0.08333333333333333,0.07001225000000666
2020-12-02,0.25,0.09002025000002245
2020-12-02,0.5,0.10002499999999248
2020-12-02,1.0,0.11003025000000388
2020-12-02,2.0,0.1600639999999931
2020-12-02,3.0,0.22012100000001755
2020-12-02,5.0,0.4204410000000047
2020-12-02,7.0,0.6911902499999956
2020-12-02,10.0,0.9522562500000165
2020-12-02,20.0,1.5056250000000215
2020-12-02,30.0,1.707225000000001
2020-12-03,0.08333333333333333,0.08001599999998277
2020-12-03,0.25,0.08001599999998277
2020-12-03,0.5,0.09002025000002245
2020-12-03,1.0,0.10002499999999248
2020-12-03,2.0,0.1600639999999931
2020-12-03,3.0,0.21011024999999517
2020-12-03,5.0,0.40039999999998965
2020-12-03,7.0,0.6711222499999892
2020-12-03,10.0,0.922115999999984
2020-12-03,20.0,1.4653290000000263
2020-12-03,30.0,1.6769722500000084
2020-12-04,0.08333333333333333,0.07001225000000666
2020-12-04,0.25,0.09002025000002245
2020-12-04,0.5,0.10002499999999248
2020-12-04,1.0,0.11003025000000388
2020-12-04,2.0,0.1600639999999931
2020-12-04,3.0,0.21011024999999517
2020-12-04,5.0,0.4204410000000047
2020-12-04,7.0,0.7012250000000053
2020-12-04,10.0,0.9723522500000081
2020-12-04,20.0,1.5358522499999916
2020-12-04,30.0,1.7374822500000109
2020-12-07,0.08333333333333333,0.09002025000002245
2020-12-07,0.25,0.08001599999998277
2020-12-07,0.5,0.10002499999999248
2020-12-07,1.0,0.10002499999999248
2020-12-07,2.0,0.14004899999997544
2020-12-07,3.0,0.20009999999996975
2020-12-07,5.0,0.40039999999998965
2020-12-07,7.0,0.6711222499999892
2020-12-07,10.0,0.9422089999999939
2020-12-07,20.0,1.4955502499999884
2020-12-07,30.0,1.6971402500000066
2020-12-08,0.08333333333333333,0.08001599999998277
2020-12-08,0.25,0.09002025000002245
2020-12-08,0.5,0.09002025000002245
2020-12-08,1.0,0.10002499999999248
2020-12-08,2.0,0.14004899999997544
2020-12-08,3.0,0.20009999999996975
2020-12-08,5.0,0.39038024999997756
2020-12-08,7.0,0.6510562499999928
2020-12-08,10.0,0.922115999999984
2020-12-08,20.0,1.4653290000000263
2020-12-08,30.0,1.6769722500000084
2020-12-09,0.08333333333333333,0.07001225000000666
2020-12-09,0.25,0.08001599999998277
2020-12-09,0.5,0.09002025000002245
2020-12-09,1.0,0.10002499999999248
2020-12-09,2.0,0.1600639999999931
2020-12-09,3.0,0.21011024999999517
2020-12-09,5.0,0.4104202500000209
2020-12-09,7.0,0.681156000000005
2020-12-09,10.0,0.9522562500000165
2020-12-09,20.0,1.485476000000019
2020-12-09,30.0,1.6971402500000066
2020-12-10,0.08333333333333333,0.07001225000000666
2020-12-10,0.25,0.08001599999998277
2020-12-10,0.5,0.09002025000002245
2020-12-10,1.0,0.10002499999999248
2020-12-10,2.0,0.14004899999997544
2020-12-10,3.0,0.20009999999996975
2020-12-10,5.0,0.39038024999997756
2020-12-10,7.0,0.6510562499999928
2020-12-10,10.0,0.922115999999984
2020-12-10,20.0,1.4451840000000216
2020-12-10,30.0,1.6568062500000202
2020-12-11,0.08333333333333333,0.08001599999998277
2020-12-11,0.25,0.08001599999998277
2020-12-11,0.5,0.08001599999998277
2020-12-11,1.0,0.10002499999999248
2020-12-11,2.0,0.11003025000000388
2020-12-11,3.0,0.1800809999999764
2020-12-11,5.0,0.37034224999998866
2020-12-11,7.0,0.6309922500000065
2020-12-11,10.0,0.9020249999999841
2020-12-11,20.0,1.4250410000000269
2020-12-11,30.0,1.63664225000002
2020-12-14,0.08333333333333333,0.07001225000000666
2020-12-14,0.25,0.09002025000002245
2020-12-14,0.5,0.08001599999998277
2020-12-14,1.0,0.10002499999999248
2020-12-14,2.0,0.13004225000001757
2020-12-14,3.0,0.17007225000000847
2020-12-14,5.0,0.37034224999998866
2020-12-14,7.0,0.6309922500000065
2020-12-14,10.0,0.9020249999999841
2020-12-14,20.0,1.4351122499999924
2020-12-14,30.0,1.63664225000002
2020-12-15,0.08333333333333333,0.07001225000000666
2020-12-15,0.25,0.08001599999998277
2020-12-15,0.5,0.08001599999998277
2020-12-15,1.0,0.09002025000002245
2020-12-15,2.0,0.11003025000000388
2020-12-15,3.0,0.1800809999999764
2020-12-15,5.0,0.37034224999998866
2020-12-15,7.0,0.6410240000000123
2020-12-15,10.0,0.922115999999984
2020-12-15,20.0,1.4552562500000032
2020-12-15,30.0,1.6568062500000202
2020-12-16,0.08333333333333333,0.08001599999998277
2020-12-16,0.25,0.09002025000002245
2020-12-16,0.5,0.09002025000002245
2020-12-16,1.0,0.09002025000002245
2020-12-16,2.0,0.13004225000001757
2020-12-16,3.0,0.1800809999999764
2020-12-16,5.0,0.37034224999998866
2020-12-16,7.0,0.6410240000000123
2020-12-16,10.0,0.922115999999984
2020-12-16,20.0,1.4653290000000263
2020-12-16,30.0,1.6668890000000047
2020-12-17,0.08333333333333333,0.08001599999998277
2020-12-17,0.25,0.08001599999998277
2020-12-17,0.5,0.09002025000002245
2020-12-17,1.0,0.09002025000002245
2020-12-17,2.0,0.13004225000001757
2020-12-17,3.0,0.1900902500000079
2020-12-17,5.0,0.38036100000000683
2020-12-17,7.0,0.6610890000000147
2020-12-17,10.0,0.9422089999999939
2020-12-17,20.0,1.475402250000002
2020-12-17,30.0,1.6870559999999868
2020-12-18,0.08333333333333333,0.08001599999998277
2020-12-18,0.25,0.08001599999998277
2020-12-18,0.5,0.09002025000002245
2020-12-18,1.0,0.09002025000002245
2020-12-18,2.0,0.13004225000001757
2020-12-18,3.0,0.1900902500000079
2020-12-18,5.0,0.39038024999997756
2020-12-18,7.0,0.6711222499999892
2020-12-18,10.0,0.9522562500000165
2020-12-18,20.0,1.4955502499999884
2020-12-18,30.0,1.707225000000001
2020-12-21,0.08333333333333333,0.08001599999998277
2020-12-21,0.25,0.09002025000002245
2020-12-21,0.5,0.09002025000002245
2020-12-21,1.0,0.09002025000002245
2020-12-21,2.0,0.13004225000001757
2020-12-21,3.0,0.1800809999999764
2020-12-21,5.0,0.39038024999997756
2020-12-21,7.0,0.6610890000000147
2020-12-21,10.0,0.9522562500000165
2020-12-21,20.0,1.485476000000019
2020-12-21,30.0,1.6870559999999868
2020-12-22,0.08333333333333333,0.07001225000000666
2020-12-22,0.25,0.09002025000002245
2020-12-22,0.5,0.09002025000002245
2020-12-22,1.0,0.09002025000002245
2020-12-22,2.0,0.13004225000001757
2020-12-22,3.0,0.17007225000000847
2020-12-22,5.0,0.37034224999998866
2020-12-22,7.0,0.6410240000000123
2020-12-22,10.0,0.9321622500000126
2020-12-22,20.0,1.4552562500000032
2020-12-22,30.0,1.6568062500000202
2020-12-23,0.08333333333333333,0.07001225000000666
2020-12-23,0.25,0.09002025000002245
2020-12-23,0.5,0.09002025000002245
2020-12-23,1.0,0.09002025000002245
2020-12-23,2.0,0.13004225000001757
2020-12-23,3.0,0.1800809999999764
2020-12-23,5.0,0.38036100000000683
2020-12-23,7.0,0.6711222499999892
2020-12-23,10.0,0.9623039999999916
2020-12-23,20.0,1.4955502499999884
2020-12-23,30.0,1.707225000000001
2020-12-24,0.08333333333333333,0.09002025000002245
2020-12-24,0.25,0.09002025000002245
2020-12-24,0.5,0.09002025000002245
2020-12-24,1.0,0.10002499999999248
2020-12-24,2.0,0.13004225000001757
2020-12-24,3.0,0.17007225000000847
2020-12-24,5.0,0.37034224999998866
2020-12-24,7.0,0.6610890000000147
2020-12-24,10.0,0.9422089999999939
2020-12-24,20.0,1.4653290000000263
2020-12-24,30.0,1.6668890000000047
2020-12-28,0.08333333333333333,0.09002025000002245
2020-12-28,0.25,0.11003025000000388
2020-12-28,0.5,0.11003025000000388
2020-12-28,1.0,0.11003025000000388
2020-12-28,2.0,0.13004225000001757
2020-12-28,3.0,0.17007225000000847
2020-12-28,5.0,0.38036100000000683
2020-12-28,7.0,0.6510562499999928
2020-12-28,10.0,0.9422089999999939
2020-12-28,20.0,1.4653290000000263
2020-12-28,30.0,1.6769722500000084
2020-12-29,0.08333333333333333,0.08001599999998277
2020-12-29,0.25,0.10002499999999248
2020-12-29,0.5,0.12003599999999004
2020-12-29,1.0,0.11003025000000388
2020-12-29,2.0,0.12003599999999004
2020-12-29,3.0,0.17007225000000847
2020-12-29,5.0,0.37034224999998866
2020-12-29,7.0,0.6610890000000147
2020-12-29,10.0,0.9422089999999939
2020-12-29,20.0,1.475402250000002
2020-12-29,30.0,1.6769722500000084
2020-12-30,0.08333333333333333,0.060008999999983104
2020-12-30,0.25,0.08001599999998277
2020-12-30,0.5,0.09002025000002245
2020-12-30,1.0,0.12003599999999004
2020-12-30,2.0,0.12003599999999004
2020-12-30,3.0,0.17007225000000847
2020-12-30,5.0,0.37034224999998866
2020-12-30,7.0,0.6610890000000147
2020-12-30,10.0,0.9321622500000126
2020-12-30,20.0,1.4653290000000263
2020-12-30,30.0,1.6668890000000047
2020-12-31,0.08333333333333333,0.08001599999998277
2020-12-31,0.25,0.09002025000002245
2020-12-31,0.5,0.09002025000002245
2020-12-31,1.0,0.10002499999999248
2020-12-31,2.0,0.13004225000001757
2020-12-31,3.0,0.17007225000000847
2020-12-31,5.0,0.36032400000001186
2020-12-31,7.0,0.6510562499999928
2020-12-31,10.0,0.9321622500000126
2020-12-31,20.0,1.4552562500000032
2020-12-31,30.0,1.6568062500000202
2021-01-04,0.08333333333333333,0.09002025000002245
2021-01-04,0.25,0.09002025000002245
2021-01-04,0.5,0.09002025000002245
2021-01-04,1.0,0.10002499999999248
2021-01-04,2.0,0.11003025000000388
2021-01-04,3.0,0.1600639999999931
2021-01-04,5.0,0.36032400000001186
2021-01-04,7.0,0.6410240000000123
2021-01-04,10.0,0.9321622500000126
2021-01-04,20.0,1.4653290000000263
2021-01-04,30.0,1.6668890000000047
2021-01-05,0.08333333333333333,0.08001599999998277
2021-01-05,0.25,0.09002025000002245
2021-01-05,0.5,0.09002025000002245
2021-01-05,1.0,0.10002499999999248
2021-01-05,2.0,0.13004225000001757
2021-01-05,3.0,0.17007225000000847
2021-01-05,5.0,0.38036100000000683
2021-01-05,7.0,0.6610890000000147
2021-01-05,10.0,0.9623039999999916
2021-01-05,20.0,1.4955502499999884
2021-01-05,30.0,1.707225000000001
2021-01-06,0.08333333333333333,0.09002025000002245
2021-01-06,0.25,0.09002025000002245
2021-01-06,0.5,0.09002025000002245
2021-01-06,1.0,0.11003025000000388
2021-01-06,2.0,0.14004899999997544
2021-01-06,3.0,0.20009999999996975
2021-01-06,5.0,0.4304622500000299
2021-01-06,7.0,0.7413690000000139
2021-01-06,10.0,1.0427040000000165
2021-01-06,20.0,1.6064000000000078
2021-01-06,30.0,1.818190250000007
2021-01-07,0.08333333333333333,0.09002025000002245
2021-01-07,0.25,0.09002025000002245
2021-01-07,0.5,0.09002025000002245
2021-01-07,1.0,0.11003025000000388
2021-01-07,2.0,0.14004899999997544
2021-01-07,3.0,0.22012100000001755
2021-01-07,5.0,0.4605289999999984
2021-01-07,7.0,0.7815209999999961
2021-01-07,10.0,1.0829160000000115
2021-01-07,20.0,1.6467239999999883
2021-01-07,30.0,1.8585562499999986
2021-01-08,0.08333333333333333,0.08001599999998277
2021-01-08,0.25,0.08001599999998277
2021-01-08,0.5,0.09002025000002245
2021-01-08,1.0,0.10002499999999248
2021-01-08,2.0,0.14004899999997544
2021-01-08,3.0,0.2401440000000088
2021-01-08,5.0,0.4906002500000062
2021-01-08,7.0,0.811640250000023
2021-01-08,10.0,1.1331922499999925
2021-01-08,20.0,1.6769722500000084
2021-01-08,30.0,1.8787422499999984
2021-01-11,0.08333333333333333,0.09002025000002245
2021-01-11,0.25,0.08001599999998277
2021-01-11,0.5,0.10002499999999248
2021-01-11,1.0,0.10002499999999248
2021-01-11,2.0,0.14004899999997544
2021-01-11,3.0,0.22012100000001755
2021-01-11,5.0,0.5006249999999879
2021-01-11,7.0,0.8417640000000004
2021-01-11,10.0,1.1533062499999858
2021-01-11,20.0,1.6870559999999868
2021-01-11,30.0,1.8888360000000048
2021-01-12,0.08333333333333333,0.09002025000002245
2021-01-12,0.25,0.09002025000002245
2021-01-12,0.5,0.09002025000002245
2021-01-12,1.0,0.11003025000000388
2021-01-12,2.0,0.14004899999997544
2021-01-12,3.0,0.2301322499999925
2021-01-12,5.0,0.5006249999999879
2021-01-12,7.0,0.831722250000011
2021-01-12,10.0,1.1533062499999858
2021-01-12,20.0,1.6870559999999868
2021-01-12,30.0,1.8888360000000048
2021-01-13,0.08333333333333333,0.09002025000002245
2021-01-13,0.25,0.09002025000002245
2021-01-13,0.5,0.10002499999999248
2021-01-13,1.0,0.12003599999999004
2021-01-13,2.0,0.14004899999997544
2021-01-13,3.0,0.22012100000001755
2021-01-13,5.0,0.4805759999999992
2021-01-13,7.0,0.8016000000000023
2021-01-13,10.0,1.103025000000013
2021-01-13,20.0,1.63664225000002
2021-01-13,30.0,1.8282810000000316
2021-01-14,0.08333333333333333,0.09002025000002245
2021-01-14,0.25,0.09002025000002245
2021-01-14,0.5,0.09002025000002245
2021-01-14,1.0,0.10002499999999248
2021-01-14,2.0,0.1600639999999931
2021-01-14,3.0,0.2301322499999925
2021-01-14,5.0,0.4906002500000062
2021-01-14,7.0,0.8216809999999963
2021-01-14,10.0,1.1533062499999858
2021-01-14,20.0,1.6971402500000066
2021-01-14,30.0,1.8888360000000048
2021-01-15,0.08333333333333333,0.08001599999998277
2021-01-15,0.25,0.09002025000002245
2021-01-15,0.5,0.10002499999999248
2021-01-15,1.0,0.10002499999999248
2021-01-15,2.0,0.13004225000001757
2021-01-15,3.0,0.20009999999996975
2021-01-15,5.0,0.4605289999999984
2021-01-15,7.0,0.7815209999999961
2021-01-15,10.0,1.113080249999987
2021-01-15,20.0,1.6668890000000047
2021-01-15,30.0,1.8585562499999986
2021-01-19,0.08333333333333333,0.07001225000000666
2021-01-19,0.25,0.09002025000002245
2021-01-19,0.5,0.11003025000000388
2021-01-19,1.0,0.10002499999999248
2021-01-19,2.0,0.14004899999997544
2021-01-19,3.0,0.21011024999999517
2021-01-19,5.0,0.45050625000002675
2021-01-19,7.0,0.7815209999999961
2021-01-19,10.0,1.103025000000013
2021-01-19,20.0,1.6568062500000202
2021-01-19,30.0,1.8484640000000274
2021-01-20,0.08333333333333333,0.08001599999998277
2021-01-20,0.25,0.08001599999998277
2021-01-20,0.5,0.10002499999999248
2021-01-20,1.0,0.10002499999999248
2021-01-20,2.0,0.13004225000001757
2021-01-20,3.0,0.1900902500000079
2021-01-20,5.0,0.45050625000002675
2021-01-20,7.0,0.7815209999999961
2021-01-20,10.0,1.103025000000013
2021-01-20,20.0,1.6568062500000202
2021-01-20,30.0,1.8484640000000274
2021-01-21,0.08333333333333333,0.07001225000000666
2021-01-21,0.25,0.09002025000002245
2021-01-21,0.5,0.09002025000002245
2021-01-21,1.0,0.10002499999999248
2021-01-21,2.0,0.13004225000001757
2021-01-21,3.0,0.1900902500000079
2021-01-21,5.0,0.45050625000002675
2021-01-21,7.0,0.7915602499999785
2021-01-21,10.0,1.1231360000000024
2021-01-21,20.0,1.6870559999999868
2021-01-21,30.0,1.8787422499999984
2021-01-22,0.08333333333333333,0.07001225000000666
2021-01-22,0.25,0.08001599999998277
2021-01-22,0.5,0.10002499999999248
2021-01-22,1.0,0.10002499999999248
2021-01-22,2.0,0.13004225000001757
2021-01-22,3.0,0.1900902500000079
2021-01-22,5.0,0.44048399999998544
2021-01-22,7.0,0.7714822499999885
2021-01-22,10.0,1.103025000000013
2021-01-22,20.0,1.6668890000000047
2021-01-22,30.0,1.8585562499999986
2021-01-25,0.08333333333333333,0.07001225000000666
2021-01-25,0.25,0.09002025000002245
2021-01-25,0.5,0.09002025000002245
2021-01-25,1.0,0.10002499999999248
2021-01-25,2.0,0.13004225000001757
2021-01-25,3.0,0.17007225000000847
2021-01-25,5.0,0.4204410000000047
2021-01-25,7.0,0.7313322499999941
2021-01-25,10.0,1.0527562499999865
2021-01-25,20.0,1.6164802499999853
2021-01-25,30.0,1.8080999999999792
2021-01-26,0.08333333333333333,0.05000625000002312
2021-01-26,0.25,0.07001225000000666
2021-01-26,0.5,0.09002025000002245
2021-01-26,1.0,0.09002025000002245
2021-01-26,2.0,0.11003025000000388
2021-01-26,3.0,0.1800809999999764
2021-01-26,5.0,0.4204410000000047
2021-01-26,7.0,0.7413690000000139
2021-01-26,10.0,1.0527562499999865
2021-01-26,20.0,1.6164802499999853
2021-01-26,30.0,1.8080999999999792
2021-01-27,0.08333333333333333,0.05000625000002312
2021-01-27,0.25,0.08001599999998277
2021-01-27,0.5,0.09002025000002245
2021-01-27,1.0,0.09002025000002245
2021-01-27,2.0,0.12003599999999004
2021-01-27,3.0,0.1800809999999764
2021-01-27,5.0,0.4104202500000209
2021-01-27,7.0,0.7212960000000157
2021-01-27,10.0,1.0427040000000165
2021-01-27,20.0,1.6064000000000078
2021-01-27,30.0,1.7980102499999928
2021-01-28,0.08333333333333333,0.05000625000002312
2021-01-28,0.25,0.07001225000000666
2021-01-28,0.5,0.08001599999998277
2021-01-28,1.0,0.08001599999998277
2021-01-28,2.0,0.12003599999999004
2021-01-28,3.0,0.1800809999999764
2021-01-28,5.0,0.4204410000000047
2021-01-28,7.0,0.7514062499999863
2021-01-28,10.0,1.072862249999984
2021-01-28,20.0,1.63664225000002
2021-01-28,30.0,1.818190250000007
2021-01-29,0.08333333333333333,0.07001225000000666
2021-01-29,0.25,0.060008999999983104
2021-01-29,0.5,0.07001225000000666
2021-01-29,1.0,0.10002499999999248
2021-01-29,2.0,0.11003025000000388
2021-01-29,3.0,0.1900902500000079
2021-01-29,5.0,0.45050625000002675
2021-01-29,7.0,0.7915602499999785
2021-01-29,10.0,1.113080249999987
2021-01-29,20.0,1.6870559999999868
2021-01-29,30.0,1.8787422499999984
2021-02-01,0.08333333333333333,0.060008999999983104
2021-02-01,0.25,0.07001225000000666
2021-02-01,0.5,0.08001599999998277
2021-02-01,1.0,0.08001599999998277
2021-02-01,2.0,0.11003025000000388
2021-02-01,3.0,0.17007225000000847
2021-02-01,5.0,0.4204410000000047
2021-02-01,7.0,0.761444
2021-02-01,10.0,1.0929702499999916
2021-02-01,20.0,1.6668890000000047
2021-02-01,30.0,1.8484640000000274
2021-02-02,0.08333333333333333,0.04000399999999349
2021-02-02,0.25,0.07001225000000666
2021-02-02,0.5,0.08001599999998277
2021-02-02,1.0,0.08001599999998277
2021-02-02,2.0,0.11003025000000388
2021-02-02,3.0,0.1800809999999764
2021-02-02,5.0,0.45050625000002675
2021-02-02,7.0,0.7915602499999785
2021-02-02,10.0,1.1231360000000024
2021-02-02,20.0,1.6971402500000066
2021-02-02,30.0,1.8787422499999984
2021-02-03,0.08333333333333333,0.03000225000002743
2021-02-03,0.25,0.04000399999999349
2021-02-03,0.5,0.060008999999983104
2021-02-03,1.0,0.08001599999998277
2021-02-03,2.0,0.11003025000000388
2021-02-03,3.0,0.1900902500000079
2021-02-03,5.0,0.4605289999999984
2021-02-03,7.0,0.811640250000023
2021-02-03,10.0,1.1533062499999858
2021-02-03,20.0,1.7374822500000109
2021-02-03,30.0,1.9292160000000003
2021-02-04,0.08333333333333333,0.03000225000002743
2021-02-04,0.25,0.04000399999999349
2021-02-04,0.5,0.060008999999983104
2021-02-04,1.0,0.07001225000000666
2021-02-04,2.0,0.11003025000000388
2021-02-04,3.0,0.1800809999999764
2021-02-04,5.0,0.4605289999999984
2021-02-04,7.0,0.811640250000023
2021-02-04,10.0,1.1533062499999858
2021-02-04,20.0,1.757656250000017
2021-02-04,30.0,1.9393122499999915
2021-02-05,0.08333333333333333,0.02000099999999172
2021-02-05,0.25,0.03000225000002743
2021-02-05,0.5,0.05000625000002312
2021-02-05,1.0,0.060008999999983104
2021-02-05,2.0,0.09002025000002245
2021-02-05,3.0,0.1900902500000079
2021-02-05,5.0,0.47055225000001144
2021-02-05,7.0,0.831722250000011
2021-02-05,10.0,1.1935402499999803
2021-02-05,20.0,1.7980102499999928
2021-02-05,30.0,1.9797022499999928
2021-02-08,0.08333333333333333,0.04000399999999349
2021-02-08,0.25,0.05000625000002312
2021-02-08,0.5,0.05000625000002312
2021-02-08,1.0,0.07001225000000666
2021-02-08,2.0,0.11003025000000388
2021-02-08,3.0,0.20009999999996975
2021-02-08,5.0,0.4805759999999992
2021-02-08,7.0,0.831722250000011
2021-02-08,10.0,1.1935402499999803
2021-02-08,20.0,1.7879209999999812
2021-02-08,30.0,1.9696040000000137
2021-02-09,0.08333333333333333,0.04000399999999349
2021-02-09,0.25,0.04000399999999349
2021-02-09,0.5,0.060008999999983104
2021-02-09,1.0,0.07001225000000666
2021-02-09,2.0,0.11003025000000388
2021-02-09,3.0,0.1900902500000079
2021-02-09,5.0,0.4805759999999992
2021-02-09,7.0,0.831722250000011
2021-02-09,10.0,1.1834810000000084
2021-02-09,20.0,1.7879209999999812
2021-02-09,30.0,1.9595062499999871
2021-02-10,0.08333333333333333,0.05000625000002312
2021-02-10,0.25,0.05000625000002312
2021-02-10,0.5,0.060008999999983104
2021-02-10,1.0,0.07001225000000666
2021-02-10,2.0,0.11003025000000388
2021-02-10,3.0,0.1900902500000079
2021-02-10,5.0,0.4605289999999984
2021-02-10,7.0,0.8016000000000023
2021-02-10,10.0,1.1533062499999858
2021-02-10,20.0,1.757656250000017
2021-02-10,30.0,1.9292160000000003
2021-02-11,0.08333333333333333,0.05000625000002312
2021-02-11,0.25,0.05000625000002312
2021-02-11,0.5,0.060008999999983104
2021-02-11,1.0,0.07001225000000666
2021-02-11,2.0,0.11003025000000388
2021-02-11,3.0,0.1900902500000079
2021-02-11,5.0,0.4605289999999984
2021-02-11,7.0,0.811640250000023
2021-02-11,10.0,1.1633640000000112
2021-02-11,20.0,1.777832250000011
2021-02-11,30.0,1.949409000000002
2021-02-12,0.08333333333333333,0.03000225000002743
2021-02-12,0.25,0.04000399999999349
2021-02-12,0.5,0.05000625000002312
2021-02-12,1.0,0.060008999999983104
2021-02-12,2.0,0.11003025000000388
2021-02-12,3.0,0.20009999999996975
2021-02-12,5.0,0.5006249999999879
2021-02-12,7.0,0.851806250000009
2021-02-12,10.0,1.2035999999999936
2021-02-12,20.0,1.8383722500000088
2021-02-12,30.0,2.0201002499999676
2021-02-16,0.08333333333333333,0.03000225000002743
2021-02-16,0.25,0.04000399999999349
2021-02-16,0.5,0.060008999999983104
2021-02-16,1.0,0.08001599999998277
2021-02-16,2.0,0.13004225000001757
2021-02-16,3.0,0.2301322499999925
2021-02-16,5.0,0.5708122499999968
2021-02-16,7.0,0.9422089999999939
2021-02-16,10.0,1.304224999999981
2021-02-16,20.0,1.9292160000000003
2021-02-16,30.0,2.0908159999999842
2021-02-17,0.08333333333333333,0.03000225000002743
2021-02-17,0.25,0.04000399999999349
2021-02-17,0.5,0.060008999999983104
2021-02-17,1.0,0.07001225000000666
2021-02-17,2.0,0.11003025000000388
2021-02-17,3.0,0.21011024999999517
2021-02-17,5.0,0.5708122499999968
2021-02-17,7.0,0.9422089999999939
2021-02-17,10.0,1.2941602500000204
2021-02-17,20.0,1.9292160000000003
2021-02-17,30.0,2.070609000000001
2021-02-18,0.08333333333333333,0.03000225000002743
2021-02-18,0.25,0.03000225000002743
2021-02-18,0.5,0.04000399999999349
2021-02-18,1.0,0.060008999999983104
2021-02-18,2.0,0.11003025000000388
2021-02-18,3.0,0.21011024999999517
2021-02-18,5.0,0.560783999999992
2021-02-18,7.0,0.9422089999999939
2021-02-18,10.0,1.2941602500000204
2021-02-18,20.0,1.9191202499999838
2021-02-18,30.0,2.0908159999999842
2021-02-19,0.08333333333333333,0.03000225000002743
2021-02-19,0.25,0.04000399999999349
2021-02-19,0.5,0.060008999999983104
2021-02-19,1.0,0.07001225000000666
2021-02-19,2.0,0.11003025000000388
2021-02-19,3.0,0.22012100000001755
2021-02-19,5.0,0.5908702499999974
2021-02-19,7.0,0.9824009999999772
2021-02-19,10.0,1.3444889999999932
2021-02-19,20.0,1.9898010000000133
2021-02-19,30.0,2.151448999999994
2021-02-22,0.08333333333333333,0.03000225000002743
2021-02-22,0.25,0.03000225000002743
2021-02-22,0.5,0.04000399999999349
2021-02-22,1.0,0.060008999999983104
2021-02-22,2.0,0.11003025000000388
2021-02-22,3.0,0.22012100000001755
2021-02-22,5.0,0.610930250000008
2021-02-22,7.0,1.0024999999999729
2021-02-22,10.0,1.374692249999998
2021-02-22,20.0,2.030200999999998
2021-02-22,30.0,2.2019902500000077
2021-02-23,0.08333333333333333,0.03000225000002743
2021-02-23,0.25,0.04000399999999349
2021-02-23,0.5,0.05000625000002312
2021-02-23,1.0,0.08001599999998277
2021-02-23,2.0,0.11003025000000388
2021-02-23,3.0,0.22012100000001755
2021-02-23,5.0,0.5908702499999974
2021-02-23,7.0,1.0024999999999729
2021-02-23,10.0,1.374692249999998
2021-02-23,20.0,2.0403022500000256
2021-02-23,30.0,2.2222102500000007
2021-02-24,0.08333333333333333,0.03000225000002743
2021-02-24,0.25,0.03000225000002743
2021-02-24,0.5,0.05000625000002312
2021-02-24,1.0,0.08001599999998277
2021-02-24,2.0,0.12003599999999004
2021-02-24,3.0,0.2401440000000088
2021-02-24,5.0,0.6209610000000199
2021-02-24,7.0,1.022601000000023
2021-02-24,10.0,1.3847609999999788
2021-02-24,20.0,2.0807122500000164
2021-02-24,30.0,2.252544000000012
2021-02-25,0.08333333333333333,0.04000399999999349
2021-02-25,0.25,0.04000399999999349
2021-02-25,0.5,0.060008999999983104
2021-02-25,1.0,0.09002025000002245
2021-02-25,2.0,0.17007225000000847
2021-02-25,3.0,0.3402890000000047
2021-02-25,5.0,0.811640250000023
2021-02-25,7.0,1.233782250000015
2021-02-25,10.0,1.5459290000000125
2021-02-25,20.0,2.2626562499999947
2021-02-25,30.0,2.3435722499999923
2021-02-26,0.08333333333333333,0.04000399999999349
2021-02-26,0.25,0.04000399999999349
2021-02-26,0.5,0.05000625000002312
2021-02-26,1.0,0.08001599999998277
2021-02-26,2.0,0.14004899999997544
2021-02-26,3.0,0.3002250000000206
2021-02-26,5.0,0.7514062499999863
2021-02-26,7.0,1.1533062499999858
2021-02-26,10.0,1.4451840000000216
2021-02-26,20.0,2.0908159999999842
2021-02-26,30.0,2.1817722500000025
2021-03-01,0.08333333333333333,0.03000225000002743
2021-03-01,0.25,0.05000625000002312
2021-03-01,0.5,0.07001225000000666
2021-03-01,1.0,0.08001599999998277
2021-03-01,2.0,0.13004225000001757
2021-03-01,3.0,0.27018224999999507
2021-03-01,5.0,0.7112602499999898
2021-03-01,7.0,1.1231360000000024
2021-03-01,10.0,1.4552562500000032
2021-03-01,20.0,2.121130250000003
2021-03-01,30.0,2.242432250000004
2021-03-02,0.08333333333333333,0.04000399999999349
2021-03-02,0.25,0.04000399999999349
2021-03-02,0.5,0.060008999999983104
2021-03-02,1.0,0.08001599999998277
2021-03-02,2.0,0.13004225000001757
2021-03-02,3.0,0.2601690000000101
2021-03-02,5.0,0.6711222499999892
2021-03-02,7.0,1.0829160000000115
2021-03-02,10.0,1.4250410000000269
2021-03-02,20.0,2.1009202500000157
2021-03-02,30.0,2.2222102500000007
2021-03-03,0.08333333333333333,0.04000399999999349
2021-03-03,0.25,0.05000625000002312
2021-03-03,0.5,0.07001225000000666
2021-03-03,1.0,0.08001599999998277
2021-03-03,2.0,0.14004899999997544
2021-03-03,3.0,0.29021025000000034
2021-03-03,5.0,0.7313322499999941
2021-03-03,7.0,1.1432490000000017
2021-03-03,10.0,1.475402250000002
2021-03-03,20.0,2.131235999999981
2021-03-03,30.0,2.2626562499999947
2021-03-04,0.08333333333333333,0.03000225000002743
2021-03-04,0.25,0.04000399999999349
2021-03-04,0.5,0.07001225000000666
2021-03-04,1.0,0.08001599999998277
2021-03-04,2.0,0.14004899999997544
2021-03-04,3.0,0.32025600000000765
2021-03-04,5.0,0.7714822499999885
2021-03-04,7.0,1.213660250000026
2021-03-04,10.0,1.5459290000000125
2021-03-04,20.0,2.1918809999999844
2021-03-04,30.0,2.3132250000000187
2021-03-05,0.08333333333333333,0.04000399999999349
2021-03-05,0.25,0.04000399999999349
2021-03-05,0.5,0.07001225000000666
2021-03-05,1.0,0.08001599999998277
2021-03-05,2.0,0.14004899999997544
2021-03-05,3.0,0.32025600000000765
2021-03-05,5.0,0.7915602499999785
2021-03-05,7.0,1.233782250000015
2021-03-05,10.0,1.566084000000001
2021-03-05,20.0,2.1918809999999844
2021-03-05,30.0,2.292996000000014
2021-03-08,0.08333333333333333,0.04000399999999349
2021-03-08,0.25,0.05000625000002312
2021-03-08,0.5,0.060008999999983104
2021-03-08,1.0,0.09002025000002245
2021-03-08,2.0,0.17007225000000847
2021-03-08,3.0,0.3402890000000047
2021-03-08,5.0,0.8618489999999923
2021-03-08,7.0,1.2840959999999901
2021-03-08,10.0,1.596320249999983
2021-03-08,20.0,2.2120999999999835
2021-03-08,30.0,2.3233402499999833
2021-03-09,0.08333333333333333,0.04000399999999349
2021-03-09,0.25,0.05000625000002312
2021-03-09,0.5,0.07001225000000666
2021-03-09,1.0,0.10002499999999248
2021-03-09,2.0,0.17007225000000847
2021-03-09,3.0,0.3503062499999876
2021-03-09,5.0,0.831722250000011
2021-03-09,7.0,1.233782250000015
2021-03-09,10.0,1.556006249999986
2021-03-09,20.0,2.171663999999973
2021-03-09,30.0,2.272769000000019
2021-03-10,0.08333333333333333,0.03000225000002743
2021-03-10,0.25,0.04000399999999349
2021-03-10,0.5,0.060008999999983104
2021-03-10,1.0,0.08001599999998277
2021-03-10,2.0,0.1600639999999931
2021-03-10,3.0,0.32025600000000765
2021-03-10,5.0,0.8016000000000023
2021-03-10,7.0,1.2035999999999936
2021-03-10,10.0,1.5358522499999916
2021-03-10,20.0,2.1615562500000074
2021-03-10,30.0,2.252544000000012
2021-03-11,0.08333333333333333,0.04000399999999349
2021-03-11,0.25,0.04000399999999349
2021-03-11,0.5,0.05000625000002312
2021-03-11,1.0,0.08001599999998277
2021-03-11,2.0,0.14004899999997544
2021-03-11,3.0,0.31024024999999344
2021-03-11,5.0,0.7815209999999961
2021-03-11,7.0,1.2035999999999936
2021-03-11,10.0,1.5459290000000125
2021-03-11,20.0,2.1918809999999844
2021-03-11,30.0,2.3031102499999845
2021-03-12,0.08333333333333333,0.03000225000002743
2021-03-12,0.25,0.04000399999999349
2021-03-12,0.5,0.060008999999983104
2021-03-12,1.0,0.09002025000002245
2021-03-12,2.0,0.14004899999997544
2021-03-12,3.0,0.3402890000000047
2021-03-12,5.0,0.851806250000009
2021-03-12,7.0,1.304224999999981
2021-03-12,10.0,1.6467239999999883
2021-03-12,20.0,2.3233402499999833
2021-03-12,30.0,2.4143999999999943
2021-03-15,0.08333333333333333,0.02000099999999172
2021-03-15,0.25,0.04000399999999349
2021-03-15,0.5,0.060008999999983104
2021-03-15,1.0,0.08001599999998277
2021-03-15,2.0,0.14004899999997544
2021-03-15,3.0,0.3302722499999966
2021-03-15,5.0,0.8417640000000004
2021-03-15,7.0,1.2840959999999901
2021-03-15,10.0,1.6265610000000041
2021-03-15,20.0,2.2828822499999957
2021-03-15,30.0,2.3840422499999736
2021-03-16,0.08333333333333333,0.010000250000019584
2021-03-16,0.25,0.02000099999999172
2021-03-16,0.5,0.060008999999983104
2021-03-16,1.0,0.07001225000000666
2021-03-16,2.0,0.1500562499999969
2021-03-16,3.0,0.3302722499999966
2021-03-16,5.0,0.831722250000011
2021-03-16,7.0,1.2840959999999901
2021-03-16,10.0,1.6265610000000041
2021-03-16,20.0,2.3132250000000187
2021-03-16,30.0,2.3941610000000058
2021-03-17,0.08333333333333333,0.010000250000019584
2021-03-17,0.25,0.02000099999999172
2021-03-17,0.5,0.05000625000002312
2021-03-17,1.0,0.07001225000000666
2021-03-17,2.0,0.13004225000001757
2021-03-17,3.0,0.29021025000000034
2021-03-17,5.0,0.8016000000000023
2021-03-17,7.0,1.2740322500000234
2021-03-17,10.0,1.63664225000002
2021-03-17,20.0,2.3334560000000115
2021-03-17,30.0,2.434640999999993
2021-03-18,0.08333333333333333,0.010000250000019584
2021-03-18,0.25,0.010000250000019584
2021-03-18,0.5,0.03000225000002743
2021-03-18,1.0,0.08001599999998277
2021-03-18,2.0,0.1600639999999931
2021-03-18,3.0,0.3302722499999966
2021-03-18,5.0,0.8618489999999923
2021-03-18,7.0,1.3545562500000052
2021-03-18,10.0,1.7173102500000148
2021-03-18,20.0,2.373924000000005
2021-03-18,30.0,2.4650062500000125
2021-03-19,0.08333333333333333,0.010000250000019584
2021-03-19,0.25,0.010000250000019584
2021-03-19,0.5,0.03000225000002743
2021-03-19,1.0,0.07001225000000666
2021-03-19,2.0,0.1600639999999931
2021-03-19,3.0,0.3302722499999966
2021-03-19,5.0,0.9020249999999841
2021-03-19,7.0,1.3847609999999788
2021-03-19,10.0,1.7475689999999933
2021-03-19,20.0,2.373924000000005
2021-03-19,30.0,2.4650062500000125
2021-03-22,0.08333333333333333,0.02000099999999172
2021-03-22,0.25,0.03000225000002743
2021-03-22,0.5,0.05000625000002312
2021-03-22,1.0,0.060008999999983104
2021-03-22,2.0,0.1500562499999969
2021-03-22,3.0,0.32025600000000765
2021-03-22,5.0,0.871892250000017
2021-03-22,7.0,1.3444889999999932
2021-03-22,10.0,1.6971402500000066
2021-03-22,20.0,2.3031102499999845
2021-03-22,30.0,2.3941610000000058
2021-03-23,0.08333333333333333,0.02000099999999172
2021-03-23,0.25,0.010000250000019584
2021-03-23,0.5,0.04000399999999349
2021-03-23,1.0,0.08001599999998277
2021-03-23,2.0,0.1500562499999969
2021-03-23,3.0,0.31024024999999344
2021-03-23,5.0,0.831722250000011
2021-03-23,7.0,1.2941602500000204
2021-03-23,10.0,1.63664225000002
2021-03-23,20.0,2.252544000000012
2021-03-23,30.0,2.3536890000000144
2021-03-24,0.08333333333333333,0.02000099999999172
2021-03-24,0.25,0.02000099999999172
2021-03-24,0.5,0.04000399999999349
2021-03-24,1.0,0.07001225000000666
2021-03-24,2.0,0.14004899999997544
2021-03-24,3.0,0.31024024999999344
2021-03-24,5.0,0.831722250000011
2021-03-24,7.0,1.2740322500000234
2021-03-24,10.0,1.6265610000000041
2021-03-24,20.0,2.2222102500000007
2021-03-24,30.0,2.3233402499999833
2021-03-25,0.08333333333333333,0.02000099999999172
2021-03-25,0.25,0.02000099999999172
2021-03-25,0.5,0.04000399999999349
2021-03-25,1.0,0.07001225000000666
2021-03-25,2.0,0.14004899999997544
2021-03-25,3.0,0.3002250000000206
2021-03-25,5.0,0.8216809999999963
2021-03-25,7.0,1.2941602500000204
2021-03-25,10.0,1.63664225000002
2021-03-25,20.0,2.252544000000012
2021-03-25,30.0,2.3536890000000144
2021-03-26,0.08333333333333333,0.02000099999999172
2021-03-26,0.25,0.02000099999999172
2021-03-26,0.5,0.04000399999999349
2021-03-26,1.0,0.060008999999983104
2021-03-26,2.0,0.14004899999997544
2021-03-26,3.0,0.31024024999999344
2021-03-26,5.0,0.851806250000009
2021-03-26,7.0,1.324355999999982
2021-03-26,10.0,1.6769722500000084
2021-03-26,20.0,2.2828822499999957
2021-03-26,30.0,2.3840422499999736
2021-03-29,0.08333333333333333,0.02000099999999172
2021-03-29,0.25,0.03000225000002743
2021-03-29,0.5,0.04000399999999349
2021-03-29,1.0,0.060008999999983104
2021-03-29,2.0,0.14004899999997544
2021-03-29,3.0,0.32025600000000765
2021-03-29,5.0,0.8919802500000129
2021-03-29,7.0,1.374692249999998
2021-03-29,10.0,1.7374822500000109
2021-03-29,20.0,2.3334560000000115
2021-03-29,30.0,2.444762250000032
2021-03-30,0.08333333333333333,0.010000250000019584
2021-03-30,0.25,0.02000099999999172
2021-03-30,0.5,0.04000399999999349
2021-03-30,1.0,0.060008999999983104
2021-03-30,2.0,0.1600639999999931
2021-03-30,3.0,0.3302722499999966
2021-03-30,5.0,0.9020249999999841
2021-03-30,7.0,1.394830250000001
2021-03-30,10.0,1.7374822500000109
2021-03-30,20.0,2.3031102499999845
2021-03-30,30.0,2.3941610000000058
2021-03-31,0.08333333333333333,0.010000250000019584
2021-03-31,0.25,0.03000225000002743
2021-03-31,0.5,0.05000625000002312
2021-03-31,1.0,0.07001225000000666
2021-03-31,2.0,0.1600639999999931
2021-03-31,3.0,0.3503062499999876
2021-03-31,5.0,0.922115999999984
2021-03-31,7.0,1.4048999999999756
2021-03-31,10.0,1.7475689999999933
2021-03-31,20.0,2.3233402499999833
2021-03-31,30.0,2.424520249999973
2021-04-01,0.08333333333333333,0.02000099999999172
2021-04-01,0.25,0.02000099999999172
2021-04-01,0.5,0.04000399999999349
2021-04-01,1.0,0.060008999999983104
2021-04-01,2.0,0.17007225000000847
2021-04-01,3.0,0.3503062499999876
2021-04-01,5.0,0.9020249999999841
2021-04-01,7.0,1.374692249999998
2021-04-01,10.0,1.6971402500000066
2021-04-01,20.0,2.252544000000012
2021-04-01,30.0,2.3536890000000144
2021-04-02,0.08333333333333333,0.02000099999999172
2021-04-02,0.25,0.02000099999999172
2021-04-02,0.5,0.04000399999999349
2021-04-02,1.0,0.07001225000000666
2021-04-02,2.0,0.1900902500000079
2021-04-02,3.0,0.39038024999997756
2021-04-02,5.0,0.9723522500000081
2021-04-02,7.0,1.4250410000000269
2021-04-02,10.0,1.727395999999981
2021-04-02,20.0,2.2828822499999957
2021-04-02,30.0,2.363806249999989
2021-04-05,0.08333333333333333,0.03000225000002743
2021-04-05,0.25,0.03000225000002743
2021-04-05,0.5,0.04000399999999349
2021-04-05,1.0,0.060008999999983104
2021-04-05,2.0,0.17007225000000847
2021-04-05,3.0,0.37034224999998866
2021-04-05,5.0,0.9422089999999939
2021-04-05,7.0,1.4048999999999756
2021-04-05,10.0,1.7374822500000109
2021-04-05,20.0,2.292996000000014
2021-04-05,30.0,2.373924000000005
2021-04-06,0.08333333333333333,0.02000099999999172
2021-04-06,0.25,0.02000099999999172
2021-04-06,0.5,0.04000399999999349
2021-04-06,1.0,0.060008999999983104
2021-04-06,2.0,0.1600639999999931
2021-04-06,3.0,0.3503062499999876
2021-04-06,5.0,0.8819359999999943
2021-04-06,7.0,1.3444889999999932
2021-04-06,10.0,1.6769722500000084
2021-04-06,20.0,2.252544000000012
2021-04-06,30.0,2.3334560000000115
2021-04-07,0.08333333333333333,0.010000250000019584
2021-04-07,0.25,0.02000099999999172
2021-04-07,0.5,0.04000399999999349
2021-04-07,1.0,0.060008999999983104
2021-04-07,2.0,0.1600639999999931
2021-04-07,3.0,0.3402890000000047
2021-04-07,5.0,0.871892250000017
2021-04-07,7.0,1.3444889999999932
2021-04-07,10.0,1.6870559999999868
2021-04-07,20.0,2.272769000000019
2021-04-07,30.0,2.363806249999989
2021-04-08,0.08333333333333333,0.02000099999999172
2021-04-08,0.25,0.010000250000019584
2021-04-08,0.5,0.04000399999999349
2021-04-08,1.0,0.05000625000002312
2021-04-08,2.0,0.14004899999997544
2021-04-08,3.0,0.3302722499999966
2021-04-08,5.0,0.851806250000009
2021-04-08,7.0,1.304224999999981
2021-04-08,10.0,1.6467239999999883
2021-04-08,20.0,2.232321000000015
2021-04-08,30.0,2.3334560000000115
2021-04-09,0.08333333333333333,0.02000099999999172
2021-04-09,0.25,0.02000099999999172
2021-04-09,0.5,0.03000225000002743
2021-04-09,1.0,0.060008999999983104
2021-04-09,2.0,0.1600639999999931
2021-04-09,3.0,0.3503062499999876
2021-04-09,5.0,0.871892250000017
2021-04-09,7.0,1.3344222500000003
2021-04-09,10.0,1.6769722500000084
2021-04-09,20.0,2.242432250000004
2021-04-09,30.0,2.3536890000000144
2021-04-12,0.08333333333333333,0.02000099999999172
2021-04-12,0.25,0.02000099999999172
2021-04-12,0.5,0.04000399999999349
2021-04-12,1.0,0.060008999999983104
2021-04-12,2.0,0.1800809999999764
2021-04-12,3.0,0.38036100000000683
2021-04-12,5.0,0.8919802500000129
2021-04-12,7.0,1.3545562500000052
2021-04-12,10.0,1.6971402500000066
2021-04-12,20.0,2.252544000000012
2021-04-12,30.0,2.3536890000000144
2021-04-13,0.08333333333333333,0.03000225000002743
2021-04-13,0.25,0.03000225000002743
2021-04-13,0.5,0.05000625000002312
2021-04-13,1.0,0.060008999999983104
2021-04-13,2.0,0.1600639999999931
2021-04-13,3.0,0.3503062499999876
2021-04-13,5.0,0.851806250000009
2021-04-13,7.0,1.2941602500000204
2021-04-13,10.0,1.6467239999999883
2021-04-13,20.0,2.2222102500000007
2021-04-13,30.0,2.3334560000000115
2021-04-14,0.08333333333333333,0.02000099999999172
2021-04-14,0.25,0.02000099999999172
2021-04-14,0.5,0.04000399999999349
2021-04-14,1.0,0.060008999999983104
2021-04-14,2.0,0.1600639999999931
2021-04-14,3.0,0.3503062499999876
2021-04-14,5.0,0.871892250000017
2021-04-14,7.0,1.3142902500000053
2021-04-14,10.0,1.6467239999999883
2021-04-14,20.0,2.232321000000015
2021-04-14,30.0,2.3334560000000115
2021-04-15,0.08333333333333333,0.02000099999999172
2021-04-15,0.25,0.02000099999999172
2021-04-15,0.5,0.04000399999999349
2021-04-15,1.0,0.060008999999983104
2021-04-15,2.0,0.1600639999999931
2021-04-15,3.0,0.32025600000000765
2021-04-15,5.0,0.811640250000023
2021-04-15,7.0,1.243843999999994
2021-04-15,10.0,1.566084000000001
2021-04-15,20.0,2.14134225
2021-04-15,30.0,2.242432250000004
2021-04-16,0.08333333333333333,0.02000099999999172
2021-04-16,0.25,0.02000099999999172
2021-04-16,0.5,0.04000399999999349
2021-04-16,1.0,0.060008999999983104
2021-04-16,2.0,0.1600639999999931
2021-04-16,3.0,0.3402890000000047
2021-04-16,5.0,0.8417640000000004
2021-04-16,7.0,1.263968999999987
2021-04-16,10.0,1.596320249999983
2021-04-16,20.0,2.1615562500000074
2021-04-16,30.0,2.272769000000019
2021-04-19,0.08333333333333333,0.010000250000019584
2021-04-19,0.25,0.02000099999999172
2021-04-19,0.5,0.04000399999999349
2021-04-19,1.0,0.08001599999998277
2021-04-19,2.0,0.1600639999999931
2021-04-19,3.0,0.3402890000000047
2021-04-19,5.0,0.851806250000009
2021-04-19,7.0,1.2840959999999901
2021-04-19,10.0,1.6164802499999853
2021-04-19,20.0,2.1918809999999844
2021-04-19,30.0,2.3031102499999845
2021-04-20,0.08333333333333333,0.010000250000019584
2021-04-20,0.25,0.03000225000002743
2021-04-20,0.5,0.04000399999999349
2021-04-20,1.0,0.07001225000000666
2021-04-20,2.0,0.1500562499999969
2021-04-20,3.0,0.31024024999999344
2021-04-20,5.0,0.811640250000023
2021-04-20,7.0,1.2539062500000142
2021-04-20,10.0,1.5862409999999993
2021-04-20,20.0,2.171663999999973
2021-04-20,30.0,2.2828822499999957
2021-04-21,0.08333333333333333,0.0
2021-04-21,0.25,0.03000225000002743
2021-04-21,0.5,0.04000399999999349
2021-04-21,1.0,0.07001225000000666
2021-04-21,2.0,0.1500562499999969
2021-04-21,3.0,0.32025600000000765
2021-04-21,5.0,0.811640250000023
2021-04-21,7.0,1.243843999999994
2021-04-21,10.0,1.5761622499999906
2021-04-21,20.0,2.171663999999973
2021-04-21,30.0,2.272769000000019
2021-04-22,0.08333333333333333,0.02000099999999172
2021-04-22,0.25,0.03000225000002743
2021-04-22,0.5,0.04000399999999349
2021-04-22,1.0,0.060008999999983104
2021-04-22,2.0,0.1600639999999931
2021-04-22,3.0,0.32025600000000765
2021-04-22,5.0,0.811640250000023
2021-04-22,7.0,1.243843999999994
2021-04-22,10.0,1.5761622499999906
2021-04-22,20.0,2.14134225
2021-04-22,30.0,2.252544000000012
2021-04-23,0.08333333333333333,0.010000250000019584
2021-04-23,0.25,0.03000225000002743
2021-04-23,0.5,0.03000225000002743
2021-04-23,1.0,0.07001225000000666
2021-04-23,2.0,0.1600639999999931
2021-04-23,3.0,0.3402890000000047
2021-04-23,5.0,0.831722250000011
2021-04-23,7.0,1.263968999999987
2021-04-23,10.0,1.5862409999999993
2021-04-23,20.0,2.151448999999994
2021-04-23,30.0,2.2626562499999947
2021-04-26,0.08333333333333333,0.02000099999999172
2021-04-26,0.25,0.03000225000002743
2021-04-26,0.5,0.04000399999999349
2021-04-26,1.0,0.060008999999983104
2021-04-26,2.0,0.1800809999999764
2021-04-26,3.0,0.3503062499999876
2021-04-26,5.0,0.851806250000009
2021-04-26,7.0,1.2740322500000234
2021-04-26,10.0,1.5862409999999993
2021-04-26,20.0,2.14134225
2021-04-26,30.0,2.252544000000012
2021-04-27,0.08333333333333333,0.010000250000019584
2021-04-27,0.25,0.010000250000019584
2021-04-27,0.5,0.04000399999999349
2021-04-27,1.0,0.060008999999983104
2021-04-27,2.0,0.17007225000000847
2021-04-27,3.0,0.36032400000001186
2021-04-27,5.0,0.8819359999999943
2021-04-27,7.0,1.324355999999982
2021-04-27,10.0,1.63664225000002
2021-04-27,20.0,2.1918809999999844
2021-04-27,30.0,2.3031102499999845
2021-04-28,0.08333333333333333,0.010000250000019584
2021-04-28,0.25,0.010000250000019584
2021-04-28,0.5,0.04000399999999349
2021-04-28,1.0,0.05000625000002312
2021-04-28,2.0,0.17007225000000847
2021-04-28,3.0,0.3503062499999876
2021-04-28,5.0,0.8618489999999923
2021-04-28,7.0,1.3142902500000053
2021-04-28,10.0,1.63664225000002
2021-04-28,20.0,2.2019902500000077
2021-04-28,30.0,2.3031102499999845
2021-04-29,0.08333333333333333,0.010000250000019584
2021-04-29,0.25,0.010000250000019584
2021-04-29,0.5,0.04000399999999349
2021-04-29,1.0,0.05000625000002312
2021-04-29,2.0,0.1600639999999931
2021-04-29,3.0,0.3503062499999876
2021-04-29,5.0,0.8618489999999923
2021-04-29,7.0,1.324355999999982
2021-04-29,10.0,1.6568062500000202
2021-04-29,20.0,2.2120999999999835
2021-04-29,30.0,2.3233402499999833
2021-04-30,0.08333333333333333,0.010000250000019584
2021-04-30,0.25,0.010000250000019584
2021-04-30,0.5,0.03000225000002743
2021-04-30,1.0,0.05000625000002312
2021-04-30,2.0,0.1600639999999931
2021-04-30,3.0,0.3503062499999876
2021-04-30,5.0,0.8618489999999923
2021-04-30,7.0,1.324355999999982
2021-04-30,10.0,1.6568062500000202
2021-04-30,20.0,2.2019902500000077
2021-04-30,30.0,2.3132250000000187
2021-05-03,0.08333333333333333,0.02000099999999172
2021-05-03,0.25,0.04000399999999349
2021-05-03,0.5,0.04000399999999349
2021-05-03,1.0,0.060008999999983104
2021-05-03,2.0,0.1600639999999931
2021-05-03,3.0,0.3302722499999966
2021-05-03,5.0,0.8417640000000004
2021-05-03,7.0,1.2941602500000204
2021-05-03,10.0,1.63664225000002
2021-05-03,20.0,2.1918809999999844
2021-05-03,30.0,2.3132250000000187
2021-05-04,0.08333333333333333,0.010000250000019584
2021-05-04,0.25,0.02000099999999172
2021-05-04,0.5,0.04000399999999349
2021-05-04,1.0,0.060008999999983104
2021-05-04,2.0,0.1600639999999931
2021-05-04,3.0,0.3302722499999966
2021-05-04,5.0,0.8216809999999963
2021-05-04,7.0,1.2840959999999901
2021-05-04,10.0,1.6164802499999853
2021-05-04,20.0,2.171663999999973
2021-05-04,30.0,2.2828822499999957
2021-05-05,0.08333333333333333,0.010000250000019584
2021-05-05,0.25,0.02000099999999172
2021-05-05,0.5,0.04000399999999349
2021-05-05,1.0,0.060008999999983104
2021-05-05,2.0,0.1600639999999931
2021-05-05,3.0,0.32025600000000765
2021-05-05,5.0,0.8016000000000023
2021-05-05,7.0,1.2539062500000142
2021-05-05,10.0,1.596320249999983
2021-05-05,20.0,2.151448999999994
2021-05-05,30.0,2.2626562499999947
2021-05-06,0.08333333333333333,0.010000250000019584
2021-05-06,0.25,0.02000099999999172
2021-05-06,0.5,0.04000399999999349
2021-05-06,1.0,0.05000625000002312
2021-05-06,2.0,0.1600639999999931
2021-05-06,3.0,0.32025600000000765
2021-05-06,5.0,0.811640250000023
2021-05-06,7.0,1.2539062500000142
2021-05-06,10.0,1.5862409999999993
2021-05-06,20.0,2.151448999999994
2021-05-06,30.0,2.252544000000012
2021-05-07,0.08333333333333333,0.010000250000019584
2021-05-07,0.25,0.02000099999999172
2021-05-07,0.5,0.04000399999999349
2021-05-07,1.0,0.05000625000002312
2021-05-07,2.0,0.14004899999997544
2021-05-07,3.0,0.29021025000000034
2021-05-07,5.0,0.7714822499999885
2021-05-07,7.0,1.243843999999994
2021-05-07,10.0,1.6064000000000078
2021-05-07,20.0,2.1817722500000025
2021-05-07,30.0,2.292996000000014
2021-05-10,0.08333333333333333,0.02000099999999172
2021-05-10,0.25,0.02000099999999172
2021-05-10,0.5,0.04000399999999349
2021-05-10,1.0,0.05000625000002312
2021-05-10,2.0,0.1600639999999931
2021-05-10,3.0,0.32025600000000765
2021-05-10,5.0,0.8016000000000023
2021-05-10,7.0,1.2740322500000234
2021-05-10,10.0,1.63664225000002
2021-05-10,20.0,2.2120999999999835
2021-05-10,30.0,2.3334560000000115
2021-05-11,0.08333333333333333,0.010000250000019584
2021-05-11,0.25,0.010000250000019584
2021-05-11,0.5,0.04000399999999349
2021-05-11,1.0,0.05000625000002312
2021-05-11,2.0,0.1600639999999931
2021-05-11,3.0,0.31024024999999344
2021-05-11,5.0,0.8016000000000023
2021-05-11,7.0,1.2840959999999901
2021-05-11,10.0,1.6467239999999883
2021-05-11,20.0,2.242432250000004
2021-05-11,30.0,2.363806249999989
2021-05-12,0.08333333333333333,0.010000250000019584
2021-05-12,0.25,0.02000099999999172
2021-05-12,0.5,0.04000399999999349
2021-05-12,1.0,0.05000625000002312
2021-05-12,2.0,0.1600639999999931
2021-05-12,3.0,0.3503062499999876
2021-05-12,5.0,0.871892250000017
2021-05-12,7.0,1.3444889999999932
2021-05-12,10.0,1.6971402500000066
2021-05-12,20.0,2.3031102499999845
2021-05-12,30.0,2.4143999999999943
2021-05-13,0.08333333333333333,0.0
2021-05-13,0.25,0.02000099999999172
2021-05-13,0.5,0.03000225000002743
2021-05-13,1.0,0.05000625000002312
2021-05-13,2.0,0.1600639999999931
2021-05-13,3.0,0.3302722499999966
2021-05-13,5.0,0.8417640000000004
2021-05-13,7.0,1.3142902500000053
2021-05-13,10.0,1.6668890000000047
2021-05-13,20.0,2.292996000000014
2021-05-13,30.0,2.4042802499999905
2021-05-14,0.08333333333333333,0.010000250000019584
2021-05-14,0.25,0.010000250000019584
2021-05-14,0.5,0.03000225000002743
2021-05-14,1.0,0.060008999999983104
2021-05-14,2.0,0.1600639999999931
2021-05-14,3.0,0.3302722499999966
2021-05-14,5.0,0.8216809999999963
2021-05-14,7.0,1.2941602500000204
2021-05-14,10.0,1.63664225000002
2021-05-14,20.0,2.2626562499999947
2021-05-14,30.0,2.363806249999989
2021-05-17,0.08333333333333333,0.0
2021-05-17,0.25,0.02000099999999172
2021-05-17,0.5,0.04000399999999349
2021-05-17,1.0,0.060008999999983104
2021-05-17,2.0,0.1600639999999931
2021-05-17,3.0,0.3402890000000047
2021-05-17,5.0,0.8417640000000004
2021-05-17,7.0,1.304224999999981
2021-05-17,10.0,1.6467239999999883
2021-05-17,20.0,2.2828822499999957
2021-05-17,30.0,2.373924000000005
2021-05-18,0.08333333333333333,0.0
2021-05-18,0.25,0.02000099999999172
2021-05-18,0.5,0.03000225000002743
2021-05-18,1.0,0.060008999999983104
2021-05-18,2.0,0.1600639999999931
2021-05-18,3.0,0.3402890000000047
2021-05-18,5.0,0.831722250000011
2021-05-18,7.0,1.2941602500000204
2021-05-18,10.0,1.6467239999999883
2021-05-18,20.0,2.2828822499999957
2021-05-18,30.0,2.3840422499999736
2021-05-19,0.08333333333333333,0.0
2021-05-19,0.25,0.010000250000019584
2021-05-19,0.5,0.03000225000002743
2021-05-19,1.0,0.05000625000002312
2021-05-19,2.0,0.1600639999999931
2021-05-19,3.0,0.3503062499999876
2021-05-19,5.0,0.871892250000017
2021-05-19,7.0,1.3444889999999932
2021-05-19,10.0,1.6870559999999868
2021-05-19,20.0,2.3132250000000187
2021-05-19,30.0,2.3941610000000058
2021-05-20,0.08333333333333333,0.010000250000019584
2021-05-20,0.25,0.010000250000019584
2021-05-20,0.5,0.03000225000002743
2021-05-20,1.0,0.05000625000002312
2021-05-20,2.0,0.1500562499999969
2021-05-20,3.0,0.3402890000000047
2021-05-20,5.0,0.831722250000011
2021-05-20,7.0,1.2941602500000204
2021-05-20,10.0,1.63664225000002
2021-05-20,20.0,2.2626562499999947
2021-05-20,30.0,2.3536890000000144
2021-05-21,0.08333333333333333,0.0
2021-05-21,0.25,0.010000250000019584
2021-05-21,0.5,0.02000099999999172
2021-05-21,1.0,0.04000399999999349
2021-05-21,2.0,0.17007225000000847
2021-05-21,3.0,0.3402890000000047
2021-05-21,5.0,0.8417640000000004
2021-05-21,7.0,1.2941602500000204
2021-05-21,10.0,1.63664225000002
2021-05-21,20.0,2.252544000000012
2021-05-21,30.0,2.3435722499999923
2021-05-24,0.08333333333333333,0.010000250000019584
2021-05-24,0.25,0.02000099999999172
2021-05-24,0.5,0.03000225000002743
2021-05-24,1.0,0.04000399999999349
2021-05-24,2.0,0.1500562499999969
2021-05-24,3.0,0.32025600000000765
2021-05-24,5.0,0.8216809999999963
2021-05-24,7.0,1.2840959999999901
2021-05-24,10.0,1.6164802499999853
2021-05-24,20.0,2.232321000000015
2021-05-24,30.0,2.3233402499999833
2021-05-25,0.08333333333333333,0.010000250000019584
2021-05-25,0.25,0.02000099999999172
2021-05-25,0.5,0.04000399999999349
2021-05-25,1.0,0.04000399999999349
2021-05-25,2.0,0.1500562499999969
2021-05-25,3.0,0.3002250000000206
2021-05-25,5.0,0.7915602499999785
2021-05-25,7.0,1.233782250000015
2021-05-25,10.0,1.566084000000001
2021-05-25,20.0,2.171663999999973
2021-05-25,30.0,2.272769000000019
2021-05-26,0.08333333333333333,0.0
2021-05-26,0.25,0.02000099999999172
2021-05-26,0.5,0.04000399999999349
2021-05-26,1.0,0.04000399999999349
2021-05-26,2.0,0.14004899999997544
2021-05-26,3.0,0.31024024999999344
2021-05-26,5.0,0.8016000000000023
2021-05-26,7.0,1.243843999999994
2021-05-26,10.0,1.5862409999999993
2021-05-26,20.0,2.1817722500000025
2021-05-26,30.0,2.2828822499999957
2021-05-27,0.08333333333333333,0.0
2021-05-27,0.25,0.02000099999999172
2021-05-27,0.5,0.04000399999999349
2021-05-27,1.0,0.04000399999999349
2021-05-27,2.0,0.14004899999997544
2021-05-27,3.0,0.31024024999999344
2021-05-27,5.0,0.811640250000023
2021-05-27,7.0,1.2840959999999901
2021-05-27,10.0,1.6164802499999853
2021-05-27,20.0,2.2120999999999835
2021-05-27,30.0,2.3031102499999845
2021-05-28,0.08333333333333333,0.010000250000019584
2021-05-28,0.25,0.010000250000019584
2021-05-28,0.5,0.03000225000002743
2021-05-28,1.0,0.05000625000002312
2021-05-28,2.0,0.14004899999997544
2021-05-28,3.0,0.3002250000000206
2021-05-28,5.0,0.7915602499999785
2021-05-28,7.0,1.243843999999994
2021-05-28,10.0,1.5862409999999993
2021-05-28,20.0,2.1918809999999844
2021-05-28,30.0,2.272769000000019
2021-06-01,0.08333333333333333,0.010000250000019584
2021-06-01,0.25,0.02000099999999172
2021-06-01,0.5,0.04000399999999349
2021-06-01,1.0,0.04000399999999349
2021-06-01,2.0,0.1600639999999931
2021-06-01,3.0,0.31024024999999344
2021-06-01,5.0,0.811640250000023
2021-06-01,7.0,1.2840959999999901
2021-06-01,10.0,1.6265610000000041
2021-06-01,20.0,2.232321000000015
2021-06-01,30.0,2.3132250000000187
2021-06-02,0.08333333333333333,0.010000250000019584
2021-06-02,0.25,0.02000099999999172
2021-06-02,0.5,0.04000399999999349
2021-06-02,1.0,0.05000625000002312
2021-06-02,2.0,0.13004225000001757
2021-06-02,3.0,0.3002250000000206
2021-06-02,5.0,0.8016000000000023
2021-06-02,7.0,1.263968999999987
2021-06-02,10.0,1.596320249999983
2021-06-02,20.0,2.2222102500000007
2021-06-02,30.0,2.292996000000014
2021-06-03,0.08333333333333333,0.0
2021-06-03,0.25,0.02000099999999172
2021-06-03,0.5,0.04000399999999349
2021-06-03,1.0,0.04000399999999349
2021-06-03,2.0,0.1600639999999931
2021-06-03,3.0,0.3402890000000047
2021-06-03,5.0,0.8417640000000004
2021-06-03,7.0,1.304224999999981
2021-06-03,10.0,1.63664225000002
2021-06-03,20.0,2.232321000000015
2021-06-03,30.0,2.3132250000000187
2021-06-04,0.08333333333333333,0.010000250000019584
2021-06-04,0.25,0.02000099999999172
2021-06-04,0.5,0.04000399999999349
2021-06-04,1.0,0.05000625000002312
2021-06-04,2.0,0.14004899999997544
2021-06-04,3.0,0.32025600000000765
2021-06-04,5.0,0.7815209999999961
2021-06-04,7.0,1.233782250000015
2021-06-04,10.0,1.566084000000001
2021-06-04,20.0,2.171663999999973
2021-06-04,30.0,2.252544000000012
2021-06-07,0.08333333333333333,0.010000250000019584
2021-06-07,0.25,0.02000099999999172
2021-06-07,0.5,0.04000399999999349
2021-06-07,1.0,0.05000625000002312
2021-06-07,2.0,0.1600639999999931
2021-06-07,3.0,0.3302722499999966
2021-06-07,5.0,0.7915602499999785
2021-06-07,7.0,1.243843999999994
2021-06-07,10.0,1.5761622499999906
2021-06-07,20.0,2.1817722500000025
2021-06-07,30.0,2.2626562499999947
2021-06-08,0.08333333333333333,0.010000250000019584
2021-06-08,0.25,0.02000099999999172
2021-06-08,0.5,0.04000399999999349
2021-06-08,1.0,0.05000625000002312
2021-06-08,2.0,0.14004899999997544
2021-06-08,3.0,0.32025600000000765
2021-06-08,5.0,0.7714822499999885
2021-06-08,7.0,1.2035999999999936
2021-06-08,10.0,1.5358522499999916
2021-06-08,20.0,2.14134225
2021-06-08,30.0,2.2222102500000007
2021-06-09,0.08333333333333333,0.010000250000019584
2021-06-09,0.25,0.03000225000002743
2021-06-09,0.5,0.04000399999999349
2021-06-09,1.0,0.05000625000002312
2021-06-09,2.0,0.1600639999999931
2021-06-09,3.0,0.31024024999999344
2021-06-09,5.0,0.7514062499999863
2021-06-09,7.0,1.1734222499999891
2021-06-09,10.0,1.5056250000000215
2021-06-09,20.0,2.1110249999999997
2021-06-09,30.0,2.1817722500000025
2021-06-10,0.08333333333333333,0.010000250000019584
2021-06-10,0.25,0.03000225000002743
2021-06-10,0.5,0.04000399999999349
2021-06-10,1.0,0.05000625000002312
2021-06-10,2.0,0.14004899999997544
2021-06-10,3.0,0.3002250000000206
2021-06-10,5.0,0.7313322499999941
2021-06-10,7.0,1.1432490000000017
2021-06-10,10.0,1.4552562500000032
2021-06-10,20.0,2.0807122500000164
2021-06-10,30.0,2.1615562500000074
2021-06-11,0.08333333333333333,0.010000250000019584
2021-06-11,0.25,0.03000225000002743
2021-06-11,0.5,0.04000399999999349
2021-06-11,1.0,0.05000625000002312
2021-06-11,2.0,0.1600639999999931
2021-06-11,3.0,0.31024024999999344
2021-06-11,5.0,0.761444
2021-06-11,7.0,1.1633640000000112
2021-06-11,10.0,1.475402250000002
2021-06-11,20.0,2.0908159999999842
2021-06-11,30.0,2.1615562500000074
2021-06-14,0.08333333333333333,0.010000250000019584
2021-06-14,0.25,0.03000225000002743
2021-06-14,0.5,0.05000625000002312
2021-06-14,1.0,0.05000625000002312
2021-06-14,2.0,0.1600639999999931
2021-06-14,3.0,0.3302722499999966
2021-06-14,5.0,0.8016000000000023
2021-06-14,7.0,1.2035999999999936
2021-06-14,10.0,1.515700249999985
2021-06-14,20.0,2.131235999999981
2021-06-14,30.0,2.2019902500000077
2021-06-15,0.08333333333333333,0.02000099999999172
2021-06-15,0.25,0.03000225000002743
2021-06-15,0.5,0.05000625000002312
2021-06-15,1.0,0.08001599999998277
2021-06-15,2.0,0.1600639999999931
2021-06-15,3.0,0.3402890000000047
2021-06-15,5.0,0.7915602499999785
2021-06-15,7.0,1.213660250000026
2021-06-15,10.0,1.515700249999985
2021-06-15,20.0,2.131235999999981
2021-06-15,30.0,2.2120999999999835
2021-06-16,0.08333333333333333,0.04000399999999349
2021-06-16,0.25,0.04000399999999349
2021-06-16,0.5,0.060008999999983104
2021-06-16,1.0,0.08001599999998277
2021-06-16,2.0,0.21011024999999517
2021-06-16,3.0,0.4104202500000209
2021-06-16,5.0,0.8919802500000129
2021-06-16,7.0,1.2941602500000204
2021-06-16,10.0,1.5761622499999906
2021-06-16,20.0,2.14134225
2021-06-16,30.0,2.2120999999999835
2021-06-17,0.08333333333333333,0.05000625000002312
2021-06-17,0.25,0.04000399999999349
2021-06-17,0.5,0.060008999999983104
2021-06-17,1.0,0.08001599999998277
2021-06-17,2.0,0.2301322499999925
2021-06-17,3.0,0.4304622500000299
2021-06-17,5.0,0.9020249999999841
2021-06-17,7.0,1.2740322500000234
2021-06-17,10.0,1.525776000000012
2021-06-17,20.0,2.060506250000027
2021-06-17,30.0,2.121130250000003
2021-06-18,0.08333333333333333,0.05000625000002312
2021-06-18,0.25,0.05000625000002312
2021-06-18,0.5,0.060008999999983104
2021-06-18,1.0,0.09002025000002245
2021-06-18,2.0,0.2601690000000101
2021-06-18,3.0,0.47055225000001144
2021-06-18,5.0,0.8919802500000129
2021-06-18,7.0,1.2237209999999887
2021-06-18,10.0,1.4552562500000032
2021-06-18,20.0,1.9797022499999928
2021-06-18,30.0,2.0201002499999676
2021-06-21,0.08333333333333333,0.04000399999999349
2021-06-21,0.25,0.05000625000002312
2021-06-21,0.5,0.060008999999983104
2021-06-21,1.0,0.09002025000002245
2021-06-21,2.0,0.27018224999999507
2021-06-21,3.0,0.4805759999999992
2021-06-21,5.0,0.9020249999999841
2021-06-21,7.0,1.2539062500000142
2021-06-21,10.0,1.5056250000000215
2021-06-21,20.0,2.060506250000027
2021-06-21,30.0,2.121130250000003
2021-06-22,0.08333333333333333,0.04000399999999349
2021-06-22,0.25,0.04000399999999349
2021-06-22,0.5,0.060008999999983104
2021-06-22,1.0,0.09002025000002245
2021-06-22,2.0,0.25015624999999986
2021-06-22,3.0,0.44048399999998544
2021-06-22,5.0,0.871892250000017
2021-06-22,7.0,1.233782250000015
2021-06-22,10.0,1.485476000000019
2021-06-22,20.0,2.0403022500000256
2021-06-22,30.0,2.1110249999999997
2021-06-23,0.08333333333333333,0.04000399999999349
2021-06-23,0.25,0.05000625000002312
2021-06-23,0.5,0.05000625000002312
2021-06-23,1.0,0.08001599999998277
2021-06-23,2.0,0.2601690000000101
2021-06-23,3.0,0.47055225000001144
2021-06-23,5.0,0.9020249999999841
2021-06-23,7.0,1.2539062500000142
2021-06-23,10.0,1.5056250000000215
2021-06-23,20.0,2.0504040000000057
2021-06-23,30.0,2.121130250000003
2021-06-24,0.08333333333333333,0.05000625000002312
2021-06-24,0.25,0.05000625000002312
2021-06-24,0.5,0.05000625000002312
2021-06-24,1.0,0.08001599999998277
2021-06-24,2.0,0.2601690000000101
2021-06-24,3.0,0.4805759999999992
2021-06-24,5.0,0.9020249999999841
2021-06-24,7.0,1.263968999999987
2021-06-24,10.0,1.4955502499999884
2021-06-24,20.0,2.0403022500000256
2021-06-24,30.0,2.1110249999999997
2021-06-25,0.08333333333333333,0.05000625000002312
2021-06-25,0.25,0.060008999999983104
2021-06-25,0.5,0.060008999999983104
2021-06-25,1.0,0.09002025000002245
2021-06-25,2.0,0.28019600000002143
2021-06-25,3.0,0.4805759999999992
2021-06-25,5.0,0.922115999999984
2021-06-25,7.0,1.2941602500000204
2021-06-25,10.0,1.5459290000000125
2021-06-25,20.0,2.1009202500000157
2021-06-25,30.0,2.171663999999973
2021-06-28,0.08333333333333333,0.04000399999999349
2021-06-28,0.25,0.05000625000002312
2021-06-28,0.5,0.060008999999983104
2021-06-28,1.0,0.08001599999998277
2021-06-28,2.0,0.25015624999999986
2021-06-28,3.0,0.47055225000001144
2021-06-28,5.0,0.9020249999999841
2021-06-28,7.0,1.2539062500000142
2021-06-28,10.0,1.4955502499999884
2021-06-28,20.0,2.0504040000000057
2021-06-28,30.0,2.1110249999999997
2021-06-29,0.08333333333333333,0.04000399999999349
2021-06-29,0.25,0.04000399999999349
2021-06-29,0.5,0.060008999999983104
2021-06-29,1.0,0.08001599999998277
2021-06-29,2.0,0.27018224999999507
2021-06-29,3.0,0.47055225000001144
2021-06-29,5.0,0.8919802500000129
2021-06-29,7.0,1.243843999999994
2021-06-29,10.0,1.4955502499999884
2021-06-29,20.0,2.0403022500000256
2021-06-29,30.0,2.1110249999999997
2021-06-30,0.08333333333333333,0.05000625000002312
2021-06-30,0.25,0.05000625000002312
2021-06-30,0.5,0.060008999999983104
2021-06-30,1.0,0.07001225000000666
2021-06-30,2.0,0.25015624999999986
2021-06-30,3.0,0.4605289999999984
2021-06-30,5.0,0.871892250000017
2021-06-30,7.0,1.213660250000026
2021-06-30,10.0,1.4552562500000032
2021-06-30,20.0,2.0100000000000007
2021-06-30,30.0,2.070609000000001
2021-07-01,0.08333333333333333,0.05000625000002312
2021-07-01,0.25,0.05000625000002312
2021-07-01,0.5,0.05000625000002312
2021-07-01,1.0,0.09002025000002245
2021-07-01,2.0,0.25015624999999986
2021-07-01,3.0,0.47055225000001144
2021-07-01,5.0,0.8919802500000129
2021-07-01,7.0,1.243843999999994
2021-07-01,10.0,1.485476000000019
2021-07-01,20.0,2.0201002499999676
2021-07-01,30.0,2.0807122500000164
2021-07-02,0.08333333333333333,0.05000625000002312
2021-07-02,0.25,0.05000625000002312
2021-07-02,0.5,0.05000625000002312
2021-07-02,1.0,0.08001599999998277
2021-07-02,2.0,0.2401440000000088
2021-07-02,3.0,0.45050625000002675
2021-07-02,5.0,0.8618489999999923
2021-07-02,7.0,1.1935402499999803
2021-07-02,10.0,1.4451840000000216
2021-07-02,20.0,1.9898010000000133
2021-07-02,30.0,2.060506250000027
2021-07-06,0.08333333333333333,0.05000625000002312
2021-07-06,0.25,0.05000625000002312
2021-07-06,0.5,0.060008999999983104
2021-07-06,1.0,0.07001225000000666
2021-07-06,2.0,0.22012100000001755
2021-07-06,3.0,0.4204410000000047
2021-07-06,5.0,0.811640250000023
2021-07-06,7.0,1.1331922499999925
2021-07-06,10.0,1.374692249999998
2021-07-06,20.0,1.9292160000000003
2021-07-06,30.0,2.0100000000000007
2021-07-07,0.08333333333333333,0.05000625000002312
2021-07-07,0.25,0.05000625000002312
2021-07-07,0.5,0.05000625000002312
2021-07-07,1.0,0.08001599999998277
2021-07-07,2.0,0.22012100000001755
2021-07-07,3.0,0.4104202500000209
2021-07-07,5.0,0.7915602499999785
2021-07-07,7.0,1.0929702499999916
2021-07-07,10.0,1.3344222500000003
2021-07-07,20.0,1.8787422499999984
2021-07-07,30.0,1.949409000000002
2021-07-08,0.08333333333333333,0.060008999999983104
2021-07-08,0.25,0.060008999999983104
2021-07-08,0.5,0.060008999999983104
2021-07-08,1.0,0.07001225000000666
2021-07-08,2.0,0.1900902500000079
2021-07-08,3.0,0.37034224999998866
2021-07-08,5.0,0.7413690000000139
2021-07-08,7.0,1.06280900000002
2021-07-08,10.0,1.304224999999981
2021-07-08,20.0,1.8484640000000274
2021-07-08,30.0,1.9191202499999838
2021-07-09,0.08333333333333333,0.060008999999983104
2021-07-09,0.25,0.060008999999983104
2021-07-09,0.5,0.05000625000002312
2021-07-09,1.0,0.08001599999998277
2021-07-09,2.0,0.2301322499999925
2021-07-09,3.0,0.4104202500000209
2021-07-09,5.0,0.7915602499999785
2021-07-09,7.0,1.1231360000000024
2021-07-09,10.0,1.374692249999998
2021-07-09,20.0,1.9191202499999838
2021-07-09,30.0,1.9999002499999863
2021-07-12,0.08333333333333333,0.05000625000002312
2021-07-12,0.25,0.05000625000002312
2021-07-12,0.5,0.060008999999983104
2021-07-12,1.0,0.08001599999998277
2021-07-12,2.0,0.2301322499999925
2021-07-12,3.0,0.4304622500000299
2021-07-12,5.0,0.811640250000023
2021-07-12,7.0,1.1331922499999925
2021-07-12,10.0,1.3847609999999788
2021-07-12,20.0,1.9393122499999915
2021-07-12,30.0,2.0100000000000007
2021-07-13,0.08333333333333333,0.05000625000002312
2021-07-13,0.25,0.05000625000002312
2021-07-13,0.5,0.060008999999983104
2021-07-13,1.0,0.08001599999998277
2021-07-13,2.0,0.2601690000000101
2021-07-13,3.0,0.47055225000001144
2021-07-13,5.0,0.851806250000009
2021-07-13,7.0,1.1633640000000112
2021-07-13,10.0,1.4250410000000269
2021-07-13,20.0,1.9696040000000137
2021-07-13,30.0,2.0504040000000057
2021-07-14,0.08333333333333333,0.060008999999983104
2021-07-14,0.25,0.060008999999983104
2021-07-14,0.5,0.05000625000002312
2021-07-14,1.0,0.08001599999998277
2021-07-14,2.0,0.2301322499999925
2021-07-14,3.0,0.44048399999998544
2021-07-14,5.0,0.8016000000000023
2021-07-14,7.0,1.113080249999987
2021-07-14,10.0,1.374692249999998
2021-07-14,20.0,1.9191202499999838
2021-07-14,30.0,1.9898010000000133
2021-07-15,0.08333333333333333,0.05000625000002312
2021-07-15,0.25,0.05000625000002312
2021-07-15,0.5,0.05000625000002312
2021-07-15,1.0,0.07001225000000666
2021-07-15,2.0,0.2301322499999925
2021-07-15,3.0,0.4304622500000299
2021-07-15,5.0,0.7815209999999961
2021-07-15,7.0,1.072862249999984
2021-07-15,10.0,1.3142902500000053
2021-07-15,20.0,1.8585562499999986
2021-07-15,30.0,1.9292160000000003
2021-07-16,0.08333333333333333,0.05000625000002312
2021-07-16,0.25,0.05000625000002312
2021-07-16,0.5,0.05000625000002312
2021-07-16,1.0,0.08001599999998277
2021-07-16,2.0,0.25015624999999986
2021-07-16,3.0,0.4304622500000299
2021-07-16,5.0,0.7915602499999785
2021-07-16,7.0,1.0829160000000115
2021-07-16,10.0,1.3142902500000053
2021-07-16,20.0,1.868649000000011
2021-07-16,30.0,1.9393122499999915
2021-07-19,0.08333333333333333,0.05000625000002312
2021-07-19,0.25,0.05000625000002312
2021-07-19,0.5,0.060008999999983104
2021-07-19,1.0,0.07001225000000666
2021-07-19,2.0,0.21011024999999517
2021-07-19,3.0,0.38036100000000683
2021-07-19,5.0,0.7012250000000053
2021-07-19,7.0,0.9723522500000081
2021-07-19,10.0,1.1935402499999803
2021-07-19,20.0,1.7475689999999933
2021-07-19,30.0,1.818190250000007
2021-07-20,0.08333333333333333,0.05000625000002312
2021-07-20,0.25,0.05000625000002312
2021-07-20,0.5,0.060008999999983104
2021-07-20,1.0,0.08001599999998277
2021-07-20,2.0,0.20009999999996975
2021-07-20,3.0,0.37034224999998866
2021-07-20,5.0,0.6911902499999956
2021-07-20,7.0,0.9824009999999772
2021-07-20,10.0,1.233782250000015
2021-07-20,20.0,1.7980102499999928
2021-07-20,30.0,1.8888360000000048
2021-07-21,0.08333333333333333,0.04000399999999349
2021-07-21,0.25,0.05000625000002312
2021-07-21,0.5,0.05000625000002312
2021-07-21,1.0,0.07001225000000666
2021-07-21,2.0,0.22012100000001755
2021-07-21,3.0,0.39038024999997756
2021-07-21,5.0,0.7413690000000139
2021-07-21,7.0,1.0527562499999865
2021-07-21,10.0,1.304224999999981
2021-07-21,20.0,1.8787422499999984
2021-07-21,30.0,1.949409000000002
2021-07-22,0.08333333333333333,0.04000399999999349
2021-07-22,0.25,0.05000625000002312
2021-07-22,0.5,0.05000625000002312
2021-07-22,1.0,0.07001225000000666
2021-07-22,2.0,0.20009999999996975
2021-07-22,3.0,0.37034224999998866
2021-07-22,5.0,0.7112602499999898
2021-07-22,7.0,1.022601000000023
2021-07-22,10.0,1.2740322500000234
2021-07-22,20.0,1.8282810000000316
2021-07-22,30.0,1.9090250000000086
2021-07-23,0.08333333333333333,0.05000625000002312
2021-07-23,0.25,0.05000625000002312
2021-07-23,0.5,0.05000625000002312
2021-07-23,1.0,0.07001225000000666
2021-07-23,2.0,0.22012100000001755
2021-07-23,3.0,0.38036100000000683
2021-07-23,5.0,0.7212960000000157
2021-07-23,7.0,1.0427040000000165
2021-07-23,10.0,1.304224999999981
2021-07-23,20.0,1.8585562499999986
2021-07-23,30.0,1.9292160000000003
2021-07-26,0.08333333333333333,0.05000625000002312
2021-07-26,0.25,0.05000625000002312
2021-07-26,0.5,0.060008999999983104
2021-07-26,1.0,0.08001599999998277
2021-07-26,2.0,0.22012100000001755
2021-07-26,3.0,0.38036100000000683
2021-07-26,5.0,0.7313322499999941
2021-07-26,7.0,1.0427040000000165
2021-07-26,10.0,1.2941602500000204
2021-07-26,20.0,1.8585562499999986
2021-07-26,30.0,1.9393122499999915
2021-07-27,0.08333333333333333,0.04000399999999349
2021-07-27,0.25,0.05000625000002312
2021-07-27,0.5,0.05000625000002312
2021-07-27,1.0,0.07001225000000666
2021-07-27,2.0,0.20009999999996975
2021-07-27,3.0,0.37034224999998866
2021-07-27,5.0,0.7112602499999898
2021-07-27,7.0,1.0125502499999994
2021-07-27,10.0,1.2539062500000142
2021-07-27,20.0,1.818190250000007
2021-07-27,30.0,1.898930249999986
2021-07-28,0.08333333333333333,0.04000399999999349
2021-07-28,0.25,0.05000625000002312
2021-07-28,0.5,0.05000625000002312
2021-07-28,1.0,0.07001225000000666
2021-07-28,2.0,0.20009999999996975
2021-07-28,3.0,0.38036100000000683
2021-07-28,5.0,0.7212960000000157
2021-07-28,7.0,1.0125502499999994
2021-07-28,10.0,1.263968999999987
2021-07-28,20.0,1.8383722500000088
2021-07-28,30.0,1.9090250000000086
2021-07-29,0.08333333333333333,0.05000625000002312
2021-07-29,0.25,0.060008999999983104
2021-07-29,0.5,0.05000625000002312
2021-07-29,1.0,0.08001599999998277
2021-07-29,2.0,0.20009999999996975
2021-07-29,3.0,0.37034224999998866
2021-07-29,5.0,0.7313322499999941
2021-07-29,7.0,1.0427040000000165
2021-07-29,10.0,1.2840959999999901
2021-07-29,20.0,1.8484640000000274
2021-07-29,30.0,1.9191202499999838
2021-07-30,0.08333333333333333,0.05000625000002312
2021-07-30,0.25,0.060008999999983104
2021-07-30,0.5,0.05000625000002312
2021-07-30,1.0,0.07001225000000666
2021-07-30,2.0,0.1900902500000079
2021-07-30,3.0,0.3503062499999876
2021-07-30,5.0,0.6911902499999956
2021-07-30,7.0,1.0024999999999729
2021-07-30,10.0,1.243843999999994
2021-07-30,20.0,1.818190250000007
2021-07-30,30.0,1.898930249999986
2021-08-02,0.08333333333333333,0.05000625000002312
2021-08-02,0.25,0.05000625000002312
2021-08-02,0.5,0.060008999999983104
2021-08-02,1.0,0.07001225000000666
2021-08-02,2.0,0.17007225000000847
2021-08-02,3.0,0.3302722499999966
2021-08-02,5.0,0.6610890000000147
2021-08-02,7.0,0.9623039999999916
2021-08-02,10.0,1.2035999999999936
2021-08-02,20.0,1.777832250000011
2021-08-02,30.0,1.868649000000011
2021-08-03,0.08333333333333333,0.05000625000002312
2021-08-03,0.25,0.05000625000002312
2021-08-03,0.5,0.060008999999983104
2021-08-03,1.0,0.07001225000000666
2021-08-03,2.0,0.17007225000000847
2021-08-03,3.0,0.3302722499999966
2021-08-03,5.0,0.6510562499999928
2021-08-03,7.0,0.9522562500000165
2021-08-03,10.0,1.1935402499999803
2021-08-03,20.0,1.7677439999999933
2021-08-03,30.0,1.8585562499999986
2021-08-04,0.08333333333333333,0.05000625000002312
2021-08-04,0.25,0.05000625000002312
2021-08-04,0.5,0.05000625000002312
2021-08-04,1.0,0.07001225000000666
2021-08-04,2.0,0.17007225000000847
2021-08-04,3.0,0.3402890000000047
2021-08-04,5.0,0.6711222499999892
2021-08-04,7.0,0.9623039999999916
2021-08-04,10.0,1.1935402499999803
2021-08-04,20.0,1.7475689999999933
2021-08-04,30.0,1.8383722500000088
2021-08-05,0.08333333333333333,0.05000625000002312
2021-08-05,0.25,0.05000625000002312
2021-08-05,0.5,0.060008999999983104
2021-08-05,1.0,0.08001599999998277
2021-08-05,2.0,0.21011024999999517
2021-08-05,3.0,0.38036100000000683
2021-08-05,5.0,0.7212960000000157
2021-08-05,7.0,1.0125502499999994
2021-08-05,10.0,1.233782250000015
2021-08-05,20.0,1.777832250000011
2021-08-05,30.0,1.868649000000011
2021-08-06,0.08333333333333333,0.04000399999999349
2021-08-06,0.25,0.060008999999983104
2021-08-06,0.5,0.060008999999983104
2021-08-06,1.0,0.09002025000002245
2021-08-06,2.0,0.21011024999999517
2021-08-06,3.0,0.4204410000000047
2021-08-06,5.0,0.7714822499999885
2021-08-06,7.0,1.072862249999984
2021-08-06,10.0,1.3142902500000053
2021-08-06,20.0,1.8585562499999986
2021-08-06,30.0,1.949409000000002
2021-08-09,0.08333333333333333,0.04000399999999349
2021-08-09,0.25,0.060008999999983104
2021-08-09,0.5,0.060008999999983104
2021-08-09,1.0,0.08001599999998277
2021-08-09,2.0,0.2301322499999925
2021-08-09,3.0,0.4304622500000299
2021-08-09,5.0,0.7915602499999785
2021-08-09,7.0,1.0929702499999916
2021-08-09,10.0,1.3344222500000003
2021-08-09,20.0,1.8787422499999984
2021-08-09,30.0,1.9696040000000137
2021-08-10,0.08333333333333333,0.05000625000002312
2021-08-10,0.25,0.05000625000002312
2021-08-10,0.5,0.05000625000002312
2021-08-10,1.0,0.08001599999998277
2021-08-10,2.0,0.2401440000000088
2021-08-10,3.0,0.47055225000001144
2021-08-10,5.0,0.8216809999999963
2021-08-10,7.0,1.1231360000000024
2021-08-10,10.0,1.364623999999992
2021-08-10,20.0,1.9090250000000086
2021-08-10,30.0,1.9999002499999863
2021-08-11,0.08333333333333333,0.05000625000002312
2021-08-11,0.25,0.05000625000002312
2021-08-11,0.5,0.060008999999983104
2021-08-11,1.0,0.08001599999998277
2021-08-11,2.0,0.2301322499999925
2021-08-11,3.0,0.45050625000002675
2021-08-11,5.0,0.811640250000023
2021-08-11,7.0,1.113080249999987
2021-08-11,10.0,1.3545562500000052
2021-08-11,20.0,1.9090250000000086
2021-08-11,30.0,1.9999002499999863
2021-08-12,0.08333333333333333,0.05000625000002312
2021-08-12,0.25,0.060008999999983104
2021-08-12,0.5,0.060008999999983104
2021-08-12,1.0,0.09002025000002245
2021-08-12,2.0,0.2301322499999925
2021-08-12,3.0,0.4605289999999984
2021-08-12,5.0,0.831722250000011
2021-08-12,7.0,1.1331922499999925
2021-08-12,10.0,1.364623999999992
2021-08-12,20.0,1.9292160000000003
2021-08-12,30.0,2.0403022500000256
2021-08-13,0.08333333333333333,0.04000399999999349
2021-08-13,0.25,0.060008999999983104
2021-08-13,0.5,0.05000625000002312
2021-08-13,1.0,0.08001599999998277
2021-08-13,2.0,0.2301322499999925
2021-08-13,3.0,0.44048399999998544
2021-08-13,5.0,0.7915602499999785
2021-08-13,7.0,1.0829160000000115
2021-08-13,10.0,1.2941602500000204
2021-08-13,20.0,1.8585562499999986
2021-08-13,30.0,1.949409000000002
2021-08-16,0.08333333333333333,0.04000399999999349
2021-08-16,0.25,0.060008999999983104
2021-08-16,0.5,0.05000625000002312
2021-08-16,1.0,0.08001599999998277
2021-08-16,2.0,0.21011024999999517
2021-08-16,3.0,0.4204410000000047
2021-08-16,5.0,0.7514062499999863
2021-08-16,7.0,1.0427040000000165
2021-08-16,10.0,1.263968999999987
2021-08-16,20.0,1.8282810000000316
2021-08-16,30.0,1.9292160000000003
2021-08-17,0.08333333333333333,0.03000225000002743
2021-08-17,0.25,0.07001225000000666
2021-08-17,0.5,0.060008999999983104
2021-08-17,1.0,0.07001225000000666
2021-08-17,2.0,0.2301322499999925
2021-08-17,3.0,0.4304622500000299
2021-08-17,5.0,0.7714822499999885
2021-08-17,7.0,1.0527562499999865
2021-08-17,10.0,1.263968999999987
2021-08-17,20.0,1.8282810000000316
2021-08-17,30.0,1.9292160000000003
2021-08-18,0.08333333333333333,0.03000225000002743
2021-08-18,0.25,0.07001225000000666
2021-08-18,0.5,0.05000625000002312
2021-08-18,1.0,0.07001225000000666
2021-08-18,2.0,0.2301322499999925
2021-08-18,3.0,0.4304622500000299
2021-08-18,5.0,0.7915602499999785
2021-08-18,7.0,1.06280900000002
2021-08-18,10.0,1.2740322500000234
2021-08-18,20.0,1.8484640000000274
2021-08-18,30.0,1.9191202499999838
2021-08-19,0.08333333333333333,0.04000399999999349
2021-08-19,0.25,0.060008999999983104
2021-08-19,0.5,0.05000625000002312
2021-08-19,1.0,0.060008999999983104
2021-08-19,2.0,0.22012100000001755
2021-08-19,3.0,0.44048399999998544
2021-08-19,5.0,0.7815209999999961
2021-08-19,7.0,1.0427040000000165
2021-08-19,10.0,1.243843999999994
2021-08-19,20.0,1.8080999999999792
2021-08-19,30.0,1.8888360000000048
2021-08-20,0.08333333333333333,0.04000399999999349
2021-08-20,0.25,0.05000625000002312
2021-08-20,0.5,0.05000625000002312
2021-08-20,1.0,0.060008999999983104
2021-08-20,2.0,0.2301322499999925
2021-08-20,3.0,0.44048399999998544
2021-08-20,5.0,0.8016000000000023
2021-08-20,7.0,1.06280900000002
2021-08-20,10.0,1.263968999999987
2021-08-20,20.0,1.7980102499999928
2021-08-20,30.0,1.8787422499999984
2021-08-23,0.08333333333333333,0.04000399999999349
2021-08-23,0.25,0.05000625000002312
2021-08-23,0.5,0.060008999999983104
2021-08-23,1.0,0.07001225000000666
2021-08-23,2.0,0.2301322499999925
2021-08-23,3.0,0.4304622500000299
2021-08-23,5.0,0.7815209999999961
2021-08-23,7.0,1.0527562499999865
2021-08-23,10.0,1.2539062500000142
2021-08-23,20.0,1.7980102499999928
2021-08-23,30.0,1.8787422499999984
2021-08-24,0.08333333333333333,0.03000225000002743
2021-08-24,0.25,0.05000625000002312
2021-08-24,0.5,0.05000625000002312
2021-08-24,1.0,0.060008999999983104
2021-08-24,2.0,0.2401440000000088
2021-08-24,3.0,0.44048399999998544
2021-08-24,5.0,0.8016000000000023
2021-08-24,7.0,1.0829160000000115
2021-08-24,10.0,1.2941602500000204
2021-08-24,20.0,1.8383722500000088
2021-08-24,30.0,1.9191202499999838
2021-08-25,0.08333333333333333,0.04000399999999349
2021-08-25,0.25,0.060008999999983104
2021-08-25,0.5,0.060008999999983104
2021-08-25,1.0,0.07001225000000666
2021-08-25,2.0,0.2301322499999925
2021-08-25,3.0,0.47055225000001144
2021-08-25,5.0,0.8417640000000004
2021-08-25,7.0,1.1331922499999925
2021-08-25,10.0,1.3545562500000052
2021-08-25,20.0,1.8888360000000048
2021-08-25,30.0,1.9696040000000137
2021-08-26,0.08333333333333333,0.04000399999999349
2021-08-26,0.25,0.05000625000002312
2021-08-26,0.5,0.060008999999983104
2021-08-26,1.0,0.07001225000000666
2021-08-26,2.0,0.25015624999999986
2021-08-26,3.0,0.4605289999999984
2021-08-26,5.0,0.8417640000000004
2021-08-26,7.0,1.1331922499999925
2021-08-26,10.0,1.3444889999999932
2021-08-26,20.0,1.8787422499999984
2021-08-26,30.0,1.949409000000002
2021-08-27,0.08333333333333333,0.04000399999999349
2021-08-27,0.25,0.05000625000002312
2021-08-27,0.5,0.05000625000002312
2021-08-27,1.0,0.07001225000000666
2021-08-27,2.0,0.22012100000001755
2021-08-27,3.0,0.4104202500000209
2021-08-27,5.0,0.7915602499999785
2021-08-27,7.0,1.0929702499999916
2021-08-27,10.0,1.3142902500000053
2021-08-27,20.0,1.8484640000000274
2021-08-27,30.0,1.9191202499999838
2021-08-30,0.08333333333333333,0.04000399999999349
2021-08-30,0.25,0.05000625000002312
2021-08-30,0.5,0.05000625000002312
2021-08-30,1.0,0.08001599999998277
2021-08-30,2.0,0.20009999999996975
2021-08-30,3.0,0.40039999999998965
2021-08-30,5.0,0.7714822499999885
2021-08-30,7.0,1.072862249999984
2021-08-30,10.0,1.2941602500000204
2021-08-30,20.0,1.8282810000000316
2021-08-30,30.0,1.9090250000000086
2021-08-31,0.08333333333333333,0.03000225000002743
2021-08-31,0.25,0.04000399999999349
2021-08-31,0.5,0.060008999999983104
2021-08-31,1.0,0.07001225000000666
2021-08-31,2.0,0.20009999999996975
2021-08-31,3.0,0.40039999999998965
2021-08-31,5.0,0.7714822499999885
2021-08-31,7.0,1.0829160000000115
2021-08-31,10.0,1.304224999999981
2021-08-31,20.0,1.8585562499999986
2021-08-31,30.0,1.9292160000000003
2021-09-01,0.08333333333333333,0.04000399999999349
2021-09-01,0.25,0.05000625000002312
2021-09-01,0.5,0.060008999999983104
2021-09-01,1.0,0.07001225000000666
2021-09-01,2.0,0.20009999999996975
2021-09-01,3.0,0.4204410000000047
2021-09-01,5.0,0.7815209999999961
2021-09-01,7.0,1.0829160000000115
2021-09-01,10.0,1.3142902500000053
2021-09-01,20.0,1.8484640000000274
2021-09-01,30.0,1.9292160000000003
2021-09-02,0.08333333333333333,0.05000625000002312
2021-09-02,0.25,0.05000625000002312
2021-09-02,0.5,0.060008999999983104
2021-09-02,1.0,0.07001225000000666
2021-09-02,2.0,0.20009999999996975
2021-09-02,3.0,0.4204410000000047
2021-09-02,5.0,0.7815209999999961
2021-09-02,7.0,1.072862249999984
2021-09-02,10.0,1.2941602500000204
2021-09-02,20.0,1.8383722500000088
2021-09-02,30.0,1.9090250000000086
2021-09-03,0.08333333333333333,0.04000399999999349
2021-09-03,0.25,0.05000625000002312
2021-09-03,0.5,0.05000625000002312
2021-09-03,1.0,0.08001599999998277
2021-09-03,2.0,0.21011024999999517
2021-09-03,3.0,0.4204410000000047
2021-09-03,5.0,0.7815209999999961
2021-09-03,7.0,1.0929702499999916
2021-09-03,10.0,1.3344222500000003
2021-09-03,20.0,1.8787422499999984
2021-09-03,30.0,1.949409000000002
2021-09-07,0.08333333333333333,0.04000399999999349
2021-09-07,0.25,0.05000625000002312
2021-09-07,0.5,0.060008999999983104
2021-09-07,1.0,0.08001599999998277
2021-09-07,2.0,0.22012100000001755
2021-09-07,3.0,0.45050625000002675
2021-09-07,5.0,0.8216809999999963
2021-09-07,7.0,1.1432490000000017
2021-09-07,10.0,1.3847609999999788
2021-09-07,20.0,1.9191202499999838
2021-09-07,30.0,1.9999002499999863
2021-09-08,0.08333333333333333,0.05000625000002312
2021-09-08,0.25,0.05000625000002312
2021-09-08,0.5,0.060008999999983104
2021-09-08,1.0,0.08001599999998277
2021-09-08,2.0,0.22012100000001755
2021-09-08,3.0,0.4304622500000299
2021-09-08,5.0,0.811640250000023
2021-09-08,7.0,1.113080249999987
2021-09-08,10.0,1.3545562500000052
2021-09-08,20.0,1.8888360000000048
2021-09-08,30.0,1.9595062499999871
2021-09-09,0.08333333333333333,0.07001225000000666
2021-09-09,0.25,0.04000399999999349
2021-09-09,0.5,0.05000625000002312
2021-09-09,1.0,0.07001225000000666
2021-09-09,2.0,0.2301322499999925
2021-09-09,3.0,0.4304622500000299
2021-09-09,5.0,0.7915602499999785
2021-09-09,7.0,1.0829160000000115
2021-09-09,10.0,1.304224999999981
2021-09-09,20.0,1.8383722500000088
2021-09-09,30.0,1.9090250000000086
2021-09-10,0.08333333333333333,0.060008999999983104
2021-09-10,0.25,0.05000625000002312
2021-09-10,0.5,0.060008999999983104
2021-09-10,1.0,0.08001599999998277
2021-09-10,2.0,0.2301322499999925
2021-09-10,3.0,0.45050625000002675
2021-09-10,5.0,0.8216809999999963
2021-09-10,7.0,1.1231360000000024
2021-09-10,10.0,1.3545562500000052
2021-09-10,20.0,1.868649000000011
2021-09-10,30.0,1.949409000000002
2021-09-13,0.08333333333333333,0.060008999999983104
2021-09-13,0.25,0.060008999999983104
2021-09-13,0.5,0.060008999999983104
2021-09-13,1.0,0.07001225000000666
2021-09-13,2.0,0.21011024999999517
2021-09-13,3.0,0.44048399999998544
2021-09-13,5.0,0.811640250000023
2021-09-13,7.0,1.113080249999987
2021-09-13,10.0,1.3344222500000003
2021-09-13,20.0,1.8383722500000088
2021-09-13,30.0,1.9191202499999838
2021-09-14,0.08333333333333333,0.05000625000002312
2021-09-14,0.25,0.04000399999999349
2021-09-14,0.5,0.05000625000002312
2021-09-14,1.0,0.07001225000000666
2021-09-14,2.0,0.21011024999999517
2021-09-14,3.0,0.4304622500000299
2021-09-14,5.0,0.7915602499999785
2021-09-14,7.0,1.072862249999984
2021-09-14,10.0,1.2840959999999901
2021-09-14,20.0,1.7879209999999812
2021-09-14,30.0,1.8585562499999986
2021-09-15,0.08333333333333333,0.04000399999999349
2021-09-15,0.25,0.04000399999999349
2021-09-15,0.5,0.05000625000002312
2021-09-15,1.0,0.07001225000000666
2021-09-15,2.0,0.21011024999999517
2021-09-15,3.0,0.4304622500000299
2021-09-15,5.0,0.811640250000023
2021-09-15,7.0,1.103025000000013
2021-09-15,10.0,1.3142902500000053
2021-09-15,20.0,1.8080999999999792
2021-09-15,30.0,1.8787422499999984
2021-09-16,0.08333333333333333,0.060008999999983104
2021-09-16,0.25,0.04000399999999349
2021-09-16,0.5,0.05000625000002312
2021-09-16,1.0,0.07001225000000666
2021-09-16,2.0,0.2301322499999925
2021-09-16,3.0,0.4605289999999984
2021-09-16,5.0,0.8417640000000004
2021-09-16,7.0,1.1331922499999925
2021-09-16,10.0,1.3444889999999932
2021-09-16,20.0,1.8383722500000088
2021-09-16,30.0,1.8888360000000048
2021-09-17,0.08333333333333333,0.060008999999983104
2021-09-17,0.25,0.04000399999999349
2021-09-17,0.5,0.05000625000002312
2021-09-17,1.0,0.07001225000000666
2021-09-17,2.0,0.2301322499999925
2021-09-17,3.0,0.47055225000001144
2021-09-17,5.0,0.8819359999999943
2021-09-17,7.0,1.1734222499999891
2021-09-17,10.0,1.374692249999998
2021-09-17,20.0,1.8585562499999986
2021-09-17,30.0,1.9191202499999838
2021-09-20,0.08333333333333333,0.060008999999983104
2021-09-20,0.25,0.04000399999999349
2021-09-20,0.5,0.05000625000002312
2021-09-20,1.0,0.07001225000000666
2021-09-20,2.0,0.2301322499999925
2021-09-20,3.0,0.45050625000002675
2021-09-20,5.0,0.831722250000011
2021-09-20,7.0,1.1231360000000024
2021-09-20,10.0,1.3142902500000053
2021-09-20,20.0,1.7980102499999928
2021-09-20,30.0,1.8585562499999986
2021-09-21,0.08333333333333333,0.05000625000002312
2021-09-21,0.25,0.03000225000002743
2021-09-21,0.5,0.04000399999999349
2021-09-21,1.0,0.07001225000000666
2021-09-21,2.0,0.22012100000001755
2021-09-21,3.0,0.4605289999999984
2021-09-21,5.0,0.8417640000000004
2021-09-21,7.0,1.1331922499999925
2021-09-21,10.0,1.3344222500000003
2021-09-21,20.0,1.818190250000007
2021-09-21,30.0,1.868649000000011
2021-09-22,0.08333333333333333,0.04000399999999349
2021-09-22,0.25,0.03000225000002743
2021-09-22,0.5,0.05000625000002312
2021-09-22,1.0,0.08001599999998277
2021-09-22,2.0,0.25015624999999986
2021-09-22,3.0,0.4805759999999992
2021-09-22,5.0,0.8618489999999923
2021-09-22,7.0,1.1331922499999925
2021-09-22,10.0,1.324355999999982
2021-09-22,20.0,1.7879209999999812
2021-09-22,30.0,1.8484640000000274
2021-09-23,0.08333333333333333,0.05000625000002312
2021-09-23,0.25,0.03000225000002743
2021-09-23,0.5,0.04000399999999349
2021-09-23,1.0,0.08001599999998277
2021-09-23,2.0,0.27018224999999507
2021-09-23,3.0,0.5307022500000036
2021-09-23,5.0,0.9422089999999939
2021-09-23,7.0,1.2237209999999887
2021-09-23,10.0,1.4149702499999917
2021-09-23,20.0,1.8787422499999984
2021-09-23,30.0,1.9292160000000003
2021-09-24,0.08333333333333333,0.060008999999983104
2021-09-24,0.25,0.03000225000002743
2021-09-24,0.5,0.05000625000002312
2021-09-24,1.0,0.08001599999998277
2021-09-24,2.0,0.29021025000000034
2021-09-24,3.0,0.5507562500000063
2021-09-24,5.0,0.9723522500000081
2021-09-24,7.0,1.2740322500000234
2021-09-24,10.0,1.475402250000002
2021-09-24,20.0,1.949409000000002
2021-09-24,30.0,1.9999002499999863
2021-09-27,0.08333333333333333,0.060008999999983104
2021-09-27,0.25,0.04000399999999349
2021-09-27,0.5,0.05000625000002312
2021-09-27,1.0,0.09002025000002245
2021-09-27,2.0,0.31024024999999344
2021-09-27,3.0,0.560783999999992
2021-09-27,5.0,0.9824009999999772
2021-09-27,7.0,1.304224999999981
2021-09-27,10.0,1.485476000000019
2021-09-27,20.0,1.9595062499999871
2021-09-27,30.0,1.9999002499999863
2021-09-28,0.08333333333333333,0.07001225000000666
2021-09-28,0.25,0.04000399999999349
2021-09-28,0.5,0.060008999999983104
2021-09-28,1.0,0.09002025000002245
2021-09-28,2.0,0.31024024999999344
2021-09-28,3.0,0.5507562500000063
2021-09-28,5.0,1.022601000000023
2021-09-28,7.0,1.3444889999999932
2021-09-28,10.0,1.5459290000000125
2021-09-28,20.0,2.030200999999998
2021-09-28,30.0,2.0807122500000164
2021-09-29,0.08333333333333333,0.05000625000002312
2021-09-29,0.25,0.04000399999999349
2021-09-29,0.5,0.05000625000002312
2021-09-29,1.0,0.09002025000002245
2021-09-29,2.0,0.3002250000000206
2021-09-29,3.0,0.5507562500000063
2021-09-29,5.0,1.0125502499999994
2021-09-29,7.0,1.3444889999999932
2021-09-29,10.0,1.556006249999986
2021-09-29,20.0,2.0504040000000057
2021-09-29,30.0,2.1009202500000157
2021-09-30,0.08333333333333333,0.07001225000000666
2021-09-30,0.25,0.04000399999999349
2021-09-30,0.5,0.05000625000002312
2021-09-30,1.0,0.09002025000002245
2021-09-30,2.0,0.28019600000002143
2021-09-30,3.0,0.5307022500000036
2021-09-30,5.0,0.9824009999999772
2021-09-30,7.0,1.324355999999982
2021-09-30,10.0,1.525776000000012
2021-09-30,20.0,2.030200999999998
2021-09-30,30.0,2.0908159999999842
2021-10-01,0.08333333333333333,0.08001599999998277
2021-10-01,0.25,0.04000399999999349
2021-10-01,0.5,0.05000625000002312
2021-10-01,1.0,0.09002025000002245
2021-10-01,2.0,0.27018224999999507
2021-10-01,3.0,0.4906002500000062
2021-10-01,5.0,0.9321622500000126
2021-10-01,7.0,1.263968999999987
2021-10-01,10.0,1.485476000000019
2021-10-01,20.0,1.9999002499999863
2021-10-01,30.0,2.0504040000000057
2021-10-04,0.08333333333333333,0.09002025000002245
2021-10-04,0.25,0.04000399999999349
2021-10-04,0.5,0.060008999999983104
2021-10-04,1.0,0.09002025000002245
2021-10-04,2.0,0.27018224999999507
2021-10-04,3.0,0.5206759999999866
2021-10-04,5.0,0.9522562500000165
2021-10-04,7.0,1.2740322500000234
2021-10-04,10.0,1.4955502499999884
2021-10-04,20.0,1.9999002499999863
2021-10-04,30.0,2.060506250000027
2021-10-05,0.08333333333333333,0.10002499999999248
2021-10-05,0.25,0.04000399999999349
2021-10-05,0.5,0.060008999999983104
2021-10-05,1.0,0.09002025000002245
2021-10-05,2.0,0.28019600000002143
2021-10-05,3.0,0.5407289999999954
2021-10-05,5.0,0.9824009999999772
2021-10-05,7.0,1.324355999999982
2021-10-05,10.0,1.5459290000000125
2021-10-05,20.0,2.0504040000000057
2021-10-05,30.0,2.1110249999999997
2021-10-06,0.08333333333333333,0.060008999999983104
2021-10-06,0.25,0.04000399999999349
2021-10-06,0.5,0.060008999999983104
2021-10-06,1.0,0.10002499999999248
2021-10-06,2.0,0.3002250000000206
2021-10-06,3.0,0.5507562500000063
2021-10-06,5.0,0.9924502500000099
2021-10-06,7.0,1.324355999999982
2021-10-06,10.0,1.5358522499999916
2021-10-06,20.0,2.030200999999998
2021-10-06,30.0,2.0908159999999842
2021-10-07,0.08333333333333333,0.03000225000002743
2021-10-07,0.25,0.05000625000002312
2021-10-07,0.5,0.060008999999983104
2021-10-07,1.0,0.10002499999999248
2021-10-07,2.0,0.32025600000000765
2021-10-07,3.0,0.5708122499999968
2021-10-07,5.0,1.022601000000023
2021-10-07,7.0,1.364623999999992
2021-10-07,10.0,1.5862409999999993
2021-10-07,20.0,2.0908159999999842
2021-10-07,30.0,2.14134225
2021-10-08,0.08333333333333333,0.02000099999999172
2021-10-08,0.25,0.05000625000002312
2021-10-08,0.5,0.07001225000000666
2021-10-08,1.0,0.09002025000002245
2021-10-08,2.0,0.32025600000000765
2021-10-08,3.0,0.5908702499999974
2021-10-08,5.0,1.0527562499999865
2021-10-08,7.0,1.394830250000001
2021-10-08,10.0,1.6164802499999853
2021-10-08,20.0,2.121130250000003
2021-10-08,30.0,2.171663999999973
2021-10-12,0.08333333333333333,0.03000225000002743
2021-10-12,0.25,0.060008999999983104
2021-10-12,0.5,0.060008999999983104
2021-10-12,1.0,0.10002499999999248
2021-10-12,2.0,0.3503062499999876
2021-10-12,3.0,0.6410240000000123
2021-10-12,5.0,1.0829160000000115
2021-10-12,7.0,1.394830250000001
2021-10-12,10.0,1.596320249999983
2021-10-12,20.0,2.060506250000027
2021-10-12,30.0,2.1110249999999997
2021-10-13,0.08333333333333333,0.03000225000002743
2021-10-13,0.25,0.05000625000002312
2021-10-13,0.5,0.060008999999983104
2021-10-13,1.0,0.11003025000000388
2021-10-13,2.0,0.37034224999998866
2021-10-13,3.0,0.6610890000000147
2021-10-13,5.0,1.0929702499999916
2021-10-13,7.0,1.3847609999999788
2021-10-13,10.0,1.566084000000001
2021-10-13,20.0,2.0100000000000007
2021-10-13,30.0,2.060506250000027
2021-10-14,0.08333333333333333,0.05000625000002312
2021-10-14,0.25,0.05000625000002312
2021-10-14,0.5,0.060008999999983104
2021-10-14,1.0,0.10002499999999248
2021-10-14,2.0,0.36032400000001186
2021-10-14,3.0,0.6209610000000199
2021-10-14,5.0,1.0527562499999865
2021-10-14,7.0,1.3444889999999932
2021-10-14,10.0,1.525776000000012
2021-10-14,20.0,1.9797022499999928
2021-10-14,30.0,2.030200999999998
2021-10-15,0.08333333333333333,0.04000399999999349
2021-10-15,0.25,0.05000625000002312
2021-10-15,0.5,0.060008999999983104
2021-10-15,1.0,0.12003599999999004
2021-10-15,2.0,0.4104202500000209
2021-10-15,3.0,0.7012250000000053
2021-10-15,5.0,1.1331922499999925
2021-10-15,7.0,1.4250410000000269
2021-10-15,10.0,1.596320249999983
2021-10-15,20.0,2.030200999999998
2021-10-15,30.0,2.060506250000027
2021-10-18,0.08333333333333333,0.05000625000002312
2021-10-18,0.25,0.060008999999983104
2021-10-18,0.5,0.060008999999983104
2021-10-18,1.0,0.11003025000000388
2021-10-18,2.0,0.44048399999998544
2021-10-18,3.0,0.7212960000000157
2021-10-18,5.0,1.1633640000000112
2021-10-18,7.0,1.4351122499999924
2021-10-18,10.0,1.596320249999983
2021-10-18,20.0,1.9999002499999863
2021-10-18,30.0,2.0201002499999676
2021-10-19,0.08333333333333333,0.060008999999983104
2021-10-19,0.25,0.05000625000002312
2021-10-19,0.5,0.060008999999983104
2021-10-19,1.0,0.11003025000000388
2021-10-19,2.0,0.4104202500000209
2021-10-19,3.0,0.7112602499999898
2021-10-19,5.0,1.1734222499999891
2021-10-19,7.0,1.475402250000002
2021-10-19,10.0,1.6568062500000202
2021-10-19,20.0,2.0807122500000164
2021-10-19,30.0,2.1009202500000157
2021-10-20,0.08333333333333333,0.060008999999983104
2021-10-20,0.25,0.05000625000002312
2021-10-20,0.5,0.060008999999983104
2021-10-20,1.0,0.10002499999999248
2021-10-20,2.0,0.40039999999998965
2021-10-20,3.0,0.7012250000000053
2021-10-20,5.0,1.1633640000000112
2021-10-20,7.0,1.4653290000000263
2021-10-20,10.0,1.6568062500000202
2021-10-20,20.0,2.1009202500000157
2021-10-20,30.0,2.131235999999981
2021-10-21,0.08333333333333333,0.060008999999983104
2021-10-21,0.25,0.060008999999983104
2021-10-21,0.5,0.060008999999983104
2021-10-21,1.0,0.12003599999999004
2021-10-21,2.0,0.45050625000002675
2021-10-21,3.0,0.7815209999999961
2021-10-21,5.0,1.233782250000015
2021-10-21,7.0,1.525776000000012
2021-10-21,10.0,1.6870559999999868
2021-10-21,20.0,2.1110249999999997
2021-10-21,30.0,2.14134225
2021-10-22,0.08333333333333333,0.05000625000002312
2021-10-22,0.25,0.060008999999983104
2021-10-22,0.5,0.07001225000000666
2021-10-22,1.0,0.13004225000001757
2021-10-22,2.0,0.4805759999999992
2021-10-22,3.0,0.7915602499999785
2021-10-22,5.0,1.2237209999999887
2021-10-22,7.0,1.4955502499999884
2021-10-22,10.0,1.6668890000000047
2021-10-22,20.0,2.070609000000001
2021-10-22,30.0,2.0908159999999842
2021-10-25,0.08333333333333333,0.07001225000000666
2021-10-25,0.25,0.060008999999983104
2021-10-25,0.5,0.060008999999983104
2021-10-25,1.0,0.14004899999997544
2021-10-25,2.0,0.47055225000001144
2021-10-25,3.0,0.761444
2021-10-25,5.0,1.1935402499999803
2021-10-25,7.0,1.475402250000002
2021-10-25,10.0,1.6467239999999883
2021-10-25,20.0,2.0807122500000164
2021-10-25,30.0,2.1009202500000157
2021-10-26,0.08333333333333333,0.060008999999983104
2021-10-26,0.25,0.060008999999983104
2021-10-26,0.5,0.060008999999983104
2021-10-26,1.0,0.14004899999997544
2021-10-26,2.0,0.47055225000001144
2021-10-26,3.0,0.7714822499999885
2021-10-26,5.0,1.2035999999999936
2021-10-26,7.0,1.4653290000000263
2021-10-26,10.0,1.63664225000002
2021-10-26,20.0,2.0403022500000256
2021-10-26,30.0,2.060506250000027
2021-10-27,0.08333333333333333,0.060008999999983104
2021-10-27,0.25,0.060008999999983104
2021-10-27,0.5,0.07001225000000666
2021-10-27,1.0,0.12003599999999004
2021-10-27,2.0,0.5006249999999879
2021-10-27,3.0,0.7714822499999885
2021-10-27,5.0,1.1633640000000112
2021-10-27,7.0,1.4149702499999917
2021-10-27,10.0,1.5459290000000125
2021-10-27,20.0,1.9393122499999915
2021-10-27,30.0,1.9595062499999871
2021-10-28,0.08333333333333333,0.060008999999983104
2021-10-28,0.25,0.060008999999983104
2021-10-28,0.5,0.060008999999983104
2021-10-28,1.0,0.1500562499999969
2021-10-28,2.0,0.5006249999999879
2021-10-28,3.0,0.7714822499999885
2021-10-28,5.0,1.1834810000000084
2021-10-28,7.0,1.4451840000000216
2021-10-28,10.0,1.5761622499999906
2021-10-28,20.0,1.9898010000000133
2021-10-28,30.0,1.9696040000000137
2021-10-29,0.08333333333333333,0.060008999999983104
2021-10-29,0.25,0.05000625000002312
2021-10-29,0.5,0.07001225000000666
2021-10-29,1.0,0.1500562499999969
2021-10-29,2.0,0.4805759999999992
2021-10-29,3.0,0.7514062499999863
2021-10-29,5.0,1.1834810000000084
2021-10-29,7.0,1.4451840000000216
2021-10-29,10.0,1.556006249999986
2021-10-29,20.0,1.9898010000000133
2021-10-29,30.0,1.9393122499999915
2021-11-01,0.08333333333333333,0.05000625000002312
2021-11-01,0.25,0.05000625000002312
2021-11-01,0.5,0.060008999999983104
2021-11-01,1.0,0.1500562499999969
2021-11-01,2.0,0.5006249999999879
2021-11-01,3.0,0.7915602499999785
2021-11-01,5.0,1.2035999999999936
2021-11-01,7.0,1.4653290000000263
2021-11-01,10.0,1.5862409999999993
2021-11-01,20.0,2.0201002499999676
2021-11-01,30.0,1.9898010000000133
2021-11-02,0.08333333333333333,0.05000625000002312
2021-11-02,0.25,0.05000625000002312
2021-11-02,0.5,0.07001225000000666
2021-11-02,1.0,0.1500562499999969
2021-11-02,2.0,0.4605289999999984
2021-11-02,3.0,0.7313322499999941
2021-11-02,5.0,1.1533062499999858
2021-11-02,7.0,1.4250410000000269
2021-11-02,10.0,1.566084000000001
2021-11-02,20.0,1.9797022499999928
2021-11-02,30.0,1.9696040000000137
2021-11-03,0.08333333333333333,0.05000625000002312
2021-11-03,0.25,0.05000625000002312
2021-11-03,0.5,0.07001225000000666
2021-11-03,1.0,0.17007225000000847
2021-11-03,2.0,0.47055225000001144
2021-11-03,3.0,0.7714822499999885
2021-11-03,5.0,1.1935402499999803
2021-11-03,7.0,1.4653290000000263
2021-11-03,10.0,1.6064000000000078
2021-11-03,20.0,2.0201002499999676
2021-11-03,30.0,2.0100000000000007
2021-11-04,0.08333333333333333,0.05000625000002312
2021-11-04,0.25,0.04000399999999349
2021-11-04,0.5,0.07001225000000666
2021-11-04,1.0,0.14004899999997544
2021-11-04,2.0,0.4104202500000209
2021-11-04,3.0,0.6911902499999956
2021-11-04,5.0,1.103025000000013
2021-11-04,7.0,1.374692249999998
2021-11-04,10.0,1.5358522499999916
2021-11-04,20.0,1.9696040000000137
2021-11-04,30.0,1.9696040000000137
2021-11-05,0.08333333333333333,0.05000625000002312
2021-11-05,0.25,0.05000625000002312
2021-11-05,0.5,0.07001225000000666
2021-11-05,1.0,0.14004899999997544
2021-11-05,2.0,0.39038024999997756
2021-11-05,3.0,0.6610890000000147
2021-11-05,5.0,1.0427040000000165
2021-11-05,7.0,1.304224999999981
2021-11-05,10.0,1.4552562500000032
2021-11-05,20.0,1.8888360000000048
2021-11-05,30.0,1.8787422499999984
2021-11-08,0.08333333333333333,0.04000399999999349
2021-11-08,0.25,0.060008999999983104
2021-11-08,0.5,0.07001225000000666
2021-11-08,1.0,0.1600639999999931
2021-11-08,2.0,0.45050625000002675
2021-11-08,3.0,0.7514062499999863
2021-11-08,5.0,1.1331922499999925
2021-11-08,7.0,1.3847609999999788
2021-11-08,10.0,1.515700249999985
2021-11-08,20.0,1.9191202499999838
2021-11-08,30.0,1.898930249999986
2021-11-09,0.08333333333333333,0.04000399999999349
2021-11-09,0.25,0.04000399999999349
2021-11-09,0.5,0.060008999999983104
2021-11-09,1.0,0.14004899999997544
2021-11-09,2.0,0.4104202500000209
2021-11-09,3.0,0.7112602499999898
2021-11-09,5.0,1.0829160000000115
2021-11-09,7.0,1.324355999999982
2021-11-09,10.0,1.4653290000000263
2021-11-09,20.0,1.868649000000011
2021-11-09,30.0,1.8383722500000088
2021-11-10,0.08333333333333333,0.060008999999983104
2021-11-10,0.25,0.05000625000002312
2021-11-10,0.5,0.07001225000000666
2021-11-10,1.0,0.17007225000000847
2021-11-10,2.0,0.510650250000011
2021-11-10,3.0,0.831722250000011
2021-11-10,5.0,1.233782250000015
2021-11-10,7.0,1.4552562500000032
2021-11-10,10.0,1.566084000000001
2021-11-10,20.0,1.9696040000000137
2021-11-10,30.0,1.9292160000000003
2021-11-12,0.08333333333333333,0.05000625000002312
2021-11-12,0.25,0.05000625000002312
2021-11-12,0.5,0.07001225000000666
2021-11-12,1.0,0.17007225000000847
2021-11-12,2.0,0.5307022500000036
2021-11-12,3.0,0.851806250000009
2021-11-12,5.0,1.243843999999994
2021-11-12,7.0,1.475402250000002
2021-11-12,10.0,1.5862409999999993
2021-11-12,20.0,1.9999002499999863
2021-11-12,30.0,1.9595062499999871
2021-11-15,0.08333333333333333,0.060008999999983104
2021-11-15,0.25,0.05000625000002312
2021-11-15,0.5,0.060008999999983104
2021-11-15,1.0,0.1800809999999764
2021-11-15,2.0,0.5307022500000036
2021-11-15,3.0,0.871892250000017
2021-11-15,5.0,1.263968999999987
2021-11-15,7.0,1.515700249999985
2021-11-15,10.0,1.63664225000002
2021-11-15,20.0,2.060506250000027
2021-11-15,30.0,2.0201002499999676
2021-11-16,0.08333333333333333,0.060008999999983104
2021-11-16,0.25,0.05000625000002312
2021-11-16,0.5,0.07001225000000666
2021-11-16,1.0,0.17007225000000847
2021-11-16,2.0,0.5407289999999954
2021-11-16,3.0,0.871892250000017
2021-11-16,5.0,1.2740322500000234
2021-11-16,7.0,1.525776000000012
2021-11-16,10.0,1.63664225000002
2021-11-16,20.0,2.070609000000001
2021-11-16,30.0,2.030200999999998
2021-11-17,0.08333333333333333,0.060008999999983104
2021-11-17,0.25,0.05000625000002312
2021-11-17,0.5,0.060008999999983104
2021-11-17,1.0,0.1800809999999764
2021-11-17,2.0,0.5206759999999866
2021-11-17,3.0,0.851806250000009
2021-11-17,5.0,1.243843999999994
2021-11-17,7.0,1.4955502499999884
2021-11-17,10.0,1.6064000000000078
2021-11-17,20.0,2.0504040000000057
2021-11-17,30.0,2.0100000000000007
2021-11-18,0.08333333333333333,0.12003599999999004
2021-11-18,0.25,0.05000625000002312
2021-11-18,0.5,0.060008999999983104
2021-11-18,1.0,0.1800809999999764
2021-11-18,2.0,0.5206759999999866
2021-11-18,3.0,0.8417640000000004
2021-11-18,5.0,1.2237209999999887
2021-11-18,7.0,1.475402250000002
2021-11-18,10.0,1.596320249999983
2021-11-18,20.0,2.0201002499999676
2021-11-18,30.0,1.9797022499999928
2021-11-19,0.08333333333333333,0.11003025000000388
2021-11-19,0.25,0.05000625000002312
2021-11-19,0.5,0.060008999999983104
2021-11-19,1.0,0.1800809999999764
2021-11-19,2.0,0.5206759999999866
2021-11-19,3.0,0.8618489999999923
2021-11-19,5.0,1.2237209999999887
2021-11-19,7.0,1.4552562500000032
2021-11-19,10.0,1.5459290000000125
2021-11-19,20.0,1.9595062499999871
2021-11-19,30.0,1.9191202499999838
2021-11-22,0.08333333333333333,0.07001225000000666
2021-11-22,0.25,0.05000625000002312
2021-11-22,0.5,0.07001225000000666
2021-11-22,1.0,0.20009999999996975
2021-11-22,2.0,0.6309922500000065
2021-11-22,3.0,0.9522562500000165
2021-11-22,5.0,1.3344222500000003
2021-11-22,7.0,1.556006249999986
2021-11-22,10.0,1.63664225000002
2021-11-22,20.0,2.0403022500000256
2021-11-22,30.0,1.9898010000000133
2021-11-23,0.08333333333333333,0.060008999999983104
2021-11-23,0.25,0.060008999999983104
2021-11-23,0.5,0.07001225000000666
2021-11-23,1.0,0.21011024999999517
2021-11-23,2.0,0.6008999999999709
2021-11-23,3.0,0.9522562500000165
2021-11-23,5.0,1.3344222500000003
2021-11-23,7.0,1.5862409999999993
2021-11-23,10.0,1.6769722500000084
2021-11-23,20.0,2.0908159999999842
2021-11-23,30.0,2.030200999999998
2021-11-24,0.08333333333333333,0.14004899999997544
2021-11-24,0.25,0.060008999999983104
2021-11-24,0.5,0.10002499999999248
2021-11-24,1.0,0.2401440000000088
2021-11-24,2.0,0.6410240000000123
2021-11-24,3.0,0.9723522500000081
2021-11-24,5.0,1.3444889999999932
2021-11-24,7.0,1.5862409999999993
2021-11-24,10.0,1.6467239999999883
2021-11-24,20.0,2.0403022500000256
2021-11-24,30.0,1.9696040000000137
2021-11-26,0.08333333333333333,0.11003025000000388
2021-11-26,0.25,0.060008999999983104
2021-11-26,0.5,0.10002499999999248
2021-11-26,1.0,0.20009999999996975
2021-11-26,2.0,0.5006249999999879
2021-11-26,3.0,0.811640250000023
2021-11-26,5.0,1.1633640000000112
2021-11-26,7.0,1.4048999999999756
2021-11-26,10.0,1.485476000000019
2021-11-26,20.0,1.898930249999986
2021-11-26,30.0,1.8383722500000088
2021-11-29,0.08333333333333333,0.07001225000000666
2021-11-29,0.25,0.060008999999983104
2021-11-29,0.5,0.10002499999999248
2021-11-29,1.0,0.21011024999999517
2021-11-29,2.0,0.510650250000011
2021-11-29,3.0,0.831722250000011
2021-11-29,5.0,1.1834810000000084
2021-11-29,7.0,1.4250410000000269
2021-11-29,10.0,1.525776000000012
2021-11-29,20.0,1.9393122499999915
2021-11-29,30.0,1.8787422499999984
2021-11-30,0.08333333333333333,0.11003025000000388
2021-11-30,0.25,0.05000625000002312
2021-11-30,0.5,0.10002499999999248
2021-11-30,1.0,0.2401440000000088
2021-11-30,2.0,0.5206759999999866
2021-11-30,3.0,0.811640250000023
2021-11-30,5.0,1.1432490000000017
2021-11-30,7.0,1.364623999999992
2021-11-30,10.0,1.4351122499999924
2021-11-30,20.0,1.8585562499999986
2021-11-30,30.0,1.7879209999999812
2021-12-01,0.08333333333333333,0.09002025000002245
2021-12-01,0.25,0.060008999999983104
2021-12-01,0.5,0.10002499999999248
2021-12-01,1.0,0.25015624999999986
2021-12-01,2.0,0.560783999999992
2021-12-01,3.0,0.851806250000009
2021-12-01,5.0,1.1533062499999858
2021-12-01,7.0,1.3545562500000052
2021-12-01,10.0,1.4351122499999924
2021-12-01,20.0,1.8484640000000274
2021-12-01,30.0,1.777832250000011
2021-12-02,0.08333333333333333,0.05000625000002312
2021-12-02,0.25,0.05000625000002312
2021-12-02,0.5,0.09002025000002245
2021-12-02,1.0,0.27018224999999507
2021-12-02,2.0,0.6309922500000065
2021-12-02,3.0,0.9020249999999841
2021-12-02,5.0,1.213660250000026
2021-12-02,7.0,1.3847609999999788
2021-12-02,10.0,1.4451840000000216
2021-12-02,20.0,1.8787422499999984
2021-12-02,30.0,1.7677439999999933
2021-12-03,0.08333333333333333,0.04000399999999349
2021-12-03,0.25,0.060008999999983104
2021-12-03,0.5,0.09002025000002245
2021-12-03,1.0,0.2601690000000101
2021-12-03,2.0,0.6008999999999709
2021-12-03,3.0,0.8618489999999923
2021-12-03,5.0,1.1331922499999925
2021-12-03,7.0,1.2941602500000204
2021-12-03,10.0,1.3545562500000052
2021-12-03,20.0,1.777832250000011
2021-12-03,30.0,1.6971402500000066
2021-12-06,0.08333333333333333,0.05000625000002312
2021-12-06,0.25,0.05000625000002312
2021-12-06,0.5,0.12003599999999004
2021-12-06,1.0,0.28019600000002143
2021-12-06,2.0,0.6510562499999928
2021-12-06,3.0,0.9120702500000188
2021-12-06,5.0,1.213660250000026
2021-12-06,7.0,1.3847609999999788
2021-12-06,10.0,1.4351122499999924
2021-12-06,20.0,1.8484640000000274
2021-12-06,30.0,1.757656250000017
2021-12-07,0.08333333333333333,0.05000625000002312
2021-12-07,0.25,0.060008999999983104
2021-12-07,0.5,0.1500562499999969
2021-12-07,1.0,0.31024024999999344
2021-12-07,2.0,0.7012250000000053
2021-12-07,3.0,0.9924502500000099
2021-12-07,5.0,1.263968999999987
2021-12-07,7.0,1.4351122499999924
2021-12-07,10.0,1.485476000000019
2021-12-07,20.0,1.8888360000000048
2021-12-07,30.0,1.8080999999999792
2021-12-08,0.08333333333333333,0.04000399999999349
2021-12-08,0.25,0.07001225000000666
2021-12-08,0.5,0.13004225000001757
2021-12-08,1.0,0.29021025000000034
2021-12-08,2.0,0.681156000000005
2021-12-08,3.0,0.9924502500000099
2021-12-08,5.0,1.2740322500000234
2021-12-08,7.0,1.4451840000000216
2021-12-08,10.0,1.525776000000012
2021-12-08,20.0,1.9393122499999915
2021-12-08,30.0,1.8787422499999984
2021-12-09,0.08333333333333333,0.03000225000002743
2021-12-09,0.25,0.060008999999983104
2021-12-09,0.5,0.12003599999999004
2021-12-09,1.0,0.28019600000002143
2021-12-09,2.0,0.7012250000000053
2021-12-09,3.0,0.9924502500000099
2021-12-09,5.0,1.263968999999987
2021-12-09,7.0,1.4250410000000269
2021-12-09,10.0,1.4955502499999884
2021-12-09,20.0,1.9191202499999838
2021-12-09,30.0,1.8787422499999984
2021-12-10,0.08333333333333333,0.03000225000002743
2021-12-10,0.25,0.060008999999983104
2021-12-10,0.5,0.13004225000001757
2021-12-10,1.0,0.27018224999999507
2021-12-10,2.0,0.6711222499999892
2021-12-10,3.0,0.9824009999999772
2021-12-10,5.0,1.2539062500000142
2021-12-10,7.0,1.4250410000000269
2021-12-10,10.0,1.485476000000019
2021-12-10,20.0,1.9191202499999838
2021-12-10,30.0,1.8888360000000048
2021-12-13,0.08333333333333333,0.010000250000019584
2021-12-13,0.25,0.05000625000002312
2021-12-13,0.5,0.11003025000000388
2021-12-13,1.0,0.27018224999999507
2021-12-13,2.0,0.6610890000000147
2021-12-13,3.0,0.9522562500000165
2021-12-13,5.0,1.213660250000026
2021-12-13,7.0,1.374692249999998
2021-12-13,10.0,1.4250410000000269
2021-12-13,20.0,1.868649000000011
2021-12-13,30.0,1.818190250000007
2021-12-14,0.08333333333333333,0.02000099999999172
2021-12-14,0.25,0.05000625000002312
2021-12-14,0.5,0.13004225000001757
2021-12-14,1.0,0.2601690000000101
2021-12-14,2.0,0.6711222499999892
2021-12-14,3.0,0.9824009999999772
2021-12-14,5.0,1.233782250000015
2021-12-14,7.0,1.394830250000001
2021-12-14,10.0,1.4451840000000216
2021-12-14,20.0,1.8787422499999984
2021-12-14,30.0,1.8282810000000316
2021-12-15,0.08333333333333333,0.03000225000002743
2021-12-15,0.25,0.05000625000002312
2021-12-15,0.5,0.13004225000001757
2021-12-15,1.0,0.29021025000000034
2021-12-15,2.0,0.6911902499999956
2021-12-15,3.0,1.0024999999999729
2021-12-15,5.0,1.263968999999987
2021-12-15,7.0,1.4250410000000269
2021-12-15,10.0,1.475402250000002
2021-12-15,20.0,1.9191202499999838
2021-12-15,30.0,1.868649000000011
2021-12-16,0.08333333333333333,0.04000399999999349
2021-12-16,0.25,0.05000625000002312
2021-12-16,0.5,0.13004225000001757
2021-12-16,1.0,0.2601690000000101
2021-12-16,2.0,0.6410240000000123
2021-12-16,3.0,0.922115999999984
2021-12-16,5.0,1.1935402499999803
2021-12-16,7.0,1.364623999999992
2021-12-16,10.0,1.4451840000000216
2021-12-16,20.0,1.9191202499999838
2021-12-16,30.0,1.8787422499999984
2021-12-17,0.08333333333333333,0.03000225000002743
2021-12-17,0.25,0.05000625000002312
2021-12-17,0.5,0.13004225000001757
2021-12-17,1.0,0.27018224999999507
2021-12-17,2.0,0.6610890000000147
2021-12-17,3.0,0.9321622500000126
2021-12-17,5.0,1.1834810000000084
2021-12-17,7.0,1.3444889999999932
2021-12-17,10.0,1.4149702499999917
2021-12-17,20.0,1.8787422499999984
2021-12-17,30.0,1.8282810000000316
2021-12-20,0.08333333333333333,0.03000225000002743
2021-12-20,0.25,0.07001225000000666
2021-12-20,0.5,0.1600639999999931
2021-12-20,1.0,0.27018224999999507
2021-12-20,2.0,0.6510562499999928
2021-12-20,3.0,0.9120702500000188
2021-12-20,5.0,1.1734222499999891
2021-12-20,7.0,1.3444889999999932
2021-12-20,10.0,1.4351122499999924
2021-12-20,20.0,1.9090250000000086
2021-12-20,30.0,1.8585562499999986
2021-12-21,0.08333333333333333,0.03000225000002743
2021-12-21,0.25,0.07001225000000666
2021-12-21,0.5,0.1600639999999931
2021-12-21,1.0,0.29021025000000034
2021-12-21,2.0,0.7012250000000053
2021-12-21,3.0,0.9623039999999916
2021-12-21,5.0,1.243843999999994
2021-12-21,7.0,1.4048999999999756
2021-12-21,10.0,1.485476000000019
2021-12-21,20.0,1.9292160000000003
2021-12-21,30.0,1.898930249999986
2021-12-22,0.08333333333333333,0.03000225000002743
2021-12-22,0.25,0.08001599999998277
2021-12-22,0.5,0.1600639999999931
2021-12-22,1.0,0.28019600000002143
2021-12-22,2.0,0.681156000000005
2021-12-22,3.0,0.9623039999999916
2021-12-22,5.0,1.233782250000015
2021-12-22,7.0,1.394830250000001
2021-12-22,10.0,1.4653290000000263
2021-12-22,20.0,1.898930249999986
2021-12-22,30.0,1.868649000000011
2021-12-23,0.08333333333333333,0.04000399999999349
2021-12-23,0.25,0.07001225000000666
2021-12-23,0.5,0.1800809999999764
2021-12-23,1.0,0.31024024999999344
2021-12-23,2.0,0.7112602499999898
2021-12-23,3.0,0.9723522500000081
2021-12-23,5.0,1.2539062500000142
2021-12-23,7.0,1.4250410000000269
2021-12-23,10.0,1.5056250000000215
2021-12-23,20.0,1.949409000000002
2021-12-23,30.0,1.9191202499999838
2021-12-27,0.08333333333333333,0.04000399999999349
2021-12-27,0.25,0.060008999999983104
2021-12-27,0.5,0.21011024999999517
2021-12-27,1.0,0.3302722499999966
2021-12-27,2.0,0.761444
2021-12-27,3.0,0.9824009999999772
2021-12-27,5.0,1.263968999999987
2021-12-27,7.0,1.4149702499999917
2021-12-27,10.0,1.485476000000019
2021-12-27,20.0,1.9292160000000003
2021-12-27,30.0,1.8888360000000048
2021-12-28,0.08333333333333333,0.03000225000002743
2021-12-28,0.25,0.060008999999983104
2021-12-28,0.5,0.20009999999996975
2021-12-28,1.0,0.39038024999997756
2021-12-28,2.0,0.7413690000000139
2021-12-28,3.0,0.9924502500000099
2021-12-28,5.0,1.2740322500000234
2021-12-28,7.0,1.4149702499999917
2021-12-28,10.0,1.4955502499999884
2021-12-28,20.0,1.949409000000002
2021-12-28,30.0,1.9090250000000086
2021-12-29,0.08333333333333333,0.010000250000019584
2021-12-29,0.25,0.05000625000002312
2021-12-29,0.5,0.1900902500000079
2021-12-29,1.0,0.38036100000000683
2021-12-29,2.0,0.7514062499999863
2021-12-29,3.0,0.9924502500000099
2021-12-29,5.0,1.2941602500000204
2021-12-29,7.0,1.475402250000002
2021-12-29,10.0,1.556006249999986
2021-12-29,20.0,2.0100000000000007
2021-12-29,30.0,1.9696040000000137
2021-12-30,0.08333333333333333,0.060008999999983104
2021-12-30,0.25,0.05000625000002312
2021-12-30,0.5,0.1900902500000079
2021-12-30,1.0,0.38036100000000683
2021-12-30,2.0,0.7313322499999941
2021-12-30,3.0,0.9824009999999772
2021-12-30,5.0,1.2740322500000234
2021-12-30,7.0,1.4451840000000216
2021-12-30,10.0,1.525776000000012
2021-12-30,20.0,1.9797022499999928
2021-12-30,30.0,1.9393122499999915
2021-12-31,0.08333333333333333,0.060008999999983104
2021-12-31,0.25,0.060008999999983104
2021-12-31,0.5,0.1900902500000079
2021-12-31,1.0,0.39038024999997756
2021-12-31,2.0,0.7313322499999941
2021-12-31,3.0,0.9723522500000081
2021-12-31,5.0,1.263968999999987
2021-12-31,7.0,1.4451840000000216
2021-12-31,10.0,1.525776000000012
2021-12-31,20.0,1.949409000000002
2021-12-31,30.0,1.9090250000000086
2022-01-03,0.08333333333333333,0.05000625000002312
2022-01-03,0.25,0.08001599999998277
2022-01-03,0.5,0.22012100000001755
2022-01-03,1.0,0.40039999999998965
2022-01-03,2.0,0.7815209999999961
2022-01-03,3.0,1.0427040000000165
2022-01-03,5.0,1.374692249999998
2022-01-03,7.0,1.556006249999986
2022-01-03,10.0,1.63664225000002
2022-01-03,20.0,2.060506250000027
2022-01-03,30.0,2.0201002499999676
2022-01-04,0.08333333333333333,0.060008999999983104
2022-01-04,0.25,0.08001599999998277
2022-01-04,0.5,0.22012100000001755
2022-01-04,1.0,0.38036100000000683
2022-01-04,2.0,0.7714822499999885
2022-01-04,3.0,1.022601000000023
2022-01-04,5.0,1.374692249999998
2022-01-04,7.0,1.5761622499999906
2022-01-04,10.0,1.6668890000000047
2022-01-04,20.0,2.1110249999999997
2022-01-04,30.0,2.0807122500000164
2022-01-05,0.08333333333333333,0.05000625000002312
2022-01-05,0.25,0.09002025000002245
2022-01-05,0.5,0.22012100000001755
2022-01-05,1.0,0.4104202500000209
2022-01-05,2.0,0.831722250000011
2022-01-05,3.0,1.103025000000013
2022-01-05,5.0,1.4351122499999924
2022-01-05,7.0,1.6265610000000041
2022-01-05,10.0,1.7173102500000148
2022-01-05,20.0,2.131235999999981
2022-01-05,30.0,2.1009202500000157
2022-01-06,0.08333333333333333,0.04000399999999349
2022-01-06,0.25,0.10002499999999248
2022-01-06,0.5,0.2301322499999925
2022-01-06,1.0,0.45050625000002675
2022-01-06,2.0,0.8819359999999943
2022-01-06,3.0,1.1533062499999858
2022-01-06,5.0,1.475402250000002
2022-01-06,7.0,1.6668890000000047
2022-01-06,10.0,1.7374822500000109
2022-01-06,20.0,2.131235999999981
2022-01-06,30.0,2.1009202500000157
2022-01-07,0.08333333333333333,0.05000625000002312
2022-01-07,0.25,0.10002499999999248
2022-01-07,0.5,0.2401440000000088
2022-01-07,1.0,0.4304622500000299
2022-01-07,2.0,0.871892250000017
2022-01-07,3.0,1.1734222499999891
2022-01-07,5.0,1.5056250000000215
2022-01-07,7.0,1.6971402500000066
2022-01-07,10.0,1.7677439999999933
2022-01-07,20.0,2.1615562500000074
2022-01-07,30.0,2.121130250000003
2022-01-10,0.08333333333333333,0.05000625000002312
2022-01-10,0.25,0.13004225000001757
2022-01-10,0.5,0.28019600000002143
2022-01-10,1.0,0.4605289999999984
2022-01-10,2.0,0.922115999999984
2022-01-10,3.0,1.213660250000026
2022-01-10,5.0,1.5358522499999916
2022-01-10,7.0,1.7173102500000148
2022-01-10,10.0,1.7879209999999812
2022-01-10,20.0,2.1615562500000074
2022-01-10,30.0,2.121130250000003
2022-01-11,0.08333333333333333,0.04000399999999349
2022-01-11,0.25,0.11003025000000388
2022-01-11,0.5,0.28019600000002143
2022-01-11,1.0,0.4605289999999984
2022-01-11,2.0,0.9020249999999841
2022-01-11,3.0,1.2237209999999887
2022-01-11,5.0,1.515700249999985
2022-01-11,7.0,1.6971402500000066
2022-01-11,10.0,1.757656250000017
2022-01-11,20.0,2.14134225
2022-01-11,30.0,2.0908159999999842
2022-01-12,0.08333333333333333,0.04000399999999349
2022-01-12,0.25,0.12003599999999004
2022-01-12,0.5,0.27018224999999507
2022-01-12,1.0,0.4805759999999992
2022-01-12,2.0,0.922115999999984
2022-01-12,3.0,1.213660250000026
2022-01-12,5.0,1.5056250000000215
2022-01-12,7.0,1.6769722500000084
2022-01-12,10.0,1.7475689999999933
2022-01-12,20.0,2.14134225
2022-01-12,30.0,2.0908159999999842
2022-01-13,0.08333333333333333,0.05000625000002312
2022-01-13,0.25,0.12003599999999004
2022-01-13,0.5,0.28019600000002143
2022-01-13,1.0,0.47055225000001144
2022-01-13,2.0,0.9120702500000188
2022-01-13,3.0,1.1834810000000084
2022-01-13,5.0,1.475402250000002
2022-01-13,7.0,1.6467239999999883
2022-01-13,10.0,1.707225000000001
2022-01-13,20.0,2.1110249999999997
2022-01-13,30.0,2.060506250000027
2022-01-14,0.08333333333333333,0.05000625000002312
2022-01-14,0.25,0.13004225000001757
2022-01-14,0.5,0.3002250000000206
2022-01-14,1.0,0.510650250000011
2022-01-14,2.0,0.9924502500000099
2022-01-14,3.0,1.263968999999987
2022-01-14,5.0,1.556006249999986
2022-01-14,7.0,1.727395999999981
2022-01-14,10.0,1.7879209999999812
2022-01-14,20.0,2.1918809999999844
2022-01-14,30.0,2.131235999999981
2022-01-18,0.08333333333333333,0.05000625000002312
2022-01-18,0.25,0.1600639999999931
2022-01-18,0.5,0.37034224999998866
2022-01-18,1.0,0.5808409999999764
2022-01-18,2.0,1.06280900000002
2022-01-18,3.0,1.3545562500000052
2022-01-18,5.0,1.6568062500000202
2022-01-18,7.0,1.8282810000000316
2022-01-18,10.0,1.8787422499999984
2022-01-18,20.0,2.252544000000012
2022-01-18,30.0,2.1918809999999844
2022-01-19,0.08333333333333333,0.05000625000002312
2022-01-19,0.25,0.17007225000000847
2022-01-19,0.5,0.36032400000001186
2022-01-19,1.0,0.5708122499999968
2022-01-19,2.0,1.0427040000000165
2022-01-19,3.0,1.3344222500000003
2022-01-19,5.0,1.6265610000000041
2022-01-19,7.0,1.7879209999999812
2022-01-19,10.0,1.8383722500000088
2022-01-19,20.0,2.2120999999999835
2022-01-19,30.0,2.151448999999994
2022-01-20,0.08333333333333333,0.05000625000002312
2022-01-20,0.25,0.17007225000000847
2022-01-20,0.5,0.36032400000001186
2022-01-20,1.0,0.6008999999999709
2022-01-20,2.0,1.0829160000000115
2022-01-20,3.0,1.3444889999999932
2022-01-20,5.0,1.6265610000000041
2022-01-20,7.0,1.777832250000011
2022-01-20,10.0,1.8383722500000088
2022-01-20,20.0,2.2019902500000077
2022-01-20,30.0,2.151448999999994
2022-01-21,0.08333333333333333,0.05000625000002312
2022-01-21,0.25,0.17007225000000847
2022-01-21,0.5,0.3503062499999876
2022-01-21,1.0,0.5808409999999764
2022-01-21,2.0,1.0125502499999994
2022-01-21,3.0,1.2840959999999901
2022-01-21,5.0,1.5459290000000125
2022-01-21,7.0,1.707225000000001
2022-01-21,10.0,1.757656250000017
2022-01-21,20.0,2.14134225
2022-01-21,30.0,2.0807122500000164
2022-01-24,0.08333333333333333,0.05000625000002312
2022-01-24,0.25,0.1900902500000079
2022-01-24,0.5,0.39038024999997756
2022-01-24,1.0,0.5808409999999764
2022-01-24,2.0,0.9924502500000099
2022-01-24,3.0,1.2539062500000142
2022-01-24,5.0,1.5358522499999916
2022-01-24,7.0,1.6971402500000066
2022-01-24,10.0,1.757656250000017
2022-01-24,20.0,2.1615562500000074
2022-01-24,30.0,2.1110249999999997
2022-01-25,0.08333333333333333,0.05000625000002312
2022-01-25,0.25,0.1900902500000079
2022-01-25,0.5,0.39038024999997756
2022-01-25,1.0,0.6510562499999928
2022-01-25,2.0,1.022601000000023
2022-01-25,3.0,1.2840959999999901
2022-01-25,5.0,1.566084000000001
2022-01-25,7.0,1.7374822500000109
2022-01-25,10.0,1.7879209999999812
2022-01-25,20.0,2.1918809999999844
2022-01-25,30.0,2.131235999999981
2022-01-26,0.08333333333333333,0.060008999999983104
2022-01-26,0.25,0.1900902500000079
2022-01-26,0.5,0.40039999999998965
2022-01-26,1.0,0.7012250000000053
2022-01-26,2.0,1.1331922499999925
2022-01-26,3.0,1.394830250000001
2022-01-26,5.0,1.6668890000000047
2022-01-26,7.0,1.818190250000007
2022-01-26,10.0,1.8585562499999986
2022-01-26,20.0,2.232321000000015
2022-01-26,30.0,2.171663999999973
2022-01-27,0.08333333333333333,0.04000399999999349
2022-01-27,0.25,0.20009999999996975
2022-01-27,0.5,0.4304622500000299
2022-01-27,1.0,0.7514062499999863
2022-01-27,2.0,1.1834810000000084
2022-01-27,3.0,1.4351122499999924
2022-01-27,5.0,1.6668890000000047
2022-01-27,7.0,1.7879209999999812
2022-01-27,10.0,1.818190250000007
2022-01-27,20.0,2.1817722500000025
2022-01-27,30.0,2.1009202500000157
2022-01-28,0.08333333333333333,0.04000399999999349
2022-01-28,0.25,0.1900902500000079
2022-01-28,0.5,0.4304622500000299
2022-01-28,1.0,0.7514062499999863
2022-01-28,2.0,1.1533062499999858
2022-01-28,3.0,1.3847609999999788
2022-01-28,5.0,1.6164802499999853
2022-01-28,7.0,1.7475689999999933
2022-01-28,10.0,1.7879209999999812
2022-01-28,20.0,2.151448999999994
2022-01-28,30.0,2.0807122500000164
2022-01-31,0.08333333333333333,0.03000225000002743
2022-01-31,0.25,0.22012100000001755
2022-01-31,0.5,0.4906002500000062
2022-01-31,1.0,0.7815209999999961
2022-01-31,2.0,1.1834810000000084
2022-01-31,3.0,1.394830250000001
2022-01-31,5.0,1.6265610000000041
2022-01-31,7.0,1.757656250000017
2022-01-31,10.0,1.7980102499999928
2022-01-31,20.0,2.1817722500000025
2022-01-31,30.0,2.121130250000003
2022-02-01,0.08333333333333333,0.04000399999999349
2022-02-01,0.25,0.1900902500000079
2022-02-01,0.5,0.4805759999999992
2022-02-01,1.0,0.7815209999999961
2022-02-01,2.0,1.1834810000000084
2022-02-01,3.0,1.394830250000001
2022-02-01,5.0,1.63664225000002
2022-02-01,7.0,1.7677439999999933
2022-02-01,10.0,1.818190250000007
2022-02-01,20.0,2.2019902500000077
2022-02-01,30.0,2.131235999999981
2022-02-02,0.08333333333333333,0.04000399999999349
2022-02-02,0.25,0.1900902500000079
2022-02-02,0.5,0.45050625000002675
2022-02-02,1.0,0.761444
2022-02-02,2.0,1.1633640000000112
2022-02-02,3.0,1.3847609999999788
2022-02-02,5.0,1.6064000000000078
2022-02-02,7.0,1.7475689999999933
2022-02-02,10.0,1.7879209999999812
2022-02-02,20.0,2.1817722500000025
2022-02-02,30.0,2.121130250000003
2022-02-03,0.08333333333333333,0.03000225000002743
2022-02-03,0.25,0.20009999999996975
2022-02-03,0.5,0.4805759999999992
2022-02-03,1.0,0.7815209999999961
2022-02-03,2.0,1.1935402499999803
2022-02-03,3.0,1.4250410000000269
2022-02-03,5.0,1.6668890000000047
2022-02-03,7.0,1.7879209999999812
2022-02-03,10.0,1.8282810000000316
2022-02-03,20.0,2.2120999999999835
2022-02-03,30.0,2.151448999999994
2022-02-04,0.08333333333333333,0.05000625000002312
2022-02-04,0.25,0.2301322499999925
2022-02-04,0.5,0.560783999999992
2022-02-04,1.0,0.8919802500000129
2022-02-04,2.0,1.3142902500000053
2022-02-04,3.0,1.556006249999986
2022-02-04,5.0,1.7879209999999812
2022-02-04,7.0,1.9090250000000086
2022-02-04,10.0,1.9393122499999915
2022-02-04,20.0,2.3031102499999845
2022-02-04,30.0,2.242432250000004
2022-02-07,0.08333333333333333,0.03000225000002743
2022-02-07,0.25,0.27018224999999507
2022-02-07,0.5,0.5808409999999764
2022-02-07,1.0,0.8819359999999943
2022-02-07,2.0,1.304224999999981
2022-02-07,3.0,1.5459290000000125
2022-02-07,5.0,1.7677439999999933
2022-02-07,7.0,1.8888360000000048
2022-02-07,10.0,1.9292160000000003
2022-02-07,20.0,2.292996000000014
2022-02-07,30.0,2.232321000000015
2022-02-08,0.08333333333333333,0.03000225000002743
2022-02-08,0.25,0.25015624999999986
2022-02-08,0.5,0.5908702499999974
2022-02-08,1.0,0.9120702500000188
2022-02-08,2.0,1.3545562500000052
2022-02-08,3.0,1.596320249999983
2022-02-08,5.0,1.818190250000007
2022-02-08,7.0,1.9393122499999915
2022-02-08,10.0,1.9696040000000137
2022-02-08,20.0,2.3233402499999833
2022-02-08,30.0,2.2626562499999947
2022-02-09,0.08333333333333333,0.04000399999999349
2022-02-09,0.25,0.2601690000000101
2022-02-09,0.5,0.5708122499999968
2022-02-09,1.0,0.9120702500000188
2022-02-09,2.0,1.364623999999992
2022-02-09,3.0,1.6164802499999853
2022-02-09,5.0,1.8282810000000316
2022-02-09,7.0,1.9292160000000003
2022-02-09,10.0,1.949409000000002
2022-02-09,20.0,2.3233402499999833
2022-02-09,30.0,2.2626562499999947
2022-02-10,0.08333333333333333,0.05000625000002312
2022-02-10,0.25,0.40039999999998965
2022-02-10,0.5,0.7413690000000139
2022-02-10,1.0,1.1432490000000017
2022-02-10,2.0,1.6164802499999853
2022-02-10,3.0,1.8282810000000316
2022-02-10,5.0,1.9696040000000137
2022-02-10,7.0,2.0403022500000256
2022-02-10,10.0,2.0403022500000256
2022-02-10,20.0,2.3840422499999736
2022-02-10,30.0,2.3132250000000187
2022-02-11,0.08333333333333333,0.03000225000002743
2022-02-11,0.25,0.36032400000001186
2022-02-11,0.5,0.7112602499999898
2022-02-11,1.0,1.072862249999984
2022-02-11,2.0,1.5056250000000215
2022-02-11,3.0,1.7173102500000148
2022-02-11,5.0,1.8484640000000274
2022-02-11,7.0,1.9292160000000003
2022-02-11,10.0,1.9292160000000003
2022-02-11,20.0,2.3132250000000187
2022-02-11,30.0,2.252544000000012
2022-02-14,0.08333333333333333,0.03000225000002743
2022-02-14,0.25,0.4304622500000299
2022-02-14,0.5,0.761444
2022-02-14,1.0,1.1331922499999925
2022-02-14,2.0,1.5862409999999993
2022-02-14,3.0,1.8080999999999792
2022-02-14,5.0,1.9090250000000086
2022-02-14,7.0,1.9898010000000133
2022-02-14,10.0,1.9898010000000133
2022-02-14,20.0,2.363806249999989
2022-02-14,30.0,2.3031102499999845
2022-02-15,0.08333333333333333,0.02000099999999172
2022-02-15,0.25,0.40039999999998965
2022-02-15,0.5,0.7212960000000157
2022-02-15,1.0,1.113080249999987
2022-02-15,2.0,1.5862409999999993
2022-02-15,3.0,1.8080999999999792
2022-02-15,5.0,1.949409000000002
2022-02-15,7.0,2.0403022500000256
2022-02-15,10.0,2.060506250000027
2022-02-15,20.0,2.434640999999993
2022-02-15,30.0,2.3840422499999736
2022-02-16,0.08333333333333333,0.03000225000002743
2022-02-16,0.25,0.38036100000000683
2022-02-16,0.5,0.6711222499999892
2022-02-16,1.0,1.0929702499999916
2022-02-16,2.0,1.525776000000012
2022-02-16,3.0,1.757656250000017
2022-02-16,5.0,1.9090250000000086
2022-02-16,7.0,2.0100000000000007
2022-02-16,10.0,2.0403022500000256
2022-02-16,20.0,2.4042802499999905
2022-02-16,30.0,2.3536890000000144
2022-02-17,0.08333333333333333,0.060008999999983104
2022-02-17,0.25,0.36032400000001186
2022-02-17,0.5,0.6510562499999928
2022-02-17,1.0,1.0527562499999865
2022-02-17,2.0,1.4955502499999884
2022-02-17,3.0,1.707225000000001
2022-02-17,5.0,1.8585562499999986
2022-02-17,7.0,1.949409000000002
2022-02-17,10.0,1.9797022499999928
2022-02-17,20.0,2.363806249999989
2022-02-17,30.0,2.3233402499999833
2022-02-18,0.08333333333333333,0.03000225000002743
2022-02-18,0.25,0.3503062499999876
2022-02-18,0.5,0.6510562499999928
2022-02-18,1.0,1.032652249999999
2022-02-18,2.0,1.475402250000002
2022-02-18,3.0,1.6870559999999868
2022-02-18,5.0,1.8282810000000316
2022-02-18,7.0,1.9090250000000086
2022-02-18,10.0,1.9292160000000003
2022-02-18,20.0,2.3132250000000187
2022-02-18,30.0,2.252544000000012
2022-02-22,0.08333333333333333,0.03000225000002743
2022-02-22,0.25,0.37034224999998866
2022-02-22,0.5,0.7313322499999941
2022-02-22,1.0,1.1734222499999891
2022-02-22,2.0,1.566084000000001
2022-02-22,3.0,1.7475689999999933
2022-02-22,5.0,1.8585562499999986
2022-02-22,7.0,1.9393122499999915
2022-02-22,10.0,1.949409000000002
2022-02-22,20.0,2.3233402499999833
2022-02-22,30.0,2.252544000000012
2022-02-23,0.08333333333333333,0.02000099999999172
2022-02-23,0.25,0.3402890000000047
2022-02-23,0.5,0.7413690000000139
2022-02-23,1.0,1.1633640000000112
2022-02-23,2.0,1.5862409999999993
2022-02-23,3.0,1.7879209999999812
2022-02-23,5.0,1.898930249999986
2022-02-23,7.0,1.9898010000000133
2022-02-23,10.0,1.9999002499999863
2022-02-23,20.0,2.373924000000005
2022-02-23,30.0,2.3031102499999845
2022-02-24,0.08333333333333333,0.05000625000002312
2022-02-24,0.25,0.32025600000000765
2022-02-24,0.5,0.6510562499999928
2022-02-24,1.0,1.0829160000000115
2022-02-24,2.0,1.5459290000000125
2022-02-24,3.0,1.7374822500000109
2022-02-24,5.0,1.8484640000000274
2022-02-24,7.0,1.949409000000002
2022-02-24,10.0,1.9696040000000137
2022-02-24,20.0,2.373924000000005
2022-02-24,30.0,2.292996000000014
2022-02-25,0.08333333333333333,0.03000225000002743
2022-02-25,0.25,0.3302722499999966
2022-02-25,0.5,0.7112602499999898
2022-02-25,1.0,1.1331922499999925
2022-02-25,2.0,1.556006249999986
2022-02-25,3.0,1.7677439999999933
2022-02-25,5.0,1.868649000000011
2022-02-25,7.0,1.9696040000000137
2022-02-25,10.0,1.9797022499999928
2022-02-25,20.0,2.3840422499999736
2022-02-25,30.0,2.3031102499999845
2022-02-28,0.08333333333333333,0.060008999999983104
2022-02-28,0.25,0.3503062499999876
2022-02-28,0.5,0.6911902499999956
2022-02-28,1.0,1.0125502499999994
2022-02-28,2.0,1.4451840000000216
2022-02-28,3.0,1.6265610000000041
2022-02-28,5.0,1.7173102500000148
2022-02-28,7.0,1.818190250000007
2022-02-28,10.0,1.8383722500000088
2022-02-28,20.0,2.2626562499999947
2022-02-28,30.0,2.1817722500000025
2022-03-01,0.08333333333333333,0.11003025000000388
2022-03-01,0.25,0.32025600000000765
2022-03-01,0.5,0.6008999999999709
2022-03-01,1.0,0.9120702500000188
2022-03-01,2.0,1.3142902500000053
2022-03-01,3.0,1.475402250000002
2022-03-01,5.0,1.566084000000001
2022-03-01,7.0,1.6769722500000084
2022-03-01,10.0,1.727395999999981
2022-03-01,20.0,2.2019902500000077
2022-03-01,30.0,2.121130250000003
2022-03-02,0.08333333333333333,0.13004225000001757
2022-03-02,0.25,0.3402890000000047
2022-03-02,0.5,0.681156000000005
2022-03-02,1.0,1.06280900000002
2022-03-02,2.0,1.5056250000000215
2022-03-02,3.0,1.6769722500000084
2022-03-02,5.0,1.7475689999999933
2022-03-02,7.0,1.8383722500000088
2022-03-02,10.0,1.868649000000011
2022-03-02,20.0,2.3334560000000115
2022-03-02,30.0,2.252544000000012
2022-03-03,0.08333333333333333,0.1900902500000079
2022-03-03,0.25,0.38036100000000683
2022-03-03,0.5,0.6911902499999956
2022-03-03,1.0,1.0829160000000115
2022-03-03,2.0,1.5358522499999916
2022-03-03,3.0,1.6971402500000066
2022-03-03,5.0,1.7475689999999933
2022-03-03,7.0,1.8282810000000316
2022-03-03,10.0,1.868649000000011
2022-03-03,20.0,2.3334560000000115
2022-03-03,30.0,2.252544000000012
2022-03-04,0.08333333333333333,0.1500562499999969
2022-03-04,0.25,0.3402890000000047
2022-03-04,0.5,0.6911902499999956
2022-03-04,1.0,1.0527562499999865
2022-03-04,2.0,1.5056250000000215
2022-03-04,3.0,1.6265610000000041
2022-03-04,5.0,1.6568062500000202
2022-03-04,7.0,1.707225000000001
2022-03-04,10.0,1.7475689999999933
2022-03-04,20.0,2.242432250000004
2022-03-04,30.0,2.171663999999973
2022-03-07,0.08333333333333333,0.17007225000000847
2022-03-07,0.25,0.38036100000000683
2022-03-07,0.5,0.7514062499999863
2022-03-07,1.0,1.072862249999984
2022-03-07,2.0,1.556006249999986
2022-03-07,3.0,1.6870559999999868
2022-03-07,5.0,1.7173102500000148
2022-03-07,7.0,1.777832250000011
2022-03-07,10.0,1.7879209999999812
2022-03-07,20.0,2.3031102499999845
2022-03-07,30.0,2.2019902500000077
2022-03-08,0.08333333333333333,0.1600639999999931
2022-03-08,0.25,0.36032400000001186
2022-03-08,0.5,0.7212960000000157
2022-03-08,1.0,1.1231360000000024
2022-03-08,2.0,1.63664225000002
2022-03-08,3.0,1.7879209999999812
2022-03-08,5.0,1.8080999999999792
2022-03-08,7.0,1.8585562499999986
2022-03-08,10.0,1.868649000000011
2022-03-08,20.0,2.3536890000000144
2022-03-08,30.0,2.252544000000012
2022-03-09,0.08333333333333333,0.1800809999999764
2022-03-09,0.25,0.38036100000000683
2022-03-09,0.5,0.7514062499999863
2022-03-09,1.0,1.1533062499999858
2022-03-09,2.0,1.6870559999999868
2022-03-09,3.0,1.8383722500000088
2022-03-09,5.0,1.8787422499999984
2022-03-09,7.0,1.9292160000000003
2022-03-09,10.0,1.949409000000002
2022-03-09,20.0,2.3941610000000058
2022-03-09,30.0,2.3031102499999845
2022-03-10,0.08333333333333333,0.1900902500000079
2022-03-10,0.25,0.39038024999997756
2022-03-10,0.5,0.7514062499999863
2022-03-10,1.0,1.1935402499999803
2022-03-10,2.0,1.727395999999981
2022-03-10,3.0,1.8888360000000048
2022-03-10,5.0,1.9292160000000003
2022-03-10,7.0,1.9898010000000133
2022-03-10,10.0,1.9898010000000133
2022-03-10,20.0,2.4650062500000125
2022-03-10,30.0,2.3941610000000058
2022-03-11,0.08333333333333333,0.17007225000000847
2022-03-11,0.25,0.40039999999998965
2022-03-11,0.5,0.7815209999999961
2022-03-11,1.0,1.2237209999999887
2022-03-11,2.0,1.757656250000017
2022-03-11,3.0,1.9191202499999838
2022-03-11,5.0,1.9696040000000137
2022-03-11,7.0,2.0201002499999676
2022-03-11,10.0,2.0100000000000007
2022-03-11,20.0,2.4650062500000125
2022-03-11,30.0,2.373924000000005
2022-03-14,0.08333333333333333,0.2301322499999925
2022-03-14,0.25,0.45050625000002675
2022-03-14,0.5,0.8618489999999923
2022-03-14,1.0,1.2840959999999901
2022-03-14,2.0,1.8787422499999984
2022-03-14,3.0,2.0504040000000057
2022-03-14,5.0,2.1110249999999997
2022-03-14,7.0,2.171663999999973
2022-03-14,10.0,2.151448999999994
2022-03-14,20.0,2.576383999999976
2022-03-14,30.0,2.485252250000025
2022-03-15,0.08333333333333333,0.22012100000001755
2022-03-15,0.25,0.4605289999999984
2022-03-15,0.5,0.8618489999999923
2022-03-15,1.0,1.2840959999999901
2022-03-15,2.0,1.8585562499999986
2022-03-15,3.0,2.0504040000000057
2022-03-15,5.0,2.1110249999999997
2022-03-15,7.0,2.171663999999973
2022-03-15,10.0,2.1615562500000074
2022-03-15,20.0,2.586512249999995
2022-03-15,30.0,2.5055002500000256
2022-03-16,0.08333333333333333,0.2401440000000088
2022-03-16,0.25,0.44048399999998544
2022-03-16,0.5,0.8618489999999923
2022-03-16,1.0,1.3545562500000052
2022-03-16,2.0,1.9595062499999871
2022-03-16,3.0,2.151448999999994
2022-03-16,5.0,2.1918809999999844
2022-03-16,7.0,2.232321000000015
2022-03-16,10.0,2.2019902500000077
2022-03-16,20.0,2.576383999999976
2022-03-16,30.0,2.475128999999998
2022-03-17,0.08333333333333333,0.20009999999996975
2022-03-17,0.25,0.40039999999998965
2022-03-17,0.5,0.811640250000023
2022-03-17,1.0,1.304224999999981
2022-03-17,2.0,1.949409000000002
2022-03-17,3.0,2.151448999999994
2022-03-17,5.0,2.1817722500000025
2022-03-17,7.0,2.232321000000015
2022-03-17,10.0,2.2120999999999835
2022-03-17,20.0,2.6168999999999887
2022-03-17,30.0,2.515624999999999
2022-03-18,0.08333333333333333,0.1900902500000079
2022-03-18,0.25,0.4204410000000047
2022-03-18,0.5,0.831722250000011
2022-03-18,1.0,1.2941602500000204
2022-03-18,2.0,1.9797022499999928
2022-03-18,3.0,2.1615562500000074
2022-03-18,5.0,2.151448999999994
2022-03-18,7.0,2.1817722500000025
2022-03-18,10.0,2.151448999999994
2022-03-18,20.0,2.5460022500000123
2022-03-18,30.0,2.434640999999993
2022-03-21,0.08333333333333333,0.22012100000001755
2022-03-21,0.25,0.5407289999999954
2022-03-21,0.5,0.9522562500000165
2022-03-21,1.0,1.4048999999999756
2022-03-21,2.0,2.151448999999994
2022-03-21,3.0,2.3536890000000144
2022-03-21,5.0,2.3435722499999923
2022-03-21,7.0,2.373924000000005
2022-03-21,10.0,2.3334560000000115
2022-03-21,20.0,2.6878222499999938
2022-03-21,30.0,2.5662562499999986
2022-03-22,0.08333333333333333,0.20009999999996975
2022-03-22,0.25,0.510650250000011
2022-03-22,0.5,0.9623039999999916
2022-03-22,1.0,1.596320249999983
2022-03-22,2.0,2.1918809999999844
2022-03-22,3.0,2.3941610000000058
2022-03-22,5.0,2.4042802499999905
2022-03-22,7.0,2.434640999999993
2022-03-22,10.0,2.3941610000000058
2022-03-22,20.0,2.7283602499999837
2022-03-22,30.0,2.6168999999999887
2022-03-23,0.08333333333333333,0.1500562499999969
2022-03-23,0.25,0.5006249999999879
2022-03-23,0.5,0.9321622500000126
2022-03-23,1.0,1.525776000000012
2022-03-23,2.0,2.14134225
2022-03-23,3.0,2.3334560000000115
2022-03-23,5.0,2.3536890000000144
2022-03-23,7.0,2.3840422499999736
2022-03-23,10.0,2.3334560000000115
2022-03-23,20.0,2.6675562499999916
2022-03-23,30.0,2.5358759999999814
2022-03-24,0.08333333333333333,0.1600639999999931
2022-03-24,0.25,0.5206759999999866
2022-03-24,0.5,0.9623039999999916
2022-03-24,1.0,1.556006249999986
2022-03-24,2.0,2.14134225
2022-03-24,3.0,2.363806249999989
2022-03-24,5.0,2.3840422499999736
2022-03-24,7.0,2.4042802499999905
2022-03-24,10.0,2.3536890000000144
2022-03-24,20.0,2.6472922499999996
2022-03-24,30.0,2.525750250000014
2022-03-25,0.08333333333333333,0.17007225000000847
2022-03-25,0.25,0.5507562500000063
2022-03-25,0.5,1.0125502499999994
2022-03-25,1.0,1.6769722500000084
2022-03-25,2.0,2.3132250000000187
2022-03-25,3.0,2.525750250000014
2022-03-25,5.0,2.5662562499999986
2022-03-25,7.0,2.576383999999976
2022-03-25,10.0,2.4953759999999825
2022-03-25,20.0,2.7587690000000054
2022-03-25,30.0,2.6168999999999887
2022-03-28,0.08333333333333333,0.1900902500000079
2022-03-28,0.25,0.5908702499999974
2022-03-28,0.5,1.0829160000000115
2022-03-28,1.0,1.6971402500000066
2022-03-28,2.0,2.363806249999989
2022-03-28,3.0,2.5662562499999986
2022-03-28,5.0,2.556128999999996
2022-03-28,7.0,2.5662562499999986
2022-03-28,10.0,2.475128999999998
2022-03-28,20.0,2.7384960000000014
2022-03-28,30.0,2.586512249999995
2022-03-29,0.08333333333333333,0.1800809999999764
2022-03-29,0.25,0.5507562500000063
2022-03-29,0.5,1.06280900000002
2022-03-29,1.0,1.6769722500000084
2022-03-29,2.0,2.363806249999989
2022-03-29,3.0,2.556128999999996
2022-03-29,5.0,2.5055002500000256
2022-03-29,7.0,2.515624999999999
2022-03-29,10.0,2.424520249999973
2022-03-29,20.0,2.6979560000000236
2022-03-29,30.0,2.5460022500000123
2022-03-30,0.08333333333333333,0.1600639999999931
2022-03-30,0.25,0.5507562500000063
2022-03-30,0.5,1.0427040000000165
2022-03-30,1.0,1.6467239999999883
2022-03-30,2.0,2.3233402499999833
2022-03-30,3.0,2.5055002500000256
2022-03-30,5.0,2.4548840000000016
2022-03-30,7.0,2.444762250000032
2022-03-30,10.0,2.363806249999989
2022-03-30,20.0,2.6472922499999996
2022-03-30,30.0,2.4953759999999825
2022-03-31,0.08333333333333333,0.17007225000000847
2022-03-31,0.25,0.5206759999999866
2022-03-31,0.5,1.06280900000002
2022-03-31,1.0,1.63664225000002
2022-03-31,2.0,2.292996000000014
2022-03-31,3.0,2.4650062500000125
2022-03-31,5.0,2.434640999999993
2022-03-31,7.0,2.4143999999999943
2022-03-31,10.0,2.3334560000000115
2022-03-31,20.0,2.606770250000001
2022-03-31,30.0,2.4548840000000016
2022-04-01,0.08333333333333333,0.1500562499999969
2022-04-01,0.25,0.5307022500000036
2022-04-01,0.5,1.0929702499999916
2022-04-01,1.0,1.727395999999981
2022-04-01,2.0,2.4548840000000016
2022-04-01,3.0,2.6270302499999953
2022-04-01,5.0,2.5662562499999986
2022-04-01,7.0,2.515624999999999
2022-04-01,10.0,2.4042802499999905
2022-04-01,20.0,2.6168999999999887
2022-04-01,30.0,2.4548840000000016
2022-04-04,0.08333333333333333,0.1800809999999764
2022-04-04,0.25,0.6610890000000147
2022-04-04,0.5,1.1432490000000017
2022-04-04,1.0,1.727395999999981
2022-04-04,2.0,2.444762250000032
2022-04-04,3.0,2.6270302499999953
2022-04-04,5.0,2.576383999999976
2022-04-04,7.0,2.5358759999999814
2022-04-04,10.0,2.434640999999993
2022-04-04,20.0,2.6574240000000193
2022-04-04,30.0,2.4953759999999825
2022-04-05,0.08333333333333333,0.1800809999999764
2022-04-05,0.25,0.6510562499999928
2022-04-05,0.5,1.1331922499999925
2022-04-05,1.0,1.777832250000011
2022-04-05,2.0,2.525750250000014
2022-04-05,3.0,2.7080902499999837
2022-04-05,5.0,2.7080902499999837
2022-04-05,7.0,2.6675562499999916
2022-04-05,10.0,2.556128999999996
2022-04-05,20.0,2.7587690000000054
2022-04-05,30.0,2.586512249999995
2022-04-06,0.08333333333333333,0.21011024999999517
2022-04-06,0.25,0.6711222499999892
2022-04-06,0.5,1.1533062499999858
2022-04-06,1.0,1.7980102499999928
2022-04-06,2.0,2.515624999999999
2022-04-06,3.0,2.6878222499999938
2022-04-06,5.0,2.7182250000000074
2022-04-06,7.0,2.7080902499999837
2022-04-06,10.0,2.6270302499999953
2022-04-06,20.0,2.829740249999979
2022-04-06,30.0,2.6472922499999996
2022-04-07,0.08333333333333333,0.21011024999999517
2022-04-07,0.25,0.681156000000005
2022-04-07,0.5,1.1533062499999858
2022-04-07,1.0,1.7879209999999812
2022-04-07,2.0,2.485252250000025
2022-04-07,3.0,2.6776890000000275
2022-04-07,5.0,2.7182250000000074
2022-04-07,7.0,2.748632249999994
2022-04-07,10.0,2.6776890000000275
2022-04-07,20.0,2.8905922500000125
2022-04-07,30.0,2.7080902499999837
2022-04-08,0.08333333333333333,0.20009999999996975
2022-04-08,0.25,0.7012250000000053
2022-04-08,0.5,1.1935402499999803
2022-04-08,1.0,1.818190250000007
2022-04-08,2.0,2.5460022500000123
2022-04-08,3.0,2.748632249999994
2022-04-08,5.0,2.779043999999997
2022-04-08,7.0,2.8094602499999732
2022-04-08,10.0,2.7384960000000014
2022-04-08,20.0,2.961608999999976
2022-04-08,30.0,2.779043999999997
2022-04-11,0.08333333333333333,0.22012100000001755
2022-04-11,0.25,0.7714822499999885
2022-04-11,0.5,1.233782250000015
2022-04-11,1.0,1.8585562499999986
2022-04-11,2.0,2.515624999999999
2022-04-11,3.0,2.748632249999994
2022-04-11,5.0,2.8094602499999732
2022-04-11,7.0,2.8601639999999984
2022-04-11,10.0,2.8094602499999732
2022-04-11,20.0,3.042800999999984
2022-04-11,30.0,2.8601639999999984
2022-04-12,0.08333333333333333,0.21011024999999517
2022-04-12,0.25,0.7413690000000139
2022-04-12,0.5,1.2035999999999936
2022-04-12,1.0,1.777832250000011
2022-04-12,2.0,2.4042802499999905
2022-04-12,3.0,2.5966409999999884
2022-04-12,5.0,2.6776890000000275
2022-04-12,7.0,2.748632249999994
2022-04-12,10.0,2.7384960000000014
2022-04-12,20.0,3.0123502499999955
2022-04-12,30.0,2.8398810000000108
2022-04-13,0.08333333333333333,0.2601690000000101
2022-04-13,0.25,0.7514062499999863
2022-04-13,0.5,1.2035999999999936
2022-04-13,1.0,1.7879209999999812
2022-04-13,2.0,2.3840422499999736
2022-04-13,3.0,2.586512249999995
2022-04-13,5.0,2.6776890000000275
2022-04-13,7.0,2.7283602499999837
2022-04-13,10.0,2.7182250000000074
2022-04-13,20.0,2.99205225000001
2022-04-13,30.0,2.829740249999979
2022-04-14,0.08333333333333333,0.37034224999998866
2022-04-14,0.25,0.7915602499999785
2022-04-14,0.5,1.2539062500000142
2022-04-14,1.0,1.8484640000000274
2022-04-14,2.0,2.485252250000025
2022-04-14,3.0,2.6878222499999938
2022-04-14,5.0,2.8094602499999732
2022-04-14,7.0,2.8601639999999984
2022-04-14,10.0,2.850022250000017
2022-04-14,20.0,3.1138702499999837
2022-04-14,30.0,2.9413159999999827
2022-04-18,0.08333333333333333,0.38036100000000683
2022-04-18,0.25,0.811640250000023
2022-04-18,0.5,1.2740322500000234
2022-04-18,1.0,1.8484640000000274
2022-04-18,2.0,2.475128999999998
2022-04-18,3.0,2.6979560000000236
2022-04-18,5.0,2.8094602499999732
2022-04-18,7.0,2.870306250000021
2022-04-18,10.0,2.870306250000021
2022-04-18,20.0,3.1443360000000142
2022-04-18,30.0,2.9717562500000128
2022-04-19,0.08333333333333333,0.37034224999998866
2022-04-19,0.25,0.811640250000023
2022-04-19,0.5,1.2840959999999901
2022-04-19,1.0,1.949409000000002
2022-04-19,2.0,2.6270302499999953
2022-04-19,3.0,2.829740249999979
2022-04-19,5.0,2.9311702500000036
2022-04-19,7.0,2.9717562500000128
2022-04-19,10.0,2.951462250000003
2022-04-19,20.0,3.215440249999979
2022-04-19,30.0,3.0326502499999908
2022-04-20,0.08333333333333333,0.3503062499999876
2022-04-20,0.25,0.8216809999999963
2022-04-20,0.5,1.2941602500000204
2022-04-20,1.0,1.9393122499999915
2022-04-20,2.0,2.6168999999999887
2022-04-20,3.0,2.8094602499999732
2022-04-20,5.0,2.8905922500000125
2022-04-20,7.0,2.9007360000000038
2022-04-20,10.0,2.870306250000021
2022-04-20,20.0,3.103716000000012
2022-04-20,30.0,2.9210249999999993
2022-04-21,0.08333333333333333,0.5006249999999879
2022-04-21,0.25,0.831722250000011
2022-04-21,0.5,1.324355999999982
2022-04-21,1.0,2.0201002499999676
2022-04-21,2.0,2.6979560000000236
2022-04-21,3.0,2.8905922500000125
2022-04-21,5.0,2.9819039999999797
2022-04-21,7.0,2.9819039999999797
2022-04-21,10.0,2.9210249999999993
2022-04-21,20.0,3.1443360000000142
2022-04-21,30.0,2.961608999999976
2022-04-22,0.08333333333333333,0.4605289999999984
2022-04-22,0.25,0.831722250000011
2022-04-22,0.5,1.3444889999999932
2022-04-22,1.0,2.070609000000001
2022-04-22,2.0,2.7384960000000014
2022-04-22,3.0,2.9007360000000038
2022-04-22,5.0,2.961608999999976
2022-04-22,7.0,2.9717562500000128
2022-04-22,10.0,2.9210249999999993
2022-04-22,20.0,3.1646490000000194
2022-04-22,30.0,2.9717562500000128
2022-04-25,0.08333333333333333,0.40039999999998965
2022-04-25,0.25,0.9120702500000188
2022-04-25,0.5,1.4250410000000269
2022-04-25,1.0,2.0403022500000256
2022-04-25,2.0,2.6472922499999996
2022-04-25,3.0,2.8094602499999732
2022-04-25,5.0,2.8601639999999984
2022-04-25,7.0,2.870306250000021
2022-04-25,10.0,2.829740249999979
2022-04-25,20.0,3.0834090000000147
2022-04-25,30.0,2.9007360000000038
2022-04-26,0.08333333333333333,0.38036100000000683
2022-04-26,0.25,0.831722250000011
2022-04-26,0.5,1.4048999999999756
2022-04-26,1.0,1.9999002499999863
2022-04-26,2.0,2.556128999999996
2022-04-26,3.0,2.7384960000000014
2022-04-26,5.0,2.8094602499999732
2022-04-26,7.0,2.819600000000011
2022-04-26,10.0,2.7891822499999774
2022-04-26,20.0,3.052952249999996
2022-04-26,30.0,2.880448999999996
2022-04-27,0.08333333333333333,0.37034224999998866
2022-04-27,0.25,0.8216809999999963
2022-04-27,0.5,1.394830250000001
2022-04-27,1.0,1.9797022499999928
2022-04-27,2.0,2.5966409999999884
2022-04-27,3.0,2.7689062499999917
2022-04-27,5.0,2.829740249999979
2022-04-27,7.0,2.8601639999999984
2022-04-27,10.0,2.8398810000000108
2022-04-27,20.0,3.103716000000012
2022-04-27,30.0,2.9311702500000036
2022-04-28,0.08333333333333333,0.37034224999998866
2022-04-28,0.25,0.8216809999999963
2022-04-28,0.5,1.3847609999999788
2022-04-28,1.0,2.0504040000000057
2022-04-28,2.0,2.6472922499999996
2022-04-28,3.0,2.819600000000011
2022-04-28,5.0,2.880448999999996
2022-04-28,7.0,2.9007360000000038
2022-04-28,10.0,2.870306250000021
2022-04-28,20.0,3.124025000000019
2022-04-28,30.0,2.9413159999999827
2022-04-29,0.08333333333333333,0.37034224999998866
2022-04-29,0.25,0.851806250000009
2022-04-29,0.5,1.4149702499999917
2022-04-29,1.0,2.1110249999999997
2022-04-29,2.0,2.7182250000000074
2022-04-29,3.0,2.8905922500000125
2022-04-29,5.0,2.9413159999999827
2022-04-29,7.0,2.961608999999976
2022-04-29,10.0,2.910880250000014
2022-04-29,20.0,3.1646490000000194
2022-04-29,30.0,2.9819039999999797
2022-05-02,0.08333333333333333,0.4104202500000209
2022-05-02,0.25,0.9020249999999841
2022-05-02,0.5,1.4955502499999884
2022-05-02,1.0,2.1110249999999997
2022-05-02,2.0,2.748632249999994
2022-05-02,3.0,2.951462250000003
2022-05-02,5.0,3.0326502499999908
2022-05-02,7.0,3.0631040000000276
2022-05-02,10.0,3.0123502499999955
2022-05-02,20.0,3.2865689999999947
2022-05-02,30.0,3.0935622499999926
2022-05-03,0.08333333333333333,0.4805759999999992
2022-05-03,0.25,0.9120702500000188
2022-05-03,0.5,1.4552562500000032
2022-05-03,1.0,2.171663999999973
2022-05-03,2.0,2.799320999999999
2022-05-03,3.0,2.9717562500000128
2022-05-03,5.0,3.0326502499999908
2022-05-03,7.0,3.052952249999996
2022-05-03,10.0,2.99205225000001
2022-05-03,20.0,3.235760249999986
2022-05-03,30.0,3.052952249999996
2022-05-04,0.08333333333333333,0.4906002500000062
2022-05-04,0.25,0.8919802500000129
2022-05-04,0.5,1.4451840000000216
2022-05-04,1.0,2.0807122500000164
2022-05-04,2.0,2.6776890000000275
2022-05-04,3.0,2.870306250000021
2022-05-04,5.0,2.951462250000003
2022-05-04,7.0,2.99205225000001
2022-05-04,10.0,2.951462250000003
2022-05-04,20.0,3.235760249999986
2022-05-04,30.0,3.0326502499999908
2022-05-05,0.08333333333333333,0.4906002500000062
2022-05-05,0.25,0.851806250000009
2022-05-05,0.5,1.374692249999998
2022-05-05,1.0,2.0908159999999842
2022-05-05,2.0,2.7283602499999837
2022-05-05,3.0,2.9311702500000036
2022-05-05,5.0,3.0326502499999908
2022-05-05,7.0,3.0935622499999926
2022-05-05,10.0,3.0732562499999894
2022-05-05,20.0,3.3780562500000055
2022-05-05,30.0,3.174806249999995
2022-05-06,0.08333333333333333,0.4805759999999992
2022-05-06,0.25,0.851806250000009
2022-05-06,0.5,1.4149702499999917
2022-05-06,1.0,2.0908159999999842
2022-05-06,2.0,2.7384960000000014
2022-05-06,3.0,2.961608999999976
2022-05-06,5.0,3.0834090000000147
2022-05-06,7.0,3.154492249999996
2022-05-06,10.0,3.1443360000000142
2022-05-06,20.0,3.4594122499999935
2022-05-06,30.0,3.2560822500000253
2022-05-09,0.08333333333333333,0.510650250000011
2022-05-09,0.25,0.922115999999984
2022-05-09,0.5,1.4351122499999924
2022-05-09,1.0,1.9999002499999863
2022-05-09,2.0,2.6270302499999953
2022-05-09,3.0,2.829740249999979
2022-05-09,5.0,2.9717562500000128
2022-05-09,7.0,3.0631040000000276
2022-05-09,10.0,3.0732562499999894
2022-05-09,20.0,3.4085609999999766
2022-05-09,30.0,3.215440249999979
2022-05-10,0.08333333333333333,0.5708122499999968
2022-05-10,0.25,0.8919802500000129
2022-05-10,0.5,1.4451840000000216
2022-05-10,1.0,2.0201002499999676
2022-05-10,2.0,2.637161000000021
2022-05-10,3.0,2.829740249999979
2022-05-10,5.0,2.9311702500000036
2022-05-10,7.0,3.0123502499999955
2022-05-10,10.0,3.0123502499999955
2022-05-10,20.0,3.3373902500000163
2022-05-10,30.0,3.1443360000000142
2022-05-11,0.08333333333333333,0.5908702499999974
2022-05-11,0.25,0.9120702500000188
2022-05-11,0.5,1.4351122499999924
2022-05-11,1.0,1.9999002499999863
2022-05-11,2.0,2.6776890000000275
2022-05-11,3.0,2.829740249999979
2022-05-11,5.0,2.910880250000014
2022-05-11,7.0,2.961608999999976
2022-05-11,10.0,2.9311702500000036
2022-05-11,20.0,3.27640625000003
2022-05-11,30.0,3.0732562499999894
2022-05-12,0.08333333333333333,0.610930250000008
2022-05-12,0.25,0.9623039999999916
2022-05-12,0.5,1.4451840000000216
2022-05-12,1.0,1.9696040000000137
2022-05-12,2.0,2.576383999999976
2022-05-12,3.0,2.748632249999994
2022-05-12,5.0,2.829740249999979
2022-05-12,7.0,2.880448999999996
2022-05-12,10.0,2.8601639999999984
2022-05-12,20.0,3.245921000000007
2022-05-12,30.0,3.0224999999999724
2022-05-13,0.08333333333333333,0.6711222499999892
2022-05-13,0.25,1.032652249999999
2022-05-13,0.5,1.475402250000002
2022-05-13,1.0,2.0504040000000057
2022-05-13,2.0,2.6270302499999953
2022-05-13,3.0,2.8094602499999732
2022-05-13,5.0,2.910880250000014
2022-05-13,7.0,2.9717562500000128
2022-05-13,10.0,2.951462250000003
2022-05-13,20.0,3.347555999999985
2022-05-13,30.0,3.124025000000019
2022-05-16,0.08333333333333333,0.6410240000000123
2022-05-16,0.25,1.072862249999984
2022-05-16,0.5,1.5459290000000125
2022-05-16,1.0,2.0807122500000164
2022-05-16,2.0,2.5966409999999884
2022-05-16,3.0,2.7689062499999917
2022-05-16,5.0,2.850022250000017
2022-05-16,7.0,2.910880250000014
2022-05-16,10.0,2.9007360000000038
2022-05-16,20.0,3.3272250000000003
2022-05-16,30.0,3.1138702499999837
2022-05-17,0.08333333333333333,0.610930250000008
2022-05-17,0.25,1.06280900000002
2022-05-17,0.5,1.5761622499999906
2022-05-17,1.0,2.171663999999973
2022-05-17,2.0,2.7283602499999837
2022-05-17,3.0,2.910880250000014
2022-05-17,5.0,2.9819039999999797
2022-05-17,7.0,3.0224999999999724
2022-05-17,10.0,3.0022009999999932
2022-05-17,20.0,3.388223999999984
2022-05-17,30.0,3.195122249999982
2022-05-18,0.08333333333333333,0.560783999999992
2022-05-18,0.25,1.032652249999999
2022-05-18,0.5,1.566084000000001
2022-05-18,1.0,2.171663999999973
2022-05-18,2.0,2.6979560000000236
2022-05-18,3.0,2.8601639999999984
2022-05-18,5.0,2.910880250000014
2022-05-18,7.0,2.9311702500000036
2022-05-18,10.0,2.910880250000014
2022-05-18,20.0,3.266243999999996
2022-05-18,30.0,3.0935622499999926
2022-05-19,0.08333333333333333,0.6510562499999928
2022-05-19,0.25,1.0527562499999865
2022-05-19,0.5,1.525776000000012
2022-05-19,1.0,2.121130250000003
2022-05-19,2.0,2.6472922499999996
2022-05-19,3.0,2.799320999999999
2022-05-19,5.0,2.8601639999999984
2022-05-19,7.0,2.8905922500000125
2022-05-19,10.0,2.8601639999999984
2022-05-19,20.0,3.266243999999996
2022-05-19,30.0,3.0732562499999894
2022-05-20,0.08333333333333333,0.6309922500000065
2022-05-20,0.25,1.032652249999999
2022-05-20,0.5,1.515700249999985
2022-05-20,1.0,2.0807122500000164
2022-05-20,2.0,2.6168999999999887
2022-05-20,3.0,2.748632249999994
2022-05-20,5.0,2.819600000000011
2022-05-20,7.0,2.8398810000000108
2022-05-20,10.0,2.799320999999999
2022-05-20,20.0,3.195122249999982
2022-05-20,30.0,3.0123502499999955
2022-05-23,0.08333333333333333,0.5507562500000063
2022-05-23,0.25,1.072862249999984
2022-05-23,0.5,1.5761622499999906
2022-05-23,1.0,2.1009202500000157
2022-05-23,2.0,2.6675562499999916
2022-05-23,3.0,2.819600000000011
2022-05-23,5.0,2.9007360000000038
2022-05-23,7.0,2.9210249999999993
2022-05-23,10.0,2.880448999999996
2022-05-23,20.0,3.2865689999999947
2022-05-23,30.0,3.103716000000012
2022-05-24,0.08333333333333333,0.5507562500000063
2022-05-24,0.25,1.06280900000002
2022-05-24,0.5,1.5358522499999916
2022-05-24,1.0,2.030200999999998
2022-05-24,2.0,2.515624999999999
2022-05-24,3.0,2.6776890000000275
2022-05-24,5.0,2.779043999999997
2022-05-24,7.0,2.819600000000011
2022-05-24,10.0,2.779043999999997
2022-05-24,20.0,3.1849640000000123
2022-05-24,30.0,3.0022009999999932
2022-05-25,0.08333333333333333,0.5808409999999764
2022-05-25,0.25,1.06280900000002
2022-05-25,0.5,1.525776000000012
2022-05-25,1.0,2.0201002499999676
2022-05-25,2.0,2.4953759999999825
2022-05-25,3.0,2.6472922499999996
2022-05-25,5.0,2.7283602499999837
2022-05-25,7.0,2.779043999999997
2022-05-25,10.0,2.7689062499999917
2022-05-25,20.0,3.1646490000000194
2022-05-25,30.0,2.99205225000001
2022-05-26,0.08333333333333333,0.7112602499999898
2022-05-26,0.25,1.072862249999984
2022-05-26,0.5,1.525776000000012
2022-05-26,1.0,1.9999002499999863
2022-05-26,2.0,2.475128999999998
2022-05-26,3.0,2.6472922499999996
2022-05-26,5.0,2.7182250000000074
2022-05-26,7.0,2.7689062499999917
2022-05-26,10.0,2.7689062499999917
2022-05-26,20.0,3.2052810000000154
2022-05-26,30.0,3.0123502499999955
2022-05-27,0.08333333333333333,0.6911902499999956
2022-05-27,0.25,1.0829160000000115
2022-05-27,0.5,1.5459290000000125
2022-05-27,1.0,2.0201002499999676
2022-05-27,2.0,2.485252250000025
2022-05-27,3.0,2.6574240000000193
2022-05-27,5.0,2.7283602499999837
2022-05-27,7.0,2.779043999999997
2022-05-27,10.0,2.7587690000000054
2022-05-27,20.0,3.1849640000000123
2022-05-27,30.0,2.99205225000001
2022-05-31,0.08333333333333333,0.7313322499999941
2022-05-31,0.25,1.1633640000000112
2022-05-31,0.5,1.6467239999999883
2022-05-31,1.0,2.0908159999999842
2022-05-31,2.0,2.5460022500000123
2022-05-31,3.0,2.7283602499999837
2022-05-31,5.0,2.829740249999979
2022-05-31,7.0,2.8905922500000125
2022-05-31,10.0,2.870306250000021
2022-05-31,20.0,3.3068960000000036
2022-05-31,30.0,3.0935622499999926
2022-06-01,0.08333333333333333,0.7714822499999885
2022-06-01,0.25,1.1533062499999858
2022-06-01,0.5,1.63664225000002
2022-06-01,1.0,2.171663999999973
2022-06-01,2.0,2.6776890000000275
2022-06-01,3.0,2.8601639999999984
2022-06-01,5.0,2.961608999999976
2022-06-01,7.0,3.0022009999999932
2022-06-01,10.0,2.961608999999976
2022-06-01,20.0,3.3373902500000163
2022-06-01,30.0,3.1138702499999837
2022-06-02,0.08333333333333333,0.851806250000009
2022-06-02,0.25,1.1734222499999891
2022-06-02,0.5,1.6467239999999883
2022-06-02,1.0,2.1615562500000074
2022-06-02,2.0,2.6675562499999916
2022-06-02,3.0,2.850022250000017
2022-06-02,5.0,2.9413159999999827
2022-06-02,7.0,2.9717562500000128
2022-06-02,10.0,2.9413159999999827
2022-06-02,20.0,3.3272250000000003
2022-06-02,30.0,3.1138702499999837
2022-06-03,0.08333333333333333,0.871892250000017
2022-06-03,0.25,1.213660250000026
2022-06-03,0.5,1.6870559999999868
2022-06-03,1.0,2.1918809999999844
2022-06-03,2.0,2.6776890000000275
2022-06-03,3.0,2.8905922500000125
2022-06-03,5.0,2.9717562500000128
2022-06-03,7.0,3.0123502499999955
2022-06-03,10.0,2.9819039999999797
2022-06-03,20.0,3.357722250000017
2022-06-03,30.0,3.134180249999985
2022-06-06,0.08333333333333333,0.8819359999999943
2022-06-06,0.25,1.263968999999987
2022-06-06,0.5,1.7475689999999933
2022-06-06,1.0,2.242432250000004
2022-06-06,2.0,2.748632249999994
2022-06-06,3.0,2.961608999999976
2022-06-06,5.0,3.052952249999996
2022-06-06,7.0,3.0935622499999926
2022-06-06,10.0,3.0631040000000276
2022-06-06,20.0,3.439070250000009
2022-06-06,30.0,3.215440249999979
2022-06-07,0.08333333333333333,0.871892250000017
2022-06-07,0.25,1.263968999999987
2022-06-07,0.5,1.757656250000017
2022-06-07,1.0,2.272769000000019
2022-06-07,2.0,2.7689062499999917
2022-06-07,3.0,2.9311702500000036
2022-06-07,5.0,3.0123502499999955
2022-06-07,7.0,3.042800999999984
2022-06-07,10.0,3.0022009999999932
2022-06-07,20.0,3.3780562500000055
2022-06-07,30.0,3.154492249999996
2022-06-08,0.08333333333333333,0.8919802500000129
2022-06-08,0.25,1.2840959999999901
2022-06-08,0.5,1.777832250000011
2022-06-08,1.0,2.3031102499999845
2022-06-08,2.0,2.799320999999999
2022-06-08,3.0,2.961608999999976
2022-06-08,5.0,3.052952249999996
2022-06-08,7.0,3.0834090000000147
2022-06-08,10.0,3.052952249999996
2022-06-08,20.0,3.428899999999979
2022-06-08,30.0,3.2052810000000154
2022-06-09,0.08333333333333333,1.0527562499999865
2022-06-09,0.25,1.304224999999981
2022-06-09,0.5,1.818190250000007
2022-06-09,1.0,2.363806249999989
2022-06-09,2.0,2.850022250000017
2022-06-09,3.0,3.0123502499999955
2022-06-09,5.0,3.0935622499999926
2022-06-09,7.0,3.103716000000012
2022-06-09,10.0,3.0631040000000276
2022-06-09,20.0,3.428899999999979
2022-06-09,30.0,3.2052810000000154
2022-06-10,0.08333333333333333,1.103025000000013
2022-06-10,0.25,1.394830250000001
2022-06-10,0.5,1.9898010000000133
2022-06-10,1.0,2.5966409999999884
2022-06-10,2.0,3.0834090000000147
2022-06-10,3.0,3.235760249999986
2022-06-10,5.0,3.27640625000003
2022-06-10,7.0,3.266243999999996
2022-06-10,10.0,3.174806249999995
2022-06-10,20.0,3.479756249999988
2022-06-10,30.0,3.2256000000000062
2022-06-13,0.08333333333333333,1.1331922499999925
2022-06-13,0.25,1.7374822500000109
2022-06-13,0.5,2.2626562499999947
2022-06-13,1.0,2.910880250000014
2022-06-13,2.0,3.428899999999979
2022-06-13,3.0,3.591684000000006
2022-06-13,5.0,3.591684000000006
2022-06-13,7.0,3.5611522499999992
2022-06-13,10.0,3.4594122499999935
2022-06-13,20.0,3.7138560000000043
2022-06-13,30.0,3.4492409999999696
2022-06-14,0.08333333333333333,1.1935402499999803
2022-06-14,0.25,1.8383722500000088
2022-06-14,0.5,2.444762250000032
2022-06-14,1.0,3.174806249999995
2022-06-14,2.0,3.479756249999988
2022-06-14,3.0,3.6324000000000023
2022-06-14,5.0,3.6425802499999715
2022-06-14,7.0,3.6324000000000023
2022-06-14,10.0,3.5204502499999846
2022-06-14,20.0,3.754595999999988
2022-06-14,30.0,3.479756249999988
2022-06-15,0.08333333333333333,1.213660250000026
2022-06-15,0.25,1.7475689999999933
2022-06-15,0.5,2.3334560000000115
2022-06-15,1.0,2.951462250000003
2022-06-15,2.0,3.2256000000000062
2022-06-15,3.0,3.3780562500000055
2022-06-15,5.0,3.4085609999999766
2022-06-15,7.0,3.4187302500000127
2022-06-15,10.0,3.357722250000017
2022-06-15,20.0,3.6731239999999943
2022-06-15,30.0,3.4187302500000127
2022-06-16,0.08333333333333333,1.1935402499999803
2022-06-16,0.25,1.596320249999983
2022-06-16,0.5,2.252544000000012
2022-06-16,1.0,2.9007360000000038
2022-06-16,2.0,3.1646490000000194
2022-06-16,3.0,3.357722250000017
2022-06-16,5.0,3.3780562500000055
2022-06-16,7.0,3.388223999999984
2022-06-16,10.0,3.3068960000000036
2022-06-16,20.0,3.6222202499999856
2022-06-16,30.0,3.3780562500000055
2022-06-17,0.08333333333333333,1.1533062499999858
2022-06-17,0.25,1.63664225000002
2022-06-17,0.5,2.2626562499999947
2022-06-17,1.0,2.880448999999996
2022-06-17,2.0,3.195122249999982
2022-06-17,3.0,3.3780562500000055
2022-06-17,5.0,3.3678889999999795
2022-06-17,7.0,3.3678889999999795
2022-06-17,10.0,3.27640625000003
2022-06-17,20.0,3.5815062499999772
2022-06-17,30.0,3.3272250000000003
2022-06-21,0.08333333333333333,1.0829160000000115
2022-06-21,0.25,1.707225000000001
2022-06-21,0.5,2.475128999999998
2022-06-21,1.0,2.9413159999999827
2022-06-21,2.0,3.235760249999986
2022-06-21,3.0,3.3780562500000055
2022-06-21,5.0,3.4085609999999766
2022-06-21,7.0,3.4187302500000127
2022-06-21,10.0,3.3373902500000163
2022-06-21,20.0,3.6629422499999675
2022-06-21,30.0,3.4187302500000127
2022-06-22,0.08333333333333333,0.9824009999999772
2022-06-22,0.25,1.6164802499999853
2022-06-22,0.5,2.4143999999999943
2022-06-22,1.0,2.8094602499999732
2022-06-22,2.0,3.0834090000000147
2022-06-22,3.0,3.2256000000000062
2022-06-22,5.0,3.245921000000007
2022-06-22,7.0,3.266243999999996
2022-06-22,10.0,3.1849640000000123
2022-06-22,20.0,3.5204502499999846
2022-06-22,30.0,3.27640625000003
2022-06-23,0.08333333333333333,1.1231360000000024
2022-06-23,0.25,1.6568062500000202
2022-06-23,0.5,2.4548840000000016
2022-06-23,1.0,2.799320999999999
2022-06-23,2.0,3.0326502499999908
2022-06-23,3.0,3.1443360000000142
2022-06-23,5.0,3.1646490000000194
2022-06-23,7.0,3.1849640000000123
2022-06-23,10.0,3.1138702499999837
2022-06-23,20.0,3.479756249999988
2022-06-23,30.0,3.235760249999986
2022-06-24,0.08333333333333333,1.1935402499999803
2022-06-24,0.25,1.7374822500000109
2022-06-24,0.5,2.525750250000014
2022-06-24,1.0,2.850022250000017
2022-06-24,2.0,3.0631040000000276
2022-06-24,3.0,3.154492249999996
2022-06-24,5.0,3.2052810000000154
2022-06-24,7.0,3.215440249999979
2022-06-24,10.0,3.154492249999996
2022-06-24,20.0,3.540800249999987
2022-06-24,30.0,3.2865689999999947
2022-06-27,0.08333333333333333,1.1633640000000112
2022-06-27,0.25,1.7980102499999928
2022-06-27,0.5,2.576383999999976
2022-06-27,1.0,2.910880250000014
2022-06-27,2.0,3.103716000000012
2022-06-27,3.0,3.235760249999986
2022-06-27,5.0,3.266243999999996
2022-06-27,7.0,3.296732250000023
2022-06-27,10.0,3.2256000000000062
2022-06-27,20.0,3.591684000000006
2022-06-27,30.0,3.3373902500000163
2022-06-28,0.08333333333333333,1.1231360000000024
2022-06-28,0.25,1.7980102499999928
2022-06-28,0.5,2.5662562499999986
2022-06-28,1.0,2.9007360000000038
2022-06-28,2.0,3.124025000000019
2022-06-28,3.0,3.235760249999986
2022-06-28,5.0,3.27640625000003
2022-06-28,7.0,3.296732250000023
2022-06-28,10.0,3.2256000000000062
2022-06-28,20.0,3.5815062499999772
2022-06-28,30.0,3.3272250000000003
2022-06-29,0.08333333333333333,1.1231360000000024
2022-06-29,0.25,1.7879209999999812
2022-06-29,0.5,2.5662562499999986
2022-06-29,1.0,2.9007360000000038
2022-06-29,2.0,3.0834090000000147
2022-06-29,3.0,3.154492249999996
2022-06-29,5.0,3.174806249999995
2022-06-29,7.0,3.195122249999982
2022-06-29,10.0,3.124025000000019
2022-06-29,20.0,3.489929000000025
2022-06-29,30.0,3.245921000000007
2022-06-30,0.08333333333333333,1.2840959999999901
2022-06-30,0.25,1.727395999999981
2022-06-30,0.5,2.525750250000014
2022-06-30,1.0,2.819600000000011
2022-06-30,2.0,2.9413159999999827
2022-06-30,3.0,3.0123502499999955
2022-06-30,5.0,3.0326502499999908
2022-06-30,7.0,3.0631040000000276
2022-06-30,10.0,3.0022009999999932
2022-06-30,20.0,3.4085609999999766
2022-06-30,30.0,3.1646490000000194
2022-07-01,0.08333333333333333,1.2740322500000234
2022-07-01,0.25,1.7374822500000109
2022-07-01,0.5,2.5358759999999814
2022-07-01,1.0,2.8094602499999732
2022-07-01,2.0,2.8601639999999984
2022-07-01,3.0,2.870306250000021
2022-07-01,5.0,2.9007360000000038
2022-07-01,7.0,2.9413159999999827
2022-07-01,10.0,2.9007360000000038
2022-07-01,20.0,3.3780562500000055
2022-07-01,30.0,3.134180249999985
2022-07-05,0.08333333333333333,1.3344222500000003
2022-07-05,0.25,1.9090250000000086
2022-07-05,0.5,2.606770250000001
2022-07-05,1.0,2.7891822499999774
2022-07-05,2.0,2.8398810000000108
2022-07-05,3.0,2.8398810000000108
2022-07-05,5.0,2.8398810000000108
2022-07-05,7.0,2.8905922500000125
2022-07-05,10.0,2.8398810000000108
2022-07-05,20.0,3.3373902500000163
2022-07-05,30.0,3.0732562499999894
2022-07-06,0.08333333333333333,1.364623999999992
2022-07-06,0.25,1.9090250000000086
2022-07-06,0.5,2.637161000000021
2022-07-06,1.0,2.8398810000000108
2022-07-06,2.0,2.99205225000001
2022-07-06,3.0,3.0123502499999955
2022-07-06,5.0,2.9819039999999797
2022-07-06,7.0,3.0123502499999955
2022-07-06,10.0,2.951462250000003
2022-07-06,20.0,3.4492409999999696
2022-07-06,30.0,3.1646490000000194
2022-07-07,0.08333333333333333,1.556006249999986
2022-07-07,0.25,1.9595062499999871
2022-07-07,0.5,2.6574240000000193
2022-07-07,1.0,2.8905922500000125
2022-07-07,2.0,3.052952249999996
2022-07-07,3.0,3.0732562499999894
2022-07-07,5.0,3.0732562499999894
2022-07-07,7.0,3.0935622499999926
2022-07-07,10.0,3.0326502499999908
2022-07-07,20.0,3.479756249999988
2022-07-07,30.0,3.2256000000000062
2022-07-08,0.08333333333333333,1.5761622499999906
2022-07-08,0.25,1.9898010000000133
2022-07-08,0.5,2.6979560000000236
2022-07-08,1.0,2.9819039999999797
2022-07-08,2.0,3.1443360000000142
2022-07-08,3.0,3.1646490000000194
2022-07-08,5.0,3.154492249999996
2022-07-08,7.0,3.1849640000000123
2022-07-08,10.0,3.1138702499999837
2022-07-08,20.0,3.5611522499999992
2022-07-08,30.0,3.296732250000023
2022-07-11,0.08333333333333333,1.5862409999999993
2022-07-11,0.25,2.1918809999999844
2022-07-11,0.5,2.8094602499999732
2022-07-11,1.0,2.99205225000001
2022-07-11,2.0,3.0935622499999926
2022-07-11,3.0,3.1138702499999837
2022-07-11,5.0,3.0732562499999894
2022-07-11,7.0,3.0834090000000147
2022-07-11,10.0,3.0123502499999955
2022-07-11,20.0,3.4594122499999935
2022-07-11,30.0,3.2052810000000154
2022-07-12,0.08333333333333333,1.63664225000002
2022-07-12,0.25,2.232321000000015
2022-07-12,0.5,2.799320999999999
2022-07-12,1.0,3.0935622499999926
2022-07-12,2.0,3.052952249999996
2022-07-12,3.0,3.0935622499999926
2022-07-12,5.0,3.0326502499999908
2022-07-12,7.0,3.0326502499999908
2022-07-12,10.0,2.9819039999999797
2022-07-12,20.0,3.398392250000004
2022-07-12,30.0,3.154492249999996
2022-07-13,0.08333333333333333,1.7879209999999812
2022-07-13,0.25,2.4042802499999905
2022-07-13,0.5,2.9819039999999797
2022-07-13,1.0,3.235760249999986
2022-07-13,2.0,3.154492249999996
2022-07-13,3.0,3.1646490000000194
2022-07-13,5.0,3.042800999999984
2022-07-13,7.0,3.0224999999999724
2022-07-13,10.0,2.9311702500000036
2022-07-13,20.0,3.3780562500000055
2022-07-13,30.0,3.103716000000012
2022-07-14,0.08333333333333333,1.9999002499999863
2022-07-14,0.25,2.4143999999999943
2022-07-14,0.5,2.951462250000003
2022-07-14,1.0,3.1849640000000123
2022-07-14,2.0,3.174806249999995
2022-07-14,3.0,3.1849640000000123
2022-07-14,5.0,3.0834090000000147
2022-07-14,7.0,3.0732562499999894
2022-07-14,10.0,2.9819039999999797
2022-07-14,20.0,3.388223999999984
2022-07-14,30.0,3.134180249999985
2022-07-15,0.08333333333333333,1.9898010000000133
2022-07-15,0.25,2.3840422499999736
2022-07-15,0.5,2.961608999999976
2022-07-15,1.0,3.1443360000000142
2022-07-15,2.0,3.154492249999996
2022-07-15,3.0,3.1646490000000194
2022-07-15,5.0,3.0732562499999894
2022-07-15,7.0,3.052952249999996
2022-07-15,10.0,2.951462250000003
2022-07-15,20.0,3.3678889999999795
2022-07-15,30.0,3.124025000000019
2022-07-18,0.08333333333333333,1.9696040000000137
2022-07-18,0.25,2.515624999999999
2022-07-18,0.5,3.042800999999984
2022-07-18,1.0,3.154492249999996
2022-07-18,2.0,3.174806249999995
2022-07-18,3.0,3.174806249999995
2022-07-18,5.0,3.0834090000000147
2022-07-18,7.0,3.0732562499999894
2022-07-18,10.0,2.9819039999999797
2022-07-18,20.0,3.4187302500000127
2022-07-18,30.0,3.1646490000000194
2022-07-19,0.08333333333333333,1.9393122499999915
2022-07-19,0.25,2.5358759999999814
2022-07-19,0.5,3.0834090000000147
2022-07-19,1.0,3.2052810000000154
2022-07-19,2.0,3.2560822500000253
2022-07-19,3.0,3.245921000000007
2022-07-19,5.0,3.1646490000000194
2022-07-19,7.0,3.134180249999985
2022-07-19,10.0,3.0326502499999908
2022-07-19,20.0,3.4492409999999696
2022-07-19,30.0,3.195122249999982
2022-07-20,0.08333333333333333,1.9292160000000003
2022-07-20,0.25,2.525750250000014
2022-07-20,0.5,3.0631040000000276
2022-07-20,1.0,3.2052810000000154
2022-07-20,2.0,3.27640625000003
2022-07-20,3.0,3.27640625000003
2022-07-20,5.0,3.2052810000000154
2022-07-20,7.0,3.174806249999995
2022-07-20,10.0,3.0631040000000276
2022-07-20,20.0,3.4594122499999935
2022-07-20,30.0,3.195122249999982
2022-07-21,0.08333333333333333,2.1615562500000074
2022-07-21,0.25,2.4953759999999825
2022-07-21,0.5,3.0224999999999724
2022-07-21,1.0,3.134180249999985
2022-07-21,2.0,3.124025000000019
2022-07-21,3.0,3.0935622499999926
2022-07-21,5.0,3.0224999999999724
2022-07-21,7.0,3.0123502499999955
2022-07-21,10.0,2.9311702500000036
2022-07-21,20.0,3.357722250000017
2022-07-21,30.0,3.103716000000012
2022-07-22,0.08333333333333333,2.1615562500000074
2022-07-22,0.25,2.5055002500000256
2022-07-22,0.5,2.99205225000001
2022-07-22,1.0,3.0326502499999908
2022-07-22,2.0,3.0022009999999932
2022-07-22,3.0,2.951462250000003
2022-07-22,5.0,2.8905922500000125
2022-07-22,7.0,2.870306250000021
2022-07-22,10.0,2.7891822499999774
2022-07-22,20.0,3.2560822500000253
2022-07-22,30.0,3.0224999999999724
2022-07-25,0.08333333333333333,2.151448999999994
2022-07-25,0.25,2.637161000000021
2022-07-25,0.5,3.0834090000000147
2022-07-25,1.0,3.0935622499999926
2022-07-25,2.0,3.0224999999999724
2022-07-25,3.0,3.0022009999999932
2022-07-25,5.0,2.910880250000014
2022-07-25,7.0,2.910880250000014
2022-07-25,10.0,2.829740249999979
2022-07-25,20.0,3.3068960000000036
2022-07-25,30.0,3.0631040000000276
2022-07-26,0.08333333333333333,2.1817722500000025
2022-07-26,0.25,2.5662562499999986
2022-07-26,0.5,3.0326502499999908
2022-07-26,1.0,3.0834090000000147
2022-07-26,2.0,3.042800999999984
2022-07-26,3.0,3.0326502499999908
2022-07-26,5.0,2.910880250000014
2022-07-26,7.0,2.9007360000000038
2022-07-26,10.0,2.829740249999979
2022-07-26,20.0,3.296732250000023
2022-07-26,30.0,3.052952249999996
2022-07-27,0.08333333333333333,2.151448999999994
2022-07-27,0.25,2.4548840000000016
2022-07-27,0.5,2.951462250000003
2022-07-27,1.0,3.0224999999999724
2022-07-27,2.0,2.9819039999999797
2022-07-27,3.0,2.951462250000003
2022-07-27,5.0,2.8398810000000108
2022-07-27,7.0,2.850022250000017
2022-07-27,10.0,2.799320999999999
2022-07-27,20.0,3.2865689999999947
2022-07-27,30.0,3.052952249999996
2022-07-28,0.08333333333333333,2.2120999999999835
2022-07-28,0.25,2.434640999999993
2022-07-28,0.5,2.9210249999999993
2022-07-28,1.0,2.951462250000003
2022-07-28,2.0,2.870306250000021
2022-07-28,3.0,2.829740249999979
2022-07-28,5.0,2.7080902499999837
2022-07-28,7.0,2.7080902499999837
2022-07-28,10.0,2.6979560000000236
2022-07-28,20.0,3.2560822500000253
2022-07-28,30.0,3.042800999999984
2022-07-29,0.08333333333333333,2.232321000000015
2022-07-29,0.25,2.424520249999973
2022-07-29,0.5,2.9311702500000036
2022-07-29,1.0,3.0022009999999932
2022-07-29,2.0,2.910880250000014
2022-07-29,3.0,2.850022250000017
2022-07-29,5.0,2.7182250000000074
2022-07-29,7.0,2.7182250000000074
2022-07-29,10.0,2.6878222499999938
2022-07-29,20.0,3.2256000000000062
2022-07-29,30.0,3.0224999999999724
2022-08-01,0.08333333333333333,2.232321000000015
2022-08-01,0.25,2.576383999999976
2022-08-01,0.5,2.9819039999999797
2022-08-01,1.0,3.0022009999999932
2022-08-01,2.0,2.9210249999999993
2022-08-01,3.0,2.8398810000000108
2022-08-01,5.0,2.6776890000000275
2022-08-01,7.0,2.6574240000000193
2022-08-01,10.0,2.6168999999999887
2022-08-01,20.0,3.1443360000000142
2022-08-01,30.0,2.9413159999999827
2022-08-02,0.08333333333333333,2.232321000000015
2022-08-02,0.25,2.576383999999976
2022-08-02,0.5,3.0224999999999724
2022-08-02,1.0,3.1138702499999837
2022-08-02,2.0,3.0834090000000147
2022-08-02,3.0,3.042800999999984
2022-08-02,5.0,2.870306250000021
2022-08-02,7.0,2.8398810000000108
2022-08-02,10.0,2.7689062499999917
2022-08-02,20.0,3.245921000000007
2022-08-02,30.0,3.0224999999999724
2022-08-03,0.08333333333333333,2.2120999999999835
2022-08-03,0.25,2.5358759999999814
2022-08-03,0.5,3.0224999999999724
2022-08-03,1.0,3.1646490000000194
2022-08-03,2.0,3.124025000000019
2022-08-03,3.0,3.0631040000000276
2022-08-03,5.0,2.880448999999996
2022-08-03,7.0,2.829740249999979
2022-08-03,10.0,2.748632249999994
2022-08-03,20.0,3.195122249999982
2022-08-03,30.0,2.9819039999999797
2022-08-04,0.08333333333333333,2.2019902500000077
2022-08-04,0.25,2.515624999999999
2022-08-04,0.5,3.0022009999999932
2022-08-04,1.0,3.134180249999985
2022-08-04,2.0,3.052952249999996
2022-08-04,3.0,2.9717562500000128
2022-08-04,5.0,2.779043999999997
2022-08-04,7.0,2.748632249999994
2022-08-04,10.0,2.6979560000000236
2022-08-04,20.0,3.174806249999995
2022-08-04,30.0,2.99205225000001
2022-08-05,0.08333333333333333,2.2222102500000007
2022-08-05,0.25,2.5966409999999884
2022-08-05,0.5,3.124025000000019
2022-08-05,1.0,3.3170602500000257
2022-08-05,2.0,3.266243999999996
2022-08-05,3.0,3.2052810000000154
2022-08-05,5.0,2.99205225000001
2022-08-05,7.0,2.9311702500000036
2022-08-05,10.0,2.850022250000017
2022-08-05,20.0,3.296732250000023
2022-08-05,30.0,3.0834090000000147
2022-08-08,0.08333333333333333,2.242432250000004
2022-08-08,0.25,2.6675562499999916
2022-08-08,0.5,3.174806249999995
2022-08-08,1.0,3.3272250000000003
2022-08-08,2.0,3.235760249999986
2022-08-08,3.0,3.1646490000000194
2022-08-08,5.0,2.9311702500000036
2022-08-08,7.0,2.870306250000021
2022-08-08,10.0,2.7891822499999774
2022-08-08,20.0,3.245921000000007
2022-08-08,30.0,3.0224999999999724
2022-08-09,0.08333333333333333,2.242432250000004
2022-08-09,0.25,2.6878222499999938
2022-08-09,0.5,3.1849640000000123
2022-08-09,1.0,3.357722250000017
2022-08-09,2.0,3.3068960000000036
2022-08-09,3.0,3.2256000000000062
2022-08-09,5.0,2.99205225000001
2022-08-09,7.0,2.910880250000014
2022-08-09,10.0,2.819600000000011
2022-08-09,20.0,3.266243999999996
2022-08-09,30.0,3.0326502499999908
2022-08-10,0.08333333333333333,2.252544000000012
2022-08-10,0.25,2.6675562499999916
2022-08-10,0.5,3.154492249999996
2022-08-10,1.0,3.2865689999999947
2022-08-10,2.0,3.2560822500000253
2022-08-10,3.0,3.154492249999996
2022-08-10,5.0,2.951462250000003
2022-08-10,7.0,2.880448999999996
2022-08-10,10.0,2.799320999999999
2022-08-10,20.0,3.296732250000023
2022-08-10,30.0,3.0631040000000276
2022-08-11,0.08333333333333333,2.252544000000012
2022-08-11,0.25,2.637161000000021
2022-08-11,0.5,3.103716000000012
2022-08-11,1.0,3.27640625000003
2022-08-11,2.0,3.2560822500000253
2022-08-11,3.0,3.1849640000000123
2022-08-11,5.0,3.0022009999999932
2022-08-11,7.0,2.961608999999976
2022-08-11,10.0,2.8905922500000125
2022-08-11,20.0,3.4085609999999766
2022-08-11,30.0,3.174806249999995
2022-08-12,0.08333333333333333,2.242432250000004
2022-08-12,0.25,2.6472922499999996
2022-08-12,0.5,3.154492249999996
2022-08-12,1.0,3.2865689999999947
2022-08-12,2.0,3.27640625000003
2022-08-12,3.0,3.2052810000000154
2022-08-12,5.0,2.99205225000001
2022-08-12,7.0,2.9413159999999827
2022-08-12,10.0,2.8601639999999984
2022-08-12,20.0,3.3678889999999795
2022-08-12,30.0,3.1443360000000142
2022-08-15,0.08333333333333333,2.2828822499999957
2022-08-15,0.25,2.7384960000000014
2022-08-15,0.5,3.154492249999996
2022-08-15,1.0,3.2560822500000253
2022-08-15,2.0,3.2256000000000062
2022-08-15,3.0,3.1646490000000194
2022-08-15,5.0,2.9311702500000036
2022-08-15,7.0,2.880448999999996
2022-08-15,10.0,2.8094602499999732
2022-08-15,20.0,3.3373902500000163
2022-08-15,30.0,3.124025000000019
2022-08-16,0.08333333333333333,2.272769000000019
2022-08-16,0.25,2.7182250000000074
2022-08-16,0.5,3.1443360000000142
2022-08-16,1.0,3.2865689999999947
2022-08-16,2.0,3.27640625000003
2022-08-16,3.0,3.215440249999979
2022-08-16,5.0,2.9717562500000128
2022-08-16,7.0,2.9210249999999993
2022-08-16,10.0,2.8398810000000108
2022-08-16,20.0,3.3373902500000163
2022-08-16,30.0,3.134180249999985
2022-08-17,0.08333333333333333,2.232321000000015
2022-08-17,0.25,2.6979560000000236
2022-08-17,0.5,3.174806249999995
2022-08-17,1.0,3.296732250000023
2022-08-17,2.0,3.3068960000000036
2022-08-17,3.0,3.296732250000023
2022-08-17,5.0,3.0631040000000276
2022-08-17,7.0,3.0123502499999955
2022-08-17,10.0,2.910880250000014
2022-08-17,20.0,3.398392250000004
2022-08-17,30.0,3.174806249999995
2022-08-18,0.08333333333333333,2.242432250000004
2022-08-18,0.25,2.7283602499999837
2022-08-18,0.5,3.1443360000000142
2022-08-18,1.0,3.266243999999996
2022-08-18,2.0,3.245921000000007
2022-08-18,3.0,3.2560822500000253
2022-08-18,5.0,3.042800999999984
2022-08-18,7.0,2.99205225000001
2022-08-18,10.0,2.9007360000000038
2022-08-18,20.0,3.3780562500000055
2022-08-18,30.0,3.1646490000000194
2022-08-19,0.08333333333333333,2.242432250000004
2022-08-19,0.25,2.7587690000000054
2022-08-19,0.5,3.1849640000000123
2022-08-19,1.0,3.2865689999999947
2022-08-19,2.0,3.27640625000003
2022-08-19,3.0,3.3068960000000036
2022-08-19,5.0,3.134180249999985
2022-08-19,7.0,3.0834090000000147
2022-08-19,10.0,3.0022009999999932
2022-08-19,20.0,3.4695840000000144
2022-08-19,30.0,3.245921000000007
2022-08-22,0.08333333333333333,2.2828822499999957
2022-08-22,0.25,2.8398810000000108
2022-08-22,0.5,3.2560822500000253
2022-08-22,1.0,3.347555999999985
2022-08-22,2.0,3.347555999999985
2022-08-22,3.0,3.388223999999984
2022-08-22,5.0,3.195122249999982
2022-08-22,7.0,3.1443360000000142
2022-08-22,10.0,3.052952249999996
2022-08-22,20.0,3.5102760000000233
2022-08-22,30.0,3.266243999999996
2022-08-23,0.08333333333333333,2.292996000000014
2022-08-23,0.25,2.819600000000011
2022-08-23,0.5,3.235760249999986
2022-08-23,1.0,3.3170602500000257
2022-08-23,2.0,3.3170602500000257
2022-08-23,3.0,3.3780562500000055
2022-08-23,5.0,3.2052810000000154
2022-08-23,7.0,3.1646490000000194
2022-08-23,10.0,3.0732562499999894
2022-08-23,20.0,3.5204502499999846
2022-08-23,30.0,3.2865689999999947
2022-08-24,0.08333333333333333,2.3031102499999845
2022-08-24,0.25,2.8398810000000108
2022-08-24,0.5,3.3068960000000036
2022-08-24,1.0,3.3780562500000055
2022-08-24,2.0,3.388223999999984
2022-08-24,3.0,3.428899999999979
2022-08-24,5.0,3.2256000000000062
2022-08-24,7.0,3.2256000000000062
2022-08-24,10.0,3.134180249999985
2022-08-24,20.0,3.5815062499999772
2022-08-24,30.0,3.347555999999985
2022-08-25,0.08333333333333333,2.434640999999993
2022-08-25,0.25,2.9007360000000038
2022-08-25,0.5,3.27640625000003
2022-08-25,1.0,3.357722250000017
2022-08-25,2.0,3.3780562500000055
2022-08-25,3.0,3.398392250000004
2022-08-25,5.0,3.174806249999995
2022-08-25,7.0,3.134180249999985
2022-08-25,10.0,3.052952249999996
2022-08-25,20.0,3.5001022499999923
2022-08-25,30.0,3.27640625000003
2022-08-26,0.08333333333333333,2.4042802499999905
2022-08-26,0.25,2.910880250000014
2022-08-26,0.5,3.2865689999999947
2022-08-26,1.0,3.388223999999984
2022-08-26,2.0,3.398392250000004
2022-08-26,3.0,3.428899999999979
2022-08-26,5.0,3.2256000000000062
2022-08-26,7.0,3.1646490000000194
2022-08-26,10.0,3.0631040000000276
2022-08-26,20.0,3.4695840000000144
2022-08-26,30.0,3.235760249999986
2022-08-29,0.08333333333333333,2.4650062500000125
2022-08-29,0.25,2.99205225000001
2022-08-29,0.5,3.347555999999985
2022-08-29,1.0,3.4594122499999935
2022-08-29,2.0,3.4492409999999696
2022-08-29,3.0,3.479756249999988
2022-08-29,5.0,3.296732250000023
2022-08-29,7.0,3.235760249999986
2022-08-29,10.0,3.1443360000000142
2022-08-29,20.0,3.5306250000000095
2022-08-29,30.0,3.27640625000003
2022-08-30,0.08333333333333333,2.444762250000032
2022-08-30,0.25,2.99205225000001
2022-08-30,0.5,3.3373902500000163
2022-08-30,1.0,3.5102760000000233
2022-08-30,2.0,3.489929000000025
2022-08-30,3.0,3.5001022499999923
2022-08-30,5.0,3.296732250000023
2022-08-30,7.0,3.245921000000007
2022-08-30,10.0,3.134180249999985
2022-08-30,20.0,3.5204502499999846
2022-08-30,30.0,3.2560822500000253
2022-08-31,0.08333333333333333,2.4143999999999943
2022-08-31,0.25,2.9819039999999797
2022-08-31,0.5,3.347555999999985
2022-08-31,1.0,3.5306250000000095
2022-08-31,2.0,3.479756249999988
2022-08-31,3.0,3.489929000000025
2022-08-31,5.0,3.3272250000000003
2022-08-31,7.0,3.27640625000003
2022-08-31,10.0,3.174806249999995
2022-08-31,20.0,3.5611522499999992
2022-08-31,30.0,3.296732250000023
2022-09-01,0.08333333333333333,2.5460022500000123
2022-09-01,0.25,2.99205225000001
2022-09-01,0.5,3.3678889999999795
2022-09-01,1.0,3.540800249999987
2022-09-01,2.0,3.540800249999987
2022-09-01,3.0,3.571329000000012
2022-09-01,5.0,3.4187302500000127
2022-09-01,7.0,3.388223999999984
2022-09-01,10.0,3.2865689999999947
2022-09-01,20.0,3.6731239999999943
2022-09-01,30.0,3.398392250000004
2022-09-02,0.08333333333333333,2.5055002500000256
2022-09-02,0.25,2.961608999999976
2022-09-02,0.5,3.357722250000017
2022-09-02,1.0,3.5001022499999923
2022-09-02,2.0,3.428899999999979
2022-09-02,3.0,3.4695840000000144
2022-09-02,5.0,3.3272250000000003
2022-09-02,7.0,3.3170602500000257
2022-09-02,10.0,3.2256000000000062
2022-09-02,20.0,3.6425802499999715
2022-09-02,30.0,3.3780562500000055
2022-09-06,0.08333333333333333,2.4548840000000016
2022-09-06,0.25,3.0631040000000276
2022-09-06,0.5,3.428899999999979
2022-09-06,1.0,3.6425802499999715
2022-09-06,2.0,3.5306250000000095
2022-09-06,3.0,3.5815062499999772
2022-09-06,5.0,3.4594122499999935
2022-09-06,7.0,3.439070250000009
2022-09-06,10.0,3.357722250000017
2022-09-06,20.0,3.7749689999999836
2022-09-06,30.0,3.5204502499999846
2022-09-07,0.08333333333333333,2.3132250000000187
2022-09-07,0.25,3.0935622499999926
2022-09-07,0.5,3.4492409999999696
2022-09-07,1.0,3.6324000000000023
2022-09-07,2.0,3.479756249999988
2022-09-07,3.0,3.5306250000000095
2022-09-07,5.0,3.398392250000004
2022-09-07,7.0,3.3780562500000055
2022-09-07,10.0,3.296732250000023
2022-09-07,20.0,3.703672250000012
2022-09-07,30.0,3.4492409999999696
2022-09-08,0.08333333333333333,2.586512249999995
2022-09-08,0.25,3.0834090000000147
2022-09-08,0.5,3.4695840000000144
2022-09-08,1.0,3.6324000000000023
2022-09-08,2.0,3.5102760000000233
2022-09-08,3.0,3.571329000000012
2022-09-08,5.0,3.4187302500000127
2022-09-08,7.0,3.398392250000004
2022-09-08,10.0,3.3170602500000257
2022-09-08,20.0,3.724040250000016
2022-09-08,30.0,3.479756249999988
2022-09-09,0.08333333333333333,2.586512249999995
2022-09-09,0.25,3.103716000000012
2022-09-09,0.5,3.5509760000000057
2022-09-09,1.0,3.703672250000012
2022-09-09,2.0,3.591684000000006
2022-09-09,3.0,3.6425802499999715
2022-09-09,5.0,3.479756249999988
2022-09-09,7.0,3.4492409999999696
2022-09-09,10.0,3.357722250000017
2022-09-09,20.0,3.7444102500000076
2022-09-09,30.0,3.5001022499999923
2022-09-12,0.08333333333333333,2.637161000000021
2022-09-12,0.25,3.195122249999982
2022-09-12,0.5,3.591684000000006
2022-09-12,1.0,3.734225000000002
2022-09-12,2.0,3.6120410000000103
2022-09-12,3.0,3.6324000000000023
2022-09-12,5.0,3.5001022499999923
2022-09-12,7.0,3.479756249999988
2022-09-12,10.0,3.398392250000004
2022-09-12,20.0,3.7953439999999894
2022-09-12,30.0,3.5611522499999992
2022-09-13,0.08333333333333333,2.5662562499999986
2022-09-13,0.25,3.3068960000000036
2022-09-13,0.5,3.785156249999999
2022-09-13,1.0,3.95841600000002
2022-09-13,2.0,3.785156249999999
2022-09-13,3.0,3.785156249999999
2022-09-13,5.0,3.6120410000000103
2022-09-13,7.0,3.5611522499999992
2022-09-13,10.0,3.4492409999999696
2022-09-13,20.0,3.785156249999999
2022-09-13,30.0,3.540800249999987
2022-09-14,0.08333333333333333,2.556128999999996
2022-09-14,0.25,3.266243999999996
2022-09-14,0.5,3.7953439999999894
2022-09-14,1.0,3.9890062499999823
2022-09-14,2.0,3.815720999999983
2022-09-14,3.0,3.8259102500000086
2022-09-14,5.0,3.6324000000000023
2022-09-14,7.0,3.5509760000000057
2022-09-14,10.0,3.439070250000009
2022-09-14,20.0,3.7647822500000094
2022-09-14,30.0,3.5001022499999923
2022-09-15,0.08333333333333333,2.779043999999997
2022-09-15,0.25,3.245921000000007
2022-09-15,0.5,3.815720999999983
2022-09-15,1.0,4.039999999999999
2022-09-15,2.0,3.907442249999993
2022-09-15,3.0,3.8870562499999872
2022-09-15,5.0,3.6934889999999942
2022-09-15,7.0,3.6222202499999856
2022-09-15,10.0,3.479756249999988
2022-09-15,20.0,3.785156249999999
2022-09-15,30.0,3.5102760000000233
2022-09-16,0.08333333333333333,2.6979560000000236
2022-09-16,0.25,3.2256000000000062
2022-09-16,0.5,3.805532249999999
2022-09-16,1.0,3.9992040000000006
2022-09-16,2.0,3.8870562499999872
2022-09-16,3.0,3.8462902500000062
2022-09-16,5.0,3.6527610000000044
2022-09-16,7.0,3.591684000000006
2022-09-16,10.0,3.479756249999988
2022-09-16,20.0,3.8259102500000086
2022-09-16,30.0,3.5509760000000057
2022-09-19,0.08333333333333333,2.637161000000021
2022-09-19,0.25,3.398392250000004
2022-09-19,0.5,3.907442249999993
2022-09-19,1.0,4.091006250000029
2022-09-19,2.0,3.9890062499999823
2022-09-19,3.0,3.9380250000000228
2022-09-19,5.0,3.724040250000016
2022-09-19,7.0,3.6527610000000044
2022-09-19,10.0,3.5204502499999846
2022-09-19,20.0,3.805532249999999
2022-09-19,30.0,3.5509760000000057
2022-09-20,0.08333333333333333,2.586512249999995
2022-09-20,0.25,3.3780562500000055
2022-09-20,0.5,3.8972490000000137
2022-09-20,1.0,4.070602250000022
2022-09-20,2.0,3.9992040000000006
2022-09-20,3.0,3.9788090000000054
2022-09-20,5.0,3.785156249999999
2022-09-20,7.0,3.724040250000016
2022-09-20,10.0,3.6018622499999875
2022-09-20,20.0,3.8666722499999917
2022-09-20,30.0,3.6222202499999856
2022-09-21,0.08333333333333333,2.606770250000001
2022-09-21,0.25,3.3373902500000163
2022-09-21,0.5,3.8972490000000137
2022-09-21,1.0,4.121616000000006
2022-09-21,2.0,4.060401000000002
2022-09-21,3.0,4.019601000000006
2022-09-21,5.0,3.7749689999999836
2022-09-21,7.0,3.683306250000018
2022-09-21,10.0,3.540800249999987
2022-09-21,20.0,3.7647822500000094
2022-09-21,30.0,3.5306250000000095
2022-09-22,0.08333333333333333,2.748632249999994
2022-09-22,0.25,3.3170602500000257
2022-09-22,0.5,3.907442249999993
2022-09-22,1.0,4.121616000000006
2022-09-22,2.0,4.152230250000022
2022-09-22,3.0,4.162435999999992
2022-09-22,5.0,3.9482202499999897
2022-09-22,7.0,3.8768640000000243
2022-09-22,10.0,3.734225000000002
2022-09-22,20.0,3.9380250000000228
2022-09-22,30.0,3.683306250000018
2022-09-23,0.08333333333333333,2.6878222499999938
2022-09-23,0.25,3.266243999999996
2022-09-23,0.5,3.8870562499999872
2022-09-23,1.0,4.193056250000016
2022-09-23,2.0,4.244099999999973
2022-09-23,3.0,4.254310250000004
2022-09-23,5.0,3.9992040000000006
2022-09-23,7.0,3.8870562499999872
2022-09-23,10.0,3.724040250000016
2022-09-23,20.0,3.907442249999993
2022-09-23,30.0,3.6425802499999715
2022-09-26,0.08333333333333333,2.748632249999994
2022-09-26,0.25,3.4187302500000127
2022-09-26,0.5,3.9890062499999823
2022-09-26,1.0,4.213472250000017
2022-09-26,2.0,4.315582249999994
2022-09-26,3.0,4.4177422499999786
2022-09-26,5.0,4.193056250000016
2022-09-26,7.0,4.1012089999999946
2022-09-26,10.0,3.917636000000013
2022-09-26,20.0,4.05020024999998
2022-09-26,30.0,3.754595999999988
2022-09-27,0.08333333333333333,2.7283602499999837
2022-09-27,0.25,3.3780562500000055
2022-09-27,0.5,3.9482202499999897
2022-09-27,1.0,4.2032639999999954
2022-09-27,2.0,4.346225000000015
2022-09-27,3.0,4.438180249999979
2022-09-27,5.0,4.254310250000004
2022-09-27,7.0,4.1828489999999885
2022-09-27,10.0,4.009402249999994
2022-09-27,20.0,4.193056250000016
2022-09-27,30.0,3.907442249999993
2022-09-28,0.08333333333333333,2.6472922499999996
2022-09-28,0.25,3.428899999999979
2022-09-28,0.5,3.907442249999993
2022-09-28,1.0,4.029800249999993
2022-09-28,2.0,4.111412250000024
2022-09-28,3.0,4.162435999999992
2022-09-28,5.0,3.95841600000002
2022-09-28,7.0,3.8666722499999917
2022-09-28,10.0,3.754595999999988
2022-09-28,20.0,4.019601000000006
2022-09-28,30.0,3.734225000000002
2022-09-29,0.08333333333333333,2.799320999999999
2022-09-29,0.25,3.388223999999984
2022-09-29,0.5,3.907442249999993
2022-09-29,1.0,4.019601000000006
2022-09-29,2.0,4.2032639999999954
2022-09-29,3.0,4.233890250000005
2022-09-29,5.0,4.019601000000006
2022-09-29,7.0,3.927830249999986
2022-09-29,10.0,3.7953439999999894
2022-09-29,20.0,4.039999999999999
2022-09-29,30.0,3.7444102500000076
2022-09-30,0.08333333333333333,2.8094602499999732
2022-09-30,0.25,3.357722250000017
2022-09-30,0.5,3.95841600000002
2022-09-30,1.0,4.091006250000029
2022-09-30,2.0,4.264520999999988
2022-09-30,3.0,4.295156249999987
2022-09-30,5.0,4.1012089999999946
2022-09-30,7.0,4.009402249999994
2022-09-30,10.0,3.8666722499999917
2022-09-30,20.0,4.121616000000006
2022-09-30,30.0,3.8259102500000086
2022-10-03,0.08333333333333333,2.8905922500000125
2022-10-03,0.25,3.489929000000025
2022-10-03,0.5,4.009402249999994
2022-10-03,1.0,4.05020024999998
2022-10-03,2.0,4.162435999999992
2022-10-03,3.0,4.162435999999992
2022-10-03,5.0,3.9380250000000228
2022-10-03,7.0,3.8259102500000086
2022-10-03,10.0,3.703672250000012
2022-10-03,20.0,4.039999999999999
2022-10-03,30.0,3.7647822500000094
2022-10-04,0.08333333333333333,2.9311702500000036
2022-10-04,0.25,3.479756249999988
2022-10-04,0.5,4.019601000000006
2022-10-04,1.0,4.193056250000016
2022-10-04,2.0,4.1420249999999825
2022-10-04,3.0,4.121616000000006
2022-10-04,5.0,3.8768640000000243
2022-10-04,7.0,3.7647822500000094
2022-10-04,10.0,3.6527610000000044
2022-10-04,20.0,3.9890062499999823
2022-10-04,30.0,3.734225000000002
2022-10-05,0.08333333333333333,2.910880250000014
2022-10-05,0.25,3.489929000000025
2022-10-05,0.5,4.039999999999999
2022-10-05,1.0,4.1828489999999885
2022-10-05,2.0,4.193056250000016
2022-10-05,3.0,4.213472250000017
2022-10-05,5.0,3.9992040000000006
2022-10-05,7.0,3.907442249999993
2022-10-05,10.0,3.7953439999999894
2022-10-05,20.0,4.091006250000029
2022-10-05,30.0,3.815720999999983
2022-10-06,0.08333333333333333,3.0732562499999894
2022-10-06,0.25,3.489929000000025
2022-10-06,0.5,4.080803999999993
2022-10-06,1.0,4.233890250000005
2022-10-06,2.0,4.274732249999991
2022-10-06,3.0,4.284944000000013
2022-10-06,5.0,4.091006250000029
2022-10-06,7.0,3.9890062499999823
2022-10-06,10.0,3.8666722499999917
2022-10-06,20.0,4.121616000000006
2022-10-06,30.0,3.8462902500000062
2022-10-07,0.08333333333333333,3.052952249999996
2022-10-07,0.25,3.479756249999988
2022-10-07,0.5,4.131820250000007
2022-10-07,1.0,4.284944000000013
2022-10-07,2.0,4.346225000000015
2022-10-07,3.0,4.376872249999986
2022-10-07,5.0,4.1828489999999885
2022-10-07,7.0,4.070602250000022
2022-10-07,10.0,3.927830249999986
2022-10-07,20.0,4.172642250000003
2022-10-07,30.0,3.8972490000000137
2022-10-11,0.08333333333333333,3.0935622499999926
2022-10-11,0.25,3.703672250000012
2022-10-11,0.5,4.213472250000017
2022-10-11,1.0,4.325796000000026
2022-10-11,2.0,4.346225000000015
2022-10-11,3.0,4.356440249999993
2022-10-11,5.0,4.1828489999999885
2022-10-11,7.0,4.1012089999999946
2022-10-11,10.0,3.968612249999981
2022-10-11,20.0,4.233890250000005
2022-10-11,30.0,3.95841600000002
2022-10-12,0.08333333333333333,3.0935622499999926
2022-10-12,0.25,3.734225000000002
2022-10-12,0.5,4.2032639999999954
2022-10-12,1.0,4.325796000000026
2022-10-12,2.0,4.325796000000026
2022-10-12,3.0,4.336010249999989
2022-10-12,5.0,4.162435999999992
2022-10-12,7.0,4.070602250000022
2022-10-12,10.0,3.9482202499999897
2022-10-12,20.0,4.22368099999999
2022-10-12,30.0,3.9380250000000228
2022-10-13,0.08333333333333333,3.3780562500000055
2022-10-13,0.25,3.8259102500000086
2022-10-13,0.5,4.346225000000015
2022-10-13,1.0,4.509728999999996
2022-10-13,2.0,4.519952250000014
2022-10-13,3.0,4.489283999999993
2022-10-13,5.0,4.254310250000004
2022-10-13,7.0,4.152230250000022
2022-10-13,10.0,4.009402249999994
2022-10-13,20.0,4.295156249999987
2022-10-13,30.0,4.009402249999994
2022-10-14,0.08333333333333333,3.3272250000000003
2022-10-14,0.25,3.8462902500000062
2022-10-14,0.5,4.356440249999993
2022-10-14,1.0,4.550624999999986
2022-10-14,2.0,4.530175999999986
2022-10-14,3.0,4.519952250000014
2022-10-14,5.0,4.295156249999987
2022-10-14,7.0,4.193056250000016
2022-10-14,10.0,4.039999999999999
2022-10-14,20.0,4.3053690000000255
2022-10-14,30.0,4.029800249999993
2022-10-17,0.08333333333333333,3.3272250000000003
2022-10-17,0.25,4.009402249999994
2022-10-17,0.5,4.4279610000000025
2022-10-17,1.0,4.550624999999986
2022-10-17,2.0,4.499506250000018
2022-10-17,3.0,4.499506250000018
2022-10-17,5.0,4.284944000000013
2022-10-17,7.0,4.193056250000016
2022-10-17,10.0,4.060401000000002
2022-10-17,20.0,4.336010249999989
2022-10-17,30.0,4.080803999999993
2022-10-18,0.08333333333333333,3.27640625000003
2022-10-18,0.25,4.080803999999993
2022-10-18,0.5,4.438180249999979
2022-10-18,1.0,4.550624999999986
2022-10-18,2.0,4.479062249999988
2022-10-18,3.0,4.479062249999988
2022-10-18,5.0,4.254310250000004
2022-10-18,7.0,4.162435999999992
2022-10-18,10.0,4.05020024999998
2022-10-18,20.0,4.315582249999994
2022-10-18,30.0,4.080803999999993
2022-10-19,0.08333333333333333,3.3373902500000163
2022-10-19,0.25,4.111412250000024
2022-10-19,0.5,4.499506250000018
2022-10-19,1.0,4.652899999999982
2022-10-19,2.0,4.601756250000011
2022-10-19,3.0,4.61198399999998
2022-10-19,5.0,4.397306249999988
2022-10-19,7.0,4.3053690000000255
2022-10-19,10.0,4.1828489999999885
2022-10-19,20.0,4.4279610000000025
2022-10-19,30.0,4.193056250000016
2022-10-20,0.08333333333333333,3.6120410000000103
2022-10-20,0.25,4.131820250000007
2022-10-20,0.5,4.530175999999986
2022-10-20,1.0,4.714289000000016
2022-10-20,2.0,4.673360999999976
2022-10-20,3.0,4.714289000000016
2022-10-20,5.0,4.499506250000018
2022-10-20,7.0,4.407524000000018
2022-10-20,10.0,4.284944000000013
2022-10-20,20.0,4.519952250000014
2022-10-20,30.0,4.284944000000013
2022-10-21,0.08333333333333333,3.5815062499999772
2022-10-21,0.25,4.131820250000007
2022-10-21,0.5,4.479062249999988
2022-10-21,1.0,4.632440999999976
2022-10-21,2.0,4.540400250000021
2022-10-21,3.0,4.571075999999996
2022-10-21,5.0,4.387089000000022
2022-10-21,7.0,4.325796000000026
2022-10-21,10.0,4.254310250000004
2022-10-21,20.0,4.591528999999994
2022-10-21,30.0,4.376872249999986
2022-10-24,0.08333333333333333,3.6018622499999875
2022-10-24,0.25,4.2032639999999954
2022-10-24,0.5,4.571075999999996
2022-10-24,1.0,4.663130250000003
2022-10-24,2.0,4.550624999999986
2022-10-24,3.0,4.571075999999996
2022-10-24,5.0,4.407524000000018
2022-10-24,7.0,4.356440249999993
2022-10-24,10.0,4.295156249999987
2022-10-24,20.0,4.642670250000003
2022-10-24,30.0,4.448399999999997
2022-10-25,0.08333333333333333,3.591684000000006
2022-10-25,0.25,4.1828489999999885
2022-10-25,0.5,4.550624999999986
2022-10-25,1.0,4.652899999999982
2022-10-25,2.0,4.468841000000001
2022-10-25,3.0,4.499506250000018
2022-10-25,5.0,4.295156249999987
2022-10-25,7.0,4.213472250000017
2022-10-25,10.0,4.1420249999999825
2022-10-25,20.0,4.499506250000018
2022-10-25,30.0,4.3053690000000255
2022-10-26,0.08333333333333333,3.571329000000012
2022-10-26,0.25,4.152230250000022
2022-10-26,0.5,4.519952250000014
2022-10-26,1.0,4.591528999999994
2022-10-26,2.0,4.438180249999979
2022-10-26,3.0,4.458620249999989
2022-10-26,5.0,4.244099999999973
2022-10-26,7.0,4.162435999999992
2022-10-26,10.0,4.080803999999993
2022-10-26,20.0,4.4279610000000025
2022-10-26,30.0,4.233890250000005
2022-10-27,0.08333333333333333,3.7953439999999894
2022-10-27,0.25,4.172642250000003
2022-10-27,0.5,4.489283999999993
2022-10-27,1.0,4.550624999999986
2022-10-27,2.0,4.346225000000015
2022-10-27,3.0,4.336010249999989
2022-10-27,5.0,4.131820250000007
2022-10-27,7.0,4.05020024999998
2022-10-27,10.0,3.9992040000000006
2022-10-27,20.0,4.366656000000013
2022-10-27,30.0,4.162435999999992
2022-10-28,0.08333333333333333,3.785156249999999
2022-10-28,0.25,4.22368099999999
2022-10-28,0.5,4.560850250000015
2022-10-28,1.0,4.601756250000011
2022-10-28,2.0,4.458620249999989
2022-10-28,3.0,4.4279610000000025
2022-10-28,5.0,4.233890250000005
2022-10-28,7.0,4.1420249999999825
2022-10-28,10.0,4.060401000000002
2022-10-28,20.0,4.4279610000000025
2022-10-28,30.0,4.193056250000016
2022-10-31,0.08333333333333333,3.7647822500000094
2022-10-31,0.25,4.264520999999988
2022-10-31,0.5,4.622212250000013
2022-10-31,1.0,4.714289000000016
2022-10-31,2.0,4.560850250000015
2022-10-31,3.0,4.499506250000018
2022-10-31,5.0,4.315582249999994
2022-10-31,7.0,4.22368099999999
2022-10-31,10.0,4.1420249999999825
2022-10-31,20.0,4.489283999999993
2022-10-31,30.0,4.264520999999988
2022-11-01,0.08333333333333333,3.754595999999988
2022-11-01,0.25,4.274732249999991
2022-11-01,0.5,4.632440999999976
2022-11-01,1.0,4.806406249999995
2022-11-01,2.0,4.591528999999994
2022-11-01,3.0,4.530175999999986
2022-11-01,5.0,4.315582249999994
2022-11-01,7.0,4.22368099999999
2022-11-01,10.0,4.111412250000024
2022-11-01,20.0,4.4177422499999786
2022-11-01,30.0,4.1828489999999885
2022-11-02,0.08333333333333333,3.734225000000002
2022-11-02,0.25,4.264520999999988
2022-11-02,0.5,4.622212250000013
2022-11-02,1.0,4.816644000000014
2022-11-02,2.0,4.663130250000003
2022-11-02,3.0,4.591528999999994
2022-11-02,5.0,4.346225000000015
2022-11-02,7.0,4.244099999999973
2022-11-02,10.0,4.1420249999999825
2022-11-02,20.0,4.458620249999989
2022-11-02,30.0,4.193056250000016
2022-11-03,0.08333333333333333,3.785156249999999
2022-11-03,0.25,4.295156249999987
2022-11-03,0.5,4.622212250000013
2022-11-03,1.0,4.837121
2022-11-03,2.0,4.765460249999998
2022-11-03,3.0,4.6835922499999905
2022-11-03,5.0,4.407524000000018
2022-11-03,7.0,4.3053690000000255
2022-11-03,10.0,4.1828489999999885
2022-11-03,20.0,4.468841000000001
2022-11-03,30.0,4.22368099999999
2022-11-04,0.08333333333333333,3.7647822500000094
2022-11-04,0.25,4.254310250000004
2022-11-04,0.5,4.601756250000011
2022-11-04,1.0,4.816644000000014
2022-11-04,2.0,4.714289000000016
2022-11-04,3.0,4.632440999999976
2022-11-04,5.0,4.376872249999986
2022-11-04,7.0,4.3053690000000255
2022-11-04,10.0,4.213472250000017
2022-11-04,20.0,4.540400250000021
2022-11-04,30.0,4.315582249999994
2022-11-07,0.08333333333333333,3.815720999999983
2022-11-07,0.25,4.336010249999989
2022-11-07,0.5,4.673360999999976
2022-11-07,1.0,4.857599999999995
2022-11-07,2.0,4.775696000000007
2022-11-07,3.0,4.6835922499999905
2022-11-07,5.0,4.438180249999979
2022-11-07,7.0,4.356440249999993
2022-11-07,10.0,4.264520999999988
2022-11-07,20.0,4.601756250000011
2022-11-07,30.0,4.387089000000022
2022-11-08,0.08333333333333333,3.6934889999999942
2022-11-08,0.25,4.325796000000026
2022-11-08,0.5,4.652899999999982
2022-11-08,1.0,4.826882249999986
2022-11-08,2.0,4.724522249999996
2022-11-08,3.0,4.601756250000011
2022-11-08,5.0,4.356440249999993
2022-11-08,7.0,4.264520999999988
2022-11-08,10.0,4.1828489999999885
2022-11-08,20.0,4.519952250000014
2022-11-08,30.0,4.325796000000026
2022-11-09,0.08333333333333333,3.683306250000018
2022-11-09,0.25,4.336010249999989
2022-11-09,0.5,4.642670250000003
2022-11-09,1.0,4.806406249999995
2022-11-09,2.0,4.663130250000003
2022-11-09,3.0,4.540400250000021
2022-11-09,5.0,4.315582249999994
2022-11-09,7.0,4.244099999999973
2022-11-09,10.0,4.162435999999992
2022-11-09,20.0,4.550624999999986
2022-11-09,30.0,4.356440249999993
2022-11-10,0.08333333333333333,3.7444102500000076
2022-11-10,0.25,4.325796000000026
2022-11-10,0.5,4.571075999999996
2022-11-10,1.0,4.642670250000003
2022-11-10,2.0,4.387089000000022
2022-11-10,3.0,4.213472250000017
2022-11-10,5.0,3.9890062499999823
2022-11-10,7.0,3.927830249999986
2022-11-10,10.0,3.8564809999999783
2022-11-10,20.0,4.284944000000013
2022-11-10,30.0,4.070602250000022
2022-11-14,0.08333333333333333,3.754595999999988
2022-11-14,0.25,4.387089000000022
2022-11-14,0.5,4.601756250000011
2022-11-14,1.0,4.6835922499999905
2022-11-14,2.0,4.448399999999997
2022-11-14,3.0,4.284944000000013
2022-11-14,5.0,4.039999999999999
2022-11-14,7.0,3.9890062499999823
2022-11-14,10.0,3.917636000000013
2022-11-14,20.0,4.325796000000026
2022-11-14,30.0,4.111412250000024
2022-11-15,0.08333333333333333,3.805532249999999
2022-11-15,0.25,4.356440249999993
2022-11-15,0.5,4.591528999999994
2022-11-15,1.0,4.652899999999982
2022-11-15,2.0,4.4177422499999786
2022-11-15,3.0,4.213472250000017
2022-11-15,5.0,3.968612249999981
2022-11-15,7.0,3.917636000000013
2022-11-15,10.0,3.8360999999999867
2022-11-15,20.0,4.244099999999973
2022-11-15,30.0,4.019601000000006
2022-11-16,0.08333333333333333,3.8462902500000062
2022-11-16,0.25,4.366656000000013
2022-11-16,0.5,4.591528999999994
2022-11-16,1.0,4.673360999999976
2022-11-16,2.0,4.397306249999988
2022-11-16,3.0,4.172642250000003
2022-11-16,5.0,3.8666722499999917
2022-11-16,7.0,3.805532249999999
2022-11-16,10.0,3.703672250000012
2022-11-16,20.0,4.070602250000022
2022-11-16,30.0,3.8870562499999872
2022-11-17,0.08333333333333333,3.968612249999981
2022-11-17,0.25,4.366656000000013
2022-11-17,0.5,4.622212250000013
2022-11-17,1.0,4.734756000000018
2022-11-17,2.0,4.479062249999988
2022-11-17,3.0,4.264520999999988
2022-11-17,5.0,3.968612249999981
2022-11-17,7.0,3.907442249999993
2022-11-17,10.0,3.805532249999999
2022-11-17,20.0,4.1420249999999825
2022-11-17,30.0,3.927830249999986
2022-11-18,0.08333333333333333,3.968612249999981
2022-11-18,0.25,4.387089000000022
2022-11-18,0.5,4.663130250000003
2022-11-18,1.0,4.796169000000017
2022-11-18,2.0,4.560850250000015
2022-11-18,3.0,4.325796000000026
2022-11-18,5.0,4.029800249999993
2022-11-18,7.0,3.95841600000002
2022-11-18,10.0,3.8564809999999783
2022-11-18,20.0,4.172642250000003
2022-11-18,30.0,3.95841600000002
2022-11-21,0.08333333333333333,4.009402249999994
2022-11-21,0.25,4.458620249999989
2022-11-21,0.5,4.704056249999988
2022-11-21,1.0,4.806406249999995
2022-11-21,2.0,4.530175999999986
2022-11-21,3.0,4.366656000000013
2022-11-21,5.0,4.009402249999994
2022-11-21,7.0,3.9788090000000054
2022-11-21,10.0,3.8666722499999917
2022-11-21,20.0,4.1828489999999885
2022-11-21,30.0,3.9482202499999897
2022-11-22,0.08333333333333333,4.009402249999994
2022-11-22,0.25,4.448399999999997
2022-11-22,0.5,4.734756000000018
2022-11-22,1.0,4.847360249999988
2022-11-22,2.0,4.519952250000014
2022-11-22,3.0,4.315582249999994
2022-11-22,5.0,3.968612249999981
2022-11-22,7.0,3.8972490000000137
2022-11-22,10.0,3.7953439999999894
2022-11-22,20.0,4.091006250000029
2022-11-22,30.0,3.8666722499999917
2022-11-23,0.08333333333333333,4.162435999999992
2022-11-23,0.25,4.448399999999997
2022-11-23,0.5,4.724522249999996
2022-11-23,1.0,4.806406249999995
2022-11-23,2.0,4.509728999999996
2022-11-23,3.0,4.274732249999991
2022-11-23,5.0,3.917636000000013
2022-11-23,7.0,3.8462902500000062
2022-11-23,10.0,3.7444102500000076
2022-11-23,20.0,4.009402249999994
2022-11-23,30.0,3.7749689999999836
2022-11-25,0.08333333333333333,4.2032639999999954
2022-11-25,0.25,4.458620249999989
2022-11-25,0.5,4.724522249999996
2022-11-25,1.0,4.816644000000014
2022-11-25,2.0,4.468841000000001
2022-11-25,3.0,4.244099999999973
2022-11-25,5.0,3.8870562499999872
2022-11-25,7.0,3.815720999999983
2022-11-25,10.0,3.7138560000000043
2022-11-25,20.0,4.009402249999994
2022-11-25,30.0,3.7749689999999836
2022-11-28,0.08333333333333333,4.152230250000022
2022-11-28,0.25,4.458620249999989
2022-11-28,0.5,4.775696000000007
2022-11-28,1.0,4.816644000000014
2022-11-28,2.0,4.509728999999996
2022-11-28,3.0,4.264520999999988
2022-11-28,5.0,3.917636000000013
2022-11-28,7.0,3.8360999999999867
2022-11-28,10.0,3.724040250000016
2022-11-28,20.0,4.009402249999994
2022-11-28,30.0,3.7749689999999836
2022-11-29,0.08333333333333333,4.121616000000006
2022-11-29,0.25,4.4279610000000025
2022-11-29,0.5,4.775696000000007
2022-11-29,1.0,4.837121
2022-11-29,2.0,4.530175999999986
2022-11-29,3.0,4.284944000000013
2022-11-29,5.0,3.95841600000002
2022-11-29,7.0,3.8870562499999872
2022-11-29,10.0,3.785156249999999
2022-11-29,20.0,4.060401000000002
2022-11-29,30.0,3.8462902500000062
2022-11-30,0.08333333333333333,4.111412250000024
2022-11-30,0.25,4.4177422499999786
2022-11-30,0.5,4.755225000000007
2022-11-30,1.0,4.796169000000017
2022-11-30,2.0,4.4279610000000025
2022-11-30,3.0,4.172642250000003
2022-11-30,5.0,3.8564809999999783
2022-11-30,7.0,3.7953439999999894
2022-11-30,10.0,3.7138560000000043
2022-11-30,20.0,4.039999999999999
2022-11-30,30.0,3.8360999999999867
2022-12-01,0.08333333333333333,4.080803999999993
2022-12-01,0.25,4.376872249999986
2022-12-01,0.5,4.704056249999988
2022-12-01,1.0,4.714289000000016
2022-12-01,2.0,4.295156249999987
2022-12-01,3.0,4.019601000000006
2022-12-01,5.0,3.7138560000000043
2022-12-01,7.0,3.6527610000000044
2022-12-01,10.0,3.5611522499999992
2022-12-01,20.0,3.8870562499999872
2022-12-01,30.0,3.6731239999999943
2022-12-02,0.08333333333333333,3.9482202499999897
2022-12-02,0.25,4.387089000000022
2022-12-02,0.5,4.704056249999988
2022-12-02,1.0,4.744990249999992
2022-12-02,2.0,4.325796000000026
2022-12-02,3.0,4.029800249999993
2022-12-02,5.0,3.703672250000012
2022-12-02,7.0,3.6425802499999715
2022-12-02,10.0,3.540800249999987
2022-12-02,20.0,3.8259102500000086
2022-12-02,30.0,3.591684000000006
2022-12-05,0.08333333333333333,3.968612249999981
2022-12-05,0.25,4.407524000000018
2022-12-05,0.5,4.785932249999991
2022-12-05,1.0,4.826882249999986
2022-12-05,2.0,4.458620249999989
2022-12-05,3.0,4.172642250000003
2022-12-05,5.0,3.8360999999999867
2022-12-05,7.0,3.754595999999988
2022-12-05,10.0,3.6324000000000023
2022-12-05,20.0,3.8768640000000243
2022-12-05,30.0,3.6527610000000044
2022-12-06,0.08333333333333333,3.907442249999993
2022-12-06,0.25,4.4177422499999786
2022-12-06,0.5,4.796169000000017
2022-12-06,1.0,4.785932249999991
2022-12-06,2.0,4.387089000000022
2022-12-06,3.0,4.111412250000024
2022-12-06,5.0,3.7647822500000094
2022-12-06,7.0,3.6731239999999943
2022-12-06,10.0,3.540800249999987
2022-12-06,20.0,3.805532249999999
2022-12-06,30.0,3.5509760000000057
2022-12-07,0.08333333333333333,3.8259102500000086
2022-12-07,0.25,4.336010249999989
2022-12-07,0.5,4.775696000000007
2022-12-07,1.0,4.724522249999996
2022-12-07,2.0,4.3053690000000255
2022-12-07,3.0,4.009402249999994
2022-12-07,5.0,3.6527610000000044
2022-12-07,7.0,3.571329000000012
2022-12-07,10.0,3.4492409999999696
2022-12-07,20.0,3.6934889999999942
2022-12-07,30.0,3.4492409999999696
2022-12-08,0.08333333333333333,3.785156249999999
2022-12-08,0.25,4.325796000000026
2022-12-08,0.5,4.765460249999998
2022-12-08,1.0,4.765460249999998
2022-12-08,2.0,4.356440249999993
2022-12-08,3.0,4.080803999999993
2022-12-08,5.0,3.7444102500000076
2022-12-08,7.0,3.6629422499999675
2022-12-08,10.0,3.5102760000000233
2022-12-08,20.0,3.7444102500000076
2022-12-08,30.0,3.4695840000000144
2022-12-09,0.08333333333333333,3.8462902500000062
2022-12-09,0.25,4.356440249999993
2022-12-09,0.5,4.775696000000007
2022-12-09,1.0,4.775696000000007
2022-12-09,2.0,4.376872249999986
2022-12-09,3.0,4.111412250000024
2022-12-09,5.0,3.785156249999999
2022-12-09,7.0,3.724040250000016
2022-12-09,10.0,3.6018622499999875
2022-12-09,20.0,3.8564809999999783
2022-12-09,30.0,3.591684000000006
2022-12-12,0.08333333333333333,3.8972490000000137
2022-12-12,0.25,4.4279610000000025
2022-12-12,0.5,4.837121
2022-12-12,1.0,4.806406249999995
2022-12-12,2.0,4.438180249999979
2022-12-12,3.0,4.1420249999999825
2022-12-12,5.0,3.8360999999999867
2022-12-12,7.0,3.7647822500000094
2022-12-12,10.0,3.6425802499999715
2022-12-12,20.0,3.8768640000000243
2022-12-12,30.0,3.6018622499999875
2022-12-13,0.08333333333333333,3.927830249999986
2022-12-13,0.25,4.397306249999988
2022-12-13,0.5,4.755225000000007
2022-12-13,1.0,4.693824000000024
2022-12-13,2.0,4.264520999999988
2022-12-13,3.0,3.9992040000000006
2022-12-13,5.0,3.6934889999999942
2022-12-13,7.0,3.6324000000000023
2022-12-13,10.0,3.540800249999987
2022-12-13,20.0,3.7749689999999836
2022-12-13,30.0,3.5611522499999992
2022-12-14,0.08333333333333333,3.9482202499999897
2022-12-14,0.25,4.376872249999986
2022-12-14,0.5,4.734756000000018
2022-12-14,1.0,4.693824000000024
2022-12-14,2.0,4.274732249999991
2022-12-14,3.0,3.9788090000000054
2022-12-14,5.0,3.6731239999999943
2022-12-14,7.0,3.6222202499999856
2022-12-14,10.0,3.5204502499999846
2022-12-14,20.0,3.7749689999999836
2022-12-14,30.0,3.5509760000000057
2022-12-15,0.08333333333333333,3.9890062499999823
2022-12-15,0.25,4.387089000000022
2022-12-15,0.5,4.755225000000007
2022-12-15,1.0,4.704056249999988
2022-12-15,2.0,4.274732249999991
2022-12-15,3.0,3.9992040000000006
2022-12-15,5.0,3.6527610000000044
2022-12-15,7.0,3.591684000000006
2022-12-15,10.0,3.4695840000000144
2022-12-15,20.0,3.724040250000016
2022-12-15,30.0,3.5102760000000233
2022-12-16,0.08333333333333333,3.9788090000000054
2022-12-16,0.25,4.356440249999993
2022-12-16,0.5,4.734756000000018
2022-12-16,1.0,4.663130250000003
2022-12-16,2.0,4.213472250000017
2022-12-16,3.0,3.9482202499999897
2022-12-16,5.0,3.6425802499999715
2022-12-16,7.0,3.6120410000000103
2022-12-16,10.0,3.5102760000000233
2022-12-16,20.0,3.7647822500000094
2022-12-16,30.0,3.5611522499999992
2022-12-19,0.08333333333333333,3.9890062499999823
2022-12-19,0.25,4.4177422499999786
2022-12-19,0.5,4.765460249999998
2022-12-19,1.0,4.693824000000024
2022-12-19,2.0,4.295156249999987
2022-12-19,3.0,4.029800249999993
2022-12-19,5.0,3.734225000000002
2022-12-19,7.0,3.703672250000012
2022-12-19,10.0,3.6018622499999875
2022-12-19,20.0,3.8564809999999783
2022-12-19,30.0,3.6527610000000044
2022-12-20,0.08333333333333333,3.927830249999986
2022-12-20,0.25,4.397306249999988
2022-12-20,0.5,4.755225000000007
2022-12-20,1.0,4.693824000000024
2022-12-20,2.0,4.295156249999987
2022-12-20,3.0,4.070602250000022
2022-12-20,5.0,3.8259102500000086
2022-12-20,7.0,3.815720999999983
2022-12-20,10.0,3.724040250000016
2022-12-20,20.0,3.9788090000000054
2022-12-20,30.0,3.7749689999999836
2022-12-21,0.08333333333333333,3.9380250000000228
2022-12-21,0.25,4.376872249999986
2022-12-21,0.5,4.724522249999996
2022-12-21,1.0,4.652899999999982
2022-12-21,2.0,4.254310250000004
2022-12-21,3.0,4.039999999999999
2022-12-21,5.0,3.815720999999983
2022-12-21,7.0,3.805532249999999
2022-12-21,10.0,3.7138560000000043
2022-12-21,20.0,3.968612249999981
2022-12-21,30.0,3.7749689999999836
2022-12-22,0.08333333333333333,3.8360999999999867
2022-12-22,0.25,4.397306249999988
2022-12-22,0.5,4.714289000000016
2022-12-22,1.0,4.693824000000024
2022-12-22,2.0,4.284944000000013
2022-12-22,3.0,4.060401000000002
2022-12-22,5.0,3.8259102500000086
2022-12-22,7.0,3.805532249999999
2022-12-22,10.0,3.703672250000012
2022-12-22,20.0,3.9482202499999897
2022-12-22,30.0,3.7647822500000094
2022-12-23,0.08333333333333333,3.8360999999999867
2022-12-23,0.25,4.387089000000022
2022-12-23,0.5,4.724522249999996
2022-12-23,1.0,4.714289000000016
2022-12-23,2.0,4.356440249999993
2022-12-23,3.0,4.131820250000007
2022-12-23,5.0,3.8972490000000137
2022-12-23,7.0,3.8666722499999917
2022-12-23,10.0,3.785156249999999
2022-12-23,20.0,4.029800249999993
2022-12-23,30.0,3.8564809999999783
2022-12-27,0.08333333333333333,3.907442249999993
2022-12-27,0.25,4.509728999999996
2022-12-27,0.5,4.816644000000014
2022-12-27,1.0,4.806406249999995
2022-12-27,2.0,4.366656000000013
2022-12-27,3.0,4.213472250000017
2022-12-27,5.0,3.9788090000000054
2022-12-27,7.0,3.968612249999981
2022-12-27,10.0,3.8768640000000243
2022-12-27,20.0,4.1420249999999825
2022-12-27,30.0,3.968612249999981
2022-12-28,0.08333333333333333,3.8972490000000137
2022-12-28,0.25,4.509728999999996
2022-12-28,0.5,4.806406249999995
2022-12-28,1.0,4.765460249999998
2022-12-28,2.0,4.356440249999993
2022-12-28,3.0,4.22368099999999
2022-12-28,5.0,4.009402249999994
2022-12-28,7.0,4.009402249999994
2022-12-28,10.0,3.917636000000013
2022-12-28,20.0,4.172642250000003
2022-12-28,30.0,4.019601000000006
2022-12-29,0.08333333333333333,4.080803999999993
2022-12-29,0.25,4.499506250000018
2022-12-29,0.5,4.785932249999991
2022-12-29,1.0,4.765460249999998
2022-12-29,2.0,4.387089000000022
2022-12-29,3.0,4.2032639999999954
2022-12-29,5.0,3.9788090000000054
2022-12-29,7.0,3.9482202499999897
2022-12-29,10.0,3.8666722499999917
2022-12-29,20.0,4.131820250000007
2022-12-29,30.0,3.95841600000002
2022-12-30,0.08333333333333333,4.162435999999992
2022-12-30,0.25,4.468841000000001
2022-12-30,0.5,4.816644000000014
2022-12-30,1.0,4.785932249999991
2022-12-30,2.0,4.458620249999989
2022-12-30,3.0,4.264520999999988
2022-12-30,5.0,4.029800249999993
2022-12-30,7.0,3.9992040000000006
2022-12-30,10.0,3.917636000000013
2022-12-30,20.0,4.1828489999999885
2022-12-30,30.0,4.009402249999994
2023-01-03,0.08333333333333333,4.213472250000017
2023-01-03,0.25,4.581302250000019
2023-01-03,0.5,4.826882249999986
2023-01-03,1.0,4.775696000000007
2023-01-03,2.0,4.448399999999997
2023-01-03,3.0,4.22368099999999
2023-01-03,5.0,3.9788090000000054
2023-01-03,7.0,3.927830249999986
2023-01-03,10.0,3.8259102500000086
2023-01-03,20.0,4.1012089999999946
2023-01-03,30.0,3.917636000000013
2023-01-04,0.08333333333333333,4.244099999999973
2023-01-04,0.25,4.601756250000011
2023-01-04,0.5,4.826882249999986
2023-01-04,1.0,4.765460249999998
2023-01-04,2.0,4.407524000000018
2023-01-04,3.0,4.152230250000022
2023-01-04,5.0,3.8870562499999872
2023-01-04,7.0,3.8259102500000086
2023-01-04,10.0,3.724040250000016
2023-01-04,20.0,4.009402249999994
2023-01-04,30.0,3.8462902500000062
2023-01-05,0.08333333333333333,4.346225000000015
2023-01-05,0.25,4.714289000000016
2023-01-05,0.5,4.867840249999977
2023-01-05,1.0,4.837121
2023-01-05,2.0,4.499506250000018
2023-01-05,3.0,4.22368099999999
2023-01-05,5.0,3.9380250000000228
2023-01-05,7.0,3.8564809999999783
2023-01-05,10.0,3.7444102500000076
2023-01-05,20.0,3.9992040000000006
2023-01-05,30.0,3.815720999999983
2023-01-06,0.08333333333333333,4.366656000000013
2023-01-06,0.25,4.724522249999996
2023-01-06,0.5,4.847360249999988
2023-01-06,1.0,4.765460249999998
2023-01-06,2.0,4.284944000000013
2023-01-06,3.0,3.9992040000000006
2023-01-06,5.0,3.724040250000016
2023-01-06,7.0,3.6629422499999675
2023-01-06,10.0,3.5815062499999772
2023-01-06,20.0,3.8768640000000243
2023-01-06,30.0,3.703672250000012
2023-01-09,0.08333333333333333,4.4177422499999786
2023-01-09,0.25,4.755225000000007
2023-01-09,0.5,4.888322249999977
2023-01-09,1.0,4.744990249999992
2023-01-09,2.0,4.233890250000005
2023-01-09,3.0,3.968612249999981
2023-01-09,5.0,3.6934889999999942
2023-01-09,7.0,3.6324000000000023
2023-01-09,10.0,3.5611522499999992
2023-01-09,20.0,3.8666722499999917
2023-01-09,30.0,3.6934889999999942
2023-01-10,0.08333333333333333,4.458620249999989
2023-01-10,0.25,4.785932249999991
2023-01-10,0.5,4.908806250000031
2023-01-10,1.0,4.796169000000017
2023-01-10,2.0,4.284944000000013
2023-01-10,3.0,3.9788090000000054
2023-01-10,5.0,3.754595999999988
2023-01-10,7.0,3.703672250000012
2023-01-10,10.0,3.6425802499999715
2023-01-10,20.0,3.9482202499999897
2023-01-10,30.0,3.7749689999999836
2023-01-11,0.08333333333333333,4.468841000000001
2023-01-11,0.25,4.775696000000007
2023-01-11,0.5,4.898563999999994
2023-01-11,1.0,4.785932249999991
2023-01-11,2.0,4.244099999999973
2023-01-11,3.0,3.9380250000000228
2023-01-11,5.0,3.6934889999999942
2023-01-11,7.0,3.6425802499999715
2023-01-11,10.0,3.571329000000012
2023-01-11,20.0,3.8768640000000243
2023-01-11,30.0,3.703672250000012
2023-01-12,0.08333333333333333,4.622212250000013
2023-01-12,0.25,4.714289000000016
2023-01-12,0.5,4.816644000000014
2023-01-12,1.0,4.714289000000016
2023-01-12,2.0,4.162435999999992
2023-01-12,3.0,3.8259102500000086
2023-01-12,5.0,3.5611522499999992
2023-01-12,7.0,3.5102760000000233
2023-01-12,10.0,3.4594122499999935
2023-01-12,20.0,3.7647822500000094
2023-01-12,30.0,3.591684000000006
2023-01-13,0.08333333333333333,4.632440999999976
2023-01-13,0.25,4.724522249999996
2023-01-13,0.5,4.826882249999986
2023-01-13,1.0,4.744990249999992
2023-01-13,2.0,4.264520999999988
2023-01-13,3.0,3.917636000000013
2023-01-13,5.0,3.6324000000000023
2023-01-13,7.0,3.5815062499999772
2023-01-13,10.0,3.5204502499999846
2023-01-13,20.0,3.8259102500000086
2023-01-13,30.0,3.6425802499999715
2023-01-17,0.08333333333333333,4.652899999999982
2023-01-17,0.25,4.765460249999998
2023-01-17,0.5,4.878081000000001
2023-01-17,1.0,4.724522249999996
2023-01-17,2.0,4.22368099999999
2023-01-17,3.0,3.8972490000000137
2023-01-17,5.0,3.6324000000000023
2023-01-17,7.0,3.6018622499999875
2023-01-17,10.0,3.5611522499999992
2023-01-17,20.0,3.8462902500000062
2023-01-17,30.0,3.6731239999999943
2023-01-18,0.08333333333333333,4.642670250000003
2023-01-18,0.25,4.744990249999992
2023-01-18,0.5,4.847360249999988
2023-01-18,1.0,4.6835922499999905
2023-01-18,2.0,4.1012089999999946
2023-01-18,3.0,3.754595999999988
2023-01-18,5.0,3.4594122499999935
2023-01-18,7.0,3.428899999999979
2023-01-18,10.0,3.398392250000004
2023-01-18,20.0,3.683306250000018
2023-01-18,30.0,3.571329000000012
2023-01-19,0.08333333333333333,4.744990249999992
2023-01-19,0.25,4.765460249999998
2023-01-19,0.5,4.847360249999988
2023-01-19,1.0,4.704056249999988
2023-01-19,2.0,4.131820250000007
2023-01-19,3.0,3.7953439999999894
2023-01-19,5.0,3.5102760000000233
2023-01-19,7.0,3.4594122499999935
2023-01-19,10.0,3.4187302500000127
2023-01-19,20.0,3.724040250000016
2023-01-19,30.0,3.6018622499999875
2023-01-20,0.08333333333333333,4.744990249999992
2023-01-20,0.25,4.775696000000007
2023-01-20,0.5,4.857599999999995
2023-01-20,1.0,4.734756000000018
2023-01-20,2.0,4.1828489999999885
2023-01-20,3.0,3.8666722499999917
2023-01-20,5.0,3.591684000000006
2023-01-20,7.0,3.540800249999987
2023-01-20,10.0,3.5102760000000233
2023-01-20,20.0,3.805532249999999
2023-01-20,30.0,3.6934889999999942
2023-01-23,0.08333333333333333,4.744990249999992
2023-01-23,0.25,4.785932249999991
2023-01-23,0.5,4.878081000000001
2023-01-23,1.0,4.755225000000007
2023-01-23,2.0,4.254310250000004
2023-01-23,3.0,3.917636000000013
2023-01-23,5.0,3.6425802499999715
2023-01-23,7.0,3.591684000000006
2023-01-23,10.0,3.5509760000000057
2023-01-23,20.0,3.8360999999999867
2023-01-23,30.0,3.724040250000016
2023-01-24,0.08333333333333333,4.755225000000007
2023-01-24,0.25,4.775696000000007
2023-01-24,0.5,4.898563999999994
2023-01-24,1.0,4.755225000000007
2023-01-24,2.0,4.162435999999992
2023-01-24,3.0,3.8972490000000137
2023-01-24,5.0,3.6120410000000103
2023-01-24,7.0,3.5509760000000057
2023-01-24,10.0,3.489929000000025
2023-01-24,20.0,3.7647822500000094
2023-01-24,30.0,3.6527610000000044
2023-01-25,0.08333333333333333,4.724522249999996
2023-01-25,0.25,4.775696000000007
2023-01-25,0.5,4.847360249999988
2023-01-25,1.0,4.724522249999996
2023-01-25,2.0,4.152230250000022
2023-01-25,3.0,3.8768640000000243
2023-01-25,5.0,3.571329000000012
2023-01-25,7.0,3.540800249999987
2023-01-25,10.0,3.489929000000025
2023-01-25,20.0,3.7749689999999836
2023-01-25,30.0,3.6527610000000044
2023-01-26,0.08333333333333333,4.663130250000003
2023-01-26,0.25,4.765460249999998
2023-01-26,0.5,4.847360249999988
2023-01-26,1.0,4.734756000000018
2023-01-26,2.0,4.213472250000017
2023-01-26,3.0,3.917636000000013
2023-01-26,5.0,3.6120410000000103
2023-01-26,7.0,3.571329000000012
2023-01-26,10.0,3.5204502499999846
2023-01-26,20.0,3.785156249999999
2023-01-26,30.0,3.6527610000000044
2023-01-27,0.08333333333333333,4.663130250000003
2023-01-27,0.25,4.785932249999991
2023-01-27,0.5,4.867840249999977
2023-01-27,1.0,4.734756000000018
2023-01-27,2.0,4.233890250000005
2023-01-27,3.0,3.9380250000000228
2023-01-27,5.0,3.6527610000000044
2023-01-27,7.0,3.6120410000000103
2023-01-27,10.0,3.5509760000000057
2023-01-27,20.0,3.805532249999999
2023-01-27,30.0,3.6731239999999943
2023-01-30,0.08333333333333333,4.652899999999982
2023-01-30,0.25,4.775696000000007
2023-01-30,0.5,4.878081000000001
2023-01-30,1.0,4.765460249999998
2023-01-30,2.0,4.295156249999987
2023-01-30,3.0,3.9992040000000006
2023-01-30,5.0,3.7138560000000043
2023-01-30,7.0,3.6527610000000044
2023-01-30,10.0,3.5815062499999772
2023-01-30,20.0,3.8259102500000086
2023-01-30,30.0,3.6934889999999942
2023-01-31,0.08333333333333333,4.632440999999976
2023-01-31,0.25,4.755225000000007
2023-01-31,0.5,4.857599999999995
2023-01-31,1.0,4.734756000000018
2023-01-31,2.0,4.254310250000004
2023-01-31,3.0,3.9380250000000228
2023-01-31,5.0,3.6629422499999675
2023-01-31,7.0,3.6222202499999856
2023-01-31,10.0,3.5509760000000057
2023-01-31,20.0,3.815720999999983
2023-01-31,30.0,3.683306250000018
2023-02-01,0.08333333333333333,4.642670250000003
2023-02-01,0.25,4.714289000000016
2023-02-01,0.5,4.847360249999988
2023-02-01,1.0,4.714289000000016
2023-02-01,2.0,4.131820250000007
2023-02-01,3.0,3.785156249999999
2023-02-01,5.0,3.5102760000000233
2023-02-01,7.0,3.4594122499999935
2023-02-01,10.0,3.4187302500000127
2023-02-01,20.0,3.703672250000012
2023-02-01,30.0,3.5815062499999772
2023-02-02,0.08333333333333333,4.673360999999976
2023-02-02,0.25,4.714289000000016
2023-02-02,0.5,4.816644000000014
2023-02-02,1.0,4.693824000000024
2023-02-02,2.0,4.131820250000007
2023-02-02,3.0,3.785156249999999
2023-02-02,5.0,3.5204502499999846
2023-02-02,7.0,3.4695840000000144
2023-02-02,10.0,3.428899999999979
2023-02-02,20.0,3.703672250000012
2023-02-02,30.0,3.5815062499999772
2023-02-03,0.08333333333333333,4.663130250000003
2023-02-03,0.25,4.755225000000007
2023-02-03,0.5,4.878081000000001
2023-02-03,1.0,4.847360249999988
2023-02-03,2.0,4.346225000000015
2023-02-03,3.0,3.9992040000000006
2023-02-03,5.0,3.703672250000012
2023-02-03,7.0,3.6425802499999715
2023-02-03,10.0,3.5611522499999992
2023-02-03,20.0,3.805532249999999
2023-02-03,30.0,3.6629422499999675
2023-02-06,0.08333333333333333,4.663130250000003
2023-02-06,0.25,4.765460249999998
2023-02-06,0.5,4.949780250000013
2023-02-06,1.0,4.908806250000031
2023-02-06,2.0,4.489283999999993
2023-02-06,3.0,4.1420249999999825
2023-02-06,5.0,3.8462902500000062
2023-02-06,7.0,3.7647822500000094
2023-02-06,10.0,3.6629422499999675
2023-02-06,20.0,3.8564809999999783
2023-02-06,30.0,3.703672250000012
2023-02-07,0.08333333333333333,4.673360999999976
2023-02-07,0.25,4.765460249999998
2023-02-07,0.5,4.949780250000013
2023-02-07,1.0,4.939535999999989
2023-02-07,2.0,4.519952250000014
2023-02-07,3.0,4.152230250000022
2023-02-07,5.0,3.8870562499999872
2023-02-07,7.0,3.815720999999983
2023-02-07,10.0,3.703672250000012
2023-02-07,20.0,3.907442249999993
2023-02-07,30.0,3.754595999999988
2023-02-08,0.08333333333333333,4.693824000000024
2023-02-08,0.25,4.775696000000007
2023-02-08,0.5,4.939535999999989
2023-02-08,1.0,4.929292250000028
2023-02-08,2.0,4.499506250000018
2023-02-08,3.0,4.121616000000006
2023-02-08,5.0,3.8564809999999783
2023-02-08,7.0,3.785156249999999
2023-02-08,10.0,3.6629422499999675
2023-02-08,20.0,3.8972490000000137
2023-02-08,30.0,3.734225000000002
2023-02-09,0.08333333333333333,4.714289000000016
2023-02-09,0.25,4.826882249999986
2023-02-09,0.5,4.96002499999999
2023-02-09,1.0,4.939535999999989
2023-02-09,2.0,4.530175999999986
2023-02-09,3.0,4.193056250000016
2023-02-09,5.0,3.907442249999993
2023-02-09,7.0,3.8259102500000086
2023-02-09,10.0,3.703672250000012
2023-02-09,20.0,3.9380250000000228
2023-02-09,30.0,3.785156249999999
2023-02-10,0.08333333333333333,4.714289000000016
2023-02-10,0.25,4.847360249999988
2023-02-10,0.5,4.949780250000013
2023-02-10,1.0,4.949780250000013
2023-02-10,2.0,4.550624999999986
2023-02-10,3.0,4.233890250000005
2023-02-10,5.0,3.968612249999981
2023-02-10,7.0,3.8972490000000137
2023-02-10,10.0,3.7749689999999836
2023-02-10,20.0,3.9992040000000006
2023-02-10,30.0,3.8666722499999917
2023-02-13,0.08333333333333333,4.714289000000016
2023-02-13,0.25,4.867840249999977
2023-02-13,0.5,5.052250250000001
2023-02-13,1.0,4.970270250000008
2023-02-13,2.0,4.571075999999996
2023-02-13,3.0,4.264520999999988
2023-02-13,5.0,3.968612249999981
2023-02-13,7.0,3.8768640000000243
2023-02-13,10.0,3.754595999999988
2023-02-13,20.0,3.95841600000002
2023-02-13,30.0,3.8259102500000086
2023-02-14,0.08333333333333333,4.6835922499999905
2023-02-14,0.25,4.857599999999995
2023-02-14,0.5,5.042000999999985
2023-02-14,1.0,5.052250250000001
2023-02-14,2.0,4.652899999999982
2023-02-14,3.0,4.366656000000013
2023-02-14,5.0,4.039999999999999
2023-02-14,7.0,3.9380250000000228
2023-02-14,10.0,3.805532249999999
2023-02-14,20.0,3.9788090000000054
2023-02-14,30.0,3.8462902500000062
2023-02-15,0.08333333333333333,4.693824000000024
2023-02-15,0.25,4.847360249999988
2023-02-15,0.5,5.03175225000001
2023-02-15,1.0,5.021503999999988
2023-02-15,2.0,4.673360999999976
2023-02-15,3.0,4.397306249999988
2023-02-15,5.0,4.080803999999993
2023-02-15,7.0,3.9788090000000054
2023-02-15,10.0,3.8462902500000062
2023-02-15,20.0,4.009402249999994
2023-02-15,30.0,3.8870562499999872
2023-02-16,0.08333333333333333,4.714289000000016
2023-02-16,0.25,4.898563999999994
2023-02-16,0.5,5.042000999999985
2023-02-16,1.0,5.052250250000001
2023-02-16,2.0,4.673360999999976
2023-02-16,3.0,4.397306249999988
2023-02-16,5.0,4.1012089999999946
2023-02-16,7.0,4.019601000000006
2023-02-16,10.0,3.8972490000000137
2023-02-16,20.0,4.091006250000029
2023-02-16,30.0,3.95841600000002
2023-02-17,0.08333333333333333,4.693824000000024
2023-02-17,0.25,4.898563999999994
2023-02-17,0.5,5.052250250000001
2023-02-17,1.0,5.062499999999992
2023-02-17,2.0,4.652899999999982
2023-02-17,3.0,4.376872249999986
2023-02-17,5.0,4.070602250000022
2023-02-17,7.0,3.9890062499999823
2023-02-17,10.0,3.8564809999999783
2023-02-17,20.0,4.05020024999998
2023-02-17,30.0,3.917636000000013
2023-02-21,0.08333333333333333,4.6835922499999905
2023-02-21,0.25,4.919048999999998
2023-02-21,0.5,5.134262249999999
2023-02-21,1.0,5.134262249999999
2023-02-21,2.0,4.724522249999996
2023-02-21,3.0,4.489283999999993
2023-02-21,5.0,4.2032639999999954
2023-02-21,7.0,4.121616000000006
2023-02-21,10.0,3.9890062499999823
2023-02-21,20.0,4.162435999999992
2023-02-21,30.0,4.019601000000006
2023-02-22,0.08333333333333333,4.673360999999976
2023-02-22,0.25,4.898563999999994
2023-02-22,0.5,5.14451600000001
2023-02-22,1.0,5.134262249999999
2023-02-22,2.0,4.714289000000016
2023-02-22,3.0,4.479062249999988
2023-02-22,5.0,4.172642250000003
2023-02-22,7.0,4.111412250000024
2023-02-22,10.0,3.968612249999981
2023-02-22,20.0,4.131820250000007
2023-02-22,30.0,3.9788090000000054
2023-02-23,0.08333333333333333,4.714289000000016
2023-02-23,0.25,4.898563999999994
2023-02-23,0.5,5.11375624999999
2023-02-23,1.0,5.093252249999991
2023-02-23,2.0,4.714289000000016
2023-02-23,3.0,4.448399999999997
2023-02-23,5.0,4.131820250000007
2023-02-23,7.0,4.060401000000002
2023-02-23,10.0,3.917636000000013
2023-02-23,20.0,4.080803999999993
2023-02-23,30.0,3.917636000000013
2023-02-24,0.08333333333333333,4.734756000000018
2023-02-24,0.25,4.919048999999998
2023-02-24,0.5,5.124009000000029
2023-02-24,1.0,5.11375624999999
2023-02-24,2.0,4.837121
2023-02-24,3.0,4.571075999999996
2023-02-24,5.0,4.233890250000005
2023-02-24,7.0,4.1420249999999825
2023-02-24,10.0,3.9890062499999823
2023-02-24,20.0,4.152230250000022
2023-02-24,30.0,3.968612249999981
2023-02-27,0.08333333333333333,4.724522249999996
2023-02-27,0.25,4.949780250000013
2023-02-27,0.5,5.247080999999998
2023-02-27,1.0,5.093252249999991
2023-02-27,2.0,4.837121
2023-02-27,3.0,4.540400250000021
2023-02-27,5.0,4.213472250000017
2023-02-27,7.0,4.121616000000006
2023-02-27,10.0,3.95841600000002
2023-02-27,20.0,4.152230250000022
2023-02-27,30.0,3.968612249999981
2023-02-28,0.08333333333333333,4.704056249999988
2023-02-28,0.25,4.939535999999989
2023-02-28,0.5,5.236822249999995
2023-02-28,1.0,5.083000999999987
2023-02-28,2.0,4.867840249999977
2023-02-28,3.0,4.560850250000015
2023-02-28,5.0,4.22368099999999
2023-02-28,7.0,4.111412250000024
2023-02-28,10.0,3.95841600000002
2023-02-28,20.0,4.1420249999999825
2023-02-28,30.0,3.968612249999981
2023-03-01,0.08333333333333333,4.724522249999996
2023-03-01,0.25,4.96002499999999
2023-03-01,0.5,5.2675999999999945
2023-03-01,1.0,5.124009000000029
2023-03-01,2.0,4.949780250000013
2023-03-01,3.0,4.663130250000003
2023-03-01,5.0,4.315582249999994
2023-03-01,7.0,4.213472250000017
2023-03-01,10.0,4.05020024999998
2023-03-01,20.0,4.213472250000017
2023-03-01,30.0,4.009402249999994
2023-03-02,0.08333333333333333,4.806406249999995
2023-03-02,0.25,4.970270250000008
2023-03-02,0.5,5.247080999999998
2023-03-02,1.0,5.10350399999997
2023-03-02,2.0,4.949780250000013
2023-03-02,3.0,4.6835922499999905
2023-03-02,5.0,4.366656000000013
2023-03-02,7.0,4.284944000000013
2023-03-02,10.0,4.121616000000006
2023-03-02,20.0,4.284944000000013
2023-03-02,30.0,4.070602250000022
2023-03-03,0.08333333333333333,4.806406249999995
2023-03-03,0.25,4.970270250000008
2023-03-03,0.5,5.247080999999998
2023-03-03,1.0,5.093252249999991
2023-03-03,2.0,4.919048999999998
2023-03-03,3.0,4.652899999999982
2023-03-03,5.0,4.3053690000000255
2023-03-03,7.0,4.193056250000016
2023-03-03,10.0,4.009402249999994
2023-03-03,20.0,4.162435999999992
2023-03-03,30.0,3.9380250000000228
2023-03-06,0.08333333333333333,4.806406249999995
2023-03-06,0.25,4.990762250000014
2023-03-06,0.5,5.288121000000001
2023-03-06,1.0,5.11375624999999
2023-03-06,2.0,4.949780250000013
2023-03-06,3.0,4.663130250000003
2023-03-06,5.0,4.315582249999994
2023-03-06,7.0,4.2032639999999954
2023-03-06,10.0,4.019601000000006
2023-03-06,20.0,4.1828489999999885
2023-03-06,30.0,3.95841600000002
2023-03-07,0.08333333333333333,4.857599999999995
2023-03-07,0.25,5.10350399999997
2023-03-07,0.5,5.3907559999999854
2023-03-07,1.0,5.288121000000001
2023-03-07,2.0,5.062499999999992
2023-03-07,3.0,4.714289000000016
2023-03-07,5.0,4.356440249999993
2023-03-07,7.0,4.213472250000017
2023-03-07,10.0,4.009402249999994
2023-03-07,20.0,4.152230250000022
2023-03-07,30.0,3.917636000000013
2023-03-08,0.08333333333333333,4.826882249999986
2023-03-08,0.25,5.124009000000029
2023-03-08,0.5,5.411288999999986
2023-03-08,1.0,5.318906250000022
2023-03-08,2.0,5.11375624999999
2023-03-08,3.0,4.765460249999998
2023-03-08,5.0,4.387089000000022
2023-03-08,7.0,4.233890250000005
2023-03-08,10.0,4.019601000000006
2023-03-08,20.0,4.152230250000022
2023-03-08,30.0,3.917636000000013
2023-03-09,0.08333333333333333,4.888322249999977
2023-03-09,0.25,5.11375624999999
2023-03-09,0.5,5.3907559999999854
2023-03-09,1.0,5.247080999999998
2023-03-09,2.0,4.96002499999999
2023-03-09,3.0,4.61198399999998
2023-03-09,5.0,4.264520999999988
2023-03-09,7.0,4.1420249999999825
2023-03-09,10.0,3.968612249999981
2023-03-09,20.0,4.131820250000007
2023-03-09,30.0,3.917636000000013
2023-03-10,0.08333333333333333,4.867840249999977
2023-03-10,0.25,5.072750250000002
2023-03-10,0.5,5.236822249999995
2023-03-10,1.0,4.96002499999999
2023-03-10,2.0,4.652899999999982
2023-03-10,3.0,4.356440249999993
2023-03-10,5.0,3.9992040000000006
2023-03-10,7.0,3.8972490000000137
2023-03-10,10.0,3.734225000000002
2023-03-10,20.0,3.9380250000000228
2023-03-10,30.0,3.734225000000002
2023-03-13,0.08333333333333333,4.673360999999976
2023-03-13,0.25,4.929292250000028
2023-03-13,0.5,4.867840249999977
2023-03-13,1.0,4.346225000000015
2023-03-13,2.0,4.070602250000022
2023-03-13,3.0,3.917636000000013
2023-03-13,5.0,3.7138560000000043
2023-03-13,7.0,3.683306250000018
2023-03-13,10.0,3.5815062499999772
2023-03-13,20.0,3.8870562499999872
2023-03-13,30.0,3.734225000000002
2023-03-14,0.08333333333333333,4.519952250000014
2023-03-14,0.25,4.939535999999989
2023-03-14,0.5,4.990762250000014
2023-03-14,1.0,4.499506250000018
2023-03-14,2.0,4.244099999999973
2023-03-14,3.0,4.091006250000029
2023-03-14,5.0,3.815720999999983
2023-03-14,7.0,3.7749689999999836
2023-03-14,10.0,3.6731239999999943
2023-03-14,20.0,3.9482202499999897
2023-03-14,30.0,3.805532249999999
2023-03-15,0.08333333333333333,4.274732249999991
2023-03-15,0.25,4.806406249999995
2023-03-15,0.5,4.785932249999991
2023-03-15,1.0,4.233890250000005
2023-03-15,2.0,3.968612249999981
2023-03-15,3.0,3.8666722499999917
2023-03-15,5.0,3.6222202499999856
2023-03-15,7.0,3.6018622499999875
2023-03-15,10.0,3.540800249999987
2023-03-15,20.0,3.8564809999999783
2023-03-15,30.0,3.734225000000002
2023-03-16,0.08333333333333333,4.264520999999988
2023-03-16,0.25,4.796169000000017
2023-03-16,0.5,5.0010089999999785
2023-03-16,1.0,4.540400250000021
2023-03-16,2.0,4.1828489999999885
2023-03-16,3.0,4.029800249999993
2023-03-16,5.0,3.754595999999988
2023-03-16,7.0,3.703672250000012
2023-03-16,10.0,3.591684000000006
2023-03-16,20.0,3.907442249999993
2023-03-16,30.0,3.7444102500000076
2023-03-17,0.08333333333333333,4.356440249999993
2023-03-17,0.25,4.571075999999996
2023-03-17,0.5,4.765460249999998
2023-03-17,1.0,4.3053690000000255
2023-03-17,2.0,3.8462902500000062
2023-03-17,3.0,3.7138560000000043
2023-03-17,5.0,3.4695840000000144
2023-03-17,7.0,3.479756249999988
2023-03-17,10.0,3.4187302500000127
2023-03-17,20.0,3.7953439999999894
2023-03-17,30.0,3.6324000000000023
2023-03-20,0.08333333333333333,4.387089000000022
2023-03-20,0.25,4.867840249999977
2023-03-20,0.5,4.857599999999995
2023-03-20,1.0,4.387089000000022
2023-03-20,2.0,3.95841600000002
2023-03-20,3.0,3.805532249999999
2023-03-20,5.0,3.591684000000006
2023-03-20,7.0,3.5815062499999772
2023-03-20,10.0,3.5001022499999923
2023-03-20,20.0,3.8666722499999917
2023-03-20,30.0,3.683306250000018
2023-03-21,0.08333333333333333,4.111412250000024
2023-03-21,0.25,4.837121
2023-03-21,0.5,5.021503999999988
2023-03-21,1.0,4.734756000000018
2023-03-21,2.0,4.213472250000017
2023-03-21,3.0,4.019601000000006
2023-03-21,5.0,3.7647822500000094
2023-03-21,7.0,3.7138560000000043
2023-03-21,10.0,3.6222202499999856
2023-03-21,20.0,3.9380250000000228
2023-03-21,30.0,3.7647822500000094
2023-03-22,0.08333333333333333,4.2032639999999954
2023-03-22,0.25,4.847360249999988
2023-03-22,0.5,5.011256250000007
2023-03-22,1.0,4.61198399999998
2023-03-22,2.0,3.9992040000000006
2023-03-22,3.0,3.7953439999999894
2023-03-22,5.0,3.571329000000012
2023-03-22,7.0,3.5611522499999992
2023-03-22,10.0,3.5102760000000233
2023-03-22,20.0,3.8666722499999917
2023-03-22,30.0,3.7138560000000043
2023-03-23,0.08333333333333333,4.3053690000000255
2023-03-23,0.25,4.785932249999991
2023-03-23,0.5,4.857599999999995
2023-03-23,1.0,4.4279610000000025
2023-03-23,2.0,3.7953439999999894
2023-03-23,3.0,3.6018622499999875
2023-03-23,5.0,3.4187302500000127
2023-03-23,7.0,3.4187302500000127
2023-03-23,10.0,3.4085609999999766
2023-03-23,20.0,3.815720999999983
2023-03-23,30.0,3.6934889999999942
2023-03-24,0.08333333333333333,4.325796000000026
2023-03-24,0.25,4.796169000000017
2023-03-24,0.5,4.816644000000014
2023-03-24,1.0,4.366656000000013
2023-03-24,2.0,3.7953439999999894
2023-03-24,3.0,3.6120410000000103
2023-03-24,5.0,3.439070250000009
2023-03-24,7.0,3.428899999999979
2023-03-24,10.0,3.4085609999999766
2023-03-24,20.0,3.805532249999999
2023-03-24,30.0,3.6731239999999943
2023-03-27,0.08333333333333333,4.264520999999988
2023-03-27,0.25,4.970270250000008
2023-03-27,0.5,4.919048999999998
2023-03-27,1.0,4.560850250000015
2023-03-27,2.0,3.9788090000000054
2023-03-27,3.0,3.8259102500000086
2023-03-27,5.0,3.6222202499999856
2023-03-27,7.0,3.6018622499999875
2023-03-27,10.0,3.5611522499999992
2023-03-27,20.0,3.9380250000000228
2023-03-27,30.0,3.805532249999999
2023-03-28,0.08333333333333333,4.284944000000013
2023-03-28,0.25,4.857599999999995
2023-03-28,0.5,4.96002499999999
2023-03-28,1.0,4.601756250000011
2023-03-28,2.0,4.060401000000002
2023-03-28,3.0,3.8768640000000243
2023-03-28,5.0,3.6629422499999675
2023-03-28,7.0,3.6324000000000023
2023-03-28,10.0,3.5815062499999772
2023-03-28,20.0,3.9380250000000228
2023-03-28,30.0,3.805532249999999
2023-03-29,0.08333333333333333,4.387089000000022
2023-03-29,0.25,4.857599999999995
2023-03-29,0.5,4.9805160000000015
2023-03-29,1.0,4.642670250000003
2023-03-29,2.0,4.121616000000006
2023-03-29,3.0,3.907442249999993
2023-03-29,5.0,3.703672250000012
2023-03-29,7.0,3.6527610000000044
2023-03-29,10.0,3.6018622499999875
2023-03-29,20.0,3.9482202499999897
2023-03-29,30.0,3.815720999999983
2023-03-30,0.08333333333333333,4.796169000000017
2023-03-30,0.25,5.03175225000001
2023-03-30,0.5,4.9805160000000015
2023-03-30,1.0,4.6835922499999905
2023-03-30,2.0,4.1420249999999825
2023-03-30,3.0,3.907442249999993
2023-03-30,5.0,3.6934889999999942
2023-03-30,7.0,3.6425802499999715
2023-03-30,10.0,3.5815062499999772
2023-03-30,20.0,3.917636000000013
2023-03-30,30.0,3.7749689999999836
2023-03-31,0.08333333333333333,4.796169000000017
2023-03-31,0.25,4.908806250000031
2023-03-31,0.5,5.0010089999999785
2023-03-31,1.0,4.693824000000024
2023-03-31,2.0,4.1012089999999946
2023-03-31,3.0,3.8462902500000062
2023-03-31,5.0,3.6324000000000023
2023-03-31,7.0,3.5815062499999772
2023-03-31,10.0,3.5102760000000233
2023-03-31,20.0,3.8462902500000062
2023-03-31,30.0,3.703672250000012
2023-04-03,0.08333333333333333,4.755225000000007
2023-04-03,0.25,4.96002499999999
2023-04-03,0.5,4.939535999999989
2023-04-03,1.0,4.652899999999982
2023-04-03,2.0,4.009402249999994
2023-04-03,3.0,3.7647822500000094
2023-04-03,5.0,3.5509760000000057
2023-04-03,7.0,3.5102760000000233
2023-04-03,10.0,3.4594122499999935
2023-04-03,20.0,3.815720999999983
2023-04-03,30.0,3.6731239999999943
2023-04-04,0.08333333333333333,4.714289000000016
2023-04-04,0.25,4.939535999999989
2023-04-04,0.5,4.857599999999995
2023-04-04,1.0,4.550624999999986
2023-04-04,2.0,3.8768640000000243
2023-04-04,3.0,3.6324000000000023
2023-04-04,5.0,3.4187302500000127
2023-04-04,7.0,3.4085609999999766
2023-04-04,10.0,3.3780562500000055
2023-04-04,20.0,3.754595999999988
2023-04-04,30.0,3.6324000000000023
2023-04-05,0.08333333333333333,4.673360999999976
2023-04-05,0.25,4.919048999999998
2023-04-05,0.5,4.878081000000001
2023-04-05,1.0,4.479062249999988
2023-04-05,2.0,3.8259102500000086
2023-04-05,3.0,3.5815062499999772
2023-04-05,5.0,3.388223999999984
2023-04-05,7.0,3.3678889999999795
2023-04-05,10.0,3.3272250000000003
2023-04-05,20.0,3.703672250000012
2023-04-05,30.0,3.591684000000006
2023-04-06,0.08333333333333333,4.622212250000013
2023-04-06,0.25,4.970270250000008
2023-04-06,0.5,4.990762250000014
2023-04-06,1.0,4.560850250000015
2023-04-06,2.0,3.8564809999999783
2023-04-06,3.0,3.6222202499999856
2023-04-06,5.0,3.398392250000004
2023-04-06,7.0,3.3678889999999795
2023-04-06,10.0,3.3272250000000003
2023-04-06,20.0,3.6934889999999942
2023-04-06,30.0,3.571329000000012
2023-04-07,0.08333333333333333,4.61198399999998
2023-04-07,0.25,5.011256250000007
2023-04-07,0.5,5.011256250000007
2023-04-07,1.0,4.663130250000003
2023-04-07,2.0,4.009402249999994
2023-04-07,3.0,3.754595999999988
2023-04-07,5.0,3.5204502499999846
2023-04-07,7.0,3.479756249999988
2023-04-07,10.0,3.4187302500000127
2023-04-07,20.0,3.7647822500000094
2023-04-07,30.0,3.6425802499999715
2023-04-10,0.08333333333333333,4.581302250000019
2023-04-10,0.25,5.14451600000001
2023-04-10,0.5,5.042000999999985
2023-04-10,1.0,4.704056249999988
2023-04-10,2.0,4.039999999999999
2023-04-10,3.0,3.785156249999999
2023-04-10,5.0,3.5509760000000057
2023-04-10,7.0,3.5001022499999923
2023-04-10,10.0,3.439070250000009
2023-04-10,20.0,3.7749689999999836
2023-04-10,30.0,3.6527610000000044
2023-04-11,0.08333333333333333,4.315582249999994
2023-04-11,0.25,5.10350399999997
2023-04-11,0.5,5.052250250000001
2023-04-11,1.0,4.724522249999996
2023-04-11,2.0,4.070602250000022
2023-04-11,3.0,3.7953439999999894
2023-04-11,5.0,3.571329000000012
2023-04-11,7.0,3.5102760000000233
2023-04-11,10.0,3.4594122499999935
2023-04-11,20.0,3.785156249999999
2023-04-11,30.0,3.6527610000000044
2023-04-12,0.08333333333333333,4.315582249999994
2023-04-12,0.25,5.083000999999987
2023-04-12,0.5,5.042000999999985
2023-04-12,1.0,4.693824000000024
2023-04-12,2.0,3.9890062499999823
2023-04-12,3.0,3.7138560000000043
2023-04-12,5.0,3.489929000000025
2023-04-12,7.0,3.4594122499999935
2023-04-12,10.0,3.439070250000009
2023-04-12,20.0,3.785156249999999
2023-04-12,30.0,3.6731239999999943
2023-04-13,0.08333333333333333,4.121616000000006
2023-04-13,0.25,5.165025000000023
2023-04-13,0.5,5.011256250000007
2023-04-13,1.0,4.714289000000016
2023-04-13,2.0,3.9992040000000006
2023-04-13,3.0,3.734225000000002
2023-04-13,5.0,3.540800249999987
2023-04-13,7.0,3.5102760000000233
2023-04-13,10.0,3.479756249999988
2023-04-13,20.0,3.8360999999999867
2023-04-13,30.0,3.724040250000016
2023-04-14,0.08333333333333333,4.336010249999989
2023-04-14,0.25,5.206049000000013
2023-04-14,0.5,5.093252249999991
2023-04-14,1.0,4.826882249999986
2023-04-14,2.0,4.121616000000006
2023-04-14,3.0,3.8666722499999917
2023-04-14,5.0,3.6324000000000023
2023-04-14,7.0,3.591684000000006
2023-04-14,10.0,3.5509760000000057
2023-04-14,20.0,3.8870562499999872
2023-04-14,30.0,3.7749689999999836
2023-04-17,0.08333333333333333,4.131820250000007
2023-04-17,0.25,5.277860249999988
2023-04-17,0.5,5.134262249999999
2023-04-17,1.0,4.857599999999995
2023-04-17,2.0,4.22368099999999
2023-04-17,3.0,3.95841600000002
2023-04-17,5.0,3.724040250000016
2023-04-17,7.0,3.6731239999999943
2023-04-17,10.0,3.6324000000000023
2023-04-17,20.0,3.95841600000002
2023-04-17,30.0,3.8462902500000062
2023-04-18,0.08333333333333333,3.927830249999986
2023-04-18,0.25,5.2675999999999945
2023-04-18,0.5,5.154770249999996
2023-04-18,1.0,4.867840249999977
2023-04-18,2.0,4.233890250000005
2023-04-18,3.0,3.95841600000002
2023-04-18,5.0,3.724040250000016
2023-04-18,7.0,3.6629422499999675
2023-04-18,10.0,3.6120410000000103
2023-04-18,20.0,3.9482202499999897
2023-04-18,30.0,3.8259102500000086
2023-04-19,0.08333333333333333,3.9890062499999823
2023-04-19,0.25,5.226564000000011
2023-04-19,0.5,5.165025000000023
2023-04-19,1.0,4.898563999999994
2023-04-19,2.0,4.284944000000013
2023-04-19,3.0,4.009402249999994
2023-04-19,5.0,3.7444102500000076
2023-04-19,7.0,3.6934889999999942
2023-04-19,10.0,3.6324000000000023
2023-04-19,20.0,3.9380250000000228
2023-04-19,30.0,3.8259102500000086
2023-04-20,0.08333333333333333,3.428899999999979
2023-04-20,0.25,5.185536000000024
2023-04-20,0.5,5.124009000000029
2023-04-20,1.0,4.826882249999986
2023-04-20,2.0,4.1828489999999885
2023-04-20,3.0,3.907442249999993
2023-04-20,5.0,3.6629422499999675
2023-04-20,7.0,3.6222202499999856
2023-04-20,10.0,3.571329000000012
2023-04-20,20.0,3.907442249999993
2023-04-20,30.0,3.785156249999999
2023-04-21,0.08333333333333333,3.388223999999984
2023-04-21,0.25,5.206049000000013
2023-04-21,0.5,5.134262249999999
2023-04-21,1.0,4.837121
2023-04-21,2.0,4.213472250000017
2023-04-21,3.0,3.927830249999986
2023-04-21,5.0,3.6934889999999942
2023-04-21,7.0,3.6527610000000044
2023-04-21,10.0,3.6018622499999875
2023-04-21,20.0,3.9380250000000228
2023-04-21,30.0,3.815720999999983
2023-04-24,0.08333333333333333,3.571329000000012
2023-04-24,0.25,5.2675999999999945
2023-04-24,0.5,5.124009000000029
2023-04-24,1.0,4.816644000000014
2023-04-24,2.0,4.162435999999992
2023-04-24,3.0,3.8768640000000243
2023-04-24,5.0,3.6324000000000023
2023-04-24,7.0,3.591684000000006
2023-04-24,10.0,3.5509760000000057
2023-04-24,20.0,3.8870562499999872
2023-04-24,30.0,3.7647822500000094
2023-04-25,0.08333333333333333,4.152230250000022
2023-04-25,0.25,5.185536000000024
2023-04-25,0.5,5.042000999999985
2023-04-25,1.0,4.652899999999982
2023-04-25,2.0,3.8972490000000137
2023-04-25,3.0,3.6527610000000044
2023-04-25,5.0,3.4594122499999935
2023-04-25,7.0,3.4492409999999696
2023-04-25,10.0,3.428899999999979
2023-04-25,20.0,3.805532249999999
2023-04-25,30.0,3.683306250000018
2023-04-26,0.08333333333333333,3.9482202499999897
2023-04-26,0.25,5.226564000000011
2023-04-26,0.5,5.062499999999992
2023-04-26,1.0,4.693824000000024
2023-04-26,2.0,3.9380250000000228
2023-04-26,3.0,3.683306250000018
2023-04-26,5.0,3.489929000000025
2023-04-26,7.0,3.479756249999988
2023-04-26,10.0,3.4594122499999935
2023-04-26,20.0,3.8462902500000062
2023-04-26,30.0,3.734225000000002
2023-04-27,0.08333333333333333,4.315582249999994
2023-04-27,0.25,5.247080999999998
2023-04-27,0.5,5.11375624999999
2023-04-27,1.0,4.837121
2023-04-27,2.0,4.111412250000024
2023-04-27,3.0,3.8564809999999783
2023-04-27,5.0,3.6324000000000023
2023-04-27,7.0,3.6018622499999875
2023-04-27,10.0,3.5611522499999992
2023-04-27,20.0,3.917636000000013
2023-04-27,30.0,3.7953439999999894
2023-04-28,0.08333333333333333,4.397306249999988
2023-04-28,0.25,5.165025000000023
2023-04-28,0.5,5.124009000000029
2023-04-28,1.0,4.857599999999995
2023-04-28,2.0,4.080803999999993
2023-04-28,3.0,3.785156249999999
2023-04-28,5.0,3.540800249999987
2023-04-28,7.0,3.5204502499999846
2023-04-28,10.0,3.4695840000000144
2023-04-28,20.0,3.8360999999999867
2023-04-28,30.0,3.703672250000012
2023-05-01,0.08333333333333333,4.540400250000021
2023-05-01,0.25,5.33943225000002
2023-05-01,0.5,5.206049000000013
2023-05-01,1.0,4.919048999999998
2023-05-01,2.0,4.1828489999999885
2023-05-01,3.0,3.8870562499999872
2023-05-01,5.0,3.6731239999999943
2023-05-01,7.0,3.6527610000000044
2023-05-01,10.0,3.6222202499999856
2023-05-01,20.0,3.9890062499999823
2023-05-01,30.0,3.8768640000000243
2023-05-02,0.08333333333333333,4.61198399999998
2023-05-02,0.25,5.308643999999996
2023-05-02,0.5,5.124009000000029
2023-05-02,1.0,4.796169000000017
2023-05-02,2.0,4.009402249999994
2023-05-02,3.0,3.703672250000012
2023-05-02,5.0,3.489929000000025
2023-05-02,7.0,3.4695840000000144
2023-05-02,10.0,3.4695840000000144
2023-05-02,20.0,3.8564809999999783
2023-05-02,30.0,3.754595999999988
2023-05-03,0.08333333333333333,4.755225000000007
2023-05-03,0.25,5.329169
2023-05-03,0.5,5.14451600000001
2023-05-03,1.0,4.755225000000007
2023-05-03,2.0,3.927830249999986
2023-05-03,3.0,3.6120410000000103
2023-05-03,5.0,3.398392250000004
2023-05-03,7.0,3.398392250000004
2023-05-03,10.0,3.4085609999999766
2023-05-03,20.0,3.8259102500000086
2023-05-03,30.0,3.734225000000002
2023-05-04,0.08333333333333333,5.842943999999983
2023-05-04,0.25,5.329169
2023-05-04,0.5,5.10350399999997
2023-05-04,1.0,4.642670250000003
2023-05-04,2.0,3.785156249999999
2023-05-04,3.0,3.5001022499999923
2023-05-04,5.0,3.3170602500000257
2023-05-04,7.0,3.347555999999985
2023-05-04,10.0,3.398392250000004
2023-05-04,20.0,3.8360999999999867
2023-05-04,30.0,3.7647822500000094
2023-05-05,0.08333333333333333,5.668120249999986
2023-05-05,0.25,5.329169
2023-05-05,0.5,5.195792249999998
2023-05-05,1.0,4.785932249999991
2023-05-05,2.0,3.95841600000002
2023-05-05,3.0,3.6629422499999675
2023-05-05,5.0,3.439070250000009
2023-05-05,7.0,3.439070250000009
2023-05-05,10.0,3.4695840000000144
2023-05-05,20.0,3.8870562499999872
2023-05-05,30.0,3.7953439999999894
2023-05-08,0.08333333333333333,5.585900249999987
2023-05-08,0.25,5.380490250000025
2023-05-08,0.5,5.206049000000013
2023-05-08,1.0,4.847360249999988
2023-05-08,2.0,4.039999999999999
2023-05-08,3.0,3.734225000000002
2023-05-08,5.0,3.5204502499999846
2023-05-08,7.0,3.5306250000000095
2023-05-08,10.0,3.5509760000000057
2023-05-08,20.0,3.95841600000002
2023-05-08,30.0,3.8768640000000243
2023-05-09,0.08333333333333333,5.637284000000009
2023-05-09,0.25,5.3599602500000065
2023-05-09,0.5,5.247080999999998
2023-05-09,1.0,4.867840249999977
2023-05-09,2.0,4.05020024999998
2023-05-09,3.0,3.703672250000012
2023-05-09,5.0,3.540800249999987
2023-05-09,7.0,3.540800249999987
2023-05-09,10.0,3.5611522499999992
2023-05-09,20.0,3.9788090000000054
2023-05-09,30.0,3.8870562499999872
2023-05-10,0.08333333333333333,5.575625000000017
2023-05-10,0.25,5.308643999999996
2023-05-10,0.5,5.195792249999998
2023-05-10,1.0,4.755225000000007
2023-05-10,2.0,3.9380250000000228
2023-05-10,3.0,3.5815062499999772
2023-05-10,5.0,3.398392250000004
2023-05-10,7.0,3.428899999999979
2023-05-10,10.0,3.4594122499999935
2023-05-10,20.0,3.917636000000013
2023-05-10,30.0,3.8360999999999867
2023-05-11,0.08333333333333333,5.894390250000003
2023-05-11,0.25,5.2675999999999945
2023-05-11,0.5,5.206049000000013
2023-05-11,1.0,4.755225000000007
2023-05-11,2.0,3.927830249999986
2023-05-11,3.0,3.591684000000006
2023-05-11,5.0,3.388223999999984
2023-05-11,7.0,3.398392250000004
2023-05-11,10.0,3.4187302500000127
2023-05-11,20.0,3.8564809999999783
2023-05-11,30.0,3.7647822500000094
2023-05-12,0.08333333333333333,5.87381025
2023-05-12,0.25,5.318906250000022
2023-05-12,0.5,5.226564000000011
2023-05-12,1.0,4.806406249999995
2023-05-12,2.0,4.019601000000006
2023-05-12,3.0,3.683306250000018
2023-05-12,5.0,3.479756249999988
2023-05-12,7.0,3.479756249999988
2023-05-12,10.0,3.489929000000025
2023-05-12,20.0,3.907442249999993
2023-05-12,30.0,3.815720999999983
2023-05-15,0.08333333333333333,5.719523999999998
2023-05-15,0.25,5.277860249999988
2023-05-15,0.5,5.308643999999996
2023-05-15,1.0,4.785932249999991
2023-05-15,2.0,4.029800249999993
2023-05-15,3.0,3.703672250000012
2023-05-15,5.0,3.489929000000025
2023-05-15,7.0,3.5102760000000233
2023-05-15,10.0,3.5306250000000095
2023-05-15,20.0,3.95841600000002
2023-05-15,30.0,3.8768640000000243
2023-05-16,0.08333333333333333,5.657840999999997
2023-05-16,0.25,5.298382249999989
2023-05-16,0.5,5.329169
2023-05-16,1.0,4.939535999999989
2023-05-16,2.0,4.1012089999999946
2023-05-16,3.0,3.7749689999999836
2023-05-16,5.0,3.5509760000000057
2023-05-16,7.0,3.5611522499999992
2023-05-16,10.0,3.571329000000012
2023-05-16,20.0,3.9992040000000006
2023-05-16,30.0,3.907442249999993
2023-05-17,0.08333333333333333,5.575625000000017
2023-05-17,0.25,5.329169
2023-05-17,0.5,5.370224999999995
2023-05-17,1.0,4.9805160000000015
2023-05-17,2.0,4.162435999999992
2023-05-17,3.0,3.8360999999999867
2023-05-17,5.0,3.6120410000000103
2023-05-17,7.0,3.6120410000000103
2023-05-17,10.0,3.6018622499999875
2023-05-17,20.0,3.9992040000000006
2023-05-17,30.0,3.917636000000013
2023-05-18,0.08333333333333333,5.668120249999986
2023-05-18,0.25,5.380490250000025
2023-05-18,0.5,5.4523609999999945
2023-05-18,1.0,5.083000999999987
2023-05-18,2.0,4.284944000000013
2023-05-18,3.0,3.9788090000000054
2023-05-18,5.0,3.724040250000016
2023-05-18,7.0,3.703672250000012
2023-05-18,10.0,3.683306250000018
2023-05-18,20.0,4.060401000000002
2023-05-18,30.0,3.9482202499999897
2023-05-19,0.08333333333333333,5.698961000000002
2023-05-19,0.25,5.3599602500000065
2023-05-19,0.5,5.431823999999996
2023-05-19,1.0,5.083000999999987
2023-05-19,2.0,4.325796000000026
2023-05-19,3.0,4.019601000000006
2023-05-19,5.0,3.7953439999999894
2023-05-19,7.0,3.7749689999999836
2023-05-19,10.0,3.734225000000002
2023-05-19,20.0,4.111412250000024
2023-05-19,30.0,3.9890062499999823
2023-05-22,0.08333333333333333,5.770940250000023
2023-05-22,0.25,5.472899999999981
2023-05-22,0.5,5.503712249999992
2023-05-22,1.0,5.134262249999999
2023-05-22,2.0,4.336010249999989
2023-05-22,3.0,4.019601000000006
2023-05-22,5.0,3.805532249999999
2023-05-22,7.0,3.7749689999999836
2023-05-22,10.0,3.754595999999988
2023-05-22,20.0,4.131820250000007
2023-05-22,30.0,4.009402249999994
2023-05-23,0.08333333333333333,5.750372250000013
2023-05-23,0.25,5.411288999999986
2023-05-23,0.5,5.46263025
2023-05-23,1.0,5.124009000000029
2023-05-23,2.0,4.3053690000000255
2023-05-23,3.0,4.029800249999993
2023-05-23,5.0,3.7953439999999894
2023-05-23,7.0,3.7647822500000094
2023-05-23,10.0,3.734225000000002
2023-05-23,20.0,4.121616000000006
2023-05-23,30.0,3.9992040000000006
2023-05-24,0.08333333333333333,5.812082250000006
2023-05-24,0.25,5.442092250000008
2023-05-24,0.5,5.493440999999977
2023-05-24,1.0,5.185536000000024
2023-05-24,2.0,4.356440249999993
2023-05-24,3.0,4.080803999999993
2023-05-24,5.0,3.785156249999999
2023-05-24,7.0,3.7953439999999894
2023-05-24,10.0,3.7647822500000094
2023-05-24,20.0,4.1420249999999825
2023-05-24,30.0,4.009402249999994
2023-05-25,0.08333333333333333,6.0385062499999975
2023-05-25,0.25,5.4523609999999945
2023-05-25,0.5,5.534529000000021
2023-05-25,1.0,5.308643999999996
2023-05-25,2.0,4.550624999999986
2023-05-25,3.0,4.254310250000004
2023-05-25,5.0,3.9380250000000228
2023-05-25,7.0,3.8972490000000137
2023-05-25,10.0,3.8666722499999917
2023-05-25,20.0,4.2032639999999954
2023-05-25,30.0,4.05020024999998
2023-05-26,0.08333333333333333,6.110601000000004
2023-05-26,0.25,5.411288999999986
2023-05-26,0.5,5.513984000000027
2023-05-26,1.0,5.318906250000022
2023-05-26,2.0,4.591528999999994
2023-05-26,3.0,4.274732249999991
2023-05-26,5.0,3.95841600000002
2023-05-26,7.0,3.8972490000000137
2023-05-26,10.0,3.8360999999999867
2023-05-26,20.0,4.172642250000003
2023-05-26,30.0,3.9992040000000006
2023-05-30,0.08333333333333333,5.380490250000025
2023-05-30,0.25,5.627006249999988
2023-05-30,0.5,5.596176000000019
2023-05-30,1.0,5.288121000000001
2023-05-30,2.0,4.509728999999996
2023-05-30,3.0,4.1420249999999825
2023-05-30,5.0,3.8462902500000062
2023-05-30,7.0,3.785156249999999
2023-05-30,10.0,3.724040250000016
2023-05-30,20.0,4.1012089999999946
2023-05-30,30.0,3.9380250000000228
2023-05-31,0.08333333333333333,5.349695999999993
2023-05-31,0.25,5.596176000000019
2023-05-31,0.5,5.534529000000021
2023-05-31,1.0,5.247080999999998
2023-05-31,2.0,4.448399999999997
2023-05-31,3.0,4.080803999999993
2023-05-31,5.0,3.7749689999999836
2023-05-31,7.0,3.724040250000016
2023-05-31,10.0,3.6731239999999943
2023-05-31,20.0,4.05020024999998
2023-05-31,30.0,3.8870562499999872
2023-06-01,0.08333333333333333,5.370224999999995
2023-06-01,0.25,5.575625000000017
2023-06-01,0.5,5.513984000000027
2023-06-01,1.0,5.175280250000003
2023-06-01,2.0,4.376872249999986
2023-06-01,3.0,4.019601000000006
2023-06-01,5.0,3.734225000000002
2023-06-01,7.0,3.6934889999999942
2023-06-01,10.0,3.6425802499999715
2023-06-01,20.0,4.019601000000006
2023-06-01,30.0,3.8768640000000243
2023-06-02,0.08333333333333333,5.349695999999993
2023-06-02,0.25,5.575625000000017
2023-06-02,0.5,5.575625000000017
2023-06-02,1.0,5.288121000000001
2023-06-02,2.0,4.550624999999986
2023-06-02,3.0,4.172642250000003
2023-06-02,5.0,3.8768640000000243
2023-06-02,7.0,3.815720999999983
2023-06-02,10.0,3.724040250000016
2023-06-02,20.0,4.070602250000022
2023-06-02,30.0,3.917636000000013
2023-06-05,0.08333333333333333,5.318906250000022
2023-06-05,0.25,5.534529000000021
2023-06-05,0.5,5.534529000000021
2023-06-05,1.0,5.236822249999995
2023-06-05,2.0,4.509728999999996
2023-06-05,3.0,4.1420249999999825
2023-06-05,5.0,3.8564809999999783
2023-06-05,7.0,3.805532249999999
2023-06-05,10.0,3.724040250000016
2023-06-05,20.0,4.070602250000022
2023-06-05,30.0,3.927830249999986
2023-06-06,0.08333333333333333,5.21630624999998
2023-06-06,0.25,5.513984000000027
2023-06-06,0.5,5.513984000000027
2023-06-06,1.0,5.2675999999999945
2023-06-06,2.0,4.560850250000015
2023-06-06,3.0,4.193056250000016
2023-06-06,5.0,3.8870562499999872
2023-06-06,7.0,3.815720999999983
2023-06-06,10.0,3.734225000000002
2023-06-06,20.0,4.060401000000002
2023-06-06,30.0,3.907442249999993
2023-06-07,0.08333333333333333,5.134262249999999
2023-06-07,0.25,5.493440999999977
2023-06-07,0.5,5.503712249999992
2023-06-07,1.0,5.226564000000011
2023-06-07,2.0,4.61198399999998
2023-06-07,3.0,4.254310250000004
2023-06-07,5.0,3.968612249999981
2023-06-07,7.0,3.917636000000013
2023-06-07,10.0,3.8259102500000086
2023-06-07,20.0,4.162435999999992
2023-06-07,30.0,3.9890062499999823
2023-06-08,0.08333333333333333,5.318906250000022
2023-06-08,0.25,5.4523609999999945
2023-06-08,0.5,5.46263025
2023-06-08,1.0,5.185536000000024
2023-06-08,2.0,4.571075999999996
2023-06-08,3.0,4.213472250000017
2023-06-08,5.0,3.907442249999993
2023-06-08,7.0,3.8360999999999867
2023-06-08,10.0,3.7647822500000094
2023-06-08,20.0,4.091006250000029
2023-06-08,30.0,3.927830249999986
2023-06-09,0.08333333333333333,5.318906250000022
2023-06-09,0.25,5.442092250000008
2023-06-09,0.5,5.46263025
2023-06-09,1.0,5.236822249999995
2023-06-09,2.0,4.642670250000003
2023-06-09,3.0,4.274732249999991
2023-06-09,5.0,3.95841600000002
2023-06-09,7.0,3.8768640000000243
2023-06-09,10.0,3.785156249999999
2023-06-09,20.0,4.091006250000029
2023-06-09,30.0,3.927830249999986
2023-06-12,0.08333333333333333,5.308643999999996
2023-06-12,0.25,5.472899999999981
2023-06-12,0.5,5.4523609999999945
2023-06-12,1.0,5.247080999999998
2023-06-12,2.0,4.601756250000011
2023-06-12,3.0,4.2032639999999954
2023-06-12,5.0,3.927830249999986
2023-06-12,7.0,3.8564809999999783
2023-06-12,10.0,3.7647822500000094
2023-06-12,20.0,4.080803999999993
2023-06-12,30.0,3.907442249999993
2023-06-13,0.08333333333333333,5.2573402499999755
2023-06-13,0.25,5.431823999999996
2023-06-13,0.5,5.431823999999996
2023-06-13,1.0,5.329169
2023-06-13,2.0,4.724522249999996
2023-06-13,3.0,4.346225000000015
2023-06-13,5.0,4.05020024999998
2023-06-13,7.0,3.9788090000000054
2023-06-13,10.0,3.8768640000000243
2023-06-13,20.0,4.162435999999992
2023-06-13,30.0,3.9788090000000054
2023-06-14,0.08333333333333333,5.247080999999998
2023-06-14,0.25,5.431823999999996
2023-06-14,0.5,5.431823999999996
2023-06-14,1.0,5.33943225000002
2023-06-14,2.0,4.796169000000017
2023-06-14,3.0,4.4177422499999786
2023-06-14,5.0,4.1012089999999946
2023-06-14,7.0,3.9890062499999823
2023-06-14,10.0,3.8666722499999917
2023-06-14,20.0,4.131820250000007
2023-06-14,30.0,3.9380250000000228
2023-06-15,0.08333333333333333,5.247080999999998
2023-06-15,0.25,5.401022250000009
2023-06-15,0.5,5.401022250000009
2023-06-15,1.0,5.277860249999988
2023-06-15,2.0,4.673360999999976
2023-06-15,3.0,4.274732249999991
2023-06-15,5.0,3.9482202499999897
2023-06-15,7.0,3.8564809999999783
2023-06-15,10.0,3.754595999999988
2023-06-15,20.0,4.060401000000002
2023-06-15,30.0,3.8870562499999872
2023-06-16,0.08333333333333333,5.247080999999998
2023-06-16,0.25,5.411288999999986
2023-06-16,0.5,5.421556250000004
2023-06-16,1.0,5.308643999999996
2023-06-16,2.0,4.755225000000007
2023-06-16,3.0,4.366656000000013
2023-06-16,5.0,4.029800249999993
2023-06-16,7.0,3.917636000000013
2023-06-16,10.0,3.805532249999999
2023-06-16,20.0,4.091006250000029
2023-06-16,30.0,3.8972490000000137
2023-06-20,0.08333333333333333,5.236822249999995
2023-06-20,0.25,5.46263025
2023-06-20,0.5,5.483170250000002
2023-06-20,1.0,5.308643999999996
2023-06-20,2.0,4.734756000000018
2023-06-20,3.0,4.336010249999989
2023-06-20,5.0,3.9992040000000006
2023-06-20,7.0,3.8870562499999872
2023-06-20,10.0,3.7749689999999836
2023-06-20,20.0,4.05020024999998
2023-06-20,30.0,3.8666722499999917
2023-06-21,0.08333333333333333,5.226564000000011
2023-06-21,0.25,5.472899999999981
2023-06-21,0.5,5.483170250000002
2023-06-21,1.0,5.318906250000022
2023-06-21,2.0,4.734756000000018
2023-06-21,3.0,4.336010249999989
2023-06-21,5.0,3.9890062499999823
2023-06-21,7.0,3.8768640000000243
2023-06-21,10.0,3.754595999999988
2023-06-21,20.0,4.029800249999993
2023-06-21,30.0,3.8462902500000062
2023-06-22,0.08333333333333333,5.247080999999998
2023-06-22,0.25,5.472899999999981
2023-06-22,0.5,5.483170250000002
2023-06-22,1.0,5.3599602500000065
2023-06-22,2.0,4.826882249999986
2023-06-22,3.0,4.4177422499999786
2023-06-22,5.0,4.070602250000022
2023-06-22,7.0,3.95841600000002
2023-06-22,10.0,3.8360999999999867
2023-06-22,20.0,4.1012089999999946
2023-06-22,30.0,3.917636000000013
2023-06-23,0.08333333333333333,5.236822249999995
2023-06-23,0.25,5.483170250000002
2023-06-23,0.5,5.483170250000002
2023-06-23,1.0,5.318906250000022
2023-06-23,2.0,4.765460249999998
2023-06-23,3.0,4.366656000000013
2023-06-23,5.0,4.029800249999993
2023-06-23,7.0,3.917636000000013
2023-06-23,10.0,3.7749689999999836
2023-06-23,20.0,4.05020024999998
2023-06-23,30.0,3.8564809999999783
2023-06-26,0.08333333333333333,5.236822249999995
2023-06-26,0.25,5.575625000000017
2023-06-26,0.5,5.5242562499999925
2023-06-26,1.0,5.33943225000002
2023-06-26,2.0,4.704056249999988
2023-06-26,3.0,4.346225000000015
2023-06-26,5.0,3.9992040000000006
2023-06-26,7.0,3.8870562499999872
2023-06-26,10.0,3.754595999999988
2023-06-26,20.0,4.05020024999998
2023-06-26,30.0,3.8666722499999917
2023-06-27,0.08333333333333333,5.236822249999995
2023-06-27,0.25,5.513984000000027
2023-06-27,0.5,5.534529000000021
2023-06-27,1.0,5.401022250000009
2023-06-27,2.0,4.796169000000017
2023-06-27,3.0,4.4279610000000025
2023-06-27,5.0,4.060401000000002
2023-06-27,7.0,3.9380250000000228
2023-06-27,10.0,3.805532249999999
2023-06-27,20.0,4.070602250000022
2023-06-27,30.0,3.8768640000000243
2023-06-28,0.08333333333333333,5.236822249999995
2023-06-28,0.25,5.513984000000027
2023-06-28,0.5,5.544802250000003
2023-06-28,1.0,5.3907559999999854
2023-06-28,2.0,4.765460249999998
2023-06-28,3.0,4.366656000000013
2023-06-28,5.0,4.009402249999994
2023-06-28,7.0,3.8666722499999917
2023-06-28,10.0,3.7444102500000076
2023-06-28,20.0,4.039999999999999
2023-06-28,30.0,3.8462902500000062
2023-06-29,0.08333333333333333,5.318906250000022
2023-06-29,0.25,5.534529000000021
2023-06-29,0.5,5.575625000000017
2023-06-29,1.0,5.483170250000002
2023-06-29,2.0,4.929292250000028
2023-06-29,3.0,4.540400250000021
2023-06-29,5.0,4.1828489999999885
2023-06-29,7.0,4.029800249999993
2023-06-29,10.0,3.8870562499999872
2023-06-29,20.0,4.152230250000022
2023-06-29,30.0,3.95841600000002
2023-06-30,0.08333333333333333,5.308643999999996
2023-06-30,0.25,5.503712249999992
2023-06-30,0.5,5.544802250000003
2023-06-30,1.0,5.472899999999981
2023-06-30,2.0,4.929292250000028
2023-06-30,3.0,4.540400250000021
2023-06-30,5.0,4.172642250000003
2023-06-30,7.0,4.009402249999994
2023-06-30,10.0,3.8462902500000062
2023-06-30,20.0,4.1012089999999946
2023-06-30,30.0,3.8870562499999872
2023-07-03,0.08333333333333333,5.33943225000002
2023-07-03,0.25,5.513984000000027
2023-07-03,0.5,5.6064522499999825
2023-07-03,1.0,5.503712249999992
2023-07-03,2.0,5.0010089999999785
2023-07-03,3.0,4.61198399999998
2023-07-03,5.0,4.233890250000005
2023-07-03,7.0,4.070602250000022
2023-07-03,10.0,3.8972490000000137
2023-07-03,20.0,4.121616000000006
2023-07-03,30.0,3.907442249999993
2023-07-05,0.08333333333333333,5.349695999999993
2023-07-05,0.25,5.513984000000027
2023-07-05,0.5,5.596176000000019
2023-07-05,1.0,5.472899999999981
2023-07-05,2.0,5.0010089999999785
2023-07-05,3.0,4.642670250000003
2023-07-05,5.0,4.295156249999987
2023-07-05,7.0,4.152230250000022
2023-07-05,10.0,3.9890062499999823
2023-07-05,20.0,4.213472250000017
2023-07-05,30.0,3.9890062499999823
2023-07-06,0.08333333333333333,5.3907559999999854
2023-07-06,0.25,5.534529000000021
2023-07-06,0.5,5.616729000000009
2023-07-06,1.0,5.513984000000027
2023-07-06,2.0,5.052250250000001
2023-07-06,3.0,4.734756000000018
2023-07-06,5.0,4.4177422499999786
2023-07-06,7.0,4.264520999999988
2023-07-06,10.0,4.091006250000029
2023-07-06,20.0,4.274732249999991
2023-07-06,30.0,4.05020024999998
2023-07-07,0.08333333333333333,5.3907559999999854
2023-07-07,0.25,5.534529000000021
2023-07-07,0.5,5.6064522499999825
2023-07-07,1.0,5.483170250000002
2023-07-07,2.0,5.0010089999999785
2023-07-07,3.0,4.693824000000024
2023-07-07,5.0,4.397306249999988
2023-07-07,7.0,4.274732249999991
2023-07-07,10.0,4.1012089999999946
2023-07-07,20.0,4.315582249999994
2023-07-07,30.0,4.091006250000029
2023-07-10,0.08333333333333333,5.411288999999986
2023-07-10,0.25,5.555076000000025
2023-07-10,0.5,5.616729000000009
2023-07-10,1.0,5.4523609999999945
2023-07-10,2.0,4.908806250000031
2023-07-10,3.0,4.591528999999994
2023-07-10,5.0,4.295156249999987
2023-07-10,7.0,4.1828489999999885
2023-07-10,10.0,4.05020024999998
2023-07-10,20.0,4.284944000000013
2023-07-10,30.0,4.091006250000029
2023-07-11,0.08333333333333333,5.421556250000004
2023-07-11,0.25,5.565350250000001
2023-07-11,0.5,5.627006249999988
2023-07-11,1.0,5.513984000000027
2023-07-11,2.0,4.939535999999989
2023-07-11,3.0,4.571075999999996
2023-07-11,5.0,4.284944000000013
2023-07-11,7.0,4.172642250000003
2023-07-11,10.0,4.029800249999993
2023-07-11,20.0,4.264520999999988
2023-07-11,30.0,4.070602250000022
2023-07-12,0.08333333333333333,5.431823999999996
2023-07-12,0.25,5.544802250000003
2023-07-12,0.5,5.6064522499999825
2023-07-12,1.0,5.421556250000004
2023-07-12,2.0,4.775696000000007
2023-07-12,3.0,4.407524000000018
2023-07-12,5.0,4.111412250000024
2023-07-12,7.0,4.009402249999994
2023-07-12,10.0,3.8972490000000137
2023-07-12,20.0,4.1828489999999885
2023-07-12,30.0,3.9992040000000006
2023-07-13,0.08333333333333333,5.442092250000008
2023-07-13,0.25,5.544802250000003
2023-07-13,0.5,5.565350250000001
2023-07-13,1.0,5.33943225000002
2023-07-13,2.0,4.642670250000003
2023-07-13,3.0,4.254310250000004
2023-07-13,5.0,3.968612249999981
2023-07-13,7.0,3.8870562499999872
2023-07-13,10.0,3.7953439999999894
2023-07-13,20.0,4.111412250000024
2023-07-13,30.0,3.9380250000000228
2023-07-14,0.08333333333333333,5.442092250000008
2023-07-14,0.25,5.565350250000001
2023-07-14,0.5,5.596176000000019
2023-07-14,1.0,5.411288999999986
2023-07-14,2.0,4.796169000000017
2023-07-14,3.0,4.397306249999988
2023-07-14,5.0,4.080803999999993
2023-07-14,7.0,3.9788090000000054
2023-07-14,10.0,3.8666722499999917
2023-07-14,20.0,4.152230250000022
2023-07-14,30.0,3.968612249999981
2023-07-17,0.08333333333333333,5.442092250000008
2023-07-17,0.25,5.565350250000001
2023-07-17,0.5,5.596176000000019
2023-07-17,1.0,5.401022250000009
2023-07-17,2.0,4.796169000000017
2023-07-17,3.0,4.387089000000022
2023-07-17,5.0,4.060401000000002
2023-07-17,7.0,3.9482202499999897
2023-07-17,10.0,3.8462902500000062
2023-07-17,20.0,4.1420249999999825
2023-07-17,30.0,3.9788090000000054
2023-07-18,0.08333333333333333,5.442092250000008
2023-07-18,0.25,5.565350250000001
2023-07-18,0.5,5.585900249999987
2023-07-18,1.0,5.3907559999999854
2023-07-18,2.0,4.796169000000017
2023-07-18,3.0,4.397306249999988
2023-07-18,5.0,4.039999999999999
2023-07-18,7.0,3.9380250000000228
2023-07-18,10.0,3.8360999999999867
2023-07-18,20.0,4.121616000000006
2023-07-18,30.0,3.9482202499999897
2023-07-19,0.08333333333333333,5.442092250000008
2023-07-19,0.25,5.565350250000001
2023-07-19,0.5,5.585900249999987
2023-07-19,1.0,5.3907559999999854
2023-07-19,2.0,4.796169000000017
2023-07-19,3.0,4.387089000000022
2023-07-19,5.0,4.019601000000006
2023-07-19,7.0,3.907442249999993
2023-07-19,10.0,3.785156249999999
2023-07-19,20.0,4.05020024999998
2023-07-19,30.0,3.8768640000000243
2023-07-20,0.08333333333333333,5.513984000000027
2023-07-20,0.25,5.565350250000001
2023-07-20,0.5,5.596176000000019
2023-07-20,1.0,5.421556250000004
2023-07-20,2.0,4.857599999999995
2023-07-20,3.0,4.479062249999988
2023-07-20,5.0,4.121616000000006
2023-07-20,7.0,4.019601000000006
2023-07-20,10.0,3.8870562499999872
2023-07-20,20.0,4.1420249999999825
2023-07-20,30.0,3.9482202499999897
2023-07-21,0.08333333333333333,5.503712249999992
2023-07-21,0.25,5.575625000000017
2023-07-21,0.5,5.6064522499999825
2023-07-21,1.0,5.421556250000004
2023-07-21,2.0,4.878081000000001
2023-07-21,3.0,4.489283999999993
2023-07-21,5.0,4.131820250000007
2023-07-21,7.0,4.009402249999994
2023-07-21,10.0,3.8768640000000243
2023-07-21,20.0,4.1420249999999825
2023-07-21,30.0,3.9482202499999897
2023-07-24,0.08333333333333333,5.513984000000027
2023-07-24,0.25,5.585900249999987
2023-07-24,0.5,5.627006249999988
2023-07-24,1.0,5.4523609999999945
2023-07-24,2.0,4.867840249999977
2023-07-24,3.0,4.530175999999986
2023-07-24,5.0,4.172642250000003
2023-07-24,7.0,4.039999999999999
2023-07-24,10.0,3.8972490000000137
2023-07-24,20.0,4.152230250000022
2023-07-24,30.0,3.95841600000002
2023-07-25,0.08333333333333333,5.534529000000021
2023-07-25,0.25,5.585900249999987
2023-07-25,0.5,5.647562249999982
2023-07-25,1.0,5.4523609999999945
2023-07-25,2.0,4.908806250000031
2023-07-25,3.0,4.581302250000019
2023-07-25,5.0,4.193056250000016
2023-07-25,7.0,4.091006250000029
2023-07-25,10.0,3.9482202499999897
2023-07-25,20.0,4.1828489999999885
2023-07-25,30.0,3.9890062499999823
2023-07-26,0.08333333333333333,5.534529000000021
2023-07-26,0.25,5.585900249999987
2023-07-26,0.5,5.627006249999988
2023-07-26,1.0,5.442092250000008
2023-07-26,2.0,4.878081000000001
2023-07-26,3.0,4.519952250000014
2023-07-26,5.0,4.131820250000007
2023-07-26,7.0,4.029800249999993
2023-07-26,10.0,3.8972490000000137
2023-07-26,20.0,4.162435999999992
2023-07-26,30.0,3.9788090000000054
2023-07-27,0.08333333333333333,5.544802250000003
2023-07-27,0.25,5.585900249999987
2023-07-27,0.5,5.637284000000009
2023-07-27,1.0,5.472899999999981
2023-07-27,2.0,4.970270250000008
2023-07-27,3.0,4.632440999999976
2023-07-27,5.0,4.284944000000013
2023-07-27,7.0,4.172642250000003
2023-07-27,10.0,4.05020024999998
2023-07-27,20.0,4.3053690000000255
2023-07-27,30.0,4.1012089999999946
2023-07-28,0.08333333333333333,5.544802250000003
2023-07-28,0.25,5.596176000000019
2023-07-28,0.5,5.616729000000009
2023-07-28,1.0,5.442092250000008
2023-07-28,2.0,4.929292250000028
2023-07-28,3.0,4.571075999999996
2023-07-28,5.0,4.22368099999999
2023-07-28,7.0,4.121616000000006
2023-07-28,10.0,3.9992040000000006
2023-07-28,20.0,4.264520999999988
2023-07-28,30.0,4.070602250000022
2023-07-31,0.08333333333333333,5.555076000000025
2023-07-31,0.25,5.627006249999988
2023-07-31,0.5,5.6064522499999825
2023-07-31,1.0,5.442092250000008
2023-07-31,2.0,4.939535999999989
2023-07-31,3.0,4.560850250000015
2023-07-31,5.0,4.22368099999999
2023-07-31,7.0,4.121616000000006
2023-07-31,10.0,4.009402249999994
2023-07-31,20.0,4.264520999999988
2023-07-31,30.0,4.060401000000002
2023-08-01,0.08333333333333333,5.565350250000001
2023-08-01,0.25,5.616729000000009
2023-08-01,0.5,5.616729000000009
2023-08-01,1.0,5.4523609999999945
2023-08-01,2.0,4.9805160000000015
2023-08-01,3.0,4.622212250000013
2023-08-01,5.0,4.284944000000013
2023-08-01,7.0,4.193056250000016
2023-08-01,10.0,4.091006250000029
2023-08-01,20.0,4.346225000000015
2023-08-01,30.0,4.152230250000022
2023-08-02,0.08333333333333333,5.555076000000025
2023-08-02,0.25,5.6064522499999825
2023-08-02,0.5,5.596176000000019
2023-08-02,1.0,5.431823999999996
2023-08-02,2.0,4.939535999999989
2023-08-02,3.0,4.591528999999994
2023-08-02,5.0,4.284944000000013
2023-08-02,7.0,4.213472250000017
2023-08-02,10.0,4.121616000000006
2023-08-02,20.0,4.397306249999988
2023-08-02,30.0,4.213472250000017
2023-08-03,0.08333333333333333,5.616729000000009
2023-08-03,0.25,5.616729000000009
2023-08-03,0.5,5.596176000000019
2023-08-03,1.0,5.442092250000008
2023-08-03,2.0,4.96002499999999
2023-08-03,3.0,4.632440999999976
2023-08-03,5.0,4.346225000000015
2023-08-03,7.0,4.3053690000000255
2023-08-03,10.0,4.244099999999973
2023-08-03,20.0,4.540400250000021
2023-08-03,30.0,4.366656000000013
2023-08-04,0.08333333333333333,5.616729000000009
2023-08-04,0.25,5.616729000000009
2023-08-04,0.5,5.575625000000017
2023-08-04,1.0,5.401022250000009
2023-08-04,2.0,4.837121
2023-08-04,3.0,4.499506250000018
2023-08-04,5.0,4.193056250000016
2023-08-04,7.0,4.1420249999999825
2023-08-04,10.0,4.091006250000029
2023-08-04,20.0,4.407524000000018
2023-08-04,30.0,4.254310250000004
2023-08-07,0.08333333333333333,5.616729000000009
2023-08-07,0.25,5.637284000000009
2023-08-07,0.5,5.6064522499999825
2023-08-07,1.0,5.370224999999995
2023-08-07,2.0,4.816644000000014
2023-08-07,3.0,4.489283999999993
2023-08-07,5.0,4.2032639999999954
2023-08-07,7.0,4.172642250000003
2023-08-07,10.0,4.131820250000007
2023-08-07,20.0,4.468841000000001
2023-08-07,30.0,4.315582249999994
2023-08-08,0.08333333333333333,5.616729000000009
2023-08-08,0.25,5.647562249999982
2023-08-08,0.5,5.6064522499999825
2023-08-08,1.0,5.421556250000004
2023-08-08,2.0,4.796169000000017
2023-08-08,3.0,4.407524000000018
2023-08-08,5.0,4.1420249999999825
2023-08-08,7.0,4.1012089999999946
2023-08-08,10.0,4.060401000000002
2023-08-08,20.0,4.397306249999988
2023-08-08,30.0,4.244099999999973
2023-08-09,0.08333333333333333,5.585900249999987
2023-08-09,0.25,5.627006249999988
2023-08-09,0.5,5.616729000000009
2023-08-09,1.0,5.421556250000004
2023-08-09,2.0,4.847360249999988
2023-08-09,3.0,4.458620249999989
2023-08-09,5.0,4.162435999999992
2023-08-09,7.0,4.111412250000024
2023-08-09,10.0,4.039999999999999
2023-08-09,20.0,4.376872249999986
2023-08-09,30.0,4.22368099999999
2023-08-10,0.08333333333333333,5.627006249999988
2023-08-10,0.25,5.616729000000009
2023-08-10,0.5,5.596176000000019
2023-08-10,1.0,5.401022250000009
2023-08-10,2.0,4.878081000000001
2023-08-10,3.0,4.519952250000014
2023-08-10,5.0,4.254310250000004
2023-08-10,7.0,4.213472250000017
2023-08-10,10.0,4.131820250000007
2023-08-10,20.0,4.458620249999989
2023-08-10,30.0,4.284944000000013
2023-08-11,0.08333333333333333,5.616729000000009
2023-08-11,0.25,5.616729000000009
2023-08-11,0.5,5.596176000000019
2023-08-11,1.0,5.431823999999996
2023-08-11,2.0,4.949780250000013
2023-08-11,3.0,4.61198399999998
2023-08-11,5.0,4.356440249999993
2023-08-11,7.0,4.3053690000000255
2023-08-11,10.0,4.2032639999999954
2023-08-11,20.0,4.499506250000018
2023-08-11,30.0,4.315582249999994
2023-08-14,0.08333333333333333,5.627006249999988
2023-08-14,0.25,5.637284000000009
2023-08-14,0.5,5.637284000000009
2023-08-14,1.0,5.442092250000008
2023-08-14,2.0,5.021503999999988
2023-08-14,3.0,4.693824000000024
2023-08-14,5.0,4.407524000000018
2023-08-14,7.0,4.336010249999989
2023-08-14,10.0,4.233890250000005
2023-08-14,20.0,4.509728999999996
2023-08-14,30.0,4.336010249999989
2023-08-15,0.08333333333333333,5.6064522499999825
2023-08-15,0.25,5.637284000000009
2023-08-15,0.5,5.627006249999988
2023-08-15,1.0,5.431823999999996
2023-08-15,2.0,4.9805160000000015
2023-08-15,3.0,4.693824000000024
2023-08-15,5.0,4.407524000000018
2023-08-15,7.0,4.356440249999993
2023-08-15,10.0,4.254310250000004
2023-08-15,20.0,4.540400250000021
2023-08-15,30.0,4.366656000000013
2023-08-16,0.08333333333333333,5.596176000000019
2023-08-16,0.25,5.637284000000009
2023-08-16,0.5,5.616729000000009
2023-08-16,1.0,5.442092250000008
2023-08-16,2.0,5.03175225000001
2023-08-16,3.0,4.734756000000018
2023-08-16,5.0,4.468841000000001
2023-08-16,7.0,4.4177422499999786
2023-08-16,10.0,4.325796000000026
2023-08-16,20.0,4.601756250000011
2023-08-16,30.0,4.4279610000000025
2023-08-17,0.08333333333333333,5.627006249999988
2023-08-17,0.25,5.637284000000009
2023-08-17,0.5,5.6064522499999825
2023-08-17,1.0,5.431823999999996
2023-08-17,2.0,5.0010089999999785
2023-08-17,3.0,4.724522249999996
2023-08-17,5.0,4.468841000000001
2023-08-17,7.0,4.4279610000000025
2023-08-17,10.0,4.346225000000015
2023-08-17,20.0,4.632440999999976
2023-08-17,30.0,4.458620249999989
2023-08-18,0.08333333333333333,5.6064522499999825
2023-08-18,0.25,5.627006249999988
2023-08-18,0.5,5.596176000000019
2023-08-18,1.0,5.421556250000004
2023-08-18,2.0,4.9805160000000015
2023-08-18,3.0,4.6835922499999905
2023-08-18,5.0,4.4279610000000025
2023-08-18,7.0,4.387089000000022
2023-08-18,10.0,4.3053690000000255
2023-08-18,20.0,4.601756250000011
2023-08-18,30.0,4.4279610000000025
2023-08-21,0.08333333333333333,5.627006249999988
2023-08-21,0.25,5.647562249999982
2023-08-21,0.5,5.657840999999997
2023-08-21,1.0,5.442092250000008
2023-08-21,2.0,5.03175225000001
2023-08-21,3.0,4.755225000000007
2023-08-21,5.0,4.509728999999996
2023-08-21,7.0,4.468841000000001
2023-08-21,10.0,4.387089000000022
2023-08-21,20.0,4.693824000000024
2023-08-21,30.0,4.499506250000018
2023-08-22,0.08333333333333333,5.616729000000009
2023-08-22,0.25,5.647562249999982
2023-08-22,0.5,5.647562249999982
2023-08-22,1.0,5.46263025
2023-08-22,2.0,5.083000999999987
2023-08-22,3.0,4.806406249999995
2023-08-22,5.0,4.540400250000021
2023-08-22,7.0,4.489283999999993
2023-08-22,10.0,4.387089000000022
2023-08-22,20.0,4.663130250000003
2023-08-22,30.0,4.468841000000001
2023-08-23,0.08333333333333333,5.616729000000009
2023-08-23,0.25,5.647562249999982
2023-08-23,0.5,5.627006249999988
2023-08-23,1.0,5.421556250000004
2023-08-23,2.0,5.011256250000007
2023-08-23,3.0,4.693824000000024
2023-08-23,5.0,4.407524000000018
2023-08-23,7.0,4.346225000000015
2023-08-23,10.0,4.233890250000005
2023-08-23,20.0,4.509728999999996
2023-08-23,30.0,4.315582249999994
2023-08-24,0.08333333333333333,5.627006249999988
2023-08-24,0.25,5.657840999999997
2023-08-24,0.5,5.668120249999986
2023-08-24,1.0,5.46263025
2023-08-24,2.0,5.042000999999985
2023-08-24,3.0,4.744990249999992
2023-08-24,5.0,4.438180249999979
2023-08-24,7.0,4.387089000000022
2023-08-24,10.0,4.274732249999991
2023-08-24,20.0,4.540400250000021
2023-08-24,30.0,4.346225000000015
2023-08-25,0.08333333333333333,5.637284000000009
2023-08-25,0.25,5.688680249999978
2023-08-25,0.5,5.688680249999978
2023-08-25,1.0,5.513984000000027
2023-08-25,2.0,5.093252249999991
2023-08-25,3.0,4.775696000000007
2023-08-25,5.0,4.489283999999993
2023-08-25,7.0,4.4177422499999786
2023-08-25,10.0,4.295156249999987
2023-08-25,20.0,4.550624999999986
2023-08-25,30.0,4.346225000000015
2023-08-28,0.08333333333333333,5.637284000000009
2023-08-28,0.25,5.657840999999997
2023-08-28,0.5,5.637284000000009
2023-08-28,1.0,5.513984000000027
2023-08-28,2.0,5.042000999999985
2023-08-28,3.0,4.744990249999992
2023-08-28,5.0,4.4279610000000025
2023-08-28,7.0,4.366656000000013
2023-08-28,10.0,4.244099999999973
2023-08-28,20.0,4.530175999999986
2023-08-28,30.0,4.336010249999989
2023-08-29,0.08333333333333333,5.616729000000009
2023-08-29,0.25,5.637284000000009
2023-08-29,0.5,5.596176000000019
2023-08-29,1.0,5.442092250000008
2023-08-29,2.0,4.929292250000028
2023-08-29,3.0,4.61198399999998
2023-08-29,5.0,4.3053690000000255
2023-08-29,7.0,4.254310250000004
2023-08-29,10.0,4.162435999999992
2023-08-29,20.0,4.468841000000001
2023-08-29,30.0,4.274732249999991
2023-08-30,0.08333333333333333,5.627006249999988
2023-08-30,0.25,5.637284000000009
2023-08-30,0.5,5.585900249999987
2023-08-30,1.0,5.46263025
2023-08-30,2.0,4.96002499999999
2023-08-30,3.0,4.622212250000013
2023-08-30,5.0,4.315582249999994
2023-08-30,7.0,4.264520999999988
2023-08-30,10.0,4.162435999999992
2023-08-30,20.0,4.468841000000001
2023-08-30,30.0,4.274732249999991
2023-08-31,0.08333333333333333,5.596176000000019
2023-08-31,0.25,5.637284000000009
2023-08-31,0.5,5.555076000000025
2023-08-31,1.0,5.442092250000008
2023-08-31,2.0,4.908806250000031
2023-08-31,3.0,4.591528999999994
2023-08-31,5.0,4.274732249999991
2023-08-31,7.0,4.233890250000005
2023-08-31,10.0,4.131820250000007
2023-08-31,20.0,4.438180249999979
2023-08-31,30.0,4.244099999999973
2023-09-01,0.08333333333333333,5.585900249999987
2023-09-01,0.25,5.6064522499999825
2023-09-01,0.5,5.544802250000003
2023-09-01,1.0,5.431823999999996
2023-09-01,2.0,4.929292250000028
2023-09-01,3.0,4.622212250000013
2023-09-01,5.0,4.336010249999989
2023-09-01,7.0,4.315582249999994
2023-09-01,10.0,4.22368099999999
2023-09-01,20.0,4.530175999999986
2023-09-01,30.0,4.336010249999989
2023-09-05,0.08333333333333333,5.585900249999987
2023-09-05,0.25,5.627006249999988
2023-09-05,0.5,5.585900249999987
2023-09-05,1.0,5.493440999999977
2023-09-05,2.0,5.0010089999999785
2023-09-05,3.0,4.704056249999988
2023-09-05,5.0,4.4177422499999786
2023-09-05,7.0,4.397306249999988
2023-09-05,10.0,4.315582249999994
2023-09-05,20.0,4.61198399999998
2023-09-05,30.0,4.4279610000000025
2023-09-06,0.08333333333333333,5.596176000000019
2023-09-06,0.25,5.627006249999988
2023-09-06,0.5,5.596176000000019
2023-09-06,1.0,5.513984000000027
2023-09-06,2.0,5.072750250000002
2023-09-06,3.0,4.785932249999991
2023-09-06,5.0,4.489283999999993
2023-09-06,7.0,4.438180249999979
2023-09-06,10.0,4.346225000000015
2023-09-06,20.0,4.61198399999998
2023-09-06,30.0,4.4177422499999786
2023-09-07,0.08333333333333333,5.596176000000019
2023-09-07,0.25,5.6064522499999825
2023-09-07,0.5,5.575625000000017
2023-09-07,1.0,5.472899999999981
2023-09-07,2.0,5.0010089999999785
2023-09-07,3.0,4.714289000000016
2023-09-07,5.0,4.4279610000000025
2023-09-07,7.0,4.397306249999988
2023-09-07,10.0,4.315582249999994
2023-09-07,20.0,4.601756250000011
2023-09-07,30.0,4.407524000000018
2023-09-08,0.08333333333333333,5.596176000000019
2023-09-08,0.25,5.627006249999988
2023-09-08,0.5,5.565350250000001
2023-09-08,1.0,5.493440999999977
2023-09-08,2.0,5.042000999999985
2023-09-08,3.0,4.734756000000018
2023-09-08,5.0,4.438180249999979
2023-09-08,7.0,4.397306249999988
2023-09-08,10.0,4.3053690000000255
2023-09-08,20.0,4.571075999999996
2023-09-08,30.0,4.376872249999986
2023-09-11,0.08333333333333333,5.596176000000019
2023-09-11,0.25,5.627006249999988
2023-09-11,0.5,5.585900249999987
2023-09-11,1.0,5.472899999999981
2023-09-11,2.0,5.03175225000001
2023-09-11,3.0,4.693824000000024
2023-09-11,5.0,4.448399999999997
2023-09-11,7.0,4.4177422499999786
2023-09-11,10.0,4.336010249999989
2023-09-11,20.0,4.61198399999998
2023-09-11,30.0,4.4177422499999786
2023-09-12,0.08333333333333333,5.596176000000019
2023-09-12,0.25,5.637284000000009
2023-09-12,0.5,5.6064522499999825
2023-09-12,1.0,5.493440999999977
2023-09-12,2.0,5.042000999999985
2023-09-12,3.0,4.714289000000016
2023-09-12,5.0,4.458620249999989
2023-09-12,7.0,4.407524000000018
2023-09-12,10.0,4.315582249999994
2023-09-12,20.0,4.591528999999994
2023-09-12,30.0,4.397306249999988
2023-09-13,0.08333333333333333,5.6064522499999825
2023-09-13,0.25,5.627006249999988
2023-09-13,0.5,5.585900249999987
2023-09-13,1.0,5.493440999999977
2023-09-13,2.0,5.021503999999988
2023-09-13,3.0,4.693824000000024
2023-09-13,5.0,4.438180249999979
2023-09-13,7.0,4.387089000000022
2023-09-13,10.0,4.295156249999987
2023-09-13,20.0,4.571075999999996
2023-09-13,30.0,4.387089000000022
2023-09-14,0.08333333333333333,5.596176000000019
2023-09-14,0.25,5.627006249999988
2023-09-14,0.5,5.575625000000017
2023-09-14,1.0,5.493440999999977
2023-09-14,2.0,5.062499999999992
2023-09-14,3.0,4.734756000000018
2023-09-14,5.0,4.468841000000001
2023-09-14,7.0,4.4279610000000025
2023-09-14,10.0,4.336010249999989
2023-09-14,20.0,4.622212250000013
2023-09-14,30.0,4.438180249999979
2023-09-15,0.08333333333333333,5.585900249999987
2023-09-15,0.25,5.637284000000009
2023-09-15,0.5,5.565350250000001
2023-09-15,1.0,5.503712249999992
2023-09-15,2.0,5.083000999999987
2023-09-15,3.0,4.775696000000007
2023-09-15,5.0,4.499506250000018
2023-09-15,7.0,4.458620249999989
2023-09-15,10.0,4.376872249999986
2023-09-15,20.0,4.642670250000003
2023-09-15,30.0,4.468841000000001
2023-09-18,0.08333333333333333,5.6064522499999825
2023-09-18,0.25,5.627006249999988
2023-09-18,0.5,5.585900249999987
2023-09-18,1.0,5.513984000000027
2023-09-18,2.0,5.11375624999999
2023-09-18,3.0,4.796169000000017
2023-09-18,5.0,4.509728999999996
2023-09-18,7.0,4.458620249999989
2023-09-18,10.0,4.366656000000013
2023-09-18,20.0,4.622212250000013
2023-09-18,30.0,4.448399999999997
2023-09-19,0.08333333333333333,5.6064522499999825
2023-09-19,0.25,5.616729000000009
2023-09-19,0.5,5.585900249999987
2023-09-19,1.0,5.5242562499999925
2023-09-19,2.0,5.14451600000001
2023-09-19,3.0,4.847360249999988
2023-09-19,5.0,4.560850250000015
2023-09-19,7.0,4.519952250000014
2023-09-19,10.0,4.4177422499999786
2023-09-19,20.0,4.652899999999982
2023-09-19,30.0,4.479062249999988
2023-09-20,0.08333333333333333,5.6064522499999825
2023-09-20,0.25,5.637284000000009
2023-09-20,0.5,5.585900249999987
2023-09-20,1.0,5.544802250000003
2023-09-20,2.0,5.185536000000024
2023-09-20,3.0,4.878081000000001
2023-09-20,5.0,4.571075999999996
2023-09-20,7.0,4.509728999999996
2023-09-20,10.0,4.397306249999988
2023-09-20,20.0,4.622212250000013
2023-09-20,30.0,4.448399999999997
2023-09-21,0.08333333333333333,5.596176000000019
2023-09-21,0.25,5.647562249999982
2023-09-21,0.5,5.596176000000019
2023-09-21,1.0,5.534529000000021
2023-09-21,2.0,5.185536000000024
2023-09-21,3.0,4.908806250000031
2023-09-21,5.0,4.663130250000003
2023-09-21,7.0,4.622212250000013
2023-09-21,10.0,4.540400250000021
2023-09-21,20.0,4.796169000000017
2023-09-21,30.0,4.61198399999998
2023-09-22,0.08333333333333333,5.596176000000019
2023-09-22,0.25,5.637284000000009
2023-09-22,0.5,5.596176000000019
2023-09-22,1.0,5.534529000000021
2023-09-22,2.0,5.165025000000023
2023-09-22,3.0,4.857599999999995
2023-09-22,5.0,4.622212250000013
2023-09-22,7.0,4.581302250000019
2023-09-22,10.0,4.489283999999993
2023-09-22,20.0,4.755225000000007
2023-09-22,30.0,4.581302250000019
2023-09-25,0.08333333333333333,5.616729000000009
2023-09-25,0.25,5.657840999999997
2023-09-25,0.5,5.596176000000019
2023-09-25,1.0,5.5242562499999925
2023-09-25,2.0,5.154770249999996
2023-09-25,3.0,4.888322249999977
2023-09-25,5.0,4.673360999999976
2023-09-25,7.0,4.663130250000003
2023-09-25,10.0,4.601756250000011
2023-09-25,20.0,4.898563999999994
2023-09-25,30.0,4.724522249999996
2023-09-26,0.08333333333333333,5.616729000000009
2023-09-26,0.25,5.657840999999997
2023-09-26,0.5,5.6064522499999825
2023-09-26,1.0,5.5242562499999925
2023-09-26,2.0,5.10350399999997
2023-09-26,3.0,4.898563999999994
2023-09-26,5.0,4.673360999999976
2023-09-26,7.0,4.673360999999976
2023-09-26,10.0,4.61198399999998
2023-09-26,20.0,4.919048999999998
2023-09-26,30.0,4.755225000000007
2023-09-27,0.08333333333333333,5.616729000000009
2023-09-27,0.25,5.657840999999997
2023-09-27,0.5,5.6064522499999825
2023-09-27,1.0,5.565350250000001
2023-09-27,2.0,5.165025000000023
2023-09-27,3.0,4.949780250000013
2023-09-27,5.0,4.724522249999996
2023-09-27,7.0,4.744990249999992
2023-09-27,10.0,4.663130250000003
2023-09-27,20.0,4.970270250000008
2023-09-27,30.0,4.785932249999991
2023-09-28,0.08333333333333333,5.637284000000009
2023-09-28,0.25,5.637284000000009
2023-09-28,0.5,5.6064522499999825
2023-09-28,1.0,5.534529000000021
2023-09-28,2.0,5.10350399999997
2023-09-28,3.0,4.888322249999977
2023-09-28,5.0,4.673360999999976
2023-09-28,7.0,4.6835922499999905
2023-09-28,10.0,4.642670250000003
2023-09-28,20.0,4.96002499999999
2023-09-28,30.0,4.765460249999998
2023-09-29,0.08333333333333333,5.627006249999988
2023-09-29,0.25,5.627006249999988
2023-09-29,0.5,5.6064522499999825
2023-09-29,1.0,5.534529000000021
2023-09-29,2.0,5.093252249999991
2023-09-29,3.0,4.857599999999995
2023-09-29,5.0,4.652899999999982
2023-09-29,7.0,4.663130250000003
2023-09-29,10.0,4.642670250000003
2023-09-29,20.0,4.9805160000000015
2023-09-29,30.0,4.785932249999991
2023-10-02,0.08333333333333333,5.637284000000009
2023-10-02,0.25,5.698961000000002
2023-10-02,0.5,5.657840999999997
2023-10-02,1.0,5.565350250000001
2023-10-02,2.0,5.185536000000024
2023-10-02,3.0,4.939535999999989
2023-10-02,5.0,4.775696000000007
2023-10-02,7.0,4.785932249999991
2023-10-02,10.0,4.744990249999992
2023-10-02,20.0,5.062499999999992
2023-10-02,30.0,4.867840249999977
2023-10-03,0.08333333333333333,5.627006249999988
2023-10-03,0.25,5.698961000000002
2023-10-03,0.5,5.657840999999997
2023-10-03,1.0,5.565350250000001
2023-10-03,2.0,5.21630624999998
2023-10-03,3.0,5.011256250000007
2023-10-03,5.0,4.857599999999995
2023-10-03,7.0,4.898563999999994
2023-10-03,10.0,4.867840249999977
2023-10-03,20.0,5.195792249999998
2023-10-03,30.0,5.011256250000007
2023-10-04,0.08333333333333333,5.637284000000009
2023-10-04,0.25,5.688680249999978
2023-10-04,0.5,5.647562249999982
2023-10-04,1.0,5.493440999999977
2023-10-04,2.0,5.11375624999999
2023-10-04,3.0,4.908806250000031
2023-10-04,5.0,4.775696000000007
2023-10-04,7.0,4.806406249999995
2023-10-04,10.0,4.785932249999991
2023-10-04,20.0,5.11375624999999
2023-10-04,30.0,4.929292250000028
2023-10-05,0.08333333333333333,5.647562249999982
2023-10-05,0.25,5.688680249999978
2023-10-05,0.5,5.637284000000009
2023-10-05,1.0,5.46263025
2023-10-05,2.0,5.093252249999991
2023-10-05,3.0,4.878081000000001
2023-10-05,5.0,4.734756000000018
2023-10-05,7.0,4.785932249999991
2023-10-05,10.0,4.775696000000007
2023-10-05,20.0,5.124009000000029
2023-10-05,30.0,4.949780250000013
2023-10-06,0.08333333333333333,5.668120249999986
2023-10-06,0.25,5.7092422499999795
2023-10-06,0.5,5.668120249999986
2023-10-06,1.0,5.503712249999992
2023-10-06,2.0,5.14451600000001
2023-10-06,3.0,4.929292250000028
2023-10-06,5.0,4.806406249999995
2023-10-06,7.0,4.847360249999988
2023-10-06,10.0,4.837121
2023-10-06,20.0,5.195792249999998
2023-10-06,30.0,5.011256250000007
2023-10-10,0.08333333333333333,5.678399999999995
2023-10-10,0.25,5.688680249999978
2023-10-10,0.5,5.647562249999982
2023-10-10,1.0,5.442092250000008
2023-10-10,2.0,5.021503999999988
2023-10-10,3.0,4.796169000000017
2023-10-10,5.0,4.673360999999976
2023-10-10,7.0,4.714289000000016
2023-10-10,10.0,4.714289000000016
2023-10-10,20.0,5.093252249999991
2023-10-10,30.0,4.908806250000031
2023-10-11,0.08333333333333333,5.657840999999997
2023-10-11,0.25,5.688680249999978
2023-10-11,0.5,5.637284000000009
2023-10-11,1.0,5.4523609999999945
2023-10-11,2.0,5.052250250000001
2023-10-11,3.0,4.785932249999991
2023-10-11,5.0,4.642670250000003
2023-10-11,7.0,4.663130250000003
2023-10-11,10.0,4.632440999999976
2023-10-11,20.0,4.9805160000000015
2023-10-11,30.0,4.785932249999991
2023-10-12,0.08333333333333333,5.688680249999978
2023-10-12,0.25,5.7092422499999795
2023-10-12,0.5,5.657840999999997
2023-10-12,1.0,5.503712249999992
2023-10-12,2.0,5.124009000000029
2023-10-12,3.0,4.878081000000001
2023-10-12,5.0,4.744990249999992
2023-10-12,7.0,4.785932249999991
2023-10-12,10.0,4.755225000000007
2023-10-12,20.0,5.11375624999999
2023-10-12,30.0,4.919048999999998
2023-10-13,0.08333333333333333,5.678399999999995
2023-10-13,0.25,5.698961000000002
2023-10-13,0.5,5.647562249999982
2023-10-13,1.0,5.483170250000002
2023-10-13,2.0,5.10350399999997
2023-10-13,3.0,4.857599999999995
2023-10-13,5.0,4.704056249999988
2023-10-13,7.0,4.714289000000016
2023-10-13,10.0,4.6835922499999905
2023-10-13,20.0,5.03175225000001
2023-10-13,30.0,4.837121
2023-10-16,0.08333333333333333,5.647562249999982
2023-10-16,0.25,5.688680249999978
2023-10-16,0.5,5.657840999999997
2023-10-16,1.0,5.493440999999977
2023-10-16,2.0,5.154770249999996
2023-10-16,3.0,4.929292250000028
2023-10-16,5.0,4.775696000000007
2023-10-16,7.0,4.796169000000017
2023-10-16,10.0,4.765460249999998
2023-10-16,20.0,5.124009000000029
2023-10-16,30.0,4.929292250000028
2023-10-17,0.08333333333333333,5.657840999999997
2023-10-17,0.25,5.698961000000002
2023-10-17,0.5,5.678399999999995
2023-10-17,1.0,5.555076000000025
2023-10-17,2.0,5.2573402499999755
2023-10-17,3.0,5.072750250000002
2023-10-17,5.0,4.919048999999998
2023-10-17,7.0,4.939535999999989
2023-10-17,10.0,4.888322249999977
2023-10-17,20.0,5.206049000000013
2023-10-17,30.0,5.0010089999999785
2023-10-18,0.08333333333333333,5.647562249999982
2023-10-18,0.25,5.688680249999978
2023-10-18,0.5,5.657840999999997
2023-10-18,1.0,5.544802250000003
2023-10-18,2.0,5.2573402499999755
2023-10-18,3.0,5.093252249999991
2023-10-18,5.0,4.9805160000000015
2023-10-18,7.0,5.011256250000007
2023-10-18,10.0,4.970270250000008
2023-10-18,20.0,5.2675999999999945
2023-10-18,30.0,5.062499999999992
2023-10-19,0.08333333333333333,5.657840999999997
2023-10-19,0.25,5.678399999999995
2023-10-19,0.5,5.637284000000009
2023-10-19,1.0,5.513984000000027
2023-10-19,2.0,5.206049000000013
2023-10-19,3.0,5.072750250000002
2023-10-19,5.0,5.011256250000007
2023-10-19,7.0,5.062499999999992
2023-10-19,10.0,5.042000999999985
2023-10-19,20.0,5.370224999999995
2023-10-19,30.0,5.175280250000003
2023-10-20,0.08333333333333333,5.637284000000009
2023-10-20,0.25,5.657840999999997
2023-10-20,0.5,5.616729000000009
2023-10-20,1.0,5.483170250000002
2023-10-20,2.0,5.134262249999999
2023-10-20,3.0,4.990762250000014
2023-10-20,5.0,4.919048999999998
2023-10-20,7.0,4.990762250000014
2023-10-20,10.0,4.990762250000014
2023-10-20,20.0,5.33943225000002
2023-10-20,30.0,5.154770249999996
2023-10-23,0.08333333333333333,5.647562249999982
2023-10-23,0.25,5.657840999999997
2023-10-23,0.5,5.637284000000009
2023-10-23,1.0,5.493440999999977
2023-10-23,2.0,5.11375624999999
2023-10-23,3.0,4.949780250000013
2023-10-23,5.0,4.867840249999977
2023-10-23,7.0,4.929292250000028
2023-10-23,10.0,4.919048999999998
2023-10-23,20.0,5.2573402499999755
2023-10-23,30.0,5.072750250000002
2023-10-24,0.08333333333333333,5.647562249999982
2023-10-24,0.25,5.657840999999997
2023-10-24,0.5,5.647562249999982
2023-10-24,1.0,5.483170250000002
2023-10-24,2.0,5.083000999999987
2023-10-24,3.0,4.970270250000008
2023-10-24,5.0,4.878081000000001
2023-10-24,7.0,4.919048999999998
2023-10-24,10.0,4.888322249999977
2023-10-24,20.0,5.21630624999998
2023-10-24,30.0,5.021503999999988
2023-10-25,0.08333333333333333,5.637284000000009
2023-10-25,0.25,5.668120249999986
2023-10-25,0.5,5.647562249999982
2023-10-25,1.0,5.503712249999992
2023-10-25,2.0,5.14451600000001
2023-10-25,3.0,5.042000999999985
2023-10-25,5.0,4.949780250000013
2023-10-25,7.0,5.042000999999985
2023-10-25,10.0,5.011256250000007
2023-10-25,20.0,5.33943225000002
2023-10-25,30.0,5.154770249999996
2023-10-26,0.08333333333333333,5.647562249999982
2023-10-26,0.25,5.668120249999986
2023-10-26,0.5,5.627006249999988
2023-10-26,1.0,5.46263025
2023-10-26,2.0,5.083000999999987
2023-10-26,3.0,4.949780250000013
2023-10-26,5.0,4.847360249999988
2023-10-26,7.0,4.919048999999998
2023-10-26,10.0,4.919048999999998
2023-10-26,20.0,5.2573402499999755
2023-10-26,30.0,5.072750250000002
2023-10-27,0.08333333333333333,5.647562249999982
2023-10-27,0.25,5.668120249999986
2023-10-27,0.5,5.627006249999988
2023-10-27,1.0,5.46263025
2023-10-27,2.0,5.052250250000001
2023-10-27,3.0,4.898563999999994
2023-10-27,5.0,4.816644000000014
2023-10-27,7.0,4.888322249999977
2023-10-27,10.0,4.898563999999994
2023-10-27,20.0,5.2573402499999755
2023-10-27,30.0,5.093252249999991
2023-10-30,0.08333333333333333,5.637284000000009
2023-10-30,0.25,5.678399999999995
2023-10-30,0.5,5.6064522499999825
2023-10-30,1.0,5.483170250000002
2023-10-30,2.0,5.093252249999991
2023-10-30,3.0,4.929292250000028
2023-10-30,5.0,4.857599999999995
2023-10-30,7.0,4.939535999999989
2023-10-30,10.0,4.939535999999989
2023-10-30,20.0,5.277860249999988
2023-10-30,30.0,5.10350399999997
2023-10-31,0.08333333333333333,5.637284000000009
2023-10-31,0.25,5.668120249999986
2023-10-31,0.5,5.616729000000009
2023-10-31,1.0,5.513984000000027
2023-10-31,2.0,5.134262249999999
2023-10-31,3.0,4.96002499999999
2023-10-31,5.0,4.878081000000001
2023-10-31,7.0,4.949780250000013
2023-10-31,10.0,4.939535999999989
2023-10-31,20.0,5.277860249999988
2023-10-31,30.0,5.10350399999997
2023-11-01,0.08333333333333333,5.637284000000009
2023-11-01,0.25,5.647562249999982
2023-11-01,0.5,5.585900249999987
2023-11-01,1.0,5.442092250000008
2023-11-01,2.0,5.011256250000007
2023-11-01,3.0,4.816644000000014
2023-11-01,5.0,4.724522249999996
2023-11-01,7.0,4.806406249999995
2023-11-01,10.0,4.826882249999986
2023-11-01,20.0,5.195792249999998
2023-11-01,30.0,5.021503999999988
2023-11-02,0.08333333333333333,5.596176000000019
2023-11-02,0.25,5.616729000000009
2023-11-02,0.5,5.575625000000017
2023-11-02,1.0,5.4523609999999945
2023-11-02,2.0,5.042000999999985
2023-11-02,3.0,4.837121
2023-11-02,5.0,4.704056249999988
2023-11-02,7.0,4.734756000000018
2023-11-02,10.0,4.724522249999996
2023-11-02,20.0,5.052250250000001
2023-11-02,30.0,4.878081000000001
2023-11-03,0.08333333333333333,5.6064522499999825
2023-11-03,0.25,5.6064522499999825
2023-11-03,0.5,5.5242562499999925
2023-11-03,1.0,5.3599602500000065
2023-11-03,2.0,4.888322249999977
2023-11-03,3.0,4.673360999999976
2023-11-03,5.0,4.540400250000021
2023-11-03,7.0,4.601756250000011
2023-11-03,10.0,4.622212250000013
2023-11-03,20.0,4.990762250000014
2023-11-03,30.0,4.826882249999986
2023-11-06,0.08333333333333333,5.6064522499999825
2023-11-06,0.25,5.637284000000009
2023-11-06,0.5,5.544802250000003
2023-11-06,1.0,5.401022250000009
2023-11-06,2.0,4.990762250000014
2023-11-06,3.0,4.775696000000007
2023-11-06,5.0,4.652899999999982
2023-11-06,7.0,4.714289000000016
2023-11-06,10.0,4.724522249999996
2023-11-06,20.0,5.062499999999992
2023-11-06,30.0,4.898563999999994
2023-11-07,0.08333333333333333,5.6064522499999825
2023-11-07,0.25,5.627006249999988
2023-11-07,0.5,5.544802250000003
2023-11-07,1.0,5.401022250000009
2023-11-07,2.0,4.970270250000008
2023-11-07,3.0,4.693824000000024
2023-11-07,5.0,4.581302250000019
2023-11-07,7.0,4.632440999999976
2023-11-07,10.0,4.632440999999976
2023-11-07,20.0,4.970270250000008
2023-11-07,30.0,4.806406249999995
2023-11-08,0.08333333333333333,5.596176000000019
2023-11-08,0.25,5.616729000000009
2023-11-08,0.5,5.534529000000021
2023-11-08,1.0,5.411288999999986
2023-11-08,2.0,4.990762250000014
2023-11-08,3.0,4.704056249999988
2023-11-08,5.0,4.560850250000015
2023-11-08,7.0,4.591528999999994
2023-11-08,10.0,4.540400250000021
2023-11-08,20.0,4.878081000000001
2023-11-08,30.0,4.693824000000024
2023-11-09,0.08333333333333333,5.6064522499999825
2023-11-09,0.25,5.616729000000009
2023-11-09,0.5,5.534529000000021
2023-11-09,1.0,5.46263025
2023-11-09,2.0,5.093252249999991
2023-11-09,3.0,4.826882249999986
2023-11-09,5.0,4.704056249999988
2023-11-09,7.0,4.734756000000018
2023-11-09,10.0,4.673360999999976
2023-11-09,20.0,5.03175225000001
2023-11-09,30.0,4.826882249999986
2023-11-10,0.08333333333333333,5.6064522499999825
2023-11-10,0.25,5.6064522499999825
2023-11-10,0.5,5.534529000000021
2023-11-10,1.0,5.4523609999999945
2023-11-10,2.0,5.10350399999997
2023-11-10,3.0,4.857599999999995
2023-11-10,5.0,4.704056249999988
2023-11-10,7.0,4.734756000000018
2023-11-10,10.0,4.663130250000003
2023-11-10,20.0,4.990762250000014
2023-11-10,30.0,4.785932249999991
2023-11-13,0.08333333333333333,5.6064522499999825
2023-11-13,0.25,5.627006249999988
2023-11-13,0.5,5.555076000000025
2023-11-13,1.0,5.442092250000008
2023-11-13,2.0,5.083000999999987
2023-11-13,3.0,4.857599999999995
2023-11-13,5.0,4.714289000000016
2023-11-13,7.0,4.744990249999992
2023-11-13,10.0,4.6835922499999905
2023-11-13,20.0,5.011256250000007
2023-11-13,30.0,4.806406249999995
2023-11-14,0.08333333333333333,5.596176000000019
2023-11-14,0.25,5.596176000000019
2023-11-14,0.5,5.483170250000002
2023-11-14,1.0,5.308643999999996
2023-11-14,2.0,4.857599999999995
2023-11-14,3.0,4.61198399999998
2023-11-14,5.0,4.468841000000001
2023-11-14,7.0,4.499506250000018
2023-11-14,10.0,4.489283999999993
2023-11-14,20.0,4.857599999999995
2023-11-14,30.0,4.663130250000003
2023-11-15,0.08333333333333333,5.596176000000019
2023-11-15,0.25,5.6064522499999825
2023-11-15,0.5,5.483170250000002
2023-11-15,1.0,5.33943225000002
2023-11-15,2.0,4.96002499999999
2023-11-15,3.0,4.734756000000018
2023-11-15,5.0,4.571075999999996
2023-11-15,7.0,4.61198399999998
2023-11-15,10.0,4.581302250000019
2023-11-15,20.0,4.929292250000028
2023-11-15,30.0,4.734756000000018
2023-11-16,0.08333333333333333,5.6064522499999825
2023-11-16,0.25,5.585900249999987
2023-11-16,0.5,5.4523609999999945
2023-11-16,1.0,5.298382249999989
2023-11-16,2.0,4.888322249999977
2023-11-16,3.0,4.642670250000003
2023-11-16,5.0,4.479062249999988
2023-11-16,7.0,4.519952250000014
2023-11-16,10.0,4.499506250000018
2023-11-16,20.0,4.878081000000001
2023-11-16,30.0,4.6835922499999905
2023-11-17,0.08333333333333333,5.596176000000019
2023-11-17,0.25,5.575625000000017
2023-11-17,0.5,5.46263025
2023-11-17,1.0,5.308643999999996
2023-11-17,2.0,4.939535999999989
2023-11-17,3.0,4.693824000000024
2023-11-17,5.0,4.499506250000018
2023-11-17,7.0,4.519952250000014
2023-11-17,10.0,4.489283999999993
2023-11-17,20.0,4.857599999999995
2023-11-17,30.0,4.642670250000003
2023-11-20,0.08333333333333333,5.6064522499999825
2023-11-20,0.25,5.616729000000009
2023-11-20,0.5,5.503712249999992
2023-11-20,1.0,5.318906250000022
2023-11-20,2.0,4.949780250000013
2023-11-20,3.0,4.673360999999976
2023-11-20,5.0,4.489283999999993
2023-11-20,7.0,4.509728999999996
2023-11-20,10.0,4.468841000000001
2023-11-20,20.0,4.796169000000017
2023-11-20,30.0,4.622212250000013
2023-11-21,0.08333333333333333,5.596176000000019
2023-11-21,0.25,5.6064522499999825
2023-11-21,0.5,5.493440999999977
2023-11-21,1.0,5.308643999999996
2023-11-21,2.0,4.919048999999998
2023-11-21,3.0,4.652899999999982
2023-11-21,5.0,4.458620249999989
2023-11-21,7.0,4.489283999999993
2023-11-21,10.0,4.458620249999989
2023-11-21,20.0,4.806406249999995
2023-11-21,30.0,4.622212250000013
2023-11-22,0.08333333333333333,5.616729000000009
2023-11-22,0.25,5.616729000000009
2023-11-22,0.5,5.493440999999977
2023-11-22,1.0,5.329169
2023-11-22,2.0,4.949780250000013
2023-11-22,3.0,4.673360999999976
2023-11-22,5.0,4.489283999999993
2023-11-22,7.0,4.509728999999996
2023-11-22,10.0,4.468841000000001
2023-11-22,20.0,4.785932249999991
2023-11-22,30.0,4.601756250000011
2023-11-24,0.08333333333333333,5.627006249999988
2023-11-24,0.25,5.616729000000009
2023-11-24,0.5,5.5242562499999925
2023-11-24,1.0,5.33943225000002
2023-11-24,2.0,4.9805160000000015
2023-11-24,3.0,4.724522249999996
2023-11-24,5.0,4.540400250000021
2023-11-24,7.0,4.560850250000015
2023-11-24,10.0,4.519952250000014
2023-11-24,20.0,4.847360249999988
2023-11-24,30.0,4.652899999999982
2023-11-27,0.08333333333333333,5.616729000000009
2023-11-27,0.25,5.565350250000001
2023-11-27,0.5,5.5242562499999925
2023-11-27,1.0,5.308643999999996
2023-11-27,2.0,4.898563999999994
2023-11-27,3.0,4.652899999999982
2023-11-27,5.0,4.4279610000000025
2023-11-27,7.0,4.479062249999988
2023-11-27,10.0,4.438180249999979
2023-11-27,20.0,4.775696000000007
2023-11-27,30.0,4.581302250000019
2023-11-28,0.08333333333333333,5.6064522499999825
2023-11-28,0.25,5.544802250000003
2023-11-28,0.5,5.493440999999977
2023-11-28,1.0,5.277860249999988
2023-11-28,2.0,4.785932249999991
2023-11-28,3.0,4.540400250000021
2023-11-28,5.0,4.336010249999989
2023-11-28,7.0,4.407524000000018
2023-11-28,10.0,4.387089000000022
2023-11-28,20.0,4.755225000000007
2023-11-28,30.0,4.571075999999996
2023-11-29,0.08333333333333333,5.6064522499999825
2023-11-29,0.25,5.5242562499999925
2023-11-29,0.5,5.4523609999999945
2023-11-29,1.0,5.185536000000024
2023-11-29,2.0,4.693824000000024
2023-11-29,3.0,4.448399999999997
2023-11-29,5.0,4.264520999999988
2023-11-29,7.0,4.325796000000026
2023-11-29,10.0,4.315582249999994
2023-11-29,20.0,4.673360999999976
2023-11-29,30.0,4.489283999999993
2023-11-30,0.08333333333333333,5.637284000000009
2023-11-30,0.25,5.5242562499999925
2023-11-30,0.5,5.4523609999999945
2023-11-30,1.0,5.226564000000011
2023-11-30,2.0,4.785932249999991
2023-11-30,3.0,4.530175999999986
2023-11-30,5.0,4.356440249999993
2023-11-30,7.0,4.4279610000000025
2023-11-30,10.0,4.4177422499999786
2023-11-30,20.0,4.775696000000007
2023-11-30,30.0,4.591528999999994
2023-12-01,0.08333333333333333,5.627006249999988
2023-12-01,0.25,5.503712249999992
2023-12-01,0.5,5.401022250000009
2023-12-01,1.0,5.11375624999999
2023-12-01,2.0,4.61198399999998
2023-12-01,3.0,4.356440249999993
2023-12-01,5.0,4.1828489999999885
2023-12-01,7.0,4.264520999999988
2023-12-01,10.0,4.264520999999988
2023-12-01,20.0,4.632440999999976
2023-12-01,30.0,4.448399999999997
2023-12-04,0.08333333333333333,5.627006249999988
2023-12-04,0.25,5.534529000000021
2023-12-04,0.5,5.483170250000002
2023-12-04,1.0,5.165025000000023
2023-12-04,2.0,4.693824000000024
2023-12-04,3.0,4.448399999999997
2023-12-04,5.0,4.274732249999991
2023-12-04,7.0,4.346225000000015
2023-12-04,10.0,4.325796000000026
2023-12-04,20.0,4.663130250000003
2023-12-04,30.0,4.479062249999988
2023-12-05,0.08333333333333333,5.616729000000009
2023-12-05,0.25,5.5242562499999925
2023-12-05,0.5,5.442092250000008
2023-12-05,1.0,5.124009000000029
2023-12-05,2.0,4.622212250000013
2023-12-05,3.0,4.376872249999986
2023-12-05,5.0,4.1828489999999885
2023-12-05,7.0,4.244099999999973
2023-12-05,10.0,4.22368099999999
2023-12-05,20.0,4.530175999999986
2023-12-05,30.0,4.346225000000015
2023-12-06,0.08333333333333333,5.616729000000009
2023-12-06,0.25,5.5242562499999925
2023-12-06,0.5,5.4523609999999945
2023-12-06,1.0,5.134262249999999
2023-12-06,2.0,4.652899999999982
2023-12-06,3.0,4.376872249999986
2023-12-06,5.0,4.162435999999992
2023-12-06,7.0,4.2032639999999954
2023-12-06,10.0,4.162435999999992
2023-12-06,20.0,4.448399999999997
2023-12-06,30.0,4.264520999999988
2023-12-07,0.08333333333333333,5.6064522499999825
2023-12-07,0.25,5.513984000000027
2023-12-07,0.5,5.431823999999996
2023-12-07,1.0,5.11375624999999
2023-12-07,2.0,4.632440999999976
2023-12-07,3.0,4.356440249999993
2023-12-07,5.0,4.152230250000022
2023-12-07,7.0,4.2032639999999954
2023-12-07,10.0,4.1828489999999885
2023-12-07,20.0,4.468841000000001
2023-12-07,30.0,4.295156249999987
2023-12-08,0.08333333333333333,5.616729000000009
2023-12-08,0.25,5.513984000000027
2023-12-08,0.5,5.46263025
2023-12-08,1.0,5.195792249999998
2023-12-08,2.0,4.765460249999998
2023-12-08,3.0,4.499506250000018
2023-12-08,5.0,4.284944000000013
2023-12-08,7.0,4.325796000000026
2023-12-08,10.0,4.274732249999991
2023-12-08,20.0,4.540400250000021
2023-12-08,30.0,4.356440249999993
2023-12-11,0.08333333333333333,5.627006249999988
2023-12-11,0.25,5.544802250000003
2023-12-11,0.5,5.472899999999981
2023-12-11,1.0,5.206049000000013
2023-12-11,2.0,4.765460249999998
2023-12-11,3.0,4.468841000000001
2023-12-11,5.0,4.295156249999987
2023-12-11,7.0,4.315582249999994
2023-12-11,10.0,4.274732249999991
2023-12-11,20.0,4.560850250000015
2023-12-11,30.0,4.366656000000013
2023-12-12,0.08333333333333333,5.6064522499999825
2023-12-12,0.25,5.534529000000021
2023-12-12,0.5,5.483170250000002
2023-12-12,1.0,5.206049000000013
2023-12-12,2.0,4.785932249999991
2023-12-12,3.0,4.468841000000001
2023-12-12,5.0,4.274732249999991
2023-12-12,7.0,4.284944000000013
2023-12-12,10.0,4.244099999999973
2023-12-12,20.0,4.530175999999986
2023-12-12,30.0,4.346225000000015
2023-12-13,0.08333333333333333,5.596176000000019
2023-12-13,0.25,5.513984000000027
2023-12-13,0.5,5.401022250000009
2023-12-13,1.0,5.0010089999999785
2023-12-13,2.0,4.509728999999996
2023-12-13,3.0,4.22368099999999
2023-12-13,5.0,4.039999999999999
2023-12-13,7.0,4.080803999999993
2023-12-13,10.0,4.080803999999993
2023-12-13,20.0,4.407524000000018
2023-12-13,30.0,4.233890250000005
2023-12-14,0.08333333333333333,5.616729000000009
2023-12-14,0.25,5.503712249999992
2023-12-14,0.5,5.380490250000025
2023-12-14,1.0,4.96002499999999
2023-12-14,2.0,4.4177422499999786
2023-12-14,3.0,4.131820250000007
2023-12-14,5.0,3.9380250000000228
2023-12-14,7.0,3.968612249999981
2023-12-14,10.0,3.95841600000002
2023-12-14,20.0,4.254310250000004
2023-12-14,30.0,4.070602250000022
2023-12-15,0.08333333333333333,5.616729000000009
2023-12-15,0.25,5.513984000000027
2023-12-15,0.5,5.401022250000009
2023-12-15,1.0,5.011256250000007
2023-12-15,2.0,4.489283999999993
2023-12-15,3.0,4.172642250000003
2023-12-15,5.0,3.9482202499999897
2023-12-15,7.0,3.9788090000000054
2023-12-15,10.0,3.9482202499999897
2023-12-15,20.0,4.233890250000005
2023-12-15,30.0,4.039999999999999
2023-12-18,0.08333333333333333,5.596176000000019
2023-12-18,0.25,5.534529000000021
2023-12-18,0.5,5.431823999999996
2023-12-18,1.0,5.011256250000007
2023-12-18,2.0,4.479062249999988
2023-12-18,3.0,4.193056250000016
2023-12-18,5.0,3.9788090000000054
2023-12-18,7.0,4.009402249999994
2023-12-18,10.0,3.9890062499999823
2023-12-18,20.0,4.274732249999991
2023-12-18,30.0,4.091006250000029
2023-12-19,0.08333333333333333,5.585900249999987
2023-12-19,0.25,5.503712249999992
2023-12-19,0.5,5.421556250000004
2023-12-19,1.0,4.990762250000014
2023-12-19,2.0,4.458620249999989
2023-12-19,3.0,4.193056250000016
2023-12-19,5.0,3.9788090000000054
2023-12-19,7.0,3.9992040000000006
2023-12-19,10.0,3.968612249999981
2023-12-19,20.0,4.274732249999991
2023-12-19,30.0,4.070602250000022
2023-12-20,0.08333333333333333,5.575625000000017
2023-12-20,0.25,5.513984000000027
2023-12-20,0.5,5.401022250000009
2023-12-20,1.0,4.939535999999989
2023-12-20,2.0,4.387089000000022
2023-12-20,3.0,4.1012089999999946
2023-12-20,5.0,3.8972490000000137
2023-12-20,7.0,3.917636000000013
2023-12-20,10.0,3.8972490000000137
2023-12-20,20.0,4.213472250000017
2023-12-20,30.0,4.019601000000006
2023-12-21,0.08333333333333333,5.616729000000009
2023-12-21,0.25,5.493440999999977
2023-12-21,0.5,5.380490250000025
2023-12-21,1.0,4.898563999999994
2023-12-21,2.0,4.376872249999986
2023-12-21,3.0,4.1012089999999946
2023-12-21,5.0,3.907442249999993
2023-12-21,7.0,3.9482202499999897
2023-12-21,10.0,3.927830249999986
2023-12-21,20.0,4.233890250000005
2023-12-21,30.0,4.070602250000022
2023-12-22,0.08333333333333333,5.616729000000009
2023-12-22,0.25,5.513984000000027
2023-12-22,0.5,5.380490250000025
2023-12-22,1.0,4.878081000000001
2023-12-22,2.0,4.356440249999993
2023-12-22,3.0,4.080803999999993
2023-12-22,5.0,3.907442249999993
2023-12-22,7.0,3.95841600000002
2023-12-22,10.0,3.9380250000000228
2023-12-22,20.0,4.254310250000004
2023-12-22,30.0,4.091006250000029
2023-12-26,0.08333333333333333,5.6064522499999825
2023-12-26,0.25,5.5242562499999925
2023-12-26,0.5,5.349695999999993
2023-12-26,1.0,4.888322249999977
2023-12-26,2.0,4.3053690000000255
2023-12-26,3.0,4.091006250000029
2023-12-26,5.0,3.927830249999986
2023-12-26,7.0,3.9482202499999897
2023-12-26,10.0,3.927830249999986
2023-12-26,20.0,4.244099999999973
2023-12-26,30.0,4.080803999999993
2023-12-27,0.08333333333333333,5.627006249999988
2023-12-27,0.25,5.513984000000027
2023-12-27,0.5,5.329169
2023-12-27,1.0,4.847360249999988
2023-12-27,2.0,4.244099999999973
2023-12-27,3.0,4.009402249999994
2023-12-27,5.0,3.815720999999983
2023-12-27,7.0,3.8462902500000062
2023-12-27,10.0,3.8259102500000086
2023-12-27,20.0,4.1420249999999825
2023-12-27,30.0,3.9890062499999823
2023-12-28,0.08333333333333333,5.647562249999982
2023-12-28,0.25,5.5242562499999925
2023-12-28,0.5,5.349695999999993
2023-12-28,1.0,4.878081000000001
2023-12-28,2.0,4.3053690000000255
2023-12-28,3.0,4.060401000000002
2023-12-28,5.0,3.8666722499999917
2023-12-28,7.0,3.8768640000000243
2023-12-28,10.0,3.8768640000000243
2023-12-28,20.0,4.1828489999999885
2023-12-28,30.0,4.019601000000006
2023-12-29,0.08333333333333333,5.678399999999995
2023-12-29,0.25,5.472899999999981
2023-12-29,0.5,5.329169
2023-12-29,1.0,4.847360249999988
2023-12-29,2.0,4.274732249999991
2023-12-29,3.0,4.05020024999998
2023-12-29,5.0,3.8768640000000243
2023-12-29,7.0,3.917636000000013
2023-12-29,10.0,3.917636000000013
2023-12-29,20.0,4.244099999999973
2023-12-29,30.0,4.070602250000022
2024-01-02,0.08333333333333333,5.627006249999988
2024-01-02,0.25,5.534529000000021
2024-01-02,0.5,5.308643999999996
2024-01-02,1.0,4.857599999999995
2024-01-02,2.0,4.376872249999986
2024-01-02,3.0,4.131820250000007
2024-01-02,5.0,3.968612249999981
2024-01-02,7.0,3.9890062499999823
2024-01-02,10.0,3.9890062499999823
2024-01-02,20.0,4.295156249999987
2024-01-02,30.0,4.121616000000006
2024-01-03,0.08333333333333333,5.616729000000009
2024-01-03,0.25,5.555076000000025
2024-01-03,0.5,5.318906250000022
2024-01-03,1.0,4.867840249999977
2024-01-03,2.0,4.376872249999986
2024-01-03,3.0,4.111412250000024
2024-01-03,5.0,3.9380250000000228
2024-01-03,7.0,3.95841600000002
2024-01-03,10.0,3.9482202499999897
2024-01-03,20.0,4.254310250000004
2024-01-03,30.0,4.091006250000029
2024-01-04,0.08333333333333333,5.637284000000009
2024-01-04,0.25,5.555076000000025
2024-01-04,0.5,5.318906250000022
2024-01-04,1.0,4.908806250000031
2024-01-04,2.0,4.4279610000000025
2024-01-04,3.0,4.1828489999999885
2024-01-04,5.0,4.009402249999994
2024-01-04,7.0,4.029800249999993
2024-01-04,10.0,4.029800249999993
2024-01-04,20.0,4.346225000000015
2024-01-04,30.0,4.172642250000003
2024-01-05,0.08333333333333333,5.616729000000009
2024-01-05,0.25,5.544802250000003
2024-01-05,0.5,5.308643999999996
2024-01-05,1.0,4.898563999999994
2024-01-05,2.0,4.448399999999997
2024-01-05,3.0,4.213472250000017
2024-01-05,5.0,4.060401000000002
2024-01-05,7.0,4.080803999999993
2024-01-05,10.0,4.091006250000029
2024-01-05,20.0,4.4177422499999786
2024-01-05,30.0,4.254310250000004
2024-01-08,0.08333333333333333,5.616729000000009
2024-01-08,0.25,5.565350250000001
2024-01-08,0.5,5.308643999999996
2024-01-08,1.0,4.878081000000001
2024-01-08,2.0,4.407524000000018
2024-01-08,3.0,4.152230250000022
2024-01-08,5.0,4.009402249999994
2024-01-08,7.0,4.029800249999993
2024-01-08,10.0,4.05020024999998
2024-01-08,20.0,4.376872249999986
2024-01-08,30.0,4.213472250000017
2024-01-09,0.08333333333333333,5.6064522499999825
2024-01-09,0.25,5.544802250000003
2024-01-09,0.5,5.308643999999996
2024-01-09,1.0,4.878081000000001
2024-01-09,2.0,4.407524000000018
2024-01-09,3.0,4.131820250000007
2024-01-09,5.0,4.009402249999994
2024-01-09,7.0,4.039999999999999
2024-01-09,10.0,4.060401000000002
2024-01-09,20.0,4.376872249999986
2024-01-09,30.0,4.22368099999999
2024-01-10,0.08333333333333333,5.6064522499999825
2024-01-10,0.25,5.534529000000021
2024-01-10,0.5,5.298382249999989
2024-01-10,1.0,4.878081000000001
2024-01-10,2.0,4.4177422499999786
2024-01-10,3.0,4.1420249999999825
2024-01-10,5.0,4.029800249999993
2024-01-10,7.0,4.05020024999998
2024-01-10,10.0,4.080803999999993
2024-01-10,20.0,4.397306249999988
2024-01-10,30.0,4.244099999999973
2024-01-11,0.08333333333333333,5.616729000000009
2024-01-11,0.25,5.534529000000021
2024-01-11,0.5,5.288121000000001
2024-01-11,1.0,4.806406249999995
2024-01-11,2.0,4.3053690000000255
2024-01-11,3.0,4.060401000000002
2024-01-11,5.0,3.9380250000000228
2024-01-11,7.0,3.9890062499999823
2024-01-11,10.0,4.019601000000006
2024-01-11,20.0,4.366656000000013
2024-01-11,30.0,4.22368099999999
2024-01-12,0.08333333333333333,5.627006249999988
2024-01-12,0.25,5.5242562499999925
2024-01-12,0.5,5.226564000000011
2024-01-12,1.0,4.704056249999988
2024-01-12,2.0,4.1828489999999885
2024-01-12,3.0,3.95841600000002
2024-01-12,5.0,3.8768640000000243
2024-01-12,7.0,3.9482202499999897
2024-01-12,10.0,3.9992040000000006
2024-01-12,20.0,4.366656000000013
2024-01-12,30.0,4.244099999999973
2024-01-16,0.08333333333333333,5.616729000000009
2024-01-16,0.25,5.5242562499999925
2024-01-16,0.5,5.247080999999998
2024-01-16,1.0,4.755225000000007
2024-01-16,2.0,4.264520999999988
2024-01-16,3.0,4.060401000000002
2024-01-16,5.0,3.9890062499999823
2024-01-16,7.0,4.05020024999998
2024-01-16,10.0,4.111412250000024
2024-01-16,20.0,4.479062249999988
2024-01-16,30.0,4.346225000000015
2024-01-17,0.08333333333333333,5.616729000000009
2024-01-17,0.25,5.544802250000003
2024-01-17,0.5,5.2675999999999945
2024-01-17,1.0,4.857599999999995
2024-01-17,2.0,4.387089000000022
2024-01-17,3.0,4.162435999999992
2024-01-17,5.0,4.060401000000002
2024-01-17,7.0,4.111412250000024
2024-01-17,10.0,4.1420249999999825
2024-01-17,20.0,4.468841000000001
2024-01-17,30.0,4.356440249999993
2024-01-18,0.08333333333333333,5.6064522499999825
2024-01-18,0.25,5.5242562499999925
2024-01-18,0.5,5.2675999999999945
2024-01-18,1.0,4.857599999999995
2024-01-18,2.0,4.387089000000022
2024-01-18,3.0,4.172642250000003
2024-01-18,5.0,4.080803999999993
2024-01-18,7.0,4.1420249999999825
2024-01-18,10.0,4.1828489999999885
2024-01-18,20.0,4.530175999999986
2024-01-18,30.0,4.4177422499999786
2024-01-19,0.08333333333333333,5.616729000000009
2024-01-19,0.25,5.5242562499999925
2024-01-19,0.5,5.277860249999988
2024-01-19,1.0,4.898563999999994
2024-01-19,2.0,4.438180249999979
2024-01-19,3.0,4.22368099999999
2024-01-19,5.0,4.121616000000006
2024-01-19,7.0,4.162435999999992
2024-01-19,10.0,4.193056250000016
2024-01-19,20.0,4.519952250000014
2024-01-19,30.0,4.407524000000018
2024-01-22,0.08333333333333333,5.6064522499999825
2024-01-22,0.25,5.534529000000021
2024-01-22,0.5,5.288121000000001
2024-01-22,1.0,4.888322249999977
2024-01-22,2.0,4.4177422499999786
2024-01-22,3.0,4.1828489999999885
2024-01-22,5.0,4.070602250000022
2024-01-22,7.0,4.111412250000024
2024-01-22,10.0,4.152230250000022
2024-01-22,20.0,4.489283999999993
2024-01-22,30.0,4.366656000000013
2024-01-23,0.08333333333333333,5.6064522499999825
2024-01-23,0.25,5.5242562499999925
2024-01-23,0.5,5.277860249999988
2024-01-23,1.0,4.867840249999977
2024-01-23,2.0,4.356440249999993
2024-01-23,3.0,4.2032639999999954
2024-01-23,5.0,4.1012089999999946
2024-01-23,7.0,4.152230250000022
2024-01-23,10.0,4.1828489999999885
2024-01-23,20.0,4.530175999999986
2024-01-23,30.0,4.4279610000000025
2024-01-24,0.08333333333333333,5.596176000000019
2024-01-24,0.25,5.513984000000027
2024-01-24,0.5,5.288121000000001
2024-01-24,1.0,4.888322249999977
2024-01-24,2.0,4.387089000000022
2024-01-24,3.0,4.233890250000005
2024-01-24,5.0,4.1012089999999946
2024-01-24,7.0,4.1828489999999885
2024-01-24,10.0,4.22368099999999
2024-01-24,20.0,4.571075999999996
2024-01-24,30.0,4.458620249999989
2024-01-25,0.08333333333333333,5.616729000000009
2024-01-25,0.25,5.513984000000027
2024-01-25,0.5,5.2573402499999755
2024-01-25,1.0,4.816644000000014
2024-01-25,2.0,4.325796000000026
2024-01-25,3.0,4.162435999999992
2024-01-25,5.0,4.05020024999998
2024-01-25,7.0,4.111412250000024
2024-01-25,10.0,4.1828489999999885
2024-01-25,20.0,4.540400250000021
2024-01-25,30.0,4.4279610000000025
2024-01-26,0.08333333333333333,5.616729000000009
2024-01-26,0.25,5.513984000000027
2024-01-26,0.5,5.2573402499999755
2024-01-26,1.0,4.837121
2024-01-26,2.0,4.387089000000022
2024-01-26,3.0,4.193056250000016
2024-01-26,5.0,4.080803999999993
2024-01-26,7.0,4.1420249999999825
2024-01-26,10.0,4.193056250000016
2024-01-26,20.0,4.540400250000021
2024-01-26,30.0,4.4279610000000025
2024-01-29,0.08333333333333333,5.6064522499999825
2024-01-29,0.25,5.493440999999977
2024-01-29,0.5,5.2573402499999755
2024-01-29,1.0,4.816644000000014
2024-01-29,2.0,4.336010249999989
2024-01-29,3.0,4.1420249999999825
2024-01-29,5.0,4.009402249999994
2024-01-29,7.0,4.060401000000002
2024-01-29,10.0,4.121616000000006
2024-01-29,20.0,4.468841000000001
2024-01-29,30.0,4.356440249999993
2024-01-30,0.08333333333333333,5.6064522499999825
2024-01-30,0.25,5.493440999999977
2024-01-30,0.5,5.2573402499999755
2024-01-30,1.0,4.857599999999995
2024-01-30,2.0,4.407524000000018
2024-01-30,3.0,4.1828489999999885
2024-01-30,5.0,4.039999999999999
2024-01-30,7.0,4.070602250000022
2024-01-30,10.0,4.1012089999999946
2024-01-30,20.0,4.448399999999997
2024-01-30,30.0,4.325796000000026
2024-01-31,0.08333333333333333,5.6064522499999825
2024-01-31,0.25,5.493440999999977
2024-01-31,0.5,5.247080999999998
2024-01-31,1.0,4.785932249999991
2024-01-31,2.0,4.315582249999994
2024-01-31,3.0,4.091006250000029
2024-01-31,5.0,3.9482202499999897
2024-01-31,7.0,3.9890062499999823
2024-01-31,10.0,4.029800249999993
2024-01-31,20.0,4.387089000000022
2024-01-31,30.0,4.264520999999988
2024-02-01,0.08333333333333333,5.565350250000001
2024-02-01,0.25,5.493440999999977
2024-02-01,0.5,5.21630624999998
2024-02-01,1.0,4.734756000000018
2024-02-01,2.0,4.244099999999973
2024-02-01,3.0,3.9992040000000006
2024-02-01,5.0,3.8360999999999867
2024-02-01,7.0,3.8666722499999917
2024-02-01,10.0,3.907442249999993
2024-02-01,20.0,4.254310250000004
2024-02-01,30.0,4.1420249999999825
2024-02-02,0.08333333333333333,5.565350250000001
2024-02-02,0.25,5.503712249999992
2024-02-02,0.5,5.288121000000001
2024-02-02,1.0,4.867840249999977
2024-02-02,2.0,4.407524000000018
2024-02-02,3.0,4.1828489999999885
2024-02-02,5.0,4.029800249999993
2024-02-02,7.0,4.060401000000002
2024-02-02,10.0,4.070602250000022
2024-02-02,20.0,4.376872249999986
2024-02-02,30.0,4.264520999999988
2024-02-05,0.08333333333333333,5.565350250000001
2024-02-05,0.25,5.493440999999977
2024-02-05,0.5,5.318906250000022
2024-02-05,1.0,4.929292250000028
2024-02-05,2.0,4.509728999999996
2024-02-05,3.0,4.315582249999994
2024-02-05,5.0,4.172642250000003
2024-02-05,7.0,4.2032639999999954
2024-02-05,10.0,4.213472250000017
2024-02-05,20.0,4.509728999999996
2024-02-05,30.0,4.397306249999988
2024-02-06,0.08333333333333333,5.555076000000025
2024-02-06,0.25,5.513984000000027
2024-02-06,0.5,5.298382249999989
2024-02-06,1.0,4.878081000000001
2024-02-06,2.0,4.438180249999979
2024-02-06,3.0,4.1828489999999885
2024-02-06,5.0,4.070602250000022
2024-02-06,7.0,4.111412250000024
2024-02-06,10.0,4.131820250000007
2024-02-06,20.0,4.438180249999979
2024-02-06,30.0,4.336010249999989
2024-02-07,0.08333333333333333,5.544802250000003
2024-02-07,0.25,5.503712249999992
2024-02-07,0.5,5.298382249999989
2024-02-07,1.0,4.888322249999977
2024-02-07,2.0,4.458620249999989
2024-02-07,3.0,4.2032639999999954
2024-02-07,5.0,4.1012089999999946
2024-02-07,7.0,4.131820250000007
2024-02-07,10.0,4.131820250000007
2024-02-07,20.0,4.458620249999989
2024-02-07,30.0,4.356440249999993
2024-02-08,0.08333333333333333,5.565350250000001
2024-02-08,0.25,5.513984000000027
2024-02-08,0.5,5.308643999999996
2024-02-08,1.0,4.888322249999977
2024-02-08,2.0,4.509728999999996
2024-02-08,3.0,4.264520999999988
2024-02-08,5.0,4.162435999999992
2024-02-08,7.0,4.193056250000016
2024-02-08,10.0,4.193056250000016
2024-02-08,20.0,4.519952250000014
2024-02-08,30.0,4.407524000000018
2024-02-09,0.08333333333333333,5.565350250000001
2024-02-09,0.25,5.513984000000027
2024-02-09,0.5,5.329169
2024-02-09,1.0,4.919048999999998
2024-02-09,2.0,4.530175999999986
2024-02-09,3.0,4.295156249999987
2024-02-09,5.0,4.1828489999999885
2024-02-09,7.0,4.213472250000017
2024-02-09,10.0,4.213472250000017
2024-02-09,20.0,4.530175999999986
2024-02-09,30.0,4.4177422499999786
2024-02-12,0.08333333333333333,5.565350250000001
2024-02-12,0.25,5.503712249999992
2024-02-12,0.5,5.33943225000002
2024-02-12,1.0,4.929292250000028
2024-02-12,2.0,4.509728999999996
2024-02-12,3.0,4.295156249999987
2024-02-12,5.0,4.172642250000003
2024-02-12,7.0,4.2032639999999954
2024-02-12,10.0,4.213472250000017
2024-02-12,20.0,4.530175999999986
2024-02-12,30.0,4.4177422499999786
2024-02-13,0.08333333333333333,5.555076000000025
2024-02-13,0.25,5.5242562499999925
2024-02-13,0.5,5.3907559999999854
2024-02-13,1.0,5.052250250000001
2024-02-13,2.0,4.693824000000024
2024-02-13,3.0,4.489283999999993
2024-02-13,5.0,4.356440249999993
2024-02-13,7.0,4.376872249999986
2024-02-13,10.0,4.356440249999993
2024-02-13,20.0,4.642670250000003
2024-02-13,30.0,4.509728999999996
2024-02-14,0.08333333333333333,5.555076000000025
2024-02-14,0.25,5.503712249999992
2024-02-14,0.5,5.380490250000025
2024-02-14,1.0,5.0010089999999785
2024-02-14,2.0,4.61198399999998
2024-02-14,3.0,4.4279610000000025
2024-02-14,5.0,4.295156249999987
2024-02-14,7.0,4.315582249999994
2024-02-14,10.0,4.315582249999994
2024-02-14,20.0,4.622212250000013
2024-02-14,30.0,4.499506250000018
2024-02-15,0.08333333333333333,5.565350250000001
2024-02-15,0.25,5.503712249999992
2024-02-15,0.5,5.370224999999995
2024-02-15,1.0,4.990762250000014
2024-02-15,2.0,4.61198399999998
2024-02-15,3.0,4.407524000000018
2024-02-15,5.0,4.264520999999988
2024-02-15,7.0,4.295156249999987
2024-02-15,10.0,4.284944000000013
2024-02-15,20.0,4.591528999999994
2024-02-15,30.0,4.468841000000001
2024-02-16,0.08333333333333333,5.555076000000025
2024-02-16,0.25,5.513984000000027
2024-02-16,0.5,5.380490250000025
2024-02-16,1.0,5.042000999999985
2024-02-16,2.0,4.693824000000024
2024-02-16,3.0,4.479062249999988
2024-02-16,5.0,4.336010249999989
2024-02-16,7.0,4.356440249999993
2024-02-16,10.0,4.346225000000015
2024-02-16,20.0,4.632440999999976
2024-02-16,30.0,4.499506250000018
2024-02-20,0.08333333333333333,5.565350250000001
2024-02-20,0.25,5.513984000000027
2024-02-20,0.5,5.3907559999999854
2024-02-20,1.0,5.03175225000001
2024-02-20,2.0,4.642670250000003
2024-02-20,3.0,4.4279610000000025
2024-02-20,5.0,4.295156249999987
2024-02-20,7.0,4.325796000000026
2024-02-20,10.0,4.315582249999994
2024-02-20,20.0,4.61198399999998
2024-02-20,30.0,4.489283999999993
2024-02-21,0.08333333333333333,5.575625000000017
2024-02-21,0.25,5.513984000000027
2024-02-21,0.5,5.3907559999999854
2024-02-21,1.0,5.042000999999985
2024-02-21,2.0,4.693824000000024
2024-02-21,3.0,4.479062249999988
2024-02-21,5.0,4.346225000000015
2024-02-21,7.0,4.376872249999986
2024-02-21,10.0,4.366656000000013
2024-02-21,20.0,4.642670250000003
2024-02-21,30.0,4.540400250000021
2024-02-22,0.08333333333333333,5.565350250000001
2024-02-22,0.25,5.5242562499999925
2024-02-22,0.5,5.3907559999999854
2024-02-22,1.0,5.083000999999987
2024-02-22,2.0,4.744990249999992
2024-02-22,3.0,4.540400250000021
2024-02-22,5.0,4.376872249999986
2024-02-22,7.0,4.397306249999988
2024-02-22,10.0,4.376872249999986
2024-02-22,20.0,4.632440999999976
2024-02-22,30.0,4.519952250000014
2024-02-23,0.08333333333333333,5.565350250000001
2024-02-23,0.25,5.534529000000021
2024-02-23,0.5,5.3907559999999854
2024-02-23,1.0,5.062499999999992
2024-02-23,2.0,4.724522249999996
2024-02-23,3.0,4.499506250000018
2024-02-23,5.0,4.325796000000026
2024-02-23,7.0,4.325796000000026
2024-02-23,10.0,4.3053690000000255
2024-02-23,20.0,4.560850250000015
2024-02-23,30.0,4.4177422499999786
2024-02-26,0.08333333333333333,5.575625000000017
2024-02-26,0.25,5.544802250000003
2024-02-26,0.5,5.411288999999986
2024-02-26,1.0,5.093252249999991
2024-02-26,2.0,4.744990249999992
2024-02-26,3.0,4.530175999999986
2024-02-26,5.0,4.336010249999989
2024-02-26,7.0,4.366656000000013
2024-02-26,10.0,4.325796000000026
2024-02-26,20.0,4.581302250000019
2024-02-26,30.0,4.448399999999997
2024-02-27,0.08333333333333333,5.575625000000017
2024-02-27,0.25,5.5242562499999925
2024-02-27,0.5,5.401022250000009
2024-02-27,1.0,5.093252249999991
2024-02-27,2.0,4.755225000000007
2024-02-27,3.0,4.550624999999986
2024-02-27,5.0,4.366656000000013
2024-02-27,7.0,4.387089000000022
2024-02-27,10.0,4.356440249999993
2024-02-27,20.0,4.622212250000013
2024-02-27,30.0,4.489283999999993
2024-02-28,0.08333333333333333,5.575625000000017
2024-02-28,0.25,5.5242562499999925
2024-02-28,0.5,5.380490250000025
2024-02-28,1.0,5.062499999999992
2024-02-28,2.0,4.693824000000024
2024-02-28,3.0,4.489283999999993
2024-02-28,5.0,4.3053690000000255
2024-02-28,7.0,4.325796000000026
2024-02-28,10.0,4.315582249999994
2024-02-28,20.0,4.581302250000019
2024-02-28,30.0,4.448399999999997
2024-02-29,0.08333333333333333,5.6064522499999825
2024-02-29,0.25,5.5242562499999925
2024-02-29,0.5,5.370224999999995
2024-02-29,1.0,5.072750250000002
2024-02-29,2.0,4.693824000000024
2024-02-29,3.0,4.479062249999988
2024-02-29,5.0,4.3053690000000255
2024-02-29,7.0,4.325796000000026
2024-02-29,10.0,4.295156249999987
2024-02-29,20.0,4.560850250000015
2024-02-29,30.0,4.4279610000000025
2024-03-01,0.08333333333333333,5.616729000000009
2024-03-01,0.25,5.493440999999977
2024-03-01,0.5,5.33943225000002
2024-03-01,1.0,5.0010089999999785
2024-03-01,2.0,4.591528999999994
2024-03-01,3.0,4.366656000000013
2024-03-01,5.0,4.213472250000017
2024-03-01,7.0,4.244099999999973
2024-03-01,10.0,4.233890250000005
2024-03-01,20.0,4.509728999999996
2024-03-01,30.0,4.376872249999986
2024-03-04,0.08333333333333333,5.585900249999987
2024-03-04,0.25,5.555076000000025
2024-03-04,0.5,5.442092250000008
2024-03-04,1.0,5.042000999999985
2024-03-04,2.0,4.663130250000003
2024-03-04,3.0,4.438180249999979
2024-03-04,5.0,4.254310250000004
2024-03-04,7.0,4.274732249999991
2024-03-04,10.0,4.264520999999988
2024-03-04,20.0,4.530175999999986
2024-03-04,30.0,4.407524000000018
2024-03-05,0.08333333333333333,5.575625000000017
2024-03-05,0.25,5.544802250000003
2024-03-05,0.5,5.421556250000004
2024-03-05,1.0,5.0010089999999785
2024-03-05,2.0,4.591528999999994
2024-03-05,3.0,4.366656000000013
2024-03-05,5.0,4.172642250000003
2024-03-05,7.0,4.193056250000016
2024-03-05,10.0,4.172642250000003
2024-03-05,20.0,4.438180249999979
2024-03-05,30.0,4.315582249999994
2024-03-06,0.08333333333333333,5.575625000000017
2024-03-06,0.25,5.544802250000003
2024-03-06,0.5,5.421556250000004
2024-03-06,1.0,5.011256250000007
2024-03-06,2.0,4.601756250000011
2024-03-06,3.0,4.366656000000013
2024-03-06,5.0,4.162435999999992
2024-03-06,7.0,4.162435999999992
2024-03-06,10.0,4.152230250000022
2024-03-06,20.0,4.407524000000018
2024-03-06,30.0,4.284944000000013
2024-03-07,0.08333333333333333,5.585900249999987
2024-03-07,0.25,5.544802250000003
2024-03-07,0.5,5.411288999999986
2024-03-07,1.0,4.990762250000014
2024-03-07,2.0,4.550624999999986
2024-03-07,3.0,4.325796000000026
2024-03-07,5.0,4.111412250000024
2024-03-07,7.0,4.131820250000007
2024-03-07,10.0,4.131820250000007
2024-03-07,20.0,4.397306249999988
2024-03-07,30.0,4.295156249999987
2024-03-08,0.08333333333333333,5.585900249999987
2024-03-08,0.25,5.534529000000021
2024-03-08,0.5,5.411288999999986
2024-03-08,1.0,4.9805160000000015
2024-03-08,2.0,4.530175999999986
2024-03-08,3.0,4.295156249999987
2024-03-08,5.0,4.1012089999999946
2024-03-08,7.0,4.121616000000006
2024-03-08,10.0,4.131820250000007
2024-03-08,20.0,4.407524000000018
2024-03-08,30.0,4.3053690000000255
2024-03-11,0.08333333333333333,5.575625000000017
2024-03-11,0.25,5.555076000000025
2024-03-11,0.5,5.421556250000004
2024-03-11,1.0,5.011256250000007
2024-03-11,2.0,4.560850250000015
2024-03-11,3.0,4.3053690000000255
2024-03-11,5.0,4.121616000000006
2024-03-11,7.0,4.131820250000007
2024-03-11,10.0,4.1420249999999825
2024-03-11,20.0,4.407524000000018
2024-03-11,30.0,4.3053690000000255
2024-03-12,0.08333333333333333,5.596176000000019
2024-03-12,0.25,5.555076000000025
2024-03-12,0.5,5.442092250000008
2024-03-12,1.0,5.062499999999992
2024-03-12,2.0,4.632440999999976
2024-03-12,3.0,4.376872249999986
2024-03-12,5.0,4.193056250000016
2024-03-12,7.0,4.2032639999999954
2024-03-12,10.0,4.2032639999999954
2024-03-12,20.0,4.468841000000001
2024-03-12,30.0,4.356440249999993
2024-03-13,0.08333333333333333,5.596176000000019
2024-03-13,0.25,5.555076000000025
2024-03-13,0.5,5.442092250000008
2024-03-13,1.0,5.072750250000002
2024-03-13,2.0,4.663130250000003
2024-03-13,3.0,4.4177422499999786
2024-03-13,5.0,4.233890250000005
2024-03-13,7.0,4.244099999999973
2024-03-13,10.0,4.233890250000005
2024-03-13,20.0,4.499506250000018
2024-03-13,30.0,4.397306249999988
2024-03-14,0.08333333333333333,5.596176000000019
2024-03-14,0.25,5.555076000000025
2024-03-14,0.5,5.4523609999999945
2024-03-14,1.0,5.10350399999997
2024-03-14,2.0,4.734756000000018
2024-03-14,3.0,4.509728999999996
2024-03-14,5.0,4.336010249999989
2024-03-14,7.0,4.346225000000015
2024-03-14,10.0,4.336010249999989
2024-03-14,20.0,4.591528999999994
2024-03-14,30.0,4.489283999999993
2024-03-15,0.08333333333333333,5.596176000000019
2024-03-15,0.25,5.555076000000025
2024-03-15,0.5,5.4523609999999945
2024-03-15,1.0,5.11375624999999
2024-03-15,2.0,4.775696000000007
2024-03-15,3.0,4.560850250000015
2024-03-15,5.0,4.376872249999986
2024-03-15,7.0,4.376872249999986
2024-03-15,10.0,4.356440249999993
2024-03-15,20.0,4.601756250000011
2024-03-15,30.0,4.479062249999988
2024-03-18,0.08333333333333333,5.596176000000019
2024-03-18,0.25,5.555076000000025
2024-03-18,0.5,5.46263025
2024-03-18,1.0,5.124009000000029
2024-03-18,2.0,4.785932249999991
2024-03-18,3.0,4.571075999999996
2024-03-18,5.0,4.407524000000018
2024-03-18,7.0,4.397306249999988
2024-03-18,10.0,4.387089000000022
2024-03-18,20.0,4.622212250000013
2024-03-18,30.0,4.509728999999996
2024-03-19,0.08333333333333333,5.596176000000019
2024-03-19,0.25,5.555076000000025
2024-03-19,0.5,5.46263025
2024-03-19,1.0,5.124009000000029
2024-03-19,2.0,4.734756000000018
2024-03-19,3.0,4.519952250000014
2024-03-19,5.0,4.356440249999993
2024-03-19,7.0,4.356440249999993
2024-03-19,10.0,4.346225000000015
2024-03-19,20.0,4.591528999999994
2024-03-19,30.0,4.489283999999993
2024-03-20,0.08333333333333333,5.575625000000017
2024-03-20,0.25,5.544802250000003
2024-03-20,0.5,5.431823999999996
2024-03-20,1.0,5.072750250000002
2024-03-20,2.0,4.642670250000003
2024-03-20,3.0,4.458620249999989
2024-03-20,5.0,4.295156249999987
2024-03-20,7.0,4.325796000000026
2024-03-20,10.0,4.315582249999994
2024-03-20,20.0,4.581302250000019
2024-03-20,30.0,4.499506250000018
2024-03-21,0.08333333333333333,5.585900249999987
2024-03-21,0.25,5.555076000000025
2024-03-21,0.5,5.431823999999996
2024-03-21,1.0,5.072750250000002
2024-03-21,2.0,4.673360999999976
2024-03-21,3.0,4.468841000000001
2024-03-21,5.0,4.3053690000000255
2024-03-21,7.0,4.325796000000026
2024-03-21,10.0,4.315582249999994
2024-03-21,20.0,4.581302250000019
2024-03-21,30.0,4.489283999999993
2024-03-22,0.08333333333333333,5.585900249999987
2024-03-22,0.25,5.534529000000021
2024-03-22,0.5,5.411288999999986
2024-03-22,1.0,5.042000999999985
2024-03-22,2.0,4.642670250000003
2024-03-22,3.0,4.407524000000018
2024-03-22,5.0,4.244099999999973
2024-03-22,7.0,4.264520999999988
2024-03-22,10.0,4.264520999999988
2024-03-22,20.0,4.519952250000014
2024-03-22,30.0,4.438180249999979
2024-03-25,0.08333333333333333,5.585900249999987
2024-03-25,0.25,5.534529000000021
2024-03-25,0.5,5.431823999999996
2024-03-25,1.0,5.062499999999992
2024-03-25,2.0,4.591528999999994
2024-03-25,3.0,4.438180249999979
2024-03-25,5.0,4.274732249999991
2024-03-25,7.0,4.295156249999987
2024-03-25,10.0,4.295156249999987
2024-03-25,20.0,4.560850250000015
2024-03-25,30.0,4.468841000000001
2024-03-26,0.08333333333333333,5.575625000000017
2024-03-26,0.25,5.534529000000021
2024-03-26,0.5,5.431823999999996
2024-03-26,1.0,5.062499999999992
2024-03-26,2.0,4.61198399999998
2024-03-26,3.0,4.4279610000000025
2024-03-26,5.0,4.264520999999988
2024-03-26,7.0,4.274732249999991
2024-03-26,10.0,4.284944000000013
2024-03-26,20.0,4.540400250000021
2024-03-26,30.0,4.448399999999997
2024-03-27,0.08333333333333333,5.575625000000017
2024-03-27,0.25,5.5242562499999925
2024-03-27,0.5,5.431823999999996
2024-03-27,1.0,5.052250250000001
2024-03-27,2.0,4.591528999999994
2024-03-27,3.0,4.407524000000018
2024-03-27,5.0,4.22368099999999
2024-03-27,7.0,4.22368099999999
2024-03-27,10.0,4.244099999999973
2024-03-27,20.0,4.499506250000018
2024-03-27,30.0,4.407524000000018
2024-03-28,0.08333333333333333,5.565350250000001
2024-03-28,0.25,5.534529000000021
2024-03-28,0.5,5.4523609999999945
2024-03-28,1.0,5.093252249999991
2024-03-28,2.0,4.642670250000003
2024-03-28,3.0,4.448399999999997
2024-03-28,5.0,4.254310250000004
2024-03-28,7.0,4.244099999999973
2024-03-28,10.0,4.244099999999973
2024-03-28,20.0,4.499506250000018
2024-03-28,30.0,4.387089000000022
2024-04-01,0.08333333333333333,5.565350250000001
2024-04-01,0.25,5.513984000000027
2024-04-01,0.5,5.431823999999996
2024-04-01,1.0,5.124009000000029
2024-04-01,2.0,4.775696000000007
2024-04-01,3.0,4.560850250000015
2024-04-01,5.0,4.387089000000022
2024-04-01,7.0,4.376872249999986
2024-04-01,10.0,4.376872249999986
2024-04-01,20.0,4.632440999999976
2024-04-01,30.0,4.519952250000014
2024-04-02,0.08333333333333333,5.565350250000001
2024-04-02,0.25,5.493440999999977
2024-04-02,0.5,5.411288999999986
2024-04-02,1.0,5.11375624999999
2024-04-02,2.0,4.755225000000007
2024-04-02,3.0,4.560850250000015
2024-04-02,5.0,4.397306249999988
2024-04-02,7.0,4.4177422499999786
2024-04-02,10.0,4.407524000000018
2024-04-02,20.0,4.663130250000003
2024-04-02,30.0,4.560850250000015
2024-04-03,0.08333333333333333,5.544802250000003
2024-04-03,0.25,5.493440999999977
2024-04-03,0.5,5.401022250000009
2024-04-03,1.0,5.093252249999991
2024-04-03,2.0,4.734756000000018
2024-04-03,3.0,4.530175999999986
2024-04-03,5.0,4.387089000000022
2024-04-03,7.0,4.407524000000018
2024-04-03,10.0,4.407524000000018
2024-04-03,20.0,4.663130250000003
2024-04-03,30.0,4.560850250000015
2024-04-04,0.08333333333333333,5.544802250000003
2024-04-04,0.25,5.483170250000002
2024-04-04,0.5,5.3907559999999854
2024-04-04,1.0,5.062499999999992
2024-04-04,2.0,4.704056249999988
2024-04-04,3.0,4.509728999999996
2024-04-04,5.0,4.346225000000015
2024-04-04,7.0,4.356440249999993
2024-04-04,10.0,4.356440249999993
2024-04-04,20.0,4.622212250000013
2024-04-04,30.0,4.519952250000014
2024-04-05,0.08333333333333333,5.544802250000003
2024-04-05,0.25,5.503712249999992
2024-04-05,0.5,5.411288999999986
2024-04-05,1.0,5.11375624999999
2024-04-05,2.0,4.785932249999991
2024-04-05,3.0,4.591528999999994
2024-04-05,5.0,4.4279610000000025
2024-04-05,7.0,4.438180249999979
2024-04-05,10.0,4.438180249999979
2024-04-05,20.0,4.704056249999988
2024-04-05,30.0,4.591528999999994
2024-04-08,0.08333333333333333,5.555076000000025
2024-04-08,0.25,5.503712249999992
2024-04-08,0.5,5.421556250000004
2024-04-08,1.0,5.134262249999999
2024-04-08,2.0,4.837121
2024-04-08,3.0,4.652899999999982
2024-04-08,5.0,4.479062249999988
2024-04-08,7.0,4.479062249999988
2024-04-08,10.0,4.468841000000001
2024-04-08,20.0,4.704056249999988
2024-04-08,30.0,4.601756250000011
2024-04-09,0.08333333333333333,5.555076000000025
2024-04-09,0.25,5.503712249999992
2024-04-09,0.5,5.411288999999986
2024-04-09,1.0,5.093252249999991
2024-04-09,2.0,4.796169000000017
2024-04-09,3.0,4.571075999999996
2024-04-09,5.0,4.4177422499999786
2024-04-09,7.0,4.4279610000000025
2024-04-09,10.0,4.407524000000018
2024-04-09,20.0,4.652899999999982
2024-04-09,30.0,4.550624999999986
2024-04-10,0.08333333333333333,5.565350250000001
2024-04-10,0.25,5.5242562499999925
2024-04-10,0.5,5.472899999999981
2024-04-10,1.0,5.2573402499999755
2024-04-10,2.0,5.03175225000001
2024-04-10,3.0,4.826882249999986
2024-04-10,5.0,4.663130250000003
2024-04-10,7.0,4.642670250000003
2024-04-10,10.0,4.601756250000011
2024-04-10,20.0,4.816644000000014
2024-04-10,30.0,4.693824000000024
2024-04-11,0.08333333333333333,5.555076000000025
2024-04-11,0.25,5.5242562499999925
2024-04-11,0.5,5.4523609999999945
2024-04-11,1.0,5.236822249999995
2024-04-11,2.0,4.990762250000014
2024-04-11,3.0,4.826882249999986
2024-04-11,5.0,4.663130250000003
2024-04-11,7.0,4.652899999999982
2024-04-11,10.0,4.61198399999998
2024-04-11,20.0,4.826882249999986
2024-04-11,30.0,4.704056249999988
2024-04-12,0.08333333333333333,5.555076000000025
2024-04-12,0.25,5.5242562499999925
2024-04-12,0.5,5.431823999999996
2024-04-12,1.0,5.195792249999998
2024-04-12,2.0,4.939535999999989
2024-04-12,3.0,4.755225000000007
2024-04-12,5.0,4.591528999999994
2024-04-12,7.0,4.581302250000019
2024-04-12,10.0,4.550624999999986
2024-04-12,20.0,4.785932249999991
2024-04-12,30.0,4.663130250000003
2024-04-15,0.08333333333333333,5.565350250000001
2024-04-15,0.25,5.5242562499999925
2024-04-15,0.5,5.4523609999999945
2024-04-15,1.0,5.226564000000011
2024-04-15,2.0,4.990762250000014
2024-04-15,3.0,4.837121
2024-04-15,5.0,4.704056249999988
2024-04-15,7.0,4.704056249999988
2024-04-15,10.0,4.6835922499999905
2024-04-15,20.0,4.908806250000031
2024-04-15,30.0,4.796169000000017
2024-04-16,0.08333333333333333,5.565350250000001
2024-04-16,0.25,5.5242562499999925
2024-04-16,0.5,5.46263025
2024-04-16,1.0,5.247080999999998
2024-04-16,2.0,5.03175225000001
2024-04-16,3.0,4.888322249999977
2024-04-16,5.0,4.744990249999992
2024-04-16,7.0,4.744990249999992
2024-04-16,10.0,4.724522249999996
2024-04-16,20.0,4.939535999999989
2024-04-16,30.0,4.826882249999986
2024-04-17,0.08333333333333333,5.565350250000001
2024-04-17,0.25,5.5242562499999925
2024-04-17,0.5,5.4523609999999945
2024-04-17,1.0,5.226564000000011
2024-04-17,2.0,4.990762250000014
2024-04-17,3.0,4.826882249999986
2024-04-17,5.0,4.673360999999976
2024-04-17,7.0,4.663130250000003
2024-04-17,10.0,4.642670250000003
2024-04-17,20.0,4.867840249999977
2024-04-17,30.0,4.765460249999998
2024-04-18,0.08333333333333333,5.565350250000001
2024-04-18,0.25,5.534529000000021
2024-04-18,0.5,5.46263025
2024-04-18,1.0,5.247080999999998
2024-04-18,2.0,5.042000999999985
2024-04-18,3.0,4.888322249999977
2024-04-18,5.0,4.734756000000018
2024-04-18,7.0,4.724522249999996
2024-04-18,10.0,4.693824000000024
2024-04-18,20.0,4.908806250000031
2024-04-18,30.0,4.796169000000017
2024-04-19,0.08333333333333333,5.565350250000001
2024-04-19,0.25,5.5242562499999925
2024-04-19,0.5,5.46263025
2024-04-19,1.0,5.236822249999995
2024-04-19,2.0,5.03175225000001
2024-04-19,3.0,4.867840249999977
2024-04-19,5.0,4.714289000000016
2024-04-19,7.0,4.704056249999988
2024-04-19,10.0,4.673360999999976
2024-04-19,20.0,4.888322249999977
2024-04-19,30.0,4.775696000000007
2024-04-22,0.08333333333333333,5.565350250000001
2024-04-22,0.25,5.493440999999977
2024-04-22,0.5,5.46263025
2024-04-22,1.0,5.226564000000011
2024-04-22,2.0,5.03175225000001
2024-04-22,3.0,4.867840249999977
2024-04-22,5.0,4.714289000000016
2024-04-22,7.0,4.704056249999988
2024-04-22,10.0,4.673360999999976
2024-04-22,20.0,4.898563999999994
2024-04-22,30.0,4.775696000000007
2024-04-23,0.08333333333333333,5.565350250000001
2024-04-23,0.25,5.5242562499999925
2024-04-23,0.5,5.46263025
2024-04-23,1.0,5.206049000000013
2024-04-23,2.0,4.919048999999998
2024-04-23,3.0,4.816644000000014
2024-04-23,5.0,4.6835922499999905
2024-04-23,7.0,4.673360999999976
2024-04-23,10.0,4.663130250000003
2024-04-23,20.0,4.898563999999994
2024-04-23,30.0,4.785932249999991
2024-04-24,0.08333333333333333,5.565350250000001
2024-04-24,0.25,5.534529000000021
2024-04-24,0.5,5.472899999999981
2024-04-24,1.0,5.236822249999995
2024-04-24,2.0,4.949780250000013
2024-04-24,3.0,4.837121
2024-04-24,5.0,4.693824000000024
2024-04-24,7.0,4.714289000000016
2024-04-24,10.0,4.704056249999988
2024-04-24,20.0,4.939535999999989
2024-04-24,30.0,4.837121
2024-04-25,0.08333333333333333,5.555076000000025
2024-04-25,0.25,5.544802250000003
2024-04-25,0.5,5.483170250000002
2024-04-25,1.0,5.277860249999988
2024-04-25,2.0,5.021503999999988
2024-04-25,3.0,4.908806250000031
2024-04-25,5.0,4.755225000000007
2024-04-25,7.0,4.765460249999998
2024-04-25,10.0,4.755225000000007
2024-04-25,20.0,4.990762250000014
2024-04-25,30.0,4.878081000000001
2024-04-26,0.08333333333333333,5.555076000000025
2024-04-26,0.25,5.534529000000021
2024-04-26,0.5,5.472899999999981
2024-04-26,1.0,5.277860249999988
2024-04-26,2.0,5.021503999999988
2024-04-26,3.0,4.898563999999994
2024-04-26,5.0,4.734756000000018
2024-04-26,7.0,4.734756000000018
2024-04-26,10.0,4.724522249999996
2024-04-26,20.0,4.949780250000013
2024-04-26,30.0,4.837121
2024-04-29,0.08333333333333333,5.555076000000025
2024-04-29,0.25,5.5242562499999925
2024-04-29,0.5,5.503712249999992
2024-04-29,1.0,5.2675999999999945
2024-04-29,2.0,5.03175225000001
2024-04-29,3.0,4.857599999999995
2024-04-29,5.0,4.704056249999988
2024-04-29,7.0,4.693824000000024
2024-04-29,10.0,4.6835922499999905
2024-04-29,20.0,4.919048999999998
2024-04-29,30.0,4.806406249999995
2024-04-30,0.08333333333333333,5.555076000000025
2024-04-30,0.25,5.534529000000021
2024-04-30,0.5,5.513984000000027
2024-04-30,1.0,5.318906250000022
2024-04-30,2.0,5.10350399999997
2024-04-30,3.0,4.929292250000028
2024-04-30,5.0,4.775696000000007
2024-04-30,7.0,4.765460249999998
2024-04-30,10.0,4.744990249999992
2024-04-30,20.0,4.96002499999999
2024-04-30,30.0,4.847360249999988
2024-05-01,0.08333333333333333,5.544802250000003
2024-05-01,0.25,5.534529000000021
2024-05-01,0.5,5.503712249999992
2024-05-01,1.0,5.277860249999988
2024-05-01,2.0,5.021503999999988
2024-05-01,3.0,4.847360249999988
2024-05-01,5.0,4.693824000000024
2024-05-01,7.0,4.693824000000024
2024-05-01,10.0,4.6835922499999905
2024-05-01,20.0,4.908806250000031
2024-05-01,30.0,4.796169000000017
2024-05-02,0.08333333333333333,5.585900249999987
2024-05-02,0.25,5.534529000000021
2024-05-02,0.5,5.493440999999977
2024-05-02,1.0,5.226564000000011
2024-05-02,2.0,4.929292250000028
2024-05-02,3.0,4.765460249999998
2024-05-02,5.0,4.622212250000013
2024-05-02,7.0,4.622212250000013
2024-05-02,10.0,4.632440999999976
2024-05-02,20.0,4.878081000000001
2024-05-02,30.0,4.775696000000007
2024-05-03,0.08333333333333333,5.585900249999987
2024-05-03,0.25,5.5242562499999925
2024-05-03,0.5,5.483170250000002
2024-05-03,1.0,5.185536000000024
2024-05-03,2.0,4.867840249999977
2024-05-03,3.0,4.6835922499999905
2024-05-03,5.0,4.530175999999986
2024-05-03,7.0,4.540400250000021
2024-05-03,10.0,4.550624999999986
2024-05-03,20.0,4.806406249999995
2024-05-03,30.0,4.714289000000016
2024-05-06,0.08333333333333333,5.585900249999987
2024-05-06,0.25,5.5242562499999925
2024-05-06,0.5,5.493440999999977
2024-05-06,1.0,5.185536000000024
2024-05-06,2.0,4.878081000000001
2024-05-06,3.0,4.693824000000024
2024-05-06,5.0,4.530175999999986
2024-05-06,7.0,4.530175999999986
2024-05-06,10.0,4.540400250000021
2024-05-06,20.0,4.785932249999991
2024-05-06,30.0,4.693824000000024
2024-05-07,0.08333333333333333,5.585900249999987
2024-05-07,0.25,5.5242562499999925
2024-05-07,0.5,5.483170250000002
2024-05-07,1.0,5.195792249999998
2024-05-07,2.0,4.878081000000001
2024-05-07,3.0,4.652899999999982
2024-05-07,5.0,4.530175999999986
2024-05-07,7.0,4.519952250000014
2024-05-07,10.0,4.519952250000014
2024-05-07,20.0,4.755225000000007
2024-05-07,30.0,4.663130250000003
2024-05-08,0.08333333333333333,5.585900249999987
2024-05-08,0.25,5.5242562499999925
2024-05-08,0.5,5.483170250000002
2024-05-08,1.0,5.195792249999998
2024-05-08,2.0,4.898563999999994
2024-05-08,3.0,4.6835922499999905
2024-05-08,5.0,4.550624999999986
2024-05-08,7.0,4.540400250000021
2024-05-08,10.0,4.530175999999986
2024-05-08,20.0,4.785932249999991
2024-05-08,30.0,4.693824000000024
2024-05-09,0.08333333333333333,5.585900249999987
2024-05-09,0.25,5.534529000000021
2024-05-09,0.5,5.483170250000002
2024-05-09,1.0,5.185536000000024
2024-05-09,2.0,4.857599999999995
2024-05-09,3.0,4.652899999999982
2024-05-09,5.0,4.519952250000014
2024-05-09,7.0,4.509728999999996
2024-05-09,10.0,4.499506250000018
2024-05-09,20.0,4.755225000000007
2024-05-09,30.0,4.652899999999982
2024-05-10,0.08333333333333333,5.585900249999987
2024-05-10,0.25,5.544802250000003
2024-05-10,0.5,5.503712249999992
2024-05-10,1.0,5.236822249999995
2024-05-10,2.0,4.929292250000028
2024-05-10,3.0,4.704056249999988
2024-05-10,5.0,4.571075999999996
2024-05-10,7.0,4.560850250000015
2024-05-10,10.0,4.550624999999986
2024-05-10,20.0,4.796169000000017
2024-05-10,30.0,4.693824000000024
2024-05-13,0.08333333333333333,5.575625000000017
2024-05-13,0.25,5.5242562499999925
2024-05-13,0.5,5.503712249999992
2024-05-13,1.0,5.226564000000011
2024-05-13,2.0,4.908806250000031
2024-05-13,3.0,4.714289000000016
2024-05-13,5.0,4.550624999999986
2024-05-13,7.0,4.540400250000021
2024-05-13,10.0,4.530175999999986
2024-05-13,20.0,4.775696000000007
2024-05-13,30.0,4.6835922499999905
2024-05-14,0.08333333333333333,5.575625000000017
2024-05-14,0.25,5.513984000000027
2024-05-14,0.5,5.503712249999992
2024-05-14,1.0,5.226564000000011
2024-05-14,2.0,4.867840249999977
2024-05-14,3.0,4.673360999999976
2024-05-14,5.0,4.509728999999996
2024-05-14,7.0,4.499506250000018
2024-05-14,10.0,4.499506250000018
2024-05-14,20.0,4.744990249999992
2024-05-14,30.0,4.642670250000003
2024-05-15,0.08333333333333333,5.565350250000001
2024-05-15,0.25,5.5242562499999925
2024-05-15,0.5,5.472899999999981
2024-05-15,1.0,5.165025000000023
2024-05-15,2.0,4.785932249999991
2024-05-15,3.0,4.560850250000015
2024-05-15,5.0,4.397306249999988
2024-05-15,7.0,4.397306249999988
2024-05-15,10.0,4.407524000000018
2024-05-15,20.0,4.663130250000003
2024-05-15,30.0,4.571075999999996
2024-05-16,0.08333333333333333,5.585900249999987
2024-05-16,0.25,5.5242562499999925
2024-05-16,0.5,5.483170250000002
2024-05-16,1.0,5.195792249999998
2024-05-16,2.0,4.837121
2024-05-16,3.0,4.632440999999976
2024-05-16,5.0,4.448399999999997
2024-05-16,7.0,4.438180249999979
2024-05-16,10.0,4.4279610000000025
2024-05-16,20.0,4.673360999999976
2024-05-16,30.0,4.571075999999996
2024-05-17,0.08333333333333333,5.575625000000017
2024-05-17,0.25,5.534529000000021
2024-05-17,0.5,5.483170250000002
2024-05-17,1.0,5.206049000000013
2024-05-17,2.0,4.888322249999977
2024-05-17,3.0,4.652899999999982
2024-05-17,5.0,4.489283999999993
2024-05-17,7.0,4.479062249999988
2024-05-17,10.0,4.468841000000001
2024-05-17,20.0,4.714289000000016
2024-05-17,30.0,4.61198399999998
2024-05-20,0.08333333333333333,5.575625000000017
2024-05-20,0.25,5.5242562499999925
2024-05-20,0.5,5.503712249999992
2024-05-20,1.0,5.21630624999998
2024-05-20,2.0,4.878081000000001
2024-05-20,3.0,4.673360999999976
2024-05-20,5.0,4.509728999999996
2024-05-20,7.0,4.489283999999993
2024-05-20,10.0,4.489283999999993
2024-05-20,20.0,4.734756000000018
2024-05-20,30.0,4.632440999999976
2024-05-21,0.08333333333333333,5.575625000000017
2024-05-21,0.25,5.5242562499999925
2024-05-21,0.5,5.493440999999977
2024-05-21,1.0,5.206049000000013
2024-05-21,2.0,4.878081000000001
2024-05-21,3.0,4.663130250000003
2024-05-21,5.0,4.479062249999988
2024-05-21,7.0,4.468841000000001
2024-05-21,10.0,4.458620249999989
2024-05-21,20.0,4.704056249999988
2024-05-21,30.0,4.601756250000011
2024-05-22,0.08333333333333333,5.565350250000001
2024-05-22,0.25,5.5242562499999925
2024-05-22,0.5,5.503712249999992
2024-05-22,1.0,5.226564000000011
2024-05-22,2.0,4.919048999999998
2024-05-22,3.0,4.693824000000024
2024-05-22,5.0,4.519952250000014
2024-05-22,7.0,4.489283999999993
2024-05-22,10.0,4.479062249999988
2024-05-22,20.0,4.6835922499999905
2024-05-22,30.0,4.601756250000011
2024-05-23,0.08333333333333333,5.585900249999987
2024-05-23,0.25,5.534529000000021
2024-05-23,0.5,5.513984000000027
2024-05-23,1.0,5.2675999999999945
2024-05-23,2.0,4.970270250000008
2024-05-23,3.0,4.765460249999998
2024-05-23,5.0,4.571075999999996
2024-05-23,7.0,4.550624999999986
2024-05-23,10.0,4.519952250000014
2024-05-23,20.0,4.724522249999996
2024-05-23,30.0,4.632440999999976
2024-05-24,0.08333333333333333,5.637284000000009
2024-05-24,0.25,5.534529000000021
2024-05-24,0.5,5.513984000000027
2024-05-24,1.0,5.277860249999988
2024-05-24,2.0,4.990762250000014
2024-05-24,3.0,4.765460249999998
2024-05-24,5.0,4.581302250000019
2024-05-24,7.0,4.540400250000021
2024-05-24,10.0,4.509728999999996
2024-05-24,20.0,4.704056249999988
2024-05-24,30.0,4.622212250000013
2024-05-28,0.08333333333333333,5.575625000000017
2024-05-28,0.25,5.534529000000021
2024-05-28,0.5,5.503712249999992
2024-05-28,1.0,5.277860249999988
2024-05-28,2.0,5.0010089999999785
2024-05-28,3.0,4.806406249999995
2024-05-28,5.0,4.61198399999998
2024-05-28,7.0,4.61198399999998
2024-05-28,10.0,4.591528999999994
2024-05-28,20.0,4.796169000000017
2024-05-28,30.0,4.714289000000016
2024-05-29,0.08333333333333333,5.575625000000017
2024-05-29,0.25,5.534529000000021
2024-05-29,0.5,5.503712249999992
2024-05-29,1.0,5.288121000000001
2024-05-29,2.0,5.021503999999988
2024-05-29,3.0,4.847360249999988
2024-05-29,5.0,4.6835922499999905
2024-05-29,7.0,4.6835922499999905
2024-05-29,10.0,4.663130250000003
2024-05-29,20.0,4.878081000000001
2024-05-29,30.0,4.796169000000017
2024-05-30,0.08333333333333333,5.555076000000025
2024-05-30,0.25,5.534529000000021
2024-05-30,0.5,5.493440999999977
2024-05-30,1.0,5.2573402499999755
2024-05-30,2.0,4.9805160000000015
2024-05-30,3.0,4.796169000000017
2024-05-30,5.0,4.622212250000013
2024-05-30,7.0,4.622212250000013
2024-05-30,10.0,4.601756250000011
2024-05-30,20.0,4.816644000000014
2024-05-30,30.0,4.744990249999992
2024-05-31,0.08333333333333333,5.555076000000025
2024-05-31,0.25,5.534529000000021
2024-05-31,0.5,5.493440999999977
2024-05-31,1.0,5.247080999999998
2024-05-31,2.0,4.949780250000013
2024-05-31,3.0,4.744990249999992
2024-05-31,5.0,4.571075999999996
2024-05-31,7.0,4.571075999999996
2024-05-31,10.0,4.560850250000015
2024-05-31,20.0,4.785932249999991
2024-05-31,30.0,4.704056249999988
2024-06-03,0.08333333333333333,5.565350250000001
2024-06-03,0.25,5.596176000000019
2024-06-03,0.5,5.46263025
2024-06-03,1.0,5.206049000000013
2024-06-03,2.0,4.878081000000001
2024-06-03,3.0,4.673360999999976
2024-06-03,5.0,4.468841000000001
2024-06-03,7.0,4.458620249999989
2024-06-03,10.0,4.458620249999989
2024-06-03,20.0,4.6835922499999905
2024-06-03,30.0,4.601756250000011
2024-06-04,0.08333333333333333,5.555076000000025
2024-06-04,0.25,5.596176000000019
2024-06-04,0.5,5.4523609999999945
2024-06-04,1.0,5.175280250000003
2024-06-04,2.0,4.826882249999986
2024-06-04,3.0,4.601756250000011
2024-06-04,5.0,4.397306249999988
2024-06-04,7.0,4.376872249999986
2024-06-04,10.0,4.376872249999986
2024-06-04,20.0,4.61198399999998
2024-06-04,30.0,4.530175999999986
2024-06-05,0.08333333333333333,5.555076000000025
2024-06-05,0.25,5.585900249999987
2024-06-05,0.5,5.442092250000008
2024-06-05,1.0,5.14451600000001
2024-06-05,2.0,4.775696000000007
2024-06-05,3.0,4.550624999999986
2024-06-05,5.0,4.356440249999993
2024-06-05,7.0,4.336010249999989
2024-06-05,10.0,4.336010249999989
2024-06-05,20.0,4.571075999999996
2024-06-05,30.0,4.489283999999993
2024-06-06,0.08333333333333333,5.555076000000025
2024-06-06,0.25,5.585900249999987
2024-06-06,0.5,5.431823999999996
2024-06-06,1.0,5.14451600000001
2024-06-06,2.0,4.775696000000007
2024-06-06,3.0,4.540400250000021
2024-06-06,5.0,4.336010249999989
2024-06-06,7.0,4.325796000000026
2024-06-06,10.0,4.325796000000026
2024-06-06,20.0,4.560850250000015
2024-06-06,30.0,4.479062249999988
2024-06-07,0.08333333333333333,5.544802250000003
2024-06-07,0.25,5.596176000000019
2024-06-07,0.5,5.472899999999981
2024-06-07,1.0,5.236822249999995
2024-06-07,2.0,4.929292250000028
2024-06-07,3.0,4.704056249999988
2024-06-07,5.0,4.509728999999996
2024-06-07,7.0,4.499506250000018
2024-06-07,10.0,4.479062249999988
2024-06-07,20.0,4.693824000000024
2024-06-07,30.0,4.601756250000011
2024-06-10,0.08333333333333333,5.544802250000003
2024-06-10,0.25,5.596176000000019
2024-06-10,0.5,5.472899999999981
2024-06-10,1.0,5.226564000000011
2024-06-10,2.0,4.929292250000028
2024-06-10,3.0,4.673360999999976
2024-06-10,5.0,4.530175999999986
2024-06-10,7.0,4.519952250000014
2024-06-10,10.0,4.519952250000014
2024-06-10,20.0,4.734756000000018
2024-06-10,30.0,4.642670250000003
2024-06-11,0.08333333333333333,5.534529000000021
2024-06-11,0.25,5.596176000000019
2024-06-11,0.5,5.46263025
2024-06-11,1.0,5.236822249999995
2024-06-11,2.0,4.867840249999977
2024-06-11,3.0,4.622212250000013
2024-06-11,5.0,4.458620249999989
2024-06-11,7.0,4.448399999999997
2024-06-11,10.0,4.438180249999979
2024-06-11,20.0,4.673360999999976
2024-06-11,30.0,4.581302250000019
2024-06-12,0.08333333333333333,5.544802250000003
2024-06-12,0.25,5.585900249999987
2024-06-12,0.5,5.4523609999999945
2024-06-12,1.0,5.195792249999998
2024-06-12,2.0,4.806406249999995
2024-06-12,3.0,4.530175999999986
2024-06-12,5.0,4.366656000000013
2024-06-12,7.0,4.356440249999993
2024-06-12,10.0,4.356440249999993
2024-06-12,20.0,4.61198399999998
2024-06-12,30.0,4.519952250000014
2024-06-13,0.08333333333333333,5.544802250000003
2024-06-13,0.25,5.585900249999987
2024-06-13,0.5,5.431823999999996
2024-06-13,1.0,5.134262249999999
2024-06-13,2.0,4.734756000000018
2024-06-13,3.0,4.468841000000001
2024-06-13,5.0,4.284944000000013
2024-06-13,7.0,4.274732249999991
2024-06-13,10.0,4.284944000000013
2024-06-13,20.0,4.550624999999986
2024-06-13,30.0,4.448399999999997
2024-06-14,0.08333333333333333,5.544802250000003
2024-06-14,0.25,5.585900249999987
2024-06-14,0.5,5.431823999999996
2024-06-14,1.0,5.134262249999999
2024-06-14,2.0,4.724522249999996
2024-06-14,3.0,4.458620249999989
2024-06-14,5.0,4.264520999999988
2024-06-14,7.0,4.244099999999973
2024-06-14,10.0,4.244099999999973
2024-06-14,20.0,4.509728999999996
2024-06-14,30.0,4.387089000000022
2024-06-17,0.08333333333333333,5.5242562499999925
2024-06-17,0.25,5.596176000000019
2024-06-17,0.5,5.46263025
2024-06-17,1.0,5.175280250000003
2024-06-17,2.0,4.806406249999995
2024-06-17,3.0,4.550624999999986
2024-06-17,5.0,4.346225000000015
2024-06-17,7.0,4.325796000000026
2024-06-17,10.0,4.325796000000026
2024-06-17,20.0,4.571075999999996
2024-06-17,30.0,4.448399999999997
2024-06-18,0.08333333333333333,5.472899999999981
2024-06-18,0.25,5.575625000000017
2024-06-18,0.5,5.442092250000008
2024-06-18,1.0,5.154770249999996
2024-06-18,2.0,4.744990249999992
2024-06-18,3.0,4.479062249999988
2024-06-18,5.0,4.284944000000013
2024-06-18,7.0,4.264520999999988
2024-06-18,10.0,4.264520999999988
2024-06-18,20.0,4.519952250000014
2024-06-18,30.0,4.407524000000018
2024-06-20,0.08333333333333333,5.493440999999977
2024-06-20,0.25,5.575625000000017
2024-06-20,0.5,5.442092250000008
2024-06-20,1.0,5.165025000000023
2024-06-20,2.0,4.755225000000007
2024-06-20,3.0,4.499506250000018
2024-06-20,5.0,4.3053690000000255
2024-06-20,7.0,4.295156249999987
2024-06-20,10.0,4.295156249999987
2024-06-20,20.0,4.540400250000021
2024-06-20,30.0,4.438180249999979
2024-06-21,0.08333333333333333,5.493440999999977
2024-06-21,0.25,5.565350250000001
2024-06-21,0.5,5.431823999999996
2024-06-21,1.0,5.165025000000023
2024-06-21,2.0,4.755225000000007
2024-06-21,3.0,4.499506250000018
2024-06-21,5.0,4.3053690000000255
2024-06-21,7.0,4.295156249999987
2024-06-21,10.0,4.295156249999987
2024-06-21,20.0,4.540400250000021
2024-06-21,30.0,4.438180249999979
2024-06-24,0.08333333333333333,5.493440999999977
2024-06-24,0.25,5.575625000000017
2024-06-24,0.5,5.442092250000008
2024-06-24,1.0,5.165025000000023
2024-06-24,2.0,4.765460249999998
2024-06-24,3.0,4.509728999999996
2024-06-24,5.0,4.315582249999994
2024-06-24,7.0,4.295156249999987
2024-06-24,10.0,4.295156249999987
2024-06-24,20.0,4.530175999999986
2024-06-24,30.0,4.4279610000000025
2024-06-25,0.08333333333333333,5.503712249999992
2024-06-25,0.25,5.565350250000001
2024-06-25,0.5,5.442092250000008
2024-06-25,1.0,5.165025000000023
2024-06-25,2.0,4.704056249999988
2024-06-25,3.0,4.499506250000018
2024-06-25,5.0,4.295156249999987
2024-06-25,7.0,4.274732249999991
2024-06-25,10.0,4.274732249999991
2024-06-25,20.0,4.509728999999996
2024-06-25,30.0,4.407524000000018
2024-06-26,0.08333333333333333,5.513984000000027
2024-06-26,0.25,5.575625000000017
2024-06-26,0.5,5.431823999999996
2024-06-26,1.0,5.195792249999998
2024-06-26,2.0,4.765460249999998
2024-06-26,3.0,4.581302250000019
2024-06-26,5.0,4.366656000000013
2024-06-26,7.0,4.366656000000013
2024-06-26,10.0,4.366656000000013
2024-06-26,20.0,4.601756250000011
2024-06-26,30.0,4.499506250000018
2024-06-27,0.08333333333333333,5.555076000000025
2024-06-27,0.25,5.565350250000001
2024-06-27,0.5,5.421556250000004
2024-06-27,1.0,5.165025000000023
2024-06-27,2.0,4.755225000000007
2024-06-27,3.0,4.540400250000021
2024-06-27,5.0,4.336010249999989
2024-06-27,7.0,4.315582249999994
2024-06-27,10.0,4.336010249999989
2024-06-27,20.0,4.581302250000019
2024-06-27,30.0,4.479062249999988
2024-06-28,0.08333333333333333,5.544802250000003
2024-06-28,0.25,5.555076000000025
2024-06-28,0.5,5.401022250000009
2024-06-28,1.0,5.154770249999996
2024-06-28,2.0,4.765460249999998
2024-06-28,3.0,4.571075999999996
2024-06-28,5.0,4.376872249999986
2024-06-28,7.0,4.376872249999986
2024-06-28,10.0,4.407524000000018
2024-06-28,20.0,4.663130250000003
2024-06-28,30.0,4.560850250000015
2024-07-01,0.08333333333333333,5.555076000000025
2024-07-01,0.25,5.544802250000003
2024-07-01,0.5,5.442092250000008
2024-07-01,1.0,5.165025000000023
2024-07-01,2.0,4.826882249999986
2024-07-01,3.0,4.632440999999976
2024-07-01,5.0,4.489283999999993
2024-07-01,7.0,4.499506250000018
2024-07-01,10.0,4.530175999999986
2024-07-01,20.0,4.816644000000014
2024-07-01,30.0,4.693824000000024
2024-07-02,0.08333333333333333,5.555076000000025
2024-07-02,0.25,5.544802250000003
2024-07-02,0.5,5.431823999999996
2024-07-02,1.0,5.134262249999999
2024-07-02,2.0,4.796169000000017
2024-07-02,3.0,4.591528999999994
2024-07-02,5.0,4.438180249999979
2024-07-02,7.0,4.448399999999997
2024-07-02,10.0,4.479062249999988
2024-07-02,20.0,4.765460249999998
2024-07-02,30.0,4.652899999999982
2024-07-03,0.08333333333333333,5.565350250000001
2024-07-03,0.25,5.544802250000003
2024-07-03,0.5,5.431823999999996
2024-07-03,1.0,5.10350399999997
2024-07-03,2.0,4.765460249999998
2024-07-03,3.0,4.530175999999986
2024-07-03,5.0,4.376872249999986
2024-07-03,7.0,4.376872249999986
2024-07-03,10.0,4.407524000000018
2024-07-03,20.0,4.693824000000024
2024-07-03,30.0,4.581302250000019
2024-07-05,0.08333333333333333,5.555076000000025
2024-07-05,0.25,5.534529000000021
2024-07-05,0.5,5.411288999999986
2024-07-05,1.0,5.042000999999985
2024-07-05,2.0,4.652899999999982
2024-07-05,3.0,4.438180249999979
2024-07-05,5.0,4.264520999999988
2024-07-05,7.0,4.274732249999991
2024-07-05,10.0,4.325796000000026
2024-07-05,20.0,4.622212250000013
2024-07-05,30.0,4.519952250000014
2024-07-08,0.08333333333333333,5.555076000000025
2024-07-08,0.25,5.534529000000021
2024-07-08,0.5,5.401022250000009
2024-07-08,1.0,5.052250250000001
2024-07-08,2.0,4.673360999999976
2024-07-08,3.0,4.448399999999997
2024-07-08,5.0,4.274732249999991
2024-07-08,7.0,4.274732249999991
2024-07-08,10.0,4.325796000000026
2024-07-08,20.0,4.622212250000013
2024-07-08,30.0,4.509728999999996
2024-07-09,0.08333333333333333,5.5242562499999925
2024-07-09,0.25,5.534529000000021
2024-07-09,0.5,5.411288999999986
2024-07-09,1.0,5.083000999999987
2024-07-09,2.0,4.673360999999976
2024-07-09,3.0,4.4177422499999786
2024-07-09,5.0,4.284944000000013
2024-07-09,7.0,4.295156249999987
2024-07-09,10.0,4.346225000000015
2024-07-09,20.0,4.642670250000003
2024-07-09,30.0,4.540400250000021
2024-07-10,0.08333333333333333,5.534529000000021
2024-07-10,0.25,5.534529000000021
2024-07-10,0.5,5.401022250000009
2024-07-10,1.0,5.072750250000002
2024-07-10,2.0,4.673360999999976
2024-07-10,3.0,4.4279610000000025
2024-07-10,5.0,4.284944000000013
2024-07-10,7.0,4.284944000000013
2024-07-10,10.0,4.325796000000026
2024-07-10,20.0,4.632440999999976
2024-07-10,30.0,4.519952250000014
2024-07-11,0.08333333333333333,5.555076000000025
2024-07-11,0.25,5.513984000000027
2024-07-11,0.5,5.318906250000022
2024-07-11,1.0,4.970270250000008
2024-07-11,2.0,4.550624999999986
2024-07-11,3.0,4.3053690000000255
2024-07-11,5.0,4.172642250000003
2024-07-11,7.0,4.193056250000016
2024-07-11,10.0,4.244099999999973
2024-07-11,20.0,4.560850250000015
2024-07-11,30.0,4.458620249999989
2024-07-12,0.08333333333333333,5.544802250000003
2024-07-12,0.25,5.503712249999992
2024-07-12,0.5,5.298382249999989
2024-07-12,1.0,4.929292250000028
2024-07-12,2.0,4.499506250000018
2024-07-12,3.0,4.264520999999988
2024-07-12,5.0,4.1420249999999825
2024-07-12,7.0,4.172642250000003
2024-07-12,10.0,4.22368099999999
2024-07-12,20.0,4.550624999999986
2024-07-12,30.0,4.438180249999979
2024-07-15,0.08333333333333333,5.555076000000025
2024-07-15,0.25,5.503712249999992
2024-07-15,0.5,5.298382249999989
2024-07-15,1.0,4.908806250000031
2024-07-15,2.0,4.489283999999993
2024-07-15,3.0,4.274732249999991
2024-07-15,5.0,4.172642250000003
2024-07-15,7.0,4.2032639999999954
2024-07-15,10.0,4.274732249999991
2024-07-15,20.0,4.61198399999998
2024-07-15,30.0,4.509728999999996
2024-07-16,0.08333333333333333,5.555076000000025
2024-07-16,0.25,5.503712249999992
2024-07-16,0.5,5.298382249999989
2024-07-16,1.0,4.908806250000031
2024-07-16,2.0,4.479062249999988
2024-07-16,3.0,4.254310250000004
2024-07-16,5.0,4.131820250000007
2024-07-16,7.0,4.152230250000022
2024-07-16,10.0,4.213472250000017
2024-07-16,20.0,4.530175999999986
2024-07-16,30.0,4.4279610000000025
2024-07-17,0.08333333333333333,5.544802250000003
2024-07-17,0.25,5.503712249999992
2024-07-17,0.5,5.298382249999989
2024-07-17,1.0,4.908806250000031
2024-07-17,2.0,4.468841000000001
2024-07-17,3.0,4.233890250000005
2024-07-17,5.0,4.111412250000024
2024-07-17,7.0,4.131820250000007
2024-07-17,10.0,4.2032639999999954
2024-07-17,20.0,4.509728999999996
2024-07-17,30.0,4.4177422499999786
2024-07-18,0.08333333333333333,5.555076000000025
2024-07-18,0.25,5.503712249999992
2024-07-18,0.5,5.298382249999989
2024-07-18,1.0,4.919048999999998
2024-07-18,2.0,4.509728999999996
2024-07-18,3.0,4.284944000000013
2024-07-18,5.0,4.152230250000022
2024-07-18,7.0,4.1828489999999885
2024-07-18,10.0,4.244099999999973
2024-07-18,20.0,4.560850250000015
2024-07-18,30.0,4.458620249999989
2024-07-19,0.08333333333333333,5.555076000000025
2024-07-19,0.25,5.503712249999992
2024-07-19,0.5,5.308643999999996
2024-07-19,1.0,4.929292250000028
2024-07-19,2.0,4.540400250000021
2024-07-19,3.0,4.325796000000026
2024-07-19,5.0,4.2032639999999954
2024-07-19,7.0,4.22368099999999
2024-07-19,10.0,4.295156249999987
2024-07-19,20.0,4.601756250000011
2024-07-19,30.0,4.499506250000018
2024-07-22,0.08333333333333333,5.565350250000001
2024-07-22,0.25,5.503712249999992
2024-07-22,0.5,5.308643999999996
2024-07-22,1.0,4.939535999999989
2024-07-22,2.0,4.550624999999986
2024-07-22,3.0,4.336010249999989
2024-07-22,5.0,4.213472250000017
2024-07-22,7.0,4.244099999999973
2024-07-22,10.0,4.3053690000000255
2024-07-22,20.0,4.622212250000013
2024-07-22,30.0,4.530175999999986
2024-07-23,0.08333333333333333,5.565350250000001
2024-07-23,0.25,5.483170250000002
2024-07-23,0.5,5.288121000000001
2024-07-23,1.0,4.908806250000031
2024-07-23,2.0,4.448399999999997
2024-07-23,3.0,4.3053690000000255
2024-07-23,5.0,4.193056250000016
2024-07-23,7.0,4.22368099999999
2024-07-23,10.0,4.295156249999987
2024-07-23,20.0,4.61198399999998
2024-07-23,30.0,4.530175999999986
2024-07-24,0.08333333333333333,5.575625000000017
2024-07-24,0.25,5.472899999999981
2024-07-24,0.5,5.2573402499999755
2024-07-24,1.0,4.878081000000001
2024-07-24,2.0,4.4177422499999786
2024-07-24,3.0,4.284944000000013
2024-07-24,5.0,4.162435999999992
2024-07-24,7.0,4.244099999999973
2024-07-24,10.0,4.325796000000026
2024-07-24,20.0,4.673360999999976
2024-07-24,30.0,4.591528999999994
2024-07-25,0.08333333333333333,5.565350250000001
2024-07-25,0.25,5.46263025
2024-07-25,0.5,5.2573402499999755
2024-07-25,1.0,4.888322249999977
2024-07-25,2.0,4.458620249999989
2024-07-25,3.0,4.3053690000000255
2024-07-25,5.0,4.172642250000003
2024-07-25,7.0,4.22368099999999
2024-07-25,10.0,4.315582249999994
2024-07-25,20.0,4.642670250000003
2024-07-25,30.0,4.550624999999986
2024-07-26,0.08333333333333333,5.565350250000001
2024-07-26,0.25,5.4523609999999945
2024-07-26,0.5,5.247080999999998
2024-07-26,1.0,4.847360249999988
2024-07-26,2.0,4.407524000000018
2024-07-26,3.0,4.244099999999973
2024-07-26,5.0,4.1012089999999946
2024-07-26,7.0,4.1420249999999825
2024-07-26,10.0,4.244099999999973
2024-07-26,20.0,4.581302250000019
2024-07-26,30.0,4.499506250000018
2024-07-29,0.08333333333333333,5.575625000000017
2024-07-29,0.25,5.483170250000002
2024-07-29,0.5,5.247080999999998
2024-07-29,1.0,4.847360249999988
2024-07-29,2.0,4.407524000000018
2024-07-29,3.0,4.233890250000005
2024-07-29,5.0,4.091006250000029
2024-07-29,7.0,4.121616000000006
2024-07-29,10.0,4.213472250000017
2024-07-29,20.0,4.560850250000015
2024-07-29,30.0,4.468841000000001
2024-07-30,0.08333333333333333,5.575625000000017
2024-07-30,0.25,5.472899999999981
2024-07-30,0.5,5.226564000000011
2024-07-30,1.0,4.837121
2024-07-30,2.0,4.397306249999988
2024-07-30,3.0,4.2032639999999954
2024-07-30,5.0,4.070602250000022
2024-07-30,7.0,4.1012089999999946
2024-07-30,10.0,4.193056250000016
2024-07-30,20.0,4.550624999999986
2024-07-30,30.0,4.448399999999997
2024-07-31,0.08333333333333333,5.565350250000001
2024-07-31,0.25,5.483170250000002
2024-07-31,0.5,5.206049000000013
2024-07-31,1.0,4.785932249999991
2024-07-31,2.0,4.336010249999989
2024-07-31,3.0,4.1420249999999825
2024-07-31,5.0,4.009402249999994
2024-07-31,7.0,4.039999999999999
2024-07-31,10.0,4.131820250000007
2024-07-31,20.0,4.489283999999993
2024-07-31,30.0,4.397306249999988
2024-08-01,0.08333333333333333,5.627006249999988
2024-08-01,0.25,5.442092250000008
2024-08-01,0.5,5.14451600000001
2024-08-01,1.0,4.673360999999976
2024-08-01,2.0,4.2032639999999954
2024-08-01,3.0,3.9992040000000006
2024-08-01,5.0,3.8768640000000243
2024-08-01,7.0,3.927830249999986
2024-08-01,10.0,4.029800249999993
2024-08-01,20.0,4.397306249999988
2024-08-01,30.0,4.315582249999994
2024-08-02,0.08333333333333333,5.616729000000009
2024-08-02,0.25,5.3599602500000065
2024-08-02,0.5,4.939535999999989
2024-08-02,1.0,4.376872249999986
2024-08-02,2.0,3.917636000000013
2024-08-02,3.0,3.734225000000002
2024-08-02,5.0,3.6527610000000044
2024-08-02,7.0,3.7138560000000043
2024-08-02,10.0,3.8360999999999867
2024-08-02,20.0,4.233890250000005
2024-08-02,30.0,4.152230250000022
2024-08-05,0.08333333333333333,5.596176000000019
2024-08-05,0.25,5.421556250000004
2024-08-05,0.5,4.970270250000008
2024-08-05,1.0,4.387089000000022
2024-08-05,2.0,3.927830249999986
2024-08-05,3.0,3.7444102500000076
2024-08-05,5.0,3.6527610000000044
2024-08-05,7.0,3.6934889999999942
2024-08-05,10.0,3.815720999999983
2024-08-05,20.0,4.2032639999999954
2024-08-05,30.0,4.1012089999999946
2024-08-06,0.08333333333333333,5.575625000000017
2024-08-06,0.25,5.411288999999986
2024-08-06,0.5,5.062499999999992
2024-08-06,1.0,4.509728999999996
2024-08-06,2.0,4.029800249999993
2024-08-06,3.0,3.7953439999999894
2024-08-06,5.0,3.7647822500000094
2024-08-06,7.0,3.8259102500000086
2024-08-06,10.0,3.9380250000000228
2024-08-06,20.0,4.325796000000026
2024-08-06,30.0,4.22368099999999
2024-08-07,0.08333333333333333,5.575625000000017
2024-08-07,0.25,5.411288999999986
2024-08-07,0.5,5.052250250000001
2024-08-07,1.0,4.499506250000018
2024-08-07,2.0,4.039999999999999
2024-08-07,3.0,3.8462902500000062
2024-08-07,5.0,3.8259102500000086
2024-08-07,7.0,3.8870562499999872
2024-08-07,10.0,3.9992040000000006
2024-08-07,20.0,4.397306249999988
2024-08-07,30.0,4.3053690000000255
2024-08-08,0.08333333333333333,5.627006249999988
2024-08-08,0.25,5.411288999999986
2024-08-08,0.5,5.072750250000002
2024-08-08,1.0,4.530175999999986
2024-08-08,2.0,4.080803999999993
2024-08-08,3.0,3.8972490000000137
2024-08-08,5.0,3.8666722499999917
2024-08-08,7.0,3.927830249999986
2024-08-08,10.0,4.029800249999993
2024-08-08,20.0,4.4279610000000025
2024-08-08,30.0,4.325796000000026
2024-08-09,0.08333333333333333,5.616729000000009
2024-08-09,0.25,5.401022250000009
2024-08-09,0.5,5.083000999999987
2024-08-09,1.0,4.550624999999986
2024-08-09,2.0,4.091006250000029
2024-08-09,3.0,3.8972490000000137
2024-08-09,5.0,3.8360999999999867
2024-08-09,7.0,3.8870562499999872
2024-08-09,10.0,3.9788090000000054
2024-08-09,20.0,4.376872249999986
2024-08-09,30.0,4.274732249999991
2024-08-12,0.08333333333333333,5.6064522499999825
2024-08-12,0.25,5.401022250000009
2024-08-12,0.5,5.083000999999987
2024-08-12,1.0,4.519952250000014
2024-08-12,2.0,4.05020024999998
2024-08-12,3.0,3.8564809999999783
2024-08-12,5.0,3.785156249999999
2024-08-12,7.0,3.8360999999999867
2024-08-12,10.0,3.9380250000000228
2024-08-12,20.0,4.346225000000015
2024-08-12,30.0,4.233890250000005
2024-08-13,0.08333333333333333,5.555076000000025
2024-08-13,0.25,5.3907559999999854
2024-08-13,0.5,5.03175225000001
2024-08-13,1.0,4.448399999999997
2024-08-13,2.0,3.968612249999981
2024-08-13,3.0,3.785156249999999
2024-08-13,5.0,3.7138560000000043
2024-08-13,7.0,3.7749689999999836
2024-08-13,10.0,3.8870562499999872
2024-08-13,20.0,4.295156249999987
2024-08-13,30.0,4.2032639999999954
2024-08-14,0.08333333333333333,5.565350250000001
2024-08-14,0.25,5.3907559999999854
2024-08-14,0.5,5.062499999999992
2024-08-14,1.0,4.468841000000001
2024-08-14,2.0,3.9788090000000054
2024-08-14,3.0,3.7953439999999894
2024-08-14,5.0,3.703672250000012
2024-08-14,7.0,3.754595999999988
2024-08-14,10.0,3.8666722499999917
2024-08-14,20.0,4.264520999999988
2024-08-14,30.0,4.162435999999992
2024-08-15,0.08333333333333333,5.6064522499999825
2024-08-15,0.25,5.411288999999986
2024-08-15,0.5,5.10350399999997
2024-08-15,1.0,4.571075999999996
2024-08-15,2.0,4.121616000000006
2024-08-15,3.0,3.9380250000000228
2024-08-15,5.0,3.8259102500000086
2024-08-15,7.0,3.8666722499999917
2024-08-15,10.0,3.95841600000002
2024-08-15,20.0,4.325796000000026
2024-08-15,30.0,4.22368099999999
2024-08-16,0.08333333333333333,5.6064522499999825
2024-08-16,0.25,5.401022250000009
2024-08-16,0.5,5.083000999999987
2024-08-16,1.0,4.540400250000021
2024-08-16,2.0,4.1012089999999946
2024-08-16,3.0,3.907442249999993
2024-08-16,5.0,3.805532249999999
2024-08-16,7.0,3.8462902500000062
2024-08-16,10.0,3.927830249999986
2024-08-16,20.0,4.3053690000000255
2024-08-16,30.0,4.193056250000016
2024-08-19,0.08333333333333333,5.585900249999987
2024-08-19,0.25,5.380490250000025
2024-08-19,0.5,5.062499999999992
2024-08-19,1.0,4.530175999999986
2024-08-19,2.0,4.1012089999999946
2024-08-19,3.0,3.8972490000000137
2024-08-19,5.0,3.785156249999999
2024-08-19,7.0,3.815720999999983
2024-08-19,10.0,3.8972490000000137
2024-08-19,20.0,4.274732249999991
2024-08-19,30.0,4.152230250000022
2024-08-20,0.08333333333333333,5.555076000000025
2024-08-20,0.25,5.3599602500000065
2024-08-20,0.5,5.03175225000001
2024-08-20,1.0,4.479062249999988
2024-08-20,2.0,4.029800249999993
2024-08-20,3.0,3.8360999999999867
2024-08-20,5.0,3.734225000000002
2024-08-20,7.0,3.7647822500000094
2024-08-20,10.0,3.8564809999999783
2024-08-20,20.0,4.233890250000005
2024-08-20,30.0,4.111412250000024
2024-08-21,0.08333333333333333,5.5242562499999925
2024-08-21,0.25,5.329169
2024-08-21,0.5,4.9805160000000015
2024-08-21,1.0,4.407524000000018
2024-08-21,2.0,3.95841600000002
2024-08-21,3.0,3.7749689999999836
2024-08-21,5.0,3.6731239999999943
2024-08-21,7.0,3.724040250000016
2024-08-21,10.0,3.8259102500000086
2024-08-21,20.0,4.193056250000016
2024-08-21,30.0,4.1012089999999946
2024-08-22,0.08333333333333333,5.585900249999987
2024-08-22,0.25,5.349695999999993
2024-08-22,0.5,5.021503999999988
2024-08-22,1.0,4.479062249999988
2024-08-22,2.0,4.029800249999993
2024-08-22,3.0,3.8564809999999783
2024-08-22,5.0,3.754595999999988
2024-08-22,7.0,3.805532249999999
2024-08-22,10.0,3.8972490000000137
2024-08-22,20.0,4.254310250000004
2024-08-22,30.0,4.172642250000003
2024-08-23,0.08333333333333333,5.585900249999987
2024-08-23,0.25,5.318906250000022
2024-08-23,0.5,4.9805160000000015
2024-08-23,1.0,4.407524000000018
2024-08-23,2.0,3.9380250000000228
2024-08-23,3.0,3.7647822500000094
2024-08-23,5.0,3.683306250000018
2024-08-23,7.0,3.7444102500000076
2024-08-23,10.0,3.8462902500000062
2024-08-23,20.0,4.22368099999999
2024-08-23,30.0,4.1420249999999825
2024-08-26,0.08333333333333333,5.565350250000001
2024-08-26,0.25,5.308643999999996
2024-08-26,0.5,4.970270250000008
2024-08-26,1.0,4.4279610000000025
2024-08-26,2.0,3.9482202499999897
2024-08-26,3.0,3.7749689999999836
2024-08-26,5.0,3.6934889999999942
2024-08-26,7.0,3.754595999999988
2024-08-26,10.0,3.8564809999999783
2024-08-26,20.0,4.233890250000005
2024-08-26,30.0,4.152230250000022
2024-08-27,0.08333333333333333,5.565350250000001
2024-08-27,0.25,5.298382249999989
2024-08-27,0.5,4.949780250000013
2024-08-27,1.0,4.387089000000022
2024-08-27,2.0,3.8666722499999917
2024-08-27,3.0,3.754595999999988
2024-08-27,5.0,3.6934889999999942
2024-08-27,7.0,3.7647822500000094
2024-08-27,10.0,3.8666722499999917
2024-08-27,20.0,4.254310250000004
2024-08-27,30.0,4.172642250000003
2024-08-28,0.08333333333333333,5.544802250000003
2024-08-28,0.25,5.277860249999988
2024-08-28,0.5,4.929292250000028
2024-08-28,1.0,4.407524000000018
2024-08-28,2.0,3.8666722499999917
2024-08-28,3.0,3.754595999999988
2024-08-28,5.0,3.6629422499999675
2024-08-28,7.0,3.7749689999999836
2024-08-28,10.0,3.8768640000000243
2024-08-28,20.0,4.264520999999988
2024-08-28,30.0,4.172642250000003
2024-08-29,0.08333333333333333,5.472899999999981
2024-08-29,0.25,5.288121000000001
2024-08-29,0.5,4.949780250000013
2024-08-29,1.0,4.4279610000000025
2024-08-29,2.0,3.907442249999993
2024-08-29,3.0,3.7953439999999894
2024-08-29,5.0,3.6934889999999942
2024-08-29,7.0,3.7953439999999894
2024-08-29,10.0,3.907442249999993
2024-08-29,20.0,4.284944000000013
2024-08-29,30.0,4.193056250000016
2024-08-30,0.08333333333333333,5.483170250000002
2024-08-30,0.25,5.277860249999988
2024-08-30,0.5,4.949780250000013
2024-08-30,1.0,4.4279610000000025
2024-08-30,2.0,3.9482202499999897
2024-08-30,3.0,3.8259102500000086
2024-08-30,5.0,3.7444102500000076
2024-08-30,7.0,3.8360999999999867
2024-08-30,10.0,3.9482202499999897
2024-08-30,20.0,4.325796000000026
2024-08-30,30.0,4.244099999999973
2024-09-03,0.08333333333333333,5.4523609999999945
2024-09-03,0.25,5.2573402499999755
2024-09-03,0.5,4.857599999999995
2024-09-03,1.0,4.397306249999988
2024-09-03,2.0,3.917636000000013
2024-09-03,3.0,3.7647822500000094
2024-09-03,5.0,3.683306250000018
2024-09-03,7.0,3.7647822500000094
2024-09-03,10.0,3.8768640000000243
2024-09-03,20.0,4.254310250000004
2024-09-03,30.0,4.172642250000003
2024-09-04,0.08333333333333333,5.401022250000009
2024-09-04,0.25,5.247080999999998
2024-09-04,0.5,4.796169000000017
2024-09-04,1.0,4.274732249999991
2024-09-04,2.0,3.7953439999999894
2024-09-04,3.0,3.6629422499999675
2024-09-04,5.0,3.591684000000006
2024-09-04,7.0,3.683306250000018
2024-09-04,10.0,3.805532249999999
2024-09-04,20.0,4.1828489999999885
2024-09-04,30.0,4.1012089999999946
2024-09-05,0.08333333333333333,5.370224999999995
2024-09-05,0.25,5.21630624999998
2024-09-05,0.5,4.785932249999991
2024-09-05,1.0,4.254310250000004
2024-09-05,2.0,3.785156249999999
2024-09-05,3.0,3.6425802499999715
2024-09-05,5.0,3.571329000000012
2024-09-05,7.0,3.6629422499999675
2024-09-05,10.0,3.7647822500000094
2024-09-05,20.0,4.152230250000022
2024-09-05,30.0,4.060401000000002
2024-09-06,0.08333333333333333,5.349695999999993
2024-09-06,0.25,5.195792249999998
2024-09-06,0.5,4.744990249999992
2024-09-06,1.0,4.1420249999999825
2024-09-06,2.0,3.6934889999999942
2024-09-06,3.0,3.571329000000012
2024-09-06,5.0,3.5306250000000095
2024-09-06,7.0,3.6324000000000023
2024-09-06,10.0,3.754595999999988
2024-09-06,20.0,4.1420249999999825
2024-09-06,30.0,4.070602250000022
2024-09-09,0.08333333333333333,5.318906250000022
2024-09-09,0.25,5.175280250000003
2024-09-09,0.5,4.734756000000018
2024-09-09,1.0,4.162435999999992
2024-09-09,2.0,3.7138560000000043
2024-09-09,3.0,3.571329000000012
2024-09-09,5.0,3.5204502499999846
2024-09-09,7.0,3.6120410000000103
2024-09-09,10.0,3.734225000000002
2024-09-09,20.0,4.121616000000006
2024-09-09,30.0,4.039999999999999
2024-09-10,0.08333333333333333,5.247080999999998
2024-09-10,0.25,5.124009000000029
2024-09-10,0.5,4.704056249999988
2024-09-10,1.0,4.111412250000024
2024-09-10,2.0,3.6222202499999856
2024-09-10,3.0,3.4492409999999696
2024-09-10,5.0,3.4594122499999935
2024-09-10,7.0,3.5611522499999992
2024-09-10,10.0,3.683306250000018
2024-09-10,20.0,4.080803999999993
2024-09-10,30.0,4.009402249999994
2024-09-11,0.08333333333333333,5.277860249999988
2024-09-11,0.25,5.165025000000023
2024-09-11,0.5,4.775696000000007
2024-09-11,1.0,4.162435999999992
2024-09-11,2.0,3.6527610000000044
2024-09-11,3.0,3.479756249999988
2024-09-11,5.0,3.479756249999988
2024-09-11,7.0,3.571329000000012
2024-09-11,10.0,3.683306250000018
2024-09-11,20.0,4.070602250000022
2024-09-11,30.0,3.9992040000000006
2024-09-12,0.08333333333333333,5.247080999999998
2024-09-12,0.25,5.124009000000029
2024-09-12,0.5,4.734756000000018
2024-09-12,1.0,4.131820250000007
2024-09-12,2.0,3.6731239999999943
2024-09-12,3.0,3.5001022499999923
2024-09-12,5.0,3.5001022499999923
2024-09-12,7.0,3.6018622499999875
2024-09-12,10.0,3.7138560000000043
2024-09-12,20.0,4.111412250000024
2024-09-12,30.0,4.039999999999999
2024-09-13,0.08333333333333333,5.21630624999998
2024-09-13,0.25,5.03175225000001
2024-09-13,0.5,4.652899999999982
2024-09-13,1.0,4.039999999999999
2024-09-13,2.0,3.6018622499999875
2024-09-13,3.0,3.4492409999999696
2024-09-13,5.0,3.4594122499999935
2024-09-13,7.0,3.5611522499999992
2024-09-13,10.0,3.6934889999999942
2024-09-13,20.0,4.091006250000029
2024-09-13,30.0,4.019601000000006
2024-09-16,0.08333333333333333,5.175280250000003
2024-09-16,0.25,5.021503999999988
2024-09-16,0.5,4.601756250000011
2024-09-16,1.0,3.9992040000000006
2024-09-16,2.0,3.591684000000006
2024-09-16,3.0,3.4492409999999696
2024-09-16,5.0,3.439070250000009
2024-09-16,7.0,3.540800249999987
2024-09-16,10.0,3.6629422499999675
2024-09-16,20.0,4.05020024999998
2024-09-16,30.0,3.9788090000000054
2024-09-17,0.08333333333333333,5.11375624999999
2024-09-17,0.25,5.011256250000007
2024-09-17,0.5,4.601756250000011
2024-09-17,1.0,4.029800249999993
2024-09-17,2.0,3.6222202499999856
2024-09-17,3.0,3.479756249999988
2024-09-17,5.0,3.4695840000000144
2024-09-17,7.0,3.5611522499999992
2024-09-17,10.0,3.683306250000018
2024-09-17,20.0,4.060401000000002
2024-09-17,30.0,3.9992040000000006
2024-09-18,0.08333333333333333,4.970270250000008
2024-09-18,0.25,4.898563999999994
2024-09-18,0.5,4.550624999999986
2024-09-18,1.0,3.9890062499999823
2024-09-18,2.0,3.6425802499999715
2024-09-18,3.0,3.5204502499999846
2024-09-18,5.0,3.5001022499999923
2024-09-18,7.0,3.6120410000000103
2024-09-18,10.0,3.734225000000002
2024-09-18,20.0,4.121616000000006
2024-09-18,30.0,4.070602250000022
2024-09-19,0.08333333333333333,4.949780250000013
2024-09-19,0.25,4.857599999999995
2024-09-19,0.5,4.509728999999996
2024-09-19,1.0,3.968612249999981
2024-09-19,2.0,3.6222202499999856
2024-09-19,3.0,3.5001022499999923
2024-09-19,5.0,3.5204502499999846
2024-09-19,7.0,3.6324000000000023
2024-09-19,10.0,3.7647822500000094
2024-09-19,20.0,4.152230250000022
2024-09-19,30.0,4.1012089999999946
2024-09-20,0.08333333333333333,4.929292250000028
2024-09-20,0.25,4.806406249999995
2024-09-20,0.5,4.479062249999988
2024-09-20,1.0,3.95841600000002
2024-09-20,2.0,3.5815062499999772
2024-09-20,3.0,3.489929000000025
2024-09-20,5.0,3.5102760000000233
2024-09-20,7.0,3.6222202499999856
2024-09-20,10.0,3.7647822500000094
2024-09-20,20.0,4.1420249999999825
2024-09-20,30.0,4.111412250000024
2024-09-23,0.08333333333333333,4.908806250000031
2024-09-23,0.25,4.775696000000007
2024-09-23,0.5,4.448399999999997
2024-09-23,1.0,3.9482202499999897
2024-09-23,2.0,3.6018622499999875
2024-09-23,3.0,3.5001022499999923
2024-09-23,5.0,3.540800249999987
2024-09-23,7.0,3.6527610000000044
2024-09-23,10.0,3.785156249999999
2024-09-23,20.0,4.162435999999992
2024-09-23,30.0,4.131820250000007
2024-09-24,0.08333333333333333,4.837121
2024-09-24,0.25,4.744990249999992
2024-09-24,0.5,4.407524000000018
2024-09-24,1.0,3.917636000000013
2024-09-24,2.0,3.5204502499999846
2024-09-24,3.0,3.4695840000000144
2024-09-24,5.0,3.5001022499999923
2024-09-24,7.0,3.6324000000000023
2024-09-24,10.0,3.7749689999999836
2024-09-24,20.0,4.172642250000003
2024-09-24,30.0,4.131820250000007
2024-09-25,0.08333333333333333,4.847360249999988
2024-09-25,0.25,4.744990249999992
2024-09-25,0.5,4.407524000000018
2024-09-25,1.0,3.927830249999986
2024-09-25,2.0,3.5611522499999992
2024-09-25,3.0,3.5204502499999846
2024-09-25,5.0,3.5509760000000057
2024-09-25,7.0,3.683306250000018
2024-09-25,10.0,3.8259102500000086
2024-09-25,20.0,4.22368099999999
2024-09-25,30.0,4.1828489999999885
2024-09-26,0.08333333333333333,4.96002499999999
2024-09-26,0.25,4.734756000000018
2024-09-26,0.5,4.4279610000000025
2024-09-26,1.0,3.9992040000000006
2024-09-26,2.0,3.6324000000000023
2024-09-26,3.0,3.571329000000012
2024-09-26,5.0,3.5815062499999772
2024-09-26,7.0,3.683306250000018
2024-09-26,10.0,3.8259102500000086
2024-09-26,20.0,4.213472250000017
2024-09-26,30.0,4.162435999999992
2024-09-27,0.08333333333333333,4.96002499999999
2024-09-27,0.25,4.734756000000018
2024-09-27,0.5,4.397306249999988
2024-09-27,1.0,3.9380250000000228
2024-09-27,2.0,3.5815062499999772
2024-09-27,3.0,3.5204502499999846
2024-09-27,5.0,3.5306250000000095
2024-09-27,7.0,3.6324000000000023
2024-09-27,10.0,3.785156249999999
2024-09-27,20.0,4.193056250000016
2024-09-27,30.0,4.1420249999999825
2024-09-30,0.08333333333333333,4.990762250000014
2024-09-30,0.25,4.785932249999991
2024-09-30,0.5,4.4279610000000025
2024-09-30,1.0,4.019601000000006
2024-09-30,2.0,3.6934889999999942
2024-09-30,3.0,3.6120410000000103
2024-09-30,5.0,3.6120410000000103
2024-09-30,7.0,3.703672250000012
2024-09-30,10.0,3.8462902500000062
2024-09-30,20.0,4.233890250000005
2024-09-30,30.0,4.1828489999999885
2024-10-01,0.08333333333333333,5.021503999999988
2024-10-01,0.25,4.765460249999998
2024-10-01,0.5,4.407524000000018
2024-10-01,1.0,3.9992040000000006
2024-10-01,2.0,3.6425802499999715
2024-10-01,3.0,3.5509760000000057
2024-10-01,5.0,3.540800249999987
2024-10-01,7.0,3.6324000000000023
2024-10-01,10.0,3.7749689999999836
2024-10-01,20.0,4.1828489999999885
2024-10-01,30.0,4.121616000000006
2024-10-02,0.08333333333333333,4.9805160000000015
2024-10-02,0.25,4.744990249999992
2024-10-02,0.5,4.407524000000018
2024-10-02,1.0,4.009402249999994
2024-10-02,2.0,3.6629422499999675
2024-10-02,3.0,3.571329000000012
2024-10-02,5.0,3.5815062499999772
2024-10-02,7.0,3.683306250000018
2024-10-02,10.0,3.8259102500000086
2024-10-02,20.0,4.233890250000005
2024-10-02,30.0,4.1828489999999885
2024-10-03,0.08333333333333333,5.052250250000001
2024-10-03,0.25,4.734756000000018
2024-10-03,0.5,4.4177422499999786
2024-10-03,1.0,4.060401000000002
2024-10-03,2.0,3.734225000000002
2024-10-03,3.0,3.6527610000000044
2024-10-03,5.0,3.6527610000000044
2024-10-03,7.0,3.7444102500000076
2024-10-03,10.0,3.8870562499999872
2024-10-03,20.0,4.284944000000013
2024-10-03,30.0,4.22368099999999
2024-10-04,0.08333333333333333,5.072750250000002
2024-10-04,0.25,4.785932249999991
2024-10-04,0.5,4.499506250000018
2024-10-04,1.0,4.244099999999973
2024-10-04,2.0,3.968612249999981
2024-10-04,3.0,3.8768640000000243
2024-10-04,5.0,3.8462902500000062
2024-10-04,7.0,3.917636000000013
2024-10-04,10.0,4.019601000000006
2024-10-04,20.0,4.376872249999986
2024-10-04,30.0,4.3053690000000255
2024-10-07,0.08333333333333333,5.062499999999992
2024-10-07,0.25,4.826882249999986
2024-10-07,0.5,4.499506250000018
2024-10-07,1.0,4.284944000000013
2024-10-07,2.0,4.029800249999993
2024-10-07,3.0,3.927830249999986
2024-10-07,5.0,3.8972490000000137
2024-10-07,7.0,3.95841600000002
2024-10-07,10.0,4.070602250000022
2024-10-07,20.0,4.4177422499999786
2024-10-07,30.0,4.346225000000015
2024-10-08,0.08333333333333333,5.021503999999988
2024-10-08,0.25,4.806406249999995
2024-10-08,0.5,4.489283999999993
2024-10-08,1.0,4.254310250000004
2024-10-08,2.0,4.019601000000006
2024-10-08,3.0,3.8972490000000137
2024-10-08,5.0,3.8972490000000137
2024-10-08,7.0,3.9788090000000054
2024-10-08,10.0,4.080803999999993
2024-10-08,20.0,4.4279610000000025
2024-10-08,30.0,4.366656000000013
2024-10-09,0.08333333333333333,4.990762250000014
2024-10-09,0.25,4.806406249999995
2024-10-09,0.5,4.509728999999996
2024-10-09,1.0,4.284944000000013
2024-10-09,2.0,4.029800249999993
2024-10-09,3.0,3.927830249999986
2024-10-09,5.0,3.9482202499999897
2024-10-09,7.0,4.009402249999994
2024-10-09,10.0,4.1012089999999946
2024-10-09,20.0,4.458620249999989
2024-10-09,30.0,4.387089000000022
2024-10-10,0.08333333333333333,5.042000999999985
2024-10-10,0.25,4.806406249999995
2024-10-10,0.5,4.499506250000018
2024-10-10,1.0,4.264520999999988
2024-10-10,2.0,4.019601000000006
2024-10-10,3.0,3.917636000000013
2024-10-10,5.0,3.9482202499999897
2024-10-10,7.0,4.029800249999993
2024-10-10,10.0,4.131820250000007
2024-10-10,20.0,4.489283999999993
2024-10-10,30.0,4.4279610000000025
2024-10-11,0.08333333333333333,5.03175225000001
2024-10-11,0.25,4.785932249999991
2024-10-11,0.5,4.489283999999993
2024-10-11,1.0,4.22368099999999
2024-10-11,2.0,3.9890062499999823
2024-10-11,3.0,3.8870562499999872
2024-10-11,5.0,3.917636000000013
2024-10-11,7.0,4.009402249999994
2024-10-11,10.0,4.121616000000006
2024-10-11,20.0,4.489283999999993
2024-10-11,30.0,4.438180249999979
2024-10-15,0.08333333333333333,4.990762250000014
2024-10-15,0.25,4.785932249999991
2024-10-15,0.5,4.468841000000001
2024-10-15,1.0,4.22368099999999
2024-10-15,2.0,3.9890062499999823
2024-10-15,3.0,3.8972490000000137
2024-10-15,5.0,3.8972490000000137
2024-10-15,7.0,3.968612249999981
2024-10-15,10.0,4.070602250000022
2024-10-15,20.0,4.4177422499999786
2024-10-15,30.0,4.366656000000013
2024-10-16,0.08333333333333333,4.970270250000008
2024-10-16,0.25,4.775696000000007
2024-10-16,0.5,4.468841000000001
2024-10-16,1.0,4.213472250000017
2024-10-16,2.0,3.968612249999981
2024-10-16,3.0,3.8768640000000243
2024-10-16,5.0,3.8768640000000243
2024-10-16,7.0,3.95841600000002
2024-10-16,10.0,4.060401000000002
2024-10-16,20.0,4.407524000000018
2024-10-16,30.0,4.346225000000015
2024-10-17,0.08333333333333333,4.990762250000014
2024-10-17,0.25,4.796169000000017
2024-10-17,0.5,4.499506250000018
2024-10-17,1.0,4.254310250000004
2024-10-17,2.0,3.9992040000000006
2024-10-17,3.0,3.927830249999986
2024-10-17,5.0,3.9380250000000228
2024-10-17,7.0,4.029800249999993
2024-10-17,10.0,4.131820250000007
2024-10-17,20.0,4.489283999999993
2024-10-17,30.0,4.438180249999979
2024-10-18,0.08333333333333333,4.9805160000000015
2024-10-18,0.25,4.785932249999991
2024-10-18,0.5,4.499506250000018
2024-10-18,1.0,4.233890250000005
2024-10-18,2.0,3.9890062499999823
2024-10-18,3.0,3.8972490000000137
2024-10-18,5.0,3.917636000000013
2024-10-18,7.0,4.009402249999994
2024-10-18,10.0,4.121616000000006
2024-10-18,20.0,4.489283999999993
2024-10-18,30.0,4.4279610000000025
2024-10-21,0.08333333333333333,4.9805160000000015
2024-10-21,0.25,4.785932249999991
2024-10-21,0.5,4.519952250000014
2024-10-21,1.0,4.284944000000013
2024-10-21,2.0,4.060401000000002
2024-10-21,3.0,3.9890062499999823
2024-10-21,5.0,4.019601000000006
2024-10-21,7.0,4.111412250000024
2024-10-21,10.0,4.233890250000005
2024-10-21,20.0,4.591528999999994
2024-10-21,30.0,4.540400250000021
2024-10-22,0.08333333333333333,4.949780250000013
2024-10-22,0.25,4.775696000000007
2024-10-22,0.5,4.519952250000014
2024-10-22,1.0,4.284944000000013
2024-10-22,2.0,4.070602250000022
2024-10-22,3.0,4.019601000000006
2024-10-22,5.0,4.039999999999999
2024-10-22,7.0,4.1420249999999825
2024-10-22,10.0,4.244099999999973
2024-10-22,20.0,4.601756250000011
2024-10-22,30.0,4.540400250000021
2024-10-23,0.08333333333333333,4.939535999999989
2024-10-23,0.25,4.785932249999991
2024-10-23,0.5,4.530175999999986
2024-10-23,1.0,4.315582249999994
2024-10-23,2.0,4.111412250000024
2024-10-23,3.0,4.070602250000022
2024-10-23,5.0,4.091006250000029
2024-10-23,7.0,4.1828489999999885
2024-10-23,10.0,4.284944000000013
2024-10-23,20.0,4.632440999999976
2024-10-23,30.0,4.560850250000015
2024-10-24,0.08333333333333333,4.929292250000028
2024-10-24,0.25,4.755225000000007
2024-10-24,0.5,4.530175999999986
2024-10-24,1.0,4.295156249999987
2024-10-24,2.0,4.111412250000024
2024-10-24,3.0,4.060401000000002
2024-10-24,5.0,4.070602250000022
2024-10-24,7.0,4.162435999999992
2024-10-24,10.0,4.254310250000004
2024-10-24,20.0,4.591528999999994
2024-10-24,30.0,4.519952250000014
2024-10-25,0.08333333333333333,4.949780250000013
2024-10-25,0.25,4.785932249999991
2024-10-25,0.5,4.560850250000015
2024-10-25,1.0,4.336010249999989
2024-10-25,2.0,4.152230250000022
2024-10-25,3.0,4.091006250000029
2024-10-25,5.0,4.111412250000024
2024-10-25,7.0,4.193056250000016
2024-10-25,10.0,4.295156249999987
2024-10-25,20.0,4.632440999999976
2024-10-25,30.0,4.560850250000015
2024-10-28,0.08333333333333333,4.939535999999989
2024-10-28,0.25,4.755225000000007
2024-10-28,0.5,4.509728999999996
2024-10-28,1.0,4.325796000000026
2024-10-28,2.0,4.162435999999992
2024-10-28,3.0,4.131820250000007
2024-10-28,5.0,4.152230250000022
2024-10-28,7.0,4.233890250000005
2024-10-28,10.0,4.325796000000026
2024-10-28,20.0,4.663130250000003
2024-10-28,30.0,4.581302250000019
2024-10-29,0.08333333333333333,4.939535999999989
2024-10-29,0.25,4.755225000000007
2024-10-29,0.5,4.499506250000018
2024-10-29,1.0,4.336010249999989
2024-10-29,2.0,4.152230250000022
2024-10-29,3.0,4.121616000000006
2024-10-29,5.0,4.152230250000022
2024-10-29,7.0,4.22368099999999
2024-10-29,10.0,4.325796000000026
2024-10-29,20.0,4.663130250000003
2024-10-29,30.0,4.571075999999996
2024-10-30,0.08333333333333333,4.929292250000028
2024-10-30,0.25,4.724522249999996
2024-10-30,0.5,4.489283999999993
2024-10-30,1.0,4.325796000000026
2024-10-30,2.0,4.193056250000016
2024-10-30,3.0,4.1828489999999885
2024-10-30,5.0,4.1828489999999885
2024-10-30,7.0,4.244099999999973
2024-10-30,10.0,4.336010249999989
2024-10-30,20.0,4.652899999999982
2024-10-30,30.0,4.540400250000021
2024-10-31,0.08333333333333333,4.816644000000014
2024-10-31,0.25,4.693824000000024
2024-10-31,0.5,4.479062249999988
2024-10-31,1.0,4.315582249999994
2024-10-31,2.0,4.2032639999999954
2024-10-31,3.0,4.162435999999992
2024-10-31,5.0,4.193056250000016
2024-10-31,7.0,4.254310250000004
2024-10-31,10.0,4.325796000000026
2024-10-31,20.0,4.632440999999976
2024-10-31,30.0,4.519952250000014
2024-11-01,0.08333333333333333,4.806406249999995
2024-11-01,0.25,4.663130250000003
2024-11-01,0.5,4.468841000000001
2024-11-01,1.0,4.325796000000026
2024-11-01,2.0,4.254310250000004
2024-11-01,3.0,4.22368099999999
2024-11-01,5.0,4.264520999999988
2024-11-01,7.0,4.346225000000015
2024-11-01,10.0,4.4177422499999786
2024-11-01,20.0,4.734756000000018
2024-11-01,30.0,4.622212250000013
2024-11-04,0.08333333333333333,4.806406249999995
2024-11-04,0.25,4.704056249999988
2024-11-04,0.5,4.438180249999979
2024-11-04,1.0,4.295156249999987
2024-11-04,2.0,4.213472250000017
2024-11-04,3.0,4.1420249999999825
2024-11-04,5.0,4.213472250000017
2024-11-04,7.0,4.284944000000013
2024-11-04,10.0,4.356440249999993
2024-11-04,20.0,4.652899999999982
2024-11-04,30.0,4.550624999999986
2024-11-05,0.08333333333333333,4.775696000000007
2024-11-05,0.25,4.693824000000024
2024-11-05,0.5,4.438180249999979
2024-11-05,1.0,4.315582249999994
2024-11-05,2.0,4.233890250000005
2024-11-05,3.0,4.152230250000022
2024-11-05,5.0,4.2032639999999954
2024-11-05,7.0,4.264520999999988
2024-11-05,10.0,4.3053690000000255
2024-11-05,20.0,4.601756250000011
2024-11-05,30.0,4.489283999999993
2024-11-06,0.08333333333333333,4.734756000000018
2024-11-06,0.25,4.693824000000024
2024-11-06,0.5,4.458620249999989
2024-11-06,1.0,4.356440249999993
2024-11-06,2.0,4.315582249999994
2024-11-06,3.0,4.244099999999973
2024-11-06,5.0,4.315582249999994
2024-11-06,7.0,4.4177422499999786
2024-11-06,10.0,4.468841000000001
2024-11-06,20.0,4.765460249999998
2024-11-06,30.0,4.652899999999982
2024-11-07,0.08333333333333333,4.744990249999992
2024-11-07,0.25,4.6835922499999905
2024-11-07,0.5,4.448399999999997
2024-11-07,1.0,4.325796000000026
2024-11-07,2.0,4.254310250000004
2024-11-07,3.0,4.172642250000003
2024-11-07,5.0,4.213472250000017
2024-11-07,7.0,4.295156249999987
2024-11-07,10.0,4.356440249999993
2024-11-07,20.0,4.673360999999976
2024-11-07,30.0,4.571075999999996
2024-11-08,0.08333333333333333,4.755225000000007
2024-11-08,0.25,4.6835922499999905
2024-11-08,0.5,4.468841000000001
2024-11-08,1.0,4.366656000000013
2024-11-08,2.0,4.3053690000000255
2024-11-08,3.0,4.22368099999999
2024-11-08,5.0,4.244099999999973
2024-11-08,7.0,4.295156249999987
2024-11-08,10.0,4.346225000000015
2024-11-08,20.0,4.632440999999976
2024-11-08,30.0,4.519952250000014
2024-11-12,0.08333333333333333,4.755225000000007
2024-11-12,0.25,4.6835922499999905
2024-11-12,0.5,4.499506250000018
2024-11-12,1.0,4.4279610000000025
2024-11-12,2.0,4.387089000000022
2024-11-12,3.0,4.336010249999989
2024-11-12,5.0,4.366656000000013
2024-11-12,7.0,4.4279610000000025
2024-11-12,10.0,4.479062249999988
2024-11-12,20.0,4.755225000000007
2024-11-12,30.0,4.632440999999976
2024-11-13,0.08333333333333333,4.744990249999992
2024-11-13,0.25,4.652899999999982
2024-11-13,0.5,4.448399999999997
2024-11-13,1.0,4.356440249999993
2024-11-13,2.0,4.315582249999994
2024-11-13,3.0,4.295156249999987
2024-11-13,5.0,4.346225000000015
2024-11-13,7.0,4.4279610000000025
2024-11-13,10.0,4.489283999999993
2024-11-13,20.0,4.785932249999991
2024-11-13,30.0,4.6835922499999905
2024-11-14,0.08333333333333333,4.755225000000007
2024-11-14,0.25,4.663130250000003
2024-11-14,0.5,4.479062249999988
2024-11-14,1.0,4.407524000000018
2024-11-14,2.0,4.387089000000022
2024-11-14,3.0,4.346225000000015
2024-11-14,5.0,4.366656000000013
2024-11-14,7.0,4.4279610000000025
2024-11-14,10.0,4.479062249999988
2024-11-14,20.0,4.744990249999992
2024-11-14,30.0,4.632440999999976
2024-11-15,0.08333333333333333,4.755225000000007
2024-11-15,0.25,4.652899999999982
2024-11-15,0.5,4.489283999999993
2024-11-15,1.0,4.387089000000022
2024-11-15,2.0,4.356440249999993
2024-11-15,3.0,4.315582249999994
2024-11-15,5.0,4.346225000000015
2024-11-15,7.0,4.407524000000018
2024-11-15,10.0,4.479062249999988
2024-11-15,20.0,4.755225000000007
2024-11-15,30.0,4.652899999999982
2024-11-18,0.08333333333333333,4.755225000000007
2024-11-18,0.25,4.6835922499999905
2024-11-18,0.5,4.489283999999993
2024-11-18,1.0,4.376872249999986
2024-11-18,2.0,4.336010249999989
2024-11-18,3.0,4.295156249999987
2024-11-18,5.0,4.325796000000026
2024-11-18,7.0,4.397306249999988
2024-11-18,10.0,4.468841000000001
2024-11-18,20.0,4.755225000000007
2024-11-18,30.0,4.663130250000003
2024-11-19,0.08333333333333333,4.724522249999996
2024-11-19,0.25,4.673360999999976
2024-11-19,0.5,4.489283999999993
2024-11-19,1.0,4.387089000000022
2024-11-19,2.0,4.315582249999994
2024-11-19,3.0,4.284944000000013
2024-11-19,5.0,4.295156249999987
2024-11-19,7.0,4.366656000000013
2024-11-19,10.0,4.438180249999979
2024-11-19,20.0,4.714289000000016
2024-11-19,30.0,4.622212250000013
2024-11-20,0.08333333333333333,4.734756000000018
2024-11-20,0.25,4.673360999999976
2024-11-20,0.5,4.489283999999993
2024-11-20,1.0,4.4177422499999786
2024-11-20,2.0,4.356440249999993
2024-11-20,3.0,4.3053690000000255
2024-11-20,5.0,4.325796000000026
2024-11-20,7.0,4.387089000000022
2024-11-20,10.0,4.458620249999989
2024-11-20,20.0,4.714289000000016
2024-11-20,30.0,4.642670250000003
2024-11-21,0.08333333333333333,4.775696000000007
2024-11-21,0.25,4.6835922499999905
2024-11-21,0.5,4.499506250000018
2024-11-21,1.0,4.438180249999979
2024-11-21,2.0,4.387089000000022
2024-11-21,3.0,4.346225000000015
2024-11-21,5.0,4.346225000000015
2024-11-21,7.0,4.407524000000018
2024-11-21,10.0,4.479062249999988
2024-11-21,20.0,4.734756000000018
2024-11-21,30.0,4.663130250000003
2024-11-22,0.08333333333333333,4.775696000000007
2024-11-22,0.25,4.6835922499999905
2024-11-22,0.5,4.509728999999996
2024-11-22,1.0,4.468841000000001
2024-11-22,2.0,4.4177422499999786
2024-11-22,3.0,4.366656000000013
2024-11-22,5.0,4.346225000000015
2024-11-22,7.0,4.397306249999988
2024-11-22,10.0,4.458620249999989
2024-11-22,20.0,4.724522249999996
2024-11-22,30.0,4.652899999999982
2024-11-25,0.08333333333333333,4.796169000000017
2024-11-25,0.25,4.673360999999976
2024-11-25,0.5,4.509728999999996
2024-11-25,1.0,4.4177422499999786
2024-11-25,2.0,4.254310250000004
2024-11-25,3.0,4.254310250000004
2024-11-25,5.0,4.213472250000017
2024-11-25,7.0,4.254310250000004
2024-11-25,10.0,4.315582249999994
2024-11-25,20.0,4.581302250000019
2024-11-25,30.0,4.499506250000018
2024-11-26,0.08333333333333333,4.796169000000017
2024-11-26,0.25,4.663130250000003
2024-11-26,0.5,4.499506250000018
2024-11-26,1.0,4.4177422499999786
2024-11-26,2.0,4.254310250000004
2024-11-26,3.0,4.254310250000004
2024-11-26,5.0,4.213472250000017
2024-11-26,7.0,4.284944000000013
2024-11-26,10.0,4.346225000000015
2024-11-26,20.0,4.61198399999998
2024-11-26,30.0,4.530175999999986
2024-11-27,0.08333333333333333,4.816644000000014
2024-11-27,0.25,4.652899999999982
2024-11-27,0.5,4.479062249999988
2024-11-27,1.0,4.387089000000022
2024-11-27,2.0,4.233890250000005
2024-11-27,3.0,4.213472250000017
2024-11-27,5.0,4.152230250000022
2024-11-27,7.0,4.213472250000017
2024-11-27,10.0,4.295156249999987
2024-11-27,20.0,4.571075999999996
2024-11-27,30.0,4.489283999999993
2024-11-29,0.08333333333333333,4.816644000000014
2024-11-29,0.25,4.632440999999976
2024-11-29,0.5,4.468841000000001
2024-11-29,1.0,4.346225000000015
2024-11-29,2.0,4.172642250000003
2024-11-29,3.0,4.1420249999999825
2024-11-29,5.0,4.091006250000029
2024-11-29,7.0,4.1420249999999825
2024-11-29,10.0,4.22368099999999
2024-11-29,20.0,4.499506250000018
2024-11-29,30.0,4.407524000000018
2024-12-02,0.08333333333333333,4.806406249999995
2024-12-02,0.25,4.560850250000015
2024-12-02,0.5,4.479062249999988
2024-12-02,1.0,4.346225000000015
2024-12-02,2.0,4.213472250000017
2024-12-02,3.0,4.152230250000022
2024-12-02,5.0,4.121616000000006
2024-12-02,7.0,4.172642250000003
2024-12-02,10.0,4.233890250000005
2024-12-02,20.0,4.509728999999996
2024-12-02,30.0,4.407524000000018
2024-12-03,0.08333333333333333,4.714289000000016
2024-12-03,0.25,4.540400250000021
2024-12-03,0.5,4.448399999999997
2024-12-03,1.0,4.315582249999994
2024-12-03,2.0,4.213472250000017
2024-12-03,3.0,4.172642250000003
2024-12-03,5.0,4.152230250000022
2024-12-03,7.0,4.213472250000017
2024-12-03,10.0,4.274732249999991
2024-12-03,20.0,4.550624999999986
2024-12-03,30.0,4.448399999999997
2024-12-04,0.08333333333333333,4.704056249999988
2024-12-04,0.25,4.519952250000014
2024-12-04,0.5,4.4279610000000025
2024-12-04,1.0,4.274732249999991
2024-12-04,2.0,4.172642250000003
2024-12-04,3.0,4.131820250000007
2024-12-04,5.0,4.111412250000024
2024-12-04,7.0,4.172642250000003
2024-12-04,10.0,4.233890250000005
2024-12-04,20.0,4.499506250000018
2024-12-04,30.0,4.397306249999988
2024-12-05,0.08333333333333333,4.642670250000003
2024-12-05,0.25,4.509728999999996
2024-12-05,0.5,4.4279610000000025
2024-12-05,1.0,4.274732249999991
2024-12-05,2.0,4.193056250000016
2024-12-05,3.0,4.1420249999999825
2024-12-05,5.0,4.111412250000024
2024-12-05,7.0,4.162435999999992
2024-12-05,10.0,4.213472250000017
2024-12-05,20.0,4.479062249999988
2024-12-05,30.0,4.376872249999986
2024-12-06,0.08333333333333333,4.622212250000013
2024-12-06,0.25,4.468841000000001
2024-12-06,0.5,4.387089000000022
2024-12-06,1.0,4.233890250000005
2024-12-06,2.0,4.1420249999999825
2024-12-06,3.0,4.091006250000029
2024-12-06,5.0,4.070602250000022
2024-12-06,7.0,4.131820250000007
2024-12-06,10.0,4.193056250000016
2024-12-06,20.0,4.468841000000001
2024-12-06,30.0,4.387089000000022
2024-12-09,0.08333333333333333,4.61198399999998
2024-12-09,0.25,4.468841000000001
2024-12-09,0.5,4.387089000000022
2024-12-09,1.0,4.244099999999973
2024-12-09,2.0,4.172642250000003
2024-12-09,3.0,4.131820250000007
2024-12-09,5.0,4.111412250000024
2024-12-09,7.0,4.172642250000003
2024-12-09,10.0,4.244099999999973
2024-12-09,20.0,4.519952250000014
2024-12-09,30.0,4.438180249999979
2024-12-10,0.08333333333333333,4.581302250000019
2024-12-10,0.25,4.458620249999989
2024-12-10,0.5,4.397306249999988
2024-12-10,1.0,4.264520999999988
2024-12-10,2.0,4.193056250000016
2024-12-10,3.0,4.121616000000006
2024-12-10,5.0,4.131820250000007
2024-12-10,7.0,4.193056250000016
2024-12-10,10.0,4.264520999999988
2024-12-10,20.0,4.540400250000021
2024-12-10,30.0,4.458620249999989
2024-12-11,0.08333333333333333,4.540400250000021
2024-12-11,0.25,4.4279610000000025
2024-12-11,0.5,4.366656000000013
2024-12-11,1.0,4.254310250000004
2024-12-11,2.0,4.193056250000016
2024-12-11,3.0,4.131820250000007
2024-12-11,5.0,4.172642250000003
2024-12-11,7.0,4.244099999999973
2024-12-11,10.0,4.3053690000000255
2024-12-11,20.0,4.601756250000011
2024-12-11,30.0,4.530175999999986
2024-12-12,0.08333333333333333,4.479062249999988
2024-12-12,0.25,4.397306249999988
2024-12-12,0.5,4.356440249999993
2024-12-12,1.0,4.264520999999988
2024-12-12,2.0,4.22368099999999
2024-12-12,3.0,4.1828489999999885
2024-12-12,5.0,4.22368099999999
2024-12-12,7.0,4.295156249999987
2024-12-12,10.0,4.366656000000013
2024-12-12,20.0,4.673360999999976
2024-12-12,30.0,4.601756250000011
2024-12-13,0.08333333333333333,4.479062249999988
2024-12-13,0.25,4.387089000000022
2024-12-13,0.5,4.366656000000013
2024-12-13,1.0,4.284944000000013
2024-12-13,2.0,4.295156249999987
2024-12-13,3.0,4.254310250000004
2024-12-13,5.0,4.295156249999987
2024-12-13,7.0,4.376872249999986
2024-12-13,10.0,4.448399999999997
2024-12-13,20.0,4.744990249999992
2024-12-13,30.0,4.663130250000003
2024-12-16,0.08333333333333333,4.479062249999988
2024-12-16,0.25,4.4177422499999786
2024-12-16,0.5,4.346225000000015
2024-12-16,1.0,4.284944000000013
2024-12-16,2.0,4.295156249999987
2024-12-16,3.0,4.264520999999988
2024-12-16,5.0,4.295156249999987
2024-12-16,7.0,4.366656000000013
2024-12-16,10.0,4.438180249999979
2024-12-16,20.0,4.734756000000018
2024-12-16,30.0,4.652899999999982
2024-12-17,0.08333333333333333,4.509728999999996
2024-12-17,0.25,4.4279610000000025
2024-12-17,0.5,4.346225000000015
2024-12-17,1.0,4.295156249999987
2024-12-17,2.0,4.295156249999987
2024-12-17,3.0,4.264520999999988
2024-12-17,5.0,4.3053690000000255
2024-12-17,7.0,4.376872249999986
2024-12-17,10.0,4.448399999999997
2024-12-17,20.0,4.734756000000018
2024-12-17,30.0,4.642670250000003
2024-12-18,0.08333333333333333,4.489283999999993
2024-12-18,0.25,4.407524000000018
2024-12-18,0.5,4.346225000000015
2024-12-18,1.0,4.346225000000015
2024-12-18,2.0,4.397306249999988
2024-12-18,3.0,4.397306249999988
2024-12-18,5.0,4.448399999999997
2024-12-18,7.0,4.499506250000018
2024-12-18,10.0,4.550624999999986
2024-12-18,20.0,4.796169000000017
2024-12-18,30.0,4.704056249999988
2024-12-19,0.08333333333333333,4.468841000000001
2024-12-19,0.25,4.397306249999988
2024-12-19,0.5,4.336010249999989
2024-12-19,1.0,4.325796000000026
2024-12-19,2.0,4.366656000000013
2024-12-19,3.0,4.397306249999988
2024-12-19,5.0,4.479062249999988
2024-12-19,7.0,4.560850250000015
2024-12-19,10.0,4.622212250000013
2024-12-19,20.0,4.878081000000001
2024-12-19,30.0,4.796169000000017
2024-12-20,0.08333333333333333,4.479062249999988
2024-12-20,0.25,4.387089000000022
2024-12-20,0.5,4.336010249999989
2024-12-20,1.0,4.315582249999994
2024-12-20,2.0,4.346225000000015
2024-12-20,3.0,4.366656000000013
2024-12-20,5.0,4.4177422499999786
2024-12-20,7.0,4.499506250000018
2024-12-20,10.0,4.571075999999996
2024-12-20,20.0,4.847360249999988
2024-12-20,30.0,4.775696000000007
2024-12-23,0.08333333333333333,4.489283999999993
2024-12-23,0.25,4.407524000000018
2024-12-23,0.5,4.346225000000015
2024-12-23,1.0,4.3053690000000255
2024-12-23,2.0,4.346225000000015
2024-12-23,3.0,4.407524000000018
2024-12-23,5.0,4.489283999999993
2024-12-23,7.0,4.571075999999996
2024-12-23,10.0,4.642670250000003
2024-12-23,20.0,4.908806250000031
2024-12-23,30.0,4.837121
2024-12-24,0.08333333333333333,4.489283999999993
2024-12-24,0.25,4.448399999999997
2024-12-24,0.5,4.346225000000015
2024-12-24,1.0,4.284944000000013
2024-12-24,2.0,4.336010249999989
2024-12-24,3.0,4.407524000000018
2024-12-24,5.0,4.479062249999988
2024-12-24,7.0,4.571075999999996
2024-12-24,10.0,4.642670250000003
2024-12-24,20.0,4.898563999999994
2024-12-24,30.0,4.816644000000014
2024-12-26,0.08333333333333333,4.499506250000018
2024-12-26,0.25,4.397306249999988
2024-12-26,0.5,4.356440249999993
2024-12-26,1.0,4.274732249999991
2024-12-26,2.0,4.346225000000015
2024-12-26,3.0,4.397306249999988
2024-12-26,5.0,4.468841000000001
2024-12-26,7.0,4.540400250000021
2024-12-26,10.0,4.632440999999976
2024-12-26,20.0,4.888322249999977
2024-12-26,30.0,4.816644000000014
2024-12-27,0.08333333333333333,4.489283999999993
2024-12-27,0.25,4.356440249999993
2024-12-27,0.5,4.336010249999989
2024-12-27,1.0,4.244099999999973
2024-12-27,2.0,4.356440249999993
2024-12-27,3.0,4.407524000000018
2024-12-27,5.0,4.499506250000018
2024-12-27,7.0,4.581302250000019
2024-12-27,10.0,4.673360999999976
2024-12-27,20.0,4.949780250000013
2024-12-27,30.0,4.878081000000001
2024-12-30,0.08333333333333333,4.479062249999988
2024-12-30,0.25,4.4177422499999786
2024-12-30,0.5,4.295156249999987
2024-12-30,1.0,4.213472250000017
2024-12-30,2.0,4.284944000000013
2024-12-30,3.0,4.336010249999989
2024-12-30,5.0,4.4177422499999786
2024-12-30,7.0,4.509728999999996
2024-12-30,10.0,4.601756250000011
2024-12-30,20.0,4.898563999999994
2024-12-30,30.0,4.826882249999986
2024-12-31,0.08333333333333333,4.448399999999997
2024-12-31,0.25,4.4177422499999786
2024-12-31,0.5,4.284944000000013
2024-12-31,1.0,4.2032639999999954
2024-12-31,2.0,4.295156249999987
2024-12-31,3.0,4.315582249999994
2024-12-31,5.0,4.4279610000000025
2024-12-31,7.0,4.530175999999986
2024-12-31,10.0,4.632440999999976
2024-12-31,20.0,4.919048999999998
2024-12-31,30.0,4.837121
2025-01-02,0.08333333333333333,4.499506250000018
2025-01-02,0.25,4.407524000000018
2025-01-02,0.5,4.295156249999987
2025-01-02,1.0,4.213472250000017
2025-01-02,2.0,4.295156249999987
2025-01-02,3.0,4.336010249999989
2025-01-02,5.0,4.4279610000000025
2025-01-02,7.0,4.519952250000014
2025-01-02,10.0,4.622212250000013
2025-01-02,20.0,4.919048999999998
2025-01-02,30.0,4.847360249999988
2025-01-03,0.08333333333333333,4.489283999999993
2025-01-03,0.25,4.387089000000022
2025-01-03,0.5,4.295156249999987
2025-01-03,1.0,4.22368099999999
2025-01-03,2.0,4.325796000000026
2025-01-03,3.0,4.366656000000013
2025-01-03,5.0,4.458620249999989
2025-01-03,7.0,4.560850250000015
2025-01-03,10.0,4.652899999999982
2025-01-03,20.0,4.939535999999989
2025-01-03,30.0,4.878081000000001
2025-01-06,0.08333333333333333,4.479062249999988
2025-01-06,0.25,4.397306249999988
2025-01-06,0.5,4.284944000000013
2025-01-06,1.0,4.213472250000017
2025-01-06,2.0,4.325796000000026
2025-01-06,3.0,4.346225000000015
2025-01-06,5.0,4.468841000000001
2025-01-06,7.0,4.571075999999996
2025-01-06,10.0,4.673360999999976
2025-01-06,20.0,4.970270250000008
2025-01-06,30.0,4.908806250000031
2025-01-07,0.08333333333333333,4.468841000000001
2025-01-07,0.25,4.397306249999988
2025-01-07,0.5,4.284944000000013
2025-01-07,1.0,4.233890250000005
2025-01-07,2.0,4.346225000000015
2025-01-07,3.0,4.376872249999986
2025-01-07,5.0,4.509728999999996
2025-01-07,7.0,4.622212250000013
2025-01-07,10.0,4.724522249999996
2025-01-07,20.0,5.03175225000001
2025-01-07,30.0,4.970270250000008
2025-01-08,0.08333333333333333,4.458620249999989
2025-01-08,0.25,4.397306249999988
2025-01-08,0.5,4.295156249999987
2025-01-08,1.0,4.233890250000005
2025-01-08,2.0,4.325796000000026
2025-01-08,3.0,4.356440249999993
2025-01-08,5.0,4.499506250000018
2025-01-08,7.0,4.61198399999998
2025-01-08,10.0,4.724522249999996
2025-01-08,20.0,5.03175225000001
2025-01-08,30.0,4.970270250000008
2025-01-09,0.08333333333333333,4.489283999999993
2025-01-09,0.25,4.397306249999988
2025-01-09,0.5,4.284944000000013
2025-01-09,1.0,4.2032639999999954
2025-01-09,2.0,4.315582249999994
2025-01-09,3.0,4.356440249999993
2025-01-09,5.0,4.509728999999996
2025-01-09,7.0,4.622212250000013
2025-01-09,10.0,4.734756000000018
2025-01-09,20.0,5.042000999999985
2025-01-09,30.0,4.9805160000000015
2025-01-10,0.08333333333333333,4.468841000000001
2025-01-10,0.25,4.407524000000018
2025-01-10,0.5,4.315582249999994
2025-01-10,1.0,4.295156249999987
2025-01-10,2.0,4.448399999999997
2025-01-10,3.0,4.509728999999996
2025-01-10,5.0,4.642670250000003
2025-01-10,7.0,4.755225000000007
2025-01-10,10.0,4.826882249999986
2025-01-10,20.0,5.10350399999997
2025-01-10,30.0,5.021503999999988
2025-01-13,0.08333333333333333,4.468841000000001
2025-01-13,0.25,4.4177422499999786
2025-01-13,0.5,4.346225000000015
2025-01-13,1.0,4.284944000000013
2025-01-13,2.0,4.448399999999997
2025-01-13,3.0,4.540400250000021
2025-01-13,5.0,4.663130250000003
2025-01-13,7.0,4.765460249999998
2025-01-13,10.0,4.847360249999988
2025-01-13,20.0,5.11375624999999
2025-01-13,30.0,5.03175225000001
2025-01-14,0.08333333333333333,4.468841000000001
2025-01-14,0.25,4.407524000000018
2025-01-14,0.5,4.336010249999989
2025-01-14,1.0,4.264520999999988
2025-01-14,2.0,4.4177422499999786
2025-01-14,3.0,4.509728999999996
2025-01-14,5.0,4.642670250000003
2025-01-14,7.0,4.755225000000007
2025-01-14,10.0,4.837121
2025-01-14,20.0,5.124009000000029
2025-01-14,30.0,5.042000999999985
2025-01-15,0.08333333333333333,4.448399999999997
2025-01-15,0.25,4.397306249999988
2025-01-15,0.5,4.3053690000000255
2025-01-15,1.0,4.233890250000005
2025-01-15,2.0,4.315582249999994
2025-01-15,3.0,4.387089000000022
2025-01-15,5.0,4.499506250000018
2025-01-15,7.0,4.601756250000011
2025-01-15,10.0,4.714289000000016
2025-01-15,20.0,5.011256250000007
2025-01-15,30.0,4.939535999999989
2025-01-16,0.08333333333333333,4.479062249999988
2025-01-16,0.25,4.387089000000022
2025-01-16,0.5,4.3053690000000255
2025-01-16,1.0,4.22368099999999
2025-01-16,2.0,4.274732249999991
2025-01-16,3.0,4.336010249999989
2025-01-16,5.0,4.438180249999979
2025-01-16,7.0,4.550624999999986
2025-01-16,10.0,4.663130250000003
2025-01-16,20.0,4.970270250000008
2025-01-16,30.0,4.898563999999994
2025-01-17,0.08333333333333333,4.479062249999988
2025-01-17,0.25,4.387089000000022
2025-01-17,0.5,4.325796000000026
2025-01-17,1.0,4.254310250000004
2025-01-17,2.0,4.315582249999994
2025-01-17,3.0,4.376872249999986
2025-01-17,5.0,4.468841000000001
2025-01-17,7.0,4.571075999999996
2025-01-17,10.0,4.663130250000003
2025-01-17,20.0,4.970270250000008
2025-01-17,30.0,4.898563999999994
2025-01-21,0.08333333333333333,4.468841000000001
2025-01-21,0.25,4.407524000000018
2025-01-21,0.5,4.325796000000026
2025-01-21,1.0,4.254310250000004
2025-01-21,2.0,4.336010249999989
2025-01-21,3.0,4.376872249999986
2025-01-21,5.0,4.448399999999997
2025-01-21,7.0,4.540400250000021
2025-01-21,10.0,4.622212250000013
2025-01-21,20.0,4.929292250000028
2025-01-21,30.0,4.857599999999995
2025-01-22,0.08333333333333333,4.468841000000001
2025-01-22,0.25,4.407524000000018
2025-01-22,0.5,4.325796000000026
2025-01-22,1.0,4.244099999999973
2025-01-22,2.0,4.336010249999989
2025-01-22,3.0,4.387089000000022
2025-01-22,5.0,4.479062249999988
2025-01-22,7.0,4.560850250000015
2025-01-22,10.0,4.652899999999982
2025-01-22,20.0,4.949780250000013
2025-01-22,30.0,4.878081000000001
2025-01-23,0.08333333333333333,4.499506250000018
2025-01-23,0.25,4.407524000000018
2025-01-23,0.5,4.315582249999994
2025-01-23,1.0,4.22368099999999
2025-01-23,2.0,4.336010249999989
2025-01-23,3.0,4.397306249999988
2025-01-23,5.0,4.499506250000018
2025-01-23,7.0,4.601756250000011
2025-01-23,10.0,4.704056249999988
2025-01-23,20.0,4.9805160000000015
2025-01-23,30.0,4.929292250000028
2025-01-24,0.08333333333333333,4.499506250000018
2025-01-24,0.25,4.397306249999988
2025-01-24,0.5,4.295156249999987
2025-01-24,1.0,4.213472250000017
2025-01-24,2.0,4.315582249999994
2025-01-24,3.0,4.376872249999986
2025-01-24,5.0,4.479062249999988
2025-01-24,7.0,4.581302250000019
2025-01-24,10.0,4.6835922499999905
2025-01-24,20.0,4.970270250000008
2025-01-24,30.0,4.908806250000031
2025-01-27,0.08333333333333333,4.489283999999993
2025-01-27,0.25,4.366656000000013
2025-01-27,0.5,4.295156249999987
2025-01-27,1.0,4.172642250000003
2025-01-27,2.0,4.213472250000017
2025-01-27,3.0,4.284944000000013
2025-01-27,5.0,4.366656000000013
2025-01-27,7.0,4.479062249999988
2025-01-27,10.0,4.581302250000019
2025-01-27,20.0,4.878081000000001
2025-01-27,30.0,4.816644000000014
2025-01-28,0.08333333333333333,4.489283999999993
2025-01-28,0.25,4.356440249999993
2025-01-28,0.5,4.3053690000000255
2025-01-28,1.0,4.1828489999999885
2025-01-28,2.0,4.233890250000005
2025-01-28,3.0,4.295156249999987
2025-01-28,5.0,4.376872249999986
2025-01-28,7.0,4.479062249999988
2025-01-28,10.0,4.601756250000011
2025-01-28,20.0,4.898563999999994
2025-01-28,30.0,4.837121
2025-01-29,0.08333333333333333,4.479062249999988
2025-01-29,0.25,4.356440249999993
2025-01-29,0.5,4.315582249999994
2025-01-29,1.0,4.213472250000017
2025-01-29,2.0,4.254310250000004
2025-01-29,3.0,4.315582249999994
2025-01-29,5.0,4.397306249999988
2025-01-29,7.0,4.489283999999993
2025-01-29,10.0,4.601756250000011
2025-01-29,20.0,4.908806250000031
2025-01-29,30.0,4.847360249999988
2025-01-30,0.08333333333333333,4.4177422499999786
2025-01-30,0.25,4.346225000000015
2025-01-30,0.5,4.315582249999994
2025-01-30,1.0,4.2032639999999954
2025-01-30,2.0,4.22368099999999
2025-01-30,3.0,4.284944000000013
2025-01-30,5.0,4.356440249999993
2025-01-30,7.0,4.458620249999989
2025-01-30,10.0,4.571075999999996
2025-01-30,20.0,4.867840249999977
2025-01-30,30.0,4.816644000000014
2025-01-31,0.08333333333333333,4.4177422499999786
2025-01-31,0.25,4.356440249999993
2025-01-31,0.5,4.325796000000026
2025-01-31,1.0,4.213472250000017
2025-01-31,2.0,4.264520999999988
2025-01-31,3.0,4.315582249999994
2025-01-31,5.0,4.407524000000018
2025-01-31,7.0,4.519952250000014
2025-01-31,10.0,4.632440999999976
2025-01-31,20.0,4.939535999999989
2025-01-31,30.0,4.888322249999977
2025-02-03,0.08333333333333333,4.4177422499999786
2025-02-03,0.25,4.387089000000022
2025-02-03,0.5,4.325796000000026
2025-02-03,1.0,4.244099999999973
2025-02-03,2.0,4.3053690000000255
2025-02-03,3.0,4.325796000000026
2025-02-03,5.0,4.397306249999988
2025-02-03,7.0,4.499506250000018
2025-02-03,10.0,4.591528999999994
2025-02-03,20.0,4.878081000000001
2025-02-03,30.0,4.826882249999986
2025-02-04,0.08333333333333333,4.407524000000018
2025-02-04,0.25,4.376872249999986
2025-02-04,0.5,4.315582249999994
2025-02-04,1.0,4.22368099999999
2025-02-04,2.0,4.254310250000004
2025-02-04,3.0,4.295156249999987
2025-02-04,5.0,4.356440249999993
2025-02-04,7.0,4.468841000000001
2025-02-04,10.0,4.571075999999996
2025-02-04,20.0,4.867840249999977
2025-02-04,30.0,4.806406249999995
2025-02-05,0.08333333333333333,4.397306249999988
2025-02-05,0.25,4.376872249999986
2025-02-05,0.5,4.315582249999994
2025-02-05,1.0,4.213472250000017
2025-02-05,2.0,4.213472250000017
2025-02-05,3.0,4.233890250000005
2025-02-05,5.0,4.284944000000013
2025-02-05,7.0,4.376872249999986
2025-02-05,10.0,4.479062249999988
2025-02-05,20.0,4.744990249999992
2025-02-05,30.0,4.693824000000024
2025-02-06,0.08333333333333333,4.4177422499999786
2025-02-06,0.25,4.387089000000022
2025-02-06,0.5,4.325796000000026
2025-02-06,1.0,4.233890250000005
2025-02-06,2.0,4.254310250000004
2025-02-06,3.0,4.274732249999991
2025-02-06,5.0,4.325796000000026
2025-02-06,7.0,4.407524000000018
2025-02-06,10.0,4.499506250000018
2025-02-06,20.0,4.755225000000007
2025-02-06,30.0,4.704056249999988
2025-02-07,0.08333333333333333,4.4177422499999786
2025-02-07,0.25,4.397306249999988
2025-02-07,0.5,4.346225000000015
2025-02-07,1.0,4.295156249999987
2025-02-07,2.0,4.336010249999989
2025-02-07,3.0,4.356440249999993
2025-02-07,5.0,4.387089000000022
2025-02-07,7.0,4.468841000000001
2025-02-07,10.0,4.540400250000021
2025-02-07,20.0,4.806406249999995
2025-02-07,30.0,4.744990249999992
2025-02-10,0.08333333333333333,4.4279610000000025
2025-02-10,0.25,4.397306249999988
2025-02-10,0.5,4.356440249999993
2025-02-10,1.0,4.284944000000013
2025-02-10,2.0,4.325796000000026
2025-02-10,3.0,4.346225000000015
2025-02-10,5.0,4.387089000000022
2025-02-10,7.0,4.468841000000001
2025-02-10,10.0,4.560850250000015
2025-02-10,20.0,4.816644000000014
2025-02-10,30.0,4.765460249999998
2025-02-11,0.08333333333333333,4.4279610000000025
2025-02-11,0.25,4.397306249999988
2025-02-11,0.5,4.356440249999993
2025-02-11,1.0,4.295156249999987
2025-02-11,2.0,4.336010249999989
2025-02-11,3.0,4.325796000000026
2025-02-11,5.0,4.4177422499999786
2025-02-11,7.0,4.499506250000018
2025-02-11,10.0,4.591528999999994
2025-02-11,20.0,4.857599999999995
2025-02-11,30.0,4.806406249999995
2025-02-12,0.08333333333333333,4.4279610000000025
2025-02-12,0.25,4.397306249999988
2025-02-12,0.5,4.376872249999986
2025-02-12,1.0,4.346225000000015
2025-02-12,2.0,4.407524000000018
2025-02-12,3.0,4.4177422499999786
2025-02-12,5.0,4.530175999999986
2025-02-12,7.0,4.61198399999998
2025-02-12,10.0,4.673360999999976
2025-02-12,20.0,4.96002499999999
2025-02-12,30.0,4.888322249999977
2025-02-13,0.08333333333333333,4.4177422499999786
2025-02-13,0.25,4.387089000000022
2025-02-13,0.5,4.376872249999986
2025-02-13,1.0,4.315582249999994
2025-02-13,2.0,4.356440249999993
2025-02-13,3.0,4.356440249999993
2025-02-13,5.0,4.438180249999979
2025-02-13,7.0,4.509728999999996
2025-02-13,10.0,4.571075999999996
2025-02-13,20.0,4.847360249999988
2025-02-13,30.0,4.775696000000007
2025-02-14,0.08333333333333333,4.4177422499999786
2025-02-14,0.25,4.387089000000022
2025-02-14,0.5,4.366656000000013
2025-02-14,1.0,4.274732249999991
2025-02-14,2.0,4.3053690000000255
2025-02-14,3.0,4.3053690000000255
2025-02-14,5.0,4.376872249999986
2025-02-14,7.0,4.458620249999989
2025-02-14,10.0,4.519952250000014
2025-02-14,20.0,4.806406249999995
2025-02-14,30.0,4.744990249999992
2025-02-18,0.08333333333333333,4.4279610000000025
2025-02-18,0.25,4.387089000000022
2025-02-18,0.5,4.387089000000022
2025-02-18,1.0,4.284944000000013
2025-02-18,2.0,4.336010249999989
2025-02-18,3.0,4.376872249999986
2025-02-18,5.0,4.448399999999997
2025-02-18,7.0,4.530175999999986
2025-02-18,10.0,4.601756250000011
2025-02-18,20.0,4.888322249999977
2025-02-18,30.0,4.826882249999986
2025-02-19,0.08333333333333333,4.4279610000000025
2025-02-19,0.25,4.387089000000022
2025-02-19,0.5,4.387089000000022
2025-02-19,1.0,4.264520999999988
2025-02-19,2.0,4.325796000000026
2025-02-19,3.0,4.346225000000015
2025-02-19,5.0,4.4177422499999786
2025-02-19,7.0,4.509728999999996
2025-02-19,10.0,4.581302250000019
2025-02-19,20.0,4.847360249999988
2025-02-19,30.0,4.816644000000014
2025-02-20,0.08333333333333333,4.4177422499999786
2025-02-20,0.25,4.376872249999986
2025-02-20,0.5,4.376872249999986
2025-02-20,1.0,4.244099999999973
2025-02-20,2.0,4.325796000000026
2025-02-20,3.0,4.315582249999994
2025-02-20,5.0,4.387089000000022
2025-02-20,7.0,4.479062249999988
2025-02-20,10.0,4.550624999999986
2025-02-20,20.0,4.826882249999986
2025-02-20,30.0,4.796169000000017
2025-02-21,0.08333333333333333,4.407524000000018
2025-02-21,0.25,4.366656000000013
2025-02-21,0.5,4.346225000000015
2025-02-21,1.0,4.193056250000016
2025-02-21,2.0,4.233890250000005
2025-02-21,3.0,4.233890250000005
2025-02-21,5.0,4.3053690000000255
2025-02-21,7.0,4.397306249999988
2025-02-21,10.0,4.468841000000001
2025-02-21,20.0,4.744990249999992
2025-02-21,30.0,4.724522249999996
2025-02-24,0.08333333333333333,4.407524000000018
2025-02-24,0.25,4.356440249999993
2025-02-24,0.5,4.346225000000015
2025-02-24,1.0,4.193056250000016
2025-02-24,2.0,4.172642250000003
2025-02-24,3.0,4.213472250000017
2025-02-24,5.0,4.274732249999991
2025-02-24,7.0,4.366656000000013
2025-02-24,10.0,4.448399999999997
2025-02-24,20.0,4.744990249999992
2025-02-24,30.0,4.714289000000016
2025-02-25,0.08333333333333333,4.387089000000022
2025-02-25,0.25,4.346225000000015
2025-02-25,0.5,4.325796000000026
2025-02-25,1.0,4.162435999999992
2025-02-25,2.0,4.111412250000024
2025-02-25,3.0,4.121616000000006
2025-02-25,5.0,4.162435999999992
2025-02-25,7.0,4.254310250000004
2025-02-25,10.0,4.346225000000015
2025-02-25,20.0,4.642670250000003
2025-02-25,30.0,4.601756250000011
2025-02-26,0.08333333333333333,4.397306249999988
2025-02-26,0.25,4.356440249999993
2025-02-26,0.5,4.325796000000026
2025-02-26,1.0,4.162435999999992
2025-02-26,2.0,4.091006250000029
2025-02-26,3.0,4.080803999999993
2025-02-26,5.0,4.1012089999999946
2025-02-26,7.0,4.2032639999999954
2025-02-26,10.0,4.295156249999987
2025-02-26,20.0,4.601756250000011
2025-02-26,30.0,4.560850250000015
2025-02-27,0.08333333333333333,4.4279610000000025
2025-02-27,0.25,4.366656000000013
2025-02-27,0.5,4.325796000000026
2025-02-27,1.0,4.172642250000003
2025-02-27,2.0,4.111412250000024
2025-02-27,3.0,4.091006250000029
2025-02-27,5.0,4.131820250000007
2025-02-27,7.0,4.233890250000005
2025-02-27,10.0,4.336010249999989
2025-02-27,20.0,4.642670250000003
2025-02-27,30.0,4.61198399999998
2025-02-28,0.08333333333333333,4.4279610000000025
2025-02-28,0.25,4.366656000000013
2025-02-28,0.5,4.295156249999987
2025-02-28,1.0,4.121616000000006
2025-02-28,2.0,4.029800249999993
2025-02-28,3.0,4.029800249999993
2025-02-28,5.0,4.070602250000022
2025-02-28,7.0,4.1828489999999885
2025-02-28,10.0,4.284944000000013
2025-02-28,20.0,4.601756250000011
2025-02-28,30.0,4.560850250000015
2025-03-03,0.08333333333333333,4.4279610000000025
2025-03-03,0.25,4.397306249999988
2025-03-03,0.5,4.356440249999993
2025-03-03,1.0,4.1012089999999946
2025-03-03,2.0,3.9992040000000006
2025-03-03,3.0,3.968612249999981
2025-03-03,5.0,4.009402249999994
2025-03-03,7.0,4.1012089999999946
2025-03-03,10.0,4.2032639999999954
2025-03-03,20.0,4.540400250000021
2025-03-03,30.0,4.499506250000018
2025-03-04,0.08333333333333333,4.438180249999979
2025-03-04,0.25,4.387089000000022
2025-03-04,0.5,4.325796000000026
2025-03-04,1.0,4.080803999999993
2025-03-04,2.0,3.9992040000000006
2025-03-04,3.0,3.9788090000000054
2025-03-04,5.0,4.05020024999998
2025-03-04,7.0,4.152230250000022
2025-03-04,10.0,4.264520999999988
2025-03-04,20.0,4.61198399999998
2025-03-04,30.0,4.581302250000019
2025-03-05,0.08333333333333333,4.4279610000000025
2025-03-05,0.25,4.397306249999988
2025-03-05,0.5,4.346225000000015
2025-03-05,1.0,4.1012089999999946
2025-03-05,2.0,4.029800249999993
2025-03-05,3.0,4.05020024999998
2025-03-05,5.0,4.121616000000006
2025-03-05,7.0,4.22368099999999
2025-03-05,10.0,4.325796000000026
2025-03-05,20.0,4.663130250000003
2025-03-05,30.0,4.622212250000013
2025-03-06,0.08333333333333333,4.4279610000000025
2025-03-06,0.25,4.387089000000022
2025-03-06,0.5,4.315582249999994
2025-03-06,1.0,4.060401000000002
2025-03-06,2.0,3.9992040000000006
2025-03-06,3.0,4.019601000000006
2025-03-06,5.0,4.1012089999999946
2025-03-06,7.0,4.22368099999999
2025-03-06,10.0,4.336010249999989
2025-03-06,20.0,4.6835922499999905
2025-03-06,30.0,4.632440999999976
2025-03-07,0.08333333333333333,4.4279610000000025
2025-03-07,0.25,4.387089000000022
2025-03-07,0.5,4.336010249999989
2025-03-07,1.0,4.091006250000029
2025-03-07,2.0,4.029800249999993
2025-03-07,3.0,4.05020024999998
2025-03-07,5.0,4.131820250000007
2025-03-07,7.0,4.254310250000004
2025-03-07,10.0,4.366656000000013
2025-03-07,20.0,4.714289000000016
2025-03-07,30.0,4.673360999999976
2025-03-10,0.08333333333333333,4.4177422499999786
2025-03-10,0.25,4.376872249999986
2025-03-10,0.5,4.295156249999987
2025-03-10,1.0,4.019601000000006
2025-03-10,2.0,3.927830249999986
2025-03-10,3.0,3.9482202499999897
2025-03-10,5.0,4.019601000000006
2025-03-10,7.0,4.1420249999999825
2025-03-10,10.0,4.264520999999988
2025-03-10,20.0,4.632440999999976
2025-03-10,30.0,4.591528999999994
2025-03-11,0.08333333333333333,4.4177422499999786
2025-03-11,0.25,4.387089000000022
2025-03-11,0.5,4.3053690000000255
2025-03-11,1.0,4.070602250000022
2025-03-11,2.0,3.9788090000000054
2025-03-11,3.0,3.95841600000002
2025-03-11,5.0,4.070602250000022
2025-03-11,7.0,4.2032639999999954
2025-03-11,10.0,4.325796000000026
2025-03-11,20.0,4.6835922499999905
2025-03-11,30.0,4.642670250000003
2025-03-12,0.08333333333333333,4.407524000000018
2025-03-12,0.25,4.397306249999988
2025-03-12,0.5,4.315582249999994
2025-03-12,1.0,4.111412250000024
2025-03-12,2.0,4.05020024999998
2025-03-12,3.0,4.019601000000006
2025-03-12,5.0,4.131820250000007
2025-03-12,7.0,4.244099999999973
2025-03-12,10.0,4.366656000000013
2025-03-12,20.0,4.724522249999996
2025-03-12,30.0,4.6835922499999905
2025-03-13,0.08333333333333333,4.4177422499999786
2025-03-13,0.25,4.387089000000022
2025-03-13,0.5,4.315582249999994
2025-03-13,1.0,4.070602250000022
2025-03-13,2.0,3.9788090000000054
2025-03-13,3.0,3.968612249999981
2025-03-13,5.0,4.060401000000002
2025-03-13,7.0,4.193056250000016
2025-03-13,10.0,4.315582249999994
2025-03-13,20.0,4.6835922499999905
2025-03-13,30.0,4.642670250000003
2025-03-14,0.08333333333333333,4.4177422499999786
2025-03-14,0.25,4.376872249999986
2025-03-14,0.5,4.336010249999989
2025-03-14,1.0,4.131820250000007
2025-03-14,2.0,4.060401000000002
2025-03-14,3.0,4.039999999999999
2025-03-14,5.0,4.131820250000007
2025-03-14,7.0,4.244099999999973
2025-03-14,10.0,4.356440249999993
2025-03-14,20.0,4.704056249999988
2025-03-14,30.0,4.673360999999976
2025-03-17,0.08333333333333333,4.4177422499999786
2025-03-17,0.25,4.387089000000022
2025-03-17,0.5,4.336010249999989
2025-03-17,1.0,4.152230250000022
2025-03-17,2.0,4.1012089999999946
2025-03-17,3.0,4.070602250000022
2025-03-17,5.0,4.152230250000022
2025-03-17,7.0,4.254310250000004
2025-03-17,10.0,4.356440249999993
2025-03-17,20.0,4.693824000000024
2025-03-17,30.0,4.652899999999982
2025-03-18,0.08333333333333333,4.4177422499999786
2025-03-18,0.25,4.387089000000022
2025-03-18,0.5,4.336010249999989
2025-03-18,1.0,4.172642250000003
2025-03-18,2.0,4.080803999999993
2025-03-18,3.0,4.05020024999998
2025-03-18,5.0,4.111412250000024
2025-03-18,7.0,4.22368099999999
2025-03-18,10.0,4.336010249999989
2025-03-18,20.0,4.663130250000003
2025-03-18,30.0,4.632440999999976
2025-03-19,0.08333333333333333,4.4177422499999786
2025-03-19,0.25,4.376872249999986
2025-03-19,0.5,4.336010249999989
2025-03-19,1.0,4.1420249999999825
2025-03-19,2.0,4.029800249999993
2025-03-19,3.0,3.9890062499999823
2025-03-19,5.0,4.070602250000022
2025-03-19,7.0,4.1828489999999885
2025-03-19,10.0,4.295156249999987
2025-03-19,20.0,4.632440999999976
2025-03-19,30.0,4.61198399999998
2025-03-20,0.08333333333333333,4.407524000000018
2025-03-20,0.25,4.376872249999986
2025-03-20,0.5,4.315582249999994
2025-03-20,1.0,4.1012089999999946
2025-03-20,2.0,3.9890062499999823
2025-03-20,3.0,3.968612249999981
2025-03-20,5.0,4.05020024999998
2025-03-20,7.0,4.162435999999992
2025-03-20,10.0,4.284944000000013
2025-03-20,20.0,4.622212250000013
2025-03-20,30.0,4.601756250000011
2025-03-21,0.08333333333333333,4.407524000000018
2025-03-21,0.25,4.376872249999986
2025-03-21,0.5,4.3053690000000255
2025-03-21,1.0,4.080803999999993
2025-03-21,2.0,3.9788090000000054
2025-03-21,3.0,3.95841600000002
2025-03-21,5.0,4.039999999999999
2025-03-21,7.0,4.162435999999992
2025-03-21,10.0,4.295156249999987
2025-03-21,20.0,4.652899999999982
2025-03-21,30.0,4.642670250000003
2025-03-24,0.08333333333333333,4.397306249999988
2025-03-24,0.25,4.376872249999986
2025-03-24,0.5,4.315582249999994
2025-03-24,1.0,4.152230250000022
2025-03-24,2.0,4.080803999999993
2025-03-24,3.0,4.05020024999998
2025-03-24,5.0,4.131820250000007
2025-03-24,7.0,4.264520999999988
2025-03-24,10.0,4.387089000000022
2025-03-24,20.0,4.734756000000018
2025-03-24,30.0,4.714289000000016
2025-03-25,0.08333333333333333,4.407524000000018
2025-03-25,0.25,4.376872249999986
2025-03-25,0.5,4.3053690000000255
2025-03-25,1.0,4.131820250000007
2025-03-25,2.0,3.9992040000000006
2025-03-25,3.0,4.019601000000006
2025-03-25,5.0,4.111412250000024
2025-03-25,7.0,4.233890250000005
2025-03-25,10.0,4.356440249999993
2025-03-25,20.0,4.724522249999996
2025-03-25,30.0,4.704056249999988
2025-03-26,0.08333333333333333,4.407524000000018
2025-03-26,0.25,4.376872249999986
2025-03-26,0.5,4.3053690000000255
2025-03-26,1.0,4.1420249999999825
2025-03-26,2.0,4.019601000000006
2025-03-26,3.0,4.05020024999998
2025-03-26,5.0,4.121616000000006
2025-03-26,7.0,4.264520999999988
2025-03-26,10.0,4.397306249999988
2025-03-26,20.0,4.765460249999998
2025-03-26,30.0,4.744990249999992
2025-03-27,0.08333333333333333,4.4177422499999786
2025-03-27,0.25,4.376872249999986
2025-03-27,0.5,4.315582249999994
2025-03-27,1.0,4.1420249999999825
2025-03-27,2.0,4.009402249999994
2025-03-27,3.0,4.039999999999999
2025-03-27,5.0,4.131820250000007
2025-03-27,7.0,4.274732249999991
2025-03-27,10.0,4.4279610000000025
2025-03-27,20.0,4.806406249999995
2025-03-27,30.0,4.785932249999991
2025-03-28,0.08333333333333333,4.4279610000000025
2025-03-28,0.25,4.376872249999986
2025-03-28,0.5,4.3053690000000255
2025-03-28,1.0,4.080803999999993
2025-03-28,2.0,3.927830249999986
2025-03-28,3.0,3.9482202499999897
2025-03-28,5.0,4.019601000000006
2025-03-28,7.0,4.152230250000022
2025-03-28,10.0,4.315582249999994
2025-03-28,20.0,4.704056249999988
2025-03-28,30.0,4.693824000000024
2025-03-31,0.08333333333333333,4.4279610000000025
2025-03-31,0.25,4.366656000000013
2025-03-31,0.5,4.274732249999991
2025-03-31,1.0,4.070602250000022
2025-03-31,2.0,3.927830249999986
2025-03-31,3.0,3.927830249999986
2025-03-31,5.0,3.9992040000000006
2025-03-31,7.0,4.131820250000007
2025-03-31,10.0,4.274732249999991
2025-03-31,20.0,4.673360999999976
2025-03-31,30.0,4.642670250000003
2025-04-01,0.08333333333333333,4.4279610000000025
2025-04-01,0.25,4.366656000000013
2025-04-01,0.5,4.274732249999991
2025-04-01,1.0,4.05020024999998
2025-04-01,2.0,3.907442249999993
2025-04-01,3.0,3.8870562499999872
2025-04-01,5.0,3.9482202499999897
2025-04-01,7.0,4.070602250000022
2025-04-01,10.0,4.213472250000017
2025-04-01,20.0,4.61198399999998
2025-04-01,30.0,4.571075999999996
2025-04-02,0.08333333333333333,4.4279610000000025
2025-04-02,0.25,4.366656000000013
2025-04-02,0.5,4.284944000000013
2025-04-02,1.0,4.080803999999993
2025-04-02,2.0,3.9482202499999897
2025-04-02,3.0,3.927830249999986
2025-04-02,5.0,3.9890062499999823
2025-04-02,7.0,4.111412250000024
2025-04-02,10.0,4.244099999999973
2025-04-02,20.0,4.632440999999976
2025-04-02,30.0,4.591528999999994
2025-04-03,0.08333333333333333,4.407524000000018
2025-04-03,0.25,4.356440249999993
2025-04-03,0.5,4.244099999999973
2025-04-03,1.0,3.95841600000002
2025-04-03,2.0,3.7444102500000076
2025-04-03,3.0,3.7138560000000043
2025-04-03,5.0,3.785156249999999
2025-04-03,7.0,3.917636000000013
2025-04-03,10.0,4.1012089999999946
2025-04-03,20.0,4.560850250000015
2025-04-03,30.0,4.540400250000021
2025-04-04,0.08333333333333333,4.407524000000018
2025-04-04,0.25,4.325796000000026
2025-04-04,0.5,4.1828489999999885
2025-04-04,1.0,3.8972490000000137
2025-04-04,2.0,3.7138560000000043
2025-04-04,3.0,3.6934889999999942
2025-04-04,5.0,3.754595999999988
2025-04-04,7.0,3.8768640000000243
2025-04-04,10.0,4.05020024999998
2025-04-04,20.0,4.489283999999993
2025-04-04,30.0,4.458620249999989
2025-04-07,0.08333333333333333,4.407524000000018
2025-04-07,0.25,4.336010249999989
2025-04-07,0.5,4.1828489999999885
2025-04-07,1.0,3.8972490000000137
2025-04-07,2.0,3.7647822500000094
2025-04-07,3.0,3.754595999999988
2025-04-07,5.0,3.8564809999999783
2025-04-07,7.0,4.009402249999994
2025-04-07,10.0,4.193056250000016
2025-04-07,20.0,4.663130250000003
2025-04-07,30.0,4.632440999999976
2025-04-08,0.08333333333333333,4.407524000000018
2025-04-08,0.25,4.356440249999993
2025-04-08,0.5,4.1828489999999885
2025-04-08,1.0,3.8666722499999917
2025-04-08,2.0,3.7444102500000076
2025-04-08,3.0,3.7444102500000076
2025-04-08,5.0,3.917636000000013
2025-04-08,7.0,4.091006250000029
2025-04-08,10.0,4.3053690000000255
2025-04-08,20.0,4.816644000000014
2025-04-08,30.0,4.765460249999998
2025-04-09,0.08333333333333333,4.407524000000018
2025-04-09,0.25,4.397306249999988
2025-04-09,0.5,4.274732249999991
2025-04-09,1.0,4.070602250000022
2025-04-09,2.0,3.9482202499999897
2025-04-09,3.0,3.9482202499999897
2025-04-09,5.0,4.1012089999999946
2025-04-09,7.0,4.244099999999973
2025-04-09,10.0,4.387089000000022
2025-04-09,20.0,4.837121
2025-04-09,30.0,4.775696000000007
2025-04-10,0.08333333333333333,4.407524000000018
2025-04-10,0.25,4.387089000000022
2025-04-10,0.5,4.213472250000017
2025-04-10,1.0,4.009402249999994
2025-04-10,2.0,3.8768640000000243
2025-04-10,3.0,3.8870562499999872
2025-04-10,5.0,4.080803999999993
2025-04-10,7.0,4.254310250000004
2025-04-10,10.0,4.448399999999997
2025-04-10,20.0,4.96002499999999
2025-04-10,30.0,4.919048999999998
2025-04-11,0.08333333333333333,4.4177422499999786
2025-04-11,0.25,4.387089000000022
2025-04-11,0.5,4.254310250000004
2025-04-11,1.0,4.080803999999993
2025-04-11,2.0,3.9992040000000006
2025-04-11,3.0,4.019601000000006
2025-04-11,5.0,4.193056250000016
2025-04-11,7.0,4.366656000000013
2025-04-11,10.0,4.530175999999986
2025-04-11,20.0,4.970270250000008
2025-04-11,30.0,4.908806250000031
2025-04-14,0.08333333333333333,4.387089000000022
2025-04-14,0.25,4.376872249999986
2025-04-14,0.5,4.254310250000004
2025-04-14,1.0,4.029800249999993
2025-04-14,2.0,3.8768640000000243
2025-04-14,3.0,3.907442249999993
2025-04-14,5.0,4.060401000000002
2025-04-14,7.0,4.244099999999973
2025-04-14,10.0,4.4279610000000025
2025-04-14,20.0,4.898563999999994
2025-04-14,30.0,4.857599999999995
2025-04-15,0.08333333333333333,4.397306249999988
2025-04-15,0.25,4.376872249999986
2025-04-15,0.5,4.254310250000004
2025-04-15,1.0,4.029800249999993
2025-04-15,2.0,3.8768640000000243
2025-04-15,3.0,3.8870562499999872
2025-04-15,5.0,4.019601000000006
2025-04-15,7.0,4.193056250000016
2025-04-15,10.0,4.397306249999988
2025-04-15,20.0,4.878081000000001
2025-04-15,30.0,4.847360249999988
2025-04-16,0.08333333333333333,4.397306249999988
2025-04-16,0.25,4.376872249999986
2025-04-16,0.5,4.244099999999973
2025-04-16,1.0,3.9992040000000006
2025-04-16,2.0,3.805532249999999
2025-04-16,3.0,3.805532249999999
2025-04-16,5.0,3.9482202499999897
2025-04-16,7.0,4.121616000000006
2025-04-16,10.0,4.336010249999989
2025-04-16,20.0,4.826882249999986
2025-04-16,30.0,4.796169000000017
2025-04-17,0.08333333333333333,4.407524000000018
2025-04-17,0.25,4.387089000000022
2025-04-17,0.5,4.264520999999988
2025-04-17,1.0,4.029800249999993
2025-04-17,2.0,3.8462902500000062
2025-04-17,3.0,3.8564809999999783
2025-04-17,5.0,3.9890062499999823
2025-04-17,7.0,4.172642250000003
2025-04-17,10.0,4.387089000000022
2025-04-17,20.0,4.878081000000001
2025-04-17,30.0,4.857599999999995
2025-04-21,0.08333333333333333,4.397306249999988
2025-04-21,0.25,4.387089000000022
2025-04-21,0.5,4.254310250000004
2025-04-21,1.0,3.9890062499999823
2025-04-21,2.0,3.785156249999999
2025-04-21,3.0,3.805532249999999
2025-04-21,5.0,4.009402249999994
2025-04-21,7.0,4.233890250000005
2025-04-21,10.0,4.468841000000001
2025-04-21,20.0,5.0010089999999785
2025-04-21,30.0,4.970270250000008
2025-04-22,0.08333333333333333,4.376872249999986
2025-04-22,0.25,4.376872249999986
2025-04-22,0.5,4.254310250000004
2025-04-22,1.0,4.019601000000006
2025-04-22,2.0,3.7953439999999894
2025-04-22,3.0,3.8564809999999783
2025-04-22,5.0,4.019601000000006
2025-04-22,7.0,4.233890250000005
2025-04-22,10.0,4.458620249999989
2025-04-22,20.0,4.96002499999999
2025-04-22,30.0,4.939535999999989
2025-04-23,0.08333333333333333,4.376872249999986
2025-04-23,0.25,4.376872249999986
2025-04-23,0.5,4.264520999999988
2025-04-23,1.0,4.05020024999998
2025-04-23,2.0,3.8462902500000062
2025-04-23,3.0,3.907442249999993
2025-04-23,5.0,4.039999999999999
2025-04-23,7.0,4.244099999999973
2025-04-23,10.0,4.448399999999997
2025-04-23,20.0,4.919048999999998
2025-04-23,30.0,4.888322249999977
2025-04-24,0.08333333333333333,4.387089000000022
2025-04-24,0.25,4.366656000000013
2025-04-24,0.5,4.264520999999988
2025-04-24,1.0,4.009402249999994
2025-04-24,2.0,3.805532249999999
2025-04-24,3.0,3.8360999999999867
2025-04-24,5.0,3.9482202499999897
2025-04-24,7.0,4.152230250000022
2025-04-24,10.0,4.366656000000013
2025-04-24,20.0,4.847360249999988
2025-04-24,30.0,4.826882249999986
2025-04-25,0.08333333333333333,4.387089000000022
2025-04-25,0.25,4.366656000000013
2025-04-25,0.5,4.264520999999988
2025-04-25,1.0,3.9890062499999823
2025-04-25,2.0,3.7749689999999836
2025-04-25,3.0,3.7953439999999894
2025-04-25,5.0,3.917636000000013
2025-04-25,7.0,4.1012089999999946
2025-04-25,10.0,4.336010249999989
2025-04-25,20.0,4.806406249999995
2025-04-25,30.0,4.796169000000017
2025-04-28,0.08333333333333333,4.397306249999988
2025-04-28,0.25,4.366656000000013
2025-04-28,0.5,4.264520999999988
2025-04-28,1.0,3.95841600000002
2025-04-28,2.0,3.703672250000012
2025-04-28,3.0,3.703672250000012
2025-04-28,5.0,3.8462902500000062
2025-04-28,7.0,4.05020024999998
2025-04-28,10.0,4.274732249999991
2025-04-28,20.0,4.765460249999998
2025-04-28,30.0,4.744990249999992
2025-04-29,0.08333333333333333,4.397306249999988
2025-04-29,0.25,4.356440249999993
2025-04-29,0.5,4.244099999999973
2025-04-29,1.0,3.927830249999986
2025-04-29,2.0,3.683306250000018
2025-04-29,3.0,3.683306250000018
2025-04-29,5.0,3.805532249999999
2025-04-29,7.0,3.9992040000000006
2025-04-29,10.0,4.233890250000005
2025-04-29,20.0,4.714289000000016
2025-04-29,30.0,4.693824000000024
2025-04-30,0.08333333333333333,4.397306249999988
2025-04-30,0.25,4.356440249999993
2025-04-30,0.5,4.233890250000005
2025-04-30,1.0,3.8870562499999872
2025-04-30,2.0,3.6324000000000023
2025-04-30,3.0,3.6120410000000103
2025-04-30,5.0,3.754595999999988
2025-04-30,7.0,3.968612249999981
2025-04-30,10.0,4.213472250000017
2025-04-30,20.0,4.734756000000018
2025-04-30,30.0,4.714289000000016
2025-05-01,0.08333333333333333,4.4279610000000025
2025-05-01,0.25,4.356440249999993
2025-05-01,0.5,4.264520999999988
2025-05-01,1.0,3.95841600000002
2025-05-01,2.0,3.734225000000002
2025-05-01,3.0,3.724040250000016
2025-05-01,5.0,3.8462902500000062
2025-05-01,7.0,4.060401000000002
2025-05-01,10.0,4.295156249999987
2025-05-01,20.0,4.806406249999995
2025-05-01,30.0,4.796169000000017
2025-05-02,0.08333333333333333,4.4279610000000025
2025-05-02,0.25,4.376872249999986
2025-05-02,0.5,4.3053690000000255
2025-05-02,1.0,4.039999999999999
2025-05-02,2.0,3.8666722499999917
2025-05-02,3.0,3.8564809999999783
2025-05-02,5.0,3.95841600000002
2025-05-02,7.0,4.152230250000022
2025-05-02,10.0,4.376872249999986
2025-05-02,20.0,4.867840249999977
2025-05-02,30.0,4.847360249999988
2025-05-05,0.08333333333333333,4.4279610000000025
2025-05-05,0.25,4.376872249999986
2025-05-05,0.5,4.315582249999994
2025-05-05,1.0,4.060401000000002
2025-05-05,2.0,3.8666722499999917
2025-05-05,3.0,3.815720999999983
2025-05-05,5.0,3.9890062499999823
2025-05-05,7.0,4.1828489999999885
2025-05-05,10.0,4.407524000000018
2025-05-05,20.0,4.898563999999994
2025-05-05,30.0,4.888322249999977
2025-05-06,0.08333333333333333,4.4177422499999786
2025-05-06,0.25,4.376872249999986
2025-05-06,0.5,4.295156249999987
2025-05-06,1.0,4.019601000000006
2025-05-06,2.0,3.815720999999983
2025-05-06,3.0,3.7647822500000094
2025-05-06,5.0,3.9380250000000228
2025-05-06,7.0,4.1420249999999825
2025-05-06,10.0,4.346225000000015
2025-05-06,20.0,4.878081000000001
2025-05-06,30.0,4.867840249999977
2025-05-07,0.08333333333333333,4.4177422499999786
2025-05-07,0.25,4.387089000000022
2025-05-07,0.5,4.315582249999994
2025-05-07,1.0,4.039999999999999
2025-05-07,2.0,3.815720999999983
2025-05-07,3.0,3.754595999999988
2025-05-07,5.0,3.907442249999993
2025-05-07,7.0,4.1012089999999946
2025-05-07,10.0,4.3053690000000255
2025-05-07,20.0,4.837121
2025-05-07,30.0,4.826882249999986
2025-05-08,0.08333333333333333,4.4177422499999786
2025-05-08,0.25,4.387089000000022
2025-05-08,0.5,4.325796000000026
2025-05-08,1.0,4.091006250000029
2025-05-08,2.0,3.9380250000000228
2025-05-08,3.0,3.8870562499999872
2025-05-08,5.0,4.039999999999999
2025-05-08,7.0,4.22368099999999
2025-05-08,10.0,4.4177422499999786
2025-05-08,20.0,4.919048999999998
2025-05-08,30.0,4.888322249999977
2025-05-09,0.08333333333333333,4.4177422499999786
2025-05-09,0.25,4.387089000000022
2025-05-09,0.5,4.325796000000026
2025-05-09,1.0,4.091006250000029
2025-05-09,2.0,3.917636000000013
2025-05-09,3.0,3.8870562499999872
2025-05-09,5.0,4.039999999999999
2025-05-09,7.0,4.22368099999999
2025-05-09,10.0,4.4177422499999786
2025-05-09,20.0,4.919048999999998
2025-05-09,30.0,4.888322249999977
2025-05-12,0.08333333333333333,4.4279610000000025
2025-05-12,0.25,4.468841000000001
2025-05-12,0.5,4.336010249999989
2025-05-12,1.0,4.152230250000022
2025-05-12,2.0,4.019601000000006
2025-05-12,3.0,4.009402249999994
2025-05-12,5.0,4.131820250000007
2025-05-12,7.0,4.315582249999994
2025-05-12,10.0,4.499506250000018
2025-05-12,20.0,4.9805160000000015
2025-05-12,30.0,4.949780250000013
2025-05-13,0.08333333333333333,4.438180249999979
2025-05-13,0.25,4.458620249999989
2025-05-13,0.5,4.336010249999989
2025-05-13,1.0,4.152230250000022
2025-05-13,2.0,4.060401000000002
2025-05-13,3.0,4.039999999999999
2025-05-13,5.0,4.162435999999992
2025-05-13,7.0,4.346225000000015
2025-05-13,10.0,4.540400250000021
2025-05-13,20.0,5.03175225000001
2025-05-13,30.0,5.0010089999999785
2025-05-14,0.08333333333333333,4.438180249999979
2025-05-14,0.25,4.458620249999989
2025-05-14,0.5,4.346225000000015
2025-05-14,1.0,4.1828489999999885
2025-05-14,2.0,4.091006250000029
2025-05-14,3.0,4.091006250000029
2025-05-14,5.0,4.213472250000017
2025-05-14,7.0,4.397306249999988
2025-05-14,10.0,4.581302250000019
2025-05-14,20.0,5.062499999999992
2025-05-14,30.0,5.03175225000001
2025-05-15,0.08333333333333333,4.4177422499999786
2025-05-15,0.25,4.4279610000000025
2025-05-15,0.5,4.336010249999989
2025-05-15,1.0,4.1420249999999825
2025-05-15,2.0,3.9992040000000006
2025-05-15,3.0,3.9890062499999823
2025-05-15,5.0,4.111412250000024
2025-05-15,7.0,4.295156249999987
2025-05-15,10.0,4.499506250000018
2025-05-15,20.0,4.990762250000014
2025-05-15,30.0,4.970270250000008
2025-05-16,0.08333333333333333,4.4177422499999786
2025-05-16,0.25,4.4177422499999786
2025-05-16,0.5,4.346225000000015
2025-05-16,1.0,4.172642250000003
2025-05-16,2.0,4.019601000000006
2025-05-16,3.0,3.9890062499999823
2025-05-16,5.0,4.1012089999999946
2025-05-16,7.0,4.284944000000013
2025-05-16,10.0,4.479062249999988
2025-05-16,20.0,4.9805160000000015
2025-05-16,30.0,4.949780250000013
2025-05-19,0.08333333333333333,4.4177422499999786
2025-05-19,0.25,4.438180249999979
2025-05-19,0.5,4.366656000000013
2025-05-19,1.0,4.162435999999992
2025-05-19,2.0,4.009402249999994
2025-05-19,3.0,3.9890062499999823
2025-05-19,5.0,4.111412250000024
2025-05-19,7.0,4.3053690000000255
2025-05-19,10.0,4.509728999999996
2025-05-19,20.0,5.011256250000007
2025-05-19,30.0,4.9805160000000015
2025-05-20,0.08333333333333333,4.407524000000018
2025-05-20,0.25,4.4279610000000025
2025-05-20,0.5,4.366656000000013
2025-05-20,1.0,4.162435999999992
2025-05-20,2.0,4.009402249999994
2025-05-20,3.0,3.9890062499999823
2025-05-20,5.0,4.111412250000024
2025-05-20,7.0,4.315582249999994
2025-05-20,10.0,4.530175999999986
2025-05-20,20.0,5.052250250000001
2025-05-20,30.0,5.021503999999988
2025-05-21,0.08333333333333333,4.397306249999988
2025-05-21,0.25,4.407524000000018
2025-05-21,0.5,4.376872249999986
2025-05-21,1.0,4.172642250000003
2025-05-21,2.0,4.039999999999999
2025-05-21,3.0,4.039999999999999
2025-05-21,5.0,4.193056250000016
2025-05-21,7.0,4.4177422499999786
2025-05-21,10.0,4.632440999999976
2025-05-21,20.0,5.14451600000001
2025-05-21,30.0,5.14451600000001
2025-05-22,0.08333333333333333,4.4177422499999786
2025-05-22,0.25,4.4177422499999786
2025-05-22,0.5,4.387089000000022
2025-05-22,1.0,4.172642250000003
2025-05-22,2.0,4.039999999999999
2025-05-22,3.0,4.029800249999993
2025-05-22,5.0,4.152230250000022
2025-05-22,7.0,4.366656000000013
2025-05-22,10.0,4.591528999999994
2025-05-22,20.0,5.11375624999999
2025-05-22,30.0,5.11375624999999
2025-05-23,0.08333333333333333,4.407524000000018
2025-05-23,0.25,4.407524000000018
2025-05-23,0.5,4.397306249999988
2025-05-23,1.0,4.193056250000016
2025-05-23,2.0,4.039999999999999
2025-05-23,3.0,3.9992040000000006
2025-05-23,5.0,4.121616000000006
2025-05-23,7.0,4.336010249999989
2025-05-23,10.0,4.560850250000015
2025-05-23,20.0,5.093252249999991
2025-05-23,30.0,5.10350399999997
2025-05-27,0.08333333333333333,4.397306249999988
2025-05-27,0.25,4.397306249999988
2025-05-27,0.5,4.397306249999988
2025-05-27,1.0,4.1828489999999885
2025-05-27,2.0,3.95841600000002
2025-05-27,3.0,3.968612249999981
2025-05-27,5.0,4.080803999999993
2025-05-27,7.0,4.264520999999988
2025-05-27,10.0,4.479062249999988
2025-05-27,20.0,5.011256250000007
2025-05-27,30.0,5.0010089999999785
2025-05-28,0.08333333333333333,4.397306249999988
2025-05-28,0.25,4.397306249999988
2025-05-28,0.5,4.407524000000018
2025-05-28,1.0,4.2032639999999954
2025-05-28,2.0,3.9992040000000006
2025-05-28,3.0,3.9890062499999823
2025-05-28,5.0,4.091006250000029
2025-05-28,7.0,4.315582249999994
2025-05-28,10.0,4.519952250000014
2025-05-28,20.0,5.052250250000001
2025-05-28,30.0,5.03175225000001
2025-05-29,0.08333333333333333,4.387089000000022
2025-05-29,0.25,4.407524000000018
2025-05-29,0.5,4.407524000000018
2025-05-29,1.0,4.172642250000003
2025-05-29,2.0,3.95841600000002
2025-05-29,3.0,3.9482202499999897
2025-05-29,5.0,4.039999999999999
2025-05-29,7.0,4.244099999999973
2025-05-29,10.0,4.479062249999988
2025-05-29,20.0,5.0010089999999785
2025-05-29,30.0,4.9805160000000015
2025-05-30,0.08333333333333333,4.376872249999986
2025-05-30,0.25,4.407524000000018
2025-05-30,0.5,4.407524000000018
2025-05-30,1.0,4.152230250000022
2025-05-30,2.0,3.927830249999986
2025-05-30,3.0,3.907442249999993
2025-05-30,5.0,3.9992040000000006
2025-05-30,7.0,4.22368099999999
2025-05-30,10.0,4.458620249999989
2025-05-30,20.0,4.990762250000014
2025-05-30,30.0,4.9805160000000015
2025-06-02,0.08333333333333333,4.376872249999986
2025-06-02,0.25,4.489283999999993
2025-06-02,0.5,4.356440249999993
2025-06-02,1.0,4.162435999999992
2025-06-02,2.0,3.9788090000000054
2025-06-02,3.0,3.9482202499999897
2025-06-02,5.0,4.05020024999998
2025-06-02,7.0,4.264520999999988
2025-06-02,10.0,4.509728999999996
2025-06-02,20.0,5.062499999999992
2025-06-02,30.0,5.052250250000001
2025-06-03,0.08333333333333333,4.376872249999986
2025-06-03,0.25,4.479062249999988
2025-06-03,0.5,4.356440249999993
2025-06-03,1.0,4.162435999999992
2025-06-03,2.0,3.9992040000000006
2025-06-03,3.0,3.968612249999981
2025-06-03,5.0,4.080803999999993
2025-06-03,7.0,4.274732249999991
2025-06-03,10.0,4.509728999999996
2025-06-03,20.0,5.062499999999992
2025-06-03,30.0,5.042000999999985
2025-06-04,0.08333333333333333,4.366656000000013
2025-06-04,0.25,4.489283999999993
2025-06-04,0.5,4.336010249999989
2025-06-04,1.0,4.1012089999999946
2025-06-04,2.0,3.907442249999993
2025-06-04,3.0,3.8768640000000243
2025-06-04,5.0,3.968612249999981
2025-06-04,7.0,4.1828489999999885
2025-06-04,10.0,4.4177422499999786
2025-06-04,20.0,4.96002499999999
2025-06-04,30.0,4.949780250000013
2025-06-05,0.08333333333333333,4.3053690000000255
2025-06-05,0.25,4.489283999999993
2025-06-05,0.5,4.336010249999989
2025-06-05,1.0,4.121616000000006
2025-06-05,2.0,3.95841600000002
2025-06-05,3.0,3.9380250000000228
2025-06-05,5.0,4.029800249999993
2025-06-05,7.0,4.22368099999999
2025-06-05,10.0,4.448399999999997
2025-06-05,20.0,4.96002499999999
2025-06-05,30.0,4.939535999999989
2025-06-06,0.08333333333333333,4.325796000000026
2025-06-06,0.25,4.479062249999988
2025-06-06,0.5,4.356440249999993
2025-06-06,1.0,4.1828489999999885
2025-06-06,2.0,4.080803999999993
2025-06-06,3.0,4.060401000000002
2025-06-06,5.0,4.172642250000003
2025-06-06,7.0,4.356440249999993
2025-06-06,10.0,4.560850250000015
2025-06-06,20.0,5.052250250000001
2025-06-06,30.0,5.03175225000001
2025-06-09,0.08333333333333333,4.336010249999989
2025-06-09,0.25,4.489283999999993
2025-06-09,0.5,4.366656000000013
2025-06-09,1.0,4.172642250000003
2025-06-09,2.0,4.05020024999998
2025-06-09,3.0,4.029800249999993
2025-06-09,5.0,4.131820250000007
2025-06-09,7.0,4.325796000000026
2025-06-09,10.0,4.540400250000021
2025-06-09,20.0,5.042000999999985
2025-06-09,30.0,5.011256250000007
2025-06-10,0.08333333333333333,4.336010249999989
2025-06-10,0.25,4.499506250000018
2025-06-10,0.5,4.366656000000013
2025-06-10,1.0,4.162435999999992
2025-06-10,2.0,4.05020024999998
2025-06-10,3.0,3.9890062499999823
2025-06-10,5.0,4.121616000000006
2025-06-10,7.0,4.315582249999994
2025-06-10,10.0,4.519952250000014
2025-06-10,20.0,5.021503999999988
2025-06-10,30.0,4.990762250000014
2025-06-11,0.08333333333333333,4.346225000000015
2025-06-11,0.25,4.499506250000018
2025-06-11,0.5,4.356440249999993
2025-06-11,1.0,4.121616000000006
2025-06-11,2.0,3.9788090000000054
2025-06-11,3.0,3.927830249999986
2025-06-11,5.0,4.060401000000002
2025-06-11,7.0,4.254310250000004
2025-06-11,10.0,4.458620249999989
2025-06-11,20.0,4.990762250000014
2025-06-11,30.0,4.970270250000008
2025-06-12,0.08333333333333333,4.22368099999999
2025-06-12,0.25,4.509728999999996
2025-06-12,0.5,4.336010249999989
2025-06-12,1.0,4.1012089999999946
2025-06-12,2.0,3.9380250000000228
2025-06-12,3.0,3.8870562499999872
2025-06-12,5.0,4.009402249999994
2025-06-12,7.0,4.193056250000016
2025-06-12,10.0,4.407524000000018
2025-06-12,20.0,4.919048999999998
2025-06-12,30.0,4.898563999999994
2025-06-13,0.08333333333333333,4.274732249999991
2025-06-13,0.25,4.499506250000018
2025-06-13,0.5,4.346225000000015
2025-06-13,1.0,4.131820250000007
2025-06-13,2.0,3.9992040000000006
2025-06-13,3.0,3.9380250000000228
2025-06-13,5.0,4.060401000000002
2025-06-13,7.0,4.244099999999973
2025-06-13,10.0,4.458620249999989
2025-06-13,20.0,4.990762250000014
2025-06-13,30.0,4.96002499999999
2025-06-16,0.08333333333333333,4.284944000000013
2025-06-16,0.25,4.479062249999988
2025-06-16,0.5,4.366656000000013
2025-06-16,1.0,4.1420249999999825
2025-06-16,2.0,4.009402249999994
2025-06-16,3.0,3.968612249999981
2025-06-16,5.0,4.080803999999993
2025-06-16,7.0,4.274732249999991
2025-06-16,10.0,4.509728999999996
2025-06-16,20.0,5.03175225000001
2025-06-16,30.0,5.021503999999988
2025-06-17,0.08333333333333333,4.274732249999991
2025-06-17,0.25,4.468841000000001
2025-06-17,0.5,4.356440249999993
2025-06-17,1.0,4.1420249999999825
2025-06-17,2.0,3.9788090000000054
2025-06-17,3.0,3.9380250000000228
2025-06-17,5.0,4.029800249999993
2025-06-17,7.0,4.213472250000017
2025-06-17,10.0,4.438180249999979
2025-06-17,20.0,4.949780250000013
2025-06-17,30.0,4.939535999999989
2025-06-18,0.08333333333333333,4.244099999999973
2025-06-18,0.25,4.468841000000001
2025-06-18,0.5,4.376872249999986
2025-06-18,1.0,4.1420249999999825
2025-06-18,2.0,3.9788090000000054
2025-06-18,3.0,3.927830249999986
2025-06-18,5.0,4.019601000000006
2025-06-18,7.0,4.213472250000017
2025-06-18,10.0,4.4279610000000025
2025-06-18,20.0,4.949780250000013
2025-06-18,30.0,4.939535999999989
2025-06-20,0.08333333333333333,4.244099999999973
2025-06-20,0.25,4.438180249999979
2025-06-20,0.5,4.336010249999989
2025-06-20,1.0,4.111412250000024
2025-06-20,2.0,3.9380250000000228
2025-06-20,3.0,3.8972490000000137
2025-06-20,5.0,3.9992040000000006
2025-06-20,7.0,4.2032639999999954
2025-06-20,10.0,4.4279610000000025
2025-06-20,20.0,4.96002499999999
2025-06-20,30.0,4.949780250000013
2025-06-23,0.08333333333333333,4.244099999999973
2025-06-23,0.25,4.4279610000000025
2025-06-23,0.5,4.325796000000026
2025-06-23,1.0,4.039999999999999
2025-06-23,2.0,3.8768640000000243
2025-06-23,3.0,3.8360999999999867
2025-06-23,5.0,3.9482202499999897
2025-06-23,7.0,4.1420249999999825
2025-06-23,10.0,4.387089000000022
2025-06-23,20.0,4.929292250000028
2025-06-23,30.0,4.929292250000028
2025-06-24,0.08333333333333333,4.254310250000004
2025-06-24,0.25,4.4279610000000025
2025-06-24,0.5,4.315582249999994
2025-06-24,1.0,4.029800249999993
2025-06-24,2.0,3.785156249999999
2025-06-24,3.0,3.785156249999999
2025-06-24,5.0,3.8972490000000137
2025-06-24,7.0,4.1012089999999946
2025-06-24,10.0,4.346225000000015
2025-06-24,20.0,4.888322249999977
2025-06-24,30.0,4.888322249999977
2025-06-25,0.08333333333333333,4.254310250000004
2025-06-25,0.25,4.4279610000000025
2025-06-25,0.5,4.3053690000000255
2025-06-25,1.0,4.029800249999993
2025-06-25,2.0,3.7749689999999836
2025-06-25,3.0,3.7749689999999836
2025-06-25,5.0,3.8666722499999917
2025-06-25,7.0,4.091006250000029
2025-06-25,10.0,4.336010249999989
2025-06-25,20.0,4.888322249999977
2025-06-25,30.0,4.888322249999977
2025-06-26,0.08333333333333333,4.152230250000022
2025-06-26,0.25,4.438180249999979
2025-06-26,0.5,4.3053690000000255
2025-06-26,1.0,3.9992040000000006
2025-06-26,2.0,3.734225000000002
2025-06-26,3.0,3.7138560000000043
2025-06-26,5.0,3.8259102500000086
2025-06-26,7.0,4.039999999999999
2025-06-26,10.0,4.3053690000000255
2025-06-26,20.0,4.867840249999977
2025-06-26,30.0,4.867840249999977
2025-06-27,0.08333333333333333,4.233890250000005
2025-06-27,0.25,4.438180249999979
2025-06-27,0.5,4.3053690000000255
2025-06-27,1.0,4.009402249999994
2025-06-27,2.0,3.7647822500000094
2025-06-27,3.0,3.754595999999988
2025-06-27,5.0,3.8666722499999917
2025-06-27,7.0,4.070602250000022
2025-06-27,10.0,4.336010249999989
2025-06-27,20.0,4.908806250000031
2025-06-27,30.0,4.908806250000031
2025-06-30,0.08333333333333333,4.325796000000026
2025-06-30,0.25,4.458620249999989
2025-06-30,0.5,4.336010249999989
2025-06-30,1.0,3.9992040000000006
2025-06-30,2.0,3.754595999999988
2025-06-30,3.0,3.7138560000000043
2025-06-30,5.0,3.8259102500000086
2025-06-30,7.0,4.019601000000006
2025-06-30,10.0,4.284944000000013
2025-06-30,20.0,4.847360249999988
2025-06-30,30.0,4.837121
2025-07-01,0.08333333333333333,4.366656000000013
2025-07-01,0.25,4.448399999999997
2025-07-01,0.5,4.336010249999989
2025-07-01,1.0,4.019601000000006
2025-07-01,2.0,3.815720999999983
2025-07-01,3.0,3.785156249999999
2025-07-01,5.0,3.8768640000000243
2025-07-01,7.0,4.070602250000022
2025-07-01,10.0,4.3053690000000255
2025-07-01,20.0,4.847360249999988
2025-07-01,30.0,4.837121
2025-07-02,0.08333333333333333,4.376872249999986
2025-07-02,0.25,4.458620249999989
2025-07-02,0.5,4.325796000000026
2025-07-02,1.0,4.029800249999993
2025-07-02,2.0,3.815720999999983
2025-07-02,3.0,3.805532249999999
2025-07-02,5.0,3.907442249999993
2025-07-02,7.0,4.1012089999999946
2025-07-02,10.0,4.346225000000015
2025-07-02,20.0,4.898563999999994
2025-07-02,30.0,4.878081000000001
2025-07-03,0.08333333333333333,4.397306249999988
2025-07-03,0.25,4.468841000000001
2025-07-03,0.5,4.387089000000022
2025-07-03,1.0,4.111412250000024
2025-07-03,2.0,3.917636000000013
2025-07-03,3.0,3.8768640000000243
2025-07-03,5.0,3.9788090000000054
2025-07-03,7.0,4.162435999999992
2025-07-03,10.0,4.397306249999988
2025-07-03,20.0,4.929292250000028
2025-07-03,30.0,4.919048999999998
2025-07-07,0.08333333333333333,4.4177422499999786
2025-07-07,0.25,4.468841000000001
2025-07-07,0.5,4.376872249999986
2025-07-07,1.0,4.121616000000006
2025-07-07,2.0,3.9380250000000228
2025-07-07,3.0,3.8870562499999872
2025-07-07,5.0,3.9992040000000006
2025-07-07,7.0,4.2032639999999954
2025-07-07,10.0,4.448399999999997
2025-07-07,20.0,4.990762250000014
2025-07-07,30.0,4.9805160000000015
2025-07-08,0.08333333333333333,4.407524000000018
2025-07-08,0.25,4.468841000000001
2025-07-08,0.5,4.387089000000022
2025-07-08,1.0,4.152230250000022
2025-07-08,2.0,3.9380250000000228
2025-07-08,3.0,3.8972490000000137
2025-07-08,5.0,4.029800249999993
2025-07-08,7.0,4.22368099999999
2025-07-08,10.0,4.468841000000001
2025-07-08,20.0,5.011256250000007
2025-07-08,30.0,5.0010089999999785
2025-07-09,0.08333333333333333,4.407524000000018
2025-07-09,0.25,4.468841000000001
2025-07-09,0.5,4.356440249999993
2025-07-09,1.0,4.111412250000024
2025-07-09,2.0,3.8972490000000137
2025-07-09,3.0,3.8360999999999867
2025-07-09,5.0,3.95841600000002
2025-07-09,7.0,4.152230250000022
2025-07-09,10.0,4.387089000000022
2025-07-09,20.0,4.929292250000028
2025-07-09,30.0,4.929292250000028
2025-07-10,0.08333333333333333,4.407524000000018
2025-07-10,0.25,4.468841000000001
2025-07-10,0.5,4.356440249999993
2025-07-10,1.0,4.111412250000024
2025-07-10,2.0,3.8972490000000137
2025-07-10,3.0,3.8564809999999783
2025-07-10,5.0,3.968612249999981
2025-07-10,7.0,4.162435999999992
2025-07-10,10.0,4.397306249999988
2025-07-10,20.0,4.929292250000028
2025-07-10,30.0,4.919048999999998
2025-07-11,0.08333333333333333,4.4177422499999786
2025-07-11,0.25,4.458620249999989
2025-07-11,0.5,4.356440249999993
2025-07-11,1.0,4.131820250000007
2025-07-11,2.0,3.9380250000000228
2025-07-11,3.0,3.8972490000000137
2025-07-11,5.0,4.029800249999993
2025-07-11,7.0,4.233890250000005
2025-07-11,10.0,4.479062249999988
2025-07-11,20.0,5.021503999999988
2025-07-11,30.0,5.021503999999988
2025-07-14,0.08333333333333333,4.4177422499999786
2025-07-14,0.25,4.468841000000001
2025-07-14,0.5,4.356440249999993
2025-07-14,1.0,4.121616000000006
2025-07-14,2.0,3.9380250000000228
2025-07-14,3.0,3.8972490000000137
2025-07-14,5.0,4.019601000000006
2025-07-14,7.0,4.233890250000005
2025-07-14,10.0,4.479062249999988
2025-07-14,20.0,5.03175225000001
2025-07-14,30.0,5.03175225000001
2025-07-15,0.08333333333333333,4.407524000000018
2025-07-15,0.25,4.468841000000001
2025-07-15,0.5,4.376872249999986
2025-07-15,1.0,4.162435999999992
2025-07-15,2.0,3.9890062499999823
2025-07-15,3.0,3.968612249999981
2025-07-15,5.0,4.091006250000029
2025-07-15,7.0,4.3053690000000255
2025-07-15,10.0,4.550624999999986
2025-07-15,20.0,5.083000999999987
2025-07-15,30.0,5.072750250000002
2025-07-16,0.08333333333333333,4.407524000000018
2025-07-16,0.25,4.458620249999989
2025-07-16,0.5,4.356440249999993
2025-07-16,1.0,4.121616000000006
2025-07-16,2.0,3.917636000000013
2025-07-16,3.0,3.8972490000000137
2025-07-16,5.0,4.029800249999993
2025-07-16,7.0,4.254310250000004
2025-07-16,10.0,4.509728999999996
2025-07-16,20.0,5.072750250000002
2025-07-16,30.0,5.072750250000002
2025-07-17,0.08333333333333333,4.407524000000018
2025-07-17,0.25,4.458620249999989
2025-07-17,0.5,4.356440249999993
2025-07-17,1.0,4.1420249999999825
2025-07-17,2.0,3.9482202499999897
2025-07-17,3.0,3.927830249999986
2025-07-17,5.0,4.05020024999998
2025-07-17,7.0,4.264520999999988
2025-07-17,10.0,4.519952250000014
2025-07-17,20.0,5.072750250000002
2025-07-17,30.0,5.072750250000002
2025-07-18,0.08333333333333333,4.397306249999988
2025-07-18,0.25,4.448399999999997
2025-07-18,0.5,4.346225000000015
2025-07-18,1.0,4.121616000000006
2025-07-18,2.0,3.917636000000013
2025-07-18,3.0,3.8768640000000243
2025-07-18,5.0,3.9992040000000006
2025-07-18,7.0,4.22368099999999
2025-07-18,10.0,4.489283999999993
2025-07-18,20.0,5.052250250000001
2025-07-18,30.0,5.062499999999992
2025-07-21,0.08333333333333333,4.397306249999988
2025-07-21,0.25,4.458620249999989
2025-07-21,0.5,4.346225000000015
2025-07-21,1.0,4.1012089999999946
2025-07-21,2.0,3.8870562499999872
2025-07-21,3.0,3.8462902500000062
2025-07-21,5.0,3.9482202499999897
2025-07-21,7.0,4.172642250000003
2025-07-21,10.0,4.4279610000000025
2025-07-21,20.0,4.990762250000014
2025-07-21,30.0,5.0010089999999785
2025-07-22,0.08333333333333333,4.4177422499999786
2025-07-22,0.25,4.458620249999989
2025-07-22,0.5,4.346225000000015
2025-07-22,1.0,4.091006250000029
2025-07-22,2.0,3.8666722499999917
2025-07-22,3.0,3.805532249999999
2025-07-22,5.0,3.917636000000013
2025-07-22,7.0,4.131820250000007
2025-07-22,10.0,4.397306249999988
2025-07-22,20.0,4.96002499999999
2025-07-22,30.0,4.96002499999999
2025-07-23,0.08333333333333333,4.4177422499999786
2025-07-23,0.25,4.458620249999989
2025-07-23,0.5,4.356440249999993
2025-07-23,1.0,4.121616000000006
2025-07-23,2.0,3.917636000000013
2025-07-23,3.0,3.8768640000000243
2025-07-23,5.0,3.9788090000000054
2025-07-23,7.0,4.193056250000016
2025-07-23,10.0,4.448399999999997
2025-07-23,20.0,4.990762250000014
2025-07-23,30.0,5.011256250000007
2025-07-24,0.08333333333333333,4.4177422499999786
2025-07-24,0.25,4.468841000000001
2025-07-24,0.5,4.366656000000013
2025-07-24,1.0,4.1420249999999825
2025-07-24,2.0,3.9482202499999897
2025-07-24,3.0,3.907442249999993
2025-07-24,5.0,4.019601000000006
2025-07-24,7.0,4.22368099999999
2025-07-24,10.0,4.479062249999988
2025-07-24,20.0,5.011256250000007
2025-07-24,30.0,5.021503999999988
2025-07-25,0.08333333333333333,4.4177422499999786
2025-07-25,0.25,4.468841000000001
2025-07-25,0.5,4.356440249999993
2025-07-25,1.0,4.131820250000007
2025-07-25,2.0,3.9482202499999897
2025-07-25,3.0,3.8972490000000137
2025-07-25,5.0,3.9890062499999823
2025-07-25,7.0,4.193056250000016
2025-07-25,10.0,4.448399999999997
2025-07-25,20.0,4.9805160000000015
2025-07-25,30.0,4.9805160000000015
2025-07-28,0.08333333333333333,4.448399999999997
2025-07-28,0.25,4.448399999999997
2025-07-28,0.5,4.346225000000015
2025-07-28,1.0,4.131820250000007
2025-07-28,2.0,3.9482202499999897
2025-07-28,3.0,3.907442249999993
2025-07-28,5.0,3.9992040000000006
2025-07-28,7.0,4.22368099999999
2025-07-28,10.0,4.468841000000001
2025-07-28,20.0,5.011256250000007
2025-07-28,30.0,5.021503999999988
2025-07-29,0.08333333333333333,4.448399999999997
2025-07-29,0.25,4.448399999999997
2025-07-29,0.5,4.325796000000026
2025-07-29,1.0,4.111412250000024
2025-07-29,2.0,3.8972490000000137
2025-07-29,3.0,3.8564809999999783
2025-07-29,5.0,3.9380250000000228
2025-07-29,7.0,4.1420249999999825
2025-07-29,10.0,4.387089000000022
2025-07-29,20.0,4.919048999999998
2025-07-29,30.0,4.919048999999998
2025-07-30,0.08333333333333333,4.458620249999989
2025-07-30,0.25,4.458620249999989
2025-07-30,0.5,4.356440249999993
2025-07-30,1.0,4.162435999999992
2025-07-30,2.0,3.9788090000000054
2025-07-30,3.0,3.927830249999986
2025-07-30,5.0,3.9992040000000006
2025-07-30,7.0,4.193056250000016
2025-07-30,10.0,4.4279610000000025
2025-07-30,20.0,4.96002499999999
2025-07-30,30.0,4.949780250000013
2025-07-31,0.08333333333333333,4.540400250000021
2025-07-31,0.25,4.458620249999989
2025-07-31,0.5,4.356440249999993
2025-07-31,1.0,4.1420249999999825
2025-07-31,2.0,3.9788090000000054
2025-07-31,3.0,3.927830249999986
2025-07-31,5.0,3.9992040000000006
2025-07-31,7.0,4.1828489999999885
2025-07-31,10.0,4.4177422499999786
2025-07-31,20.0,4.949780250000013
2025-07-31,30.0,4.949780250000013
2025-08-01,0.08333333333333333,4.540400250000021
2025-08-01,0.25,4.397306249999988
2025-08-01,0.5,4.2032639999999954
2025-08-01,1.0,3.907442249999993
2025-08-01,2.0,3.724040250000016
2025-08-01,3.0,3.703672250000012
2025-08-01,5.0,3.805532249999999
2025-08-01,7.0,4.009402249999994
2025-08-01,10.0,4.274732249999991
2025-08-01,20.0,4.847360249999988
2025-08-01,30.0,4.867840249999977
2025-08-04,0.08333333333333333,4.530175999999986
2025-08-04,0.25,4.397306249999988
2025-08-04,0.5,4.193056250000016
2025-08-04,1.0,3.8564809999999783
2025-08-04,2.0,3.724040250000016
2025-08-04,3.0,3.6934889999999942
2025-08-04,5.0,3.785156249999999
2025-08-04,7.0,3.9890062499999823
2025-08-04,10.0,4.264520999999988
2025-08-04,20.0,4.837121
2025-08-04,30.0,4.857599999999995
2025-08-05,0.08333333333333333,4.540400250000021
2025-08-05,0.25,4.387089000000022
2025-08-05,0.5,4.2032639999999954
2025-08-05,1.0,3.95841600000002
2025-08-05,2.0,3.754595999999988
2025-08-05,3.0,3.6629422499999675
2025-08-05,5.0,3.805532249999999
2025-08-05,7.0,4.009402249999994
2025-08-05,10.0,4.264520999999988
2025-08-05,20.0,4.826882249999986
2025-08-05,30.0,4.837121
2025-08-06,0.08333333333333333,4.530175999999986
2025-08-06,0.25,4.366656000000013
2025-08-06,0.5,4.193056250000016
2025-08-06,1.0,3.9380250000000228
2025-08-06,2.0,3.724040250000016
2025-08-06,3.0,3.6629422499999675
2025-08-06,5.0,3.805532249999999
2025-08-06,7.0,4.009402249999994
2025-08-06,10.0,4.264520999999988
2025-08-06,20.0,4.857599999999995
2025-08-06,30.0,4.867840249999977
2025-08-07,0.08333333333333333,4.540400250000021
2025-08-07,0.25,4.366656000000013
2025-08-07,0.5,4.193056250000016
2025-08-07,1.0,3.95841600000002
2025-08-07,2.0,3.754595999999988
2025-08-07,3.0,3.6934889999999942
2025-08-07,5.0,3.8259102500000086
2025-08-07,7.0,4.029800249999993
2025-08-07,10.0,4.274732249999991
2025-08-07,20.0,4.867840249999977
2025-08-07,30.0,4.867840249999977
2025-08-08,0.08333333333333333,4.530175999999986
2025-08-08,0.25,4.366656000000013
2025-08-08,0.5,4.193056250000016
2025-08-08,1.0,3.968612249999981
2025-08-08,2.0,3.7953439999999894
2025-08-08,3.0,3.734225000000002
2025-08-08,5.0,3.8768640000000243
2025-08-08,7.0,4.070602250000022
2025-08-08,10.0,4.315582249999994
2025-08-08,20.0,4.898563999999994
2025-08-08,30.0,4.908806250000031
2025-08-11,0.08333333333333333,4.509728999999996
2025-08-11,0.25,4.387089000000022
2025-08-11,0.5,4.193056250000016
2025-08-11,1.0,3.968612249999981
2025-08-11,2.0,3.7953439999999894
2025-08-11,3.0,3.7444102500000076
2025-08-11,5.0,3.8666722499999917
2025-08-11,7.0,4.070602250000022
2025-08-11,10.0,4.315582249999994
2025-08-11,20.0,4.888322249999977
2025-08-11,30.0,4.898563999999994
2025-08-12,0.08333333333333333,4.489283999999993
2025-08-12,0.25,4.376872249999986
2025-08-12,0.5,4.162435999999992
2025-08-12,1.0,3.9380250000000228
2025-08-12,2.0,3.754595999999988
2025-08-12,3.0,3.724040250000016
2025-08-12,5.0,3.8666722499999917
2025-08-12,7.0,4.070602250000022
2025-08-12,10.0,4.336010249999989
2025-08-12,20.0,4.929292250000028
2025-08-12,30.0,4.939535999999989
2025-08-13,0.08333333333333333,4.489283999999993
2025-08-13,0.25,4.336010249999989
2025-08-13,0.5,4.131820250000007
2025-08-13,1.0,3.8972490000000137
2025-08-13,2.0,3.703672250000012
2025-08-13,3.0,3.6731239999999943
2025-08-13,5.0,3.805532249999999
2025-08-13,7.0,4.019601000000006
2025-08-13,10.0,4.284944000000013
2025-08-13,20.0,4.867840249999977
2025-08-13,30.0,4.888322249999977
2025-08-14,0.08333333333333333,4.530175999999986
2025-08-14,0.25,4.346225000000015
2025-08-14,0.5,4.162435999999992
2025-08-14,1.0,3.9482202499999897
2025-08-14,2.0,3.7749689999999836
2025-08-14,3.0,3.734225000000002
2025-08-14,5.0,3.8564809999999783
2025-08-14,7.0,4.070602250000022
2025-08-14,10.0,4.336010249999989
2025-08-14,20.0,4.919048999999998
2025-08-14,30.0,4.939535999999989
2025-08-15,0.08333333333333333,4.530175999999986
2025-08-15,0.25,4.346225000000015
2025-08-15,0.5,4.162435999999992
2025-08-15,1.0,3.968612249999981
2025-08-15,2.0,3.785156249999999
2025-08-15,3.0,3.7647822500000094
2025-08-15,5.0,3.8870562499999872
2025-08-15,7.0,4.111412250000024
2025-08-15,10.0,4.376872249999986
2025-08-15,20.0,4.970270250000008
2025-08-15,30.0,4.9805160000000015
2025-08-18,0.08333333333333333,4.519952250000014
2025-08-18,0.25,4.376872249999986
2025-08-18,0.5,4.172642250000003
2025-08-18,1.0,3.968612249999981
2025-08-18,2.0,3.805532249999999
2025-08-18,3.0,3.7647822500000094
2025-08-18,5.0,3.8972490000000137
2025-08-18,7.0,4.111412250000024
2025-08-18,10.0,4.387089000000022
2025-08-18,20.0,4.9805160000000015
2025-08-18,30.0,5.0010089999999785
2025-08-19,0.08333333333333333,4.509728999999996
2025-08-19,0.25,4.346225000000015
2025-08-19,0.5,4.152230250000022
2025-08-19,1.0,3.9482202499999897
2025-08-19,2.0,3.785156249999999
2025-08-19,3.0,3.734225000000002
2025-08-19,5.0,3.8564809999999783
2025-08-19,7.0,4.080803999999993
2025-08-19,10.0,4.346225000000015
2025-08-19,20.0,4.949780250000013
2025-08-19,30.0,4.96002499999999
2025-08-20,0.08333333333333333,4.499506250000018
2025-08-20,0.25,4.346225000000015
2025-08-20,0.5,4.152230250000022
2025-08-20,1.0,3.9380250000000228
2025-08-20,2.0,3.7749689999999836
2025-08-20,3.0,3.724040250000016
2025-08-20,5.0,3.8462902500000062
2025-08-20,7.0,4.060401000000002
2025-08-20,10.0,4.336010249999989
2025-08-20,20.0,4.919048999999998
2025-08-20,30.0,4.949780250000013
2025-08-21,0.08333333333333333,4.540400250000021
2025-08-21,0.25,4.366656000000013
2025-08-21,0.5,4.1828489999999885
2025-08-21,1.0,3.9890062499999823
2025-08-21,2.0,3.8259102500000086
2025-08-21,3.0,3.785156249999999
2025-08-21,5.0,3.8972490000000137
2025-08-21,7.0,4.111412250000024
2025-08-21,10.0,4.376872249999986
2025-08-21,20.0,4.949780250000013
2025-08-21,30.0,4.9805160000000015
2025-08-22,0.08333333333333333,4.519952250000014
2025-08-22,0.25,4.315582249999994
2025-08-22,0.5,4.121616000000006
2025-08-22,1.0,3.907442249999993
2025-08-22,2.0,3.7138560000000043
2025-08-22,3.0,3.6731239999999943
2025-08-22,5.0,3.7953439999999894
2025-08-22,7.0,4.019601000000006
2025-08-22,10.0,4.3053690000000255
2025-08-22,20.0,4.898563999999994
2025-08-22,30.0,4.939535999999989
2025-08-25,0.08333333333333333,4.499506250000018
2025-08-25,0.25,4.336010249999989
2025-08-25,0.5,4.121616000000006
2025-08-25,1.0,3.917636000000013
2025-08-25,2.0,3.7647822500000094
2025-08-25,3.0,3.7138560000000043
2025-08-25,5.0,3.8360999999999867
2025-08-25,7.0,4.05020024999998
2025-08-25,10.0,4.325796000000026
2025-08-25,20.0,4.919048999999998
2025-08-25,30.0,4.949780250000013
2025-08-26,0.08333333333333333,4.468841000000001
2025-08-26,0.25,4.325796000000026
2025-08-26,0.5,4.1012089999999946
2025-08-26,1.0,3.8870562499999872
2025-08-26,2.0,3.6425802499999715
2025-08-26,3.0,3.6629422499999675
2025-08-26,5.0,3.785156249999999
2025-08-26,7.0,4.019601000000006
2025-08-26,10.0,4.3053690000000255
2025-08-26,20.0,4.919048999999998
2025-08-26,30.0,4.96002499999999
2025-08-27,0.08333333333333333,4.468841000000001
2025-08-27,0.25,4.3053690000000255
2025-08-27,0.5,4.080803999999993
2025-08-27,1.0,3.8666722499999917
2025-08-27,2.0,3.6222202499999856
2025-08-27,3.0,3.6222202499999856
2025-08-27,5.0,3.724040250000016
2025-08-27,7.0,3.9890062499999823
2025-08-27,10.0,4.284944000000013
2025-08-27,20.0,4.929292250000028
2025-08-27,30.0,4.970270250000008
2025-08-28,0.08333333333333333,4.468841000000001
2025-08-28,0.25,4.3053690000000255
2025-08-28,0.5,4.080803999999993
2025-08-28,1.0,3.8870562499999872
2025-08-28,2.0,3.6527610000000044
2025-08-28,3.0,3.6324000000000023
2025-08-28,5.0,3.724040250000016
2025-08-28,7.0,3.95841600000002
2025-08-28,10.0,4.264520999999988
2025-08-28,20.0,4.888322249999977
2025-08-28,30.0,4.939535999999989
2025-08-29,0.08333333333333333,4.458620249999989
2025-08-29,0.25,4.274732249999991
2025-08-29,0.5,4.05020024999998
2025-08-29,1.0,3.8666722499999917
2025-08-29,2.0,3.6222202499999856
2025-08-29,3.0,3.6120410000000103
2025-08-29,5.0,3.7138560000000043
2025-08-29,7.0,3.95841600000002
2025-08-29,10.0,4.274732249999991
2025-08-29,20.0,4.919048999999998
2025-08-29,30.0,4.9805160000000015
2025-09-02,0.08333333333333333,4.448399999999997
2025-09-02,0.25,4.244099999999973
2025-09-02,0.5,4.029800249999993
2025-09-02,1.0,3.8564809999999783
2025-09-02,2.0,3.6934889999999942
2025-09-02,3.0,3.6629422499999675
2025-09-02,5.0,3.7749689999999836
2025-09-02,7.0,4.019601000000006
2025-09-02,10.0,4.325796000000026
2025-09-02,20.0,4.9805160000000015
2025-09-02,30.0,5.03175225000001
2025-09-03,0.08333333333333333,4.397306249999988
2025-09-03,0.25,4.22368099999999
2025-09-03,0.5,3.9992040000000006
2025-09-03,1.0,3.805532249999999
2025-09-03,2.0,3.6425802499999715
2025-09-03,3.0,3.6120410000000103
2025-09-03,5.0,3.724040250000016
2025-09-03,7.0,3.95841600000002
2025-09-03,10.0,4.264520999999988
2025-09-03,20.0,4.908806250000031
2025-09-03,30.0,4.96002499999999
2025-09-04,0.08333333333333333,4.376872249999986
2025-09-04,0.25,4.2032639999999954
2025-09-04,0.5,3.9788090000000054
2025-09-04,1.0,3.7953439999999894
2025-09-04,2.0,3.6222202499999856
2025-09-04,3.0,3.5815062499999772
2025-09-04,5.0,3.683306250000018
2025-09-04,7.0,3.907442249999993
2025-09-04,10.0,4.213472250000017
2025-09-04,20.0,4.867840249999977
2025-09-04,30.0,4.919048999999998
2025-09-05,0.08333333333333333,4.336010249999989
2025-09-05,0.25,4.111412250000024
2025-09-05,0.5,3.8870562499999872
2025-09-05,1.0,3.683306250000018
2025-09-05,2.0,3.540800249999987
2025-09-05,3.0,3.5102760000000233
2025-09-05,5.0,3.6222202499999856
2025-09-05,7.0,3.8360999999999867
2025-09-05,10.0,4.1420249999999825
2025-09-05,20.0,4.775696000000007
2025-09-05,30.0,4.837121
2025-09-08,0.08333333333333333,4.3053690000000255
2025-09-08,0.25,4.1420249999999825
2025-09-08,0.5,3.8768640000000243
2025-09-08,1.0,3.6731239999999943
2025-09-08,2.0,3.5204502499999846
2025-09-08,3.0,3.5001022499999923
2025-09-08,5.0,3.6018622499999875
2025-09-08,7.0,3.805532249999999
2025-09-08,10.0,4.091006250000029
2025-09-08,20.0,4.704056249999988
2025-09-08,30.0,4.744990249999992
2025-09-09,0.08333333333333333,4.295156249999987
2025-09-09,0.25,4.1420249999999825
2025-09-09,0.5,3.8870562499999872
2025-09-09,1.0,3.7138560000000043
2025-09-09,2.0,3.571329000000012
2025-09-09,3.0,3.5102760000000233
2025-09-09,5.0,3.6425802499999715
2025-09-09,7.0,3.8462902500000062
2025-09-09,10.0,4.121616000000006
2025-09-09,20.0,4.734756000000018
2025-09-09,30.0,4.775696000000007
2025-09-10,0.08333333333333333,4.274732249999991
2025-09-10,0.25,4.131820250000007
2025-09-10,0.5,3.8666722499999917
2025-09-10,1.0,3.6934889999999942
2025-09-10,2.0,3.571329000000012
2025-09-10,3.0,3.5001022499999923
2025-09-10,5.0,3.6222202499999856
2025-09-10,7.0,3.815720999999983
2025-09-10,10.0,4.080803999999993
2025-09-10,20.0,4.704056249999988
2025-09-10,30.0,4.744990249999992
2025-09-11,0.08333333333333333,4.264520999999988
2025-09-11,0.25,4.121616000000006
2025-09-11,0.5,3.8564809999999783
2025-09-11,1.0,3.6629422499999675
2025-09-11,2.0,3.5509760000000057
2025-09-11,3.0,3.5001022499999923
2025-09-11,5.0,3.6222202499999856
2025-09-11,7.0,3.7953439999999894
2025-09-11,10.0,4.05020024999998
2025-09-11,20.0,4.663130250000003
2025-09-11,30.0,4.704056249999988
2025-09-12,0.08333333333333333,4.284944000000013
2025-09-12,0.25,4.121616000000006
2025-09-12,0.5,3.8666722499999917
2025-09-12,1.0,3.6934889999999942
2025-09-12,2.0,3.591684000000006
2025-09-12,3.0,3.5509760000000057
2025-09-12,5.0,3.6629422499999675
2025-09-12,7.0,3.8462902500000062
2025-09-12,10.0,4.1012089999999946
2025-09-12,20.0,4.704056249999988
2025-09-12,30.0,4.734756000000018
2025-09-15,0.08333333333333333,4.264520999999988
2025-09-15,0.25,4.1012089999999946
2025-09-15,0.5,3.8462902500000062
2025-09-15,1.0,3.6731239999999943
2025-09-15,2.0,3.571329000000012
2025-09-15,3.0,3.5306250000000095
2025-09-15,5.0,3.6425802499999715
2025-09-15,7.0,3.8259102500000086
2025-09-15,10.0,4.091006250000029
2025-09-15,20.0,4.6835922499999905
2025-09-15,30.0,4.714289000000016
2025-09-16,0.08333333333333333,4.244099999999973
2025-09-16,0.25,4.080803999999993
2025-09-16,0.5,3.8462902500000062
2025-09-16,1.0,3.6527610000000044
2025-09-16,2.0,3.540800249999987
2025-09-16,3.0,3.5001022499999923
2025-09-16,5.0,3.6222202499999856
2025-09-16,7.0,3.815720999999983
2025-09-16,10.0,4.080803999999993
2025-09-16,20.0,4.663130250000003
2025-09-16,30.0,4.704056249999988
2025-09-17,0.08333333333333333,4.213472250000017
2025-09-17,0.25,4.060401000000002
2025-09-17,0.5,3.8360999999999867
2025-09-17,1.0,3.6324000000000023
2025-09-17,2.0,3.5509760000000057
2025-09-17,3.0,3.540800249999987
2025-09-17,5.0,3.6527610000000044
2025-09-17,7.0,3.8462902500000062
2025-09-17,10.0,4.1012089999999946
2025-09-17,20.0,4.673360999999976
2025-09-17,30.0,4.714289000000016
2025-09-18,0.08333333333333333,4.244099999999973
2025-09-18,0.25,4.070602250000022
2025-09-18,0.5,3.8462902500000062
2025-09-18,1.0,3.6425802499999715
2025-09-18,2.0,3.6018622499999875
2025-09-18,3.0,3.5815062499999772
2025-09-18,5.0,3.703672250000012
2025-09-18,7.0,3.8972490000000137
2025-09-18,10.0,4.152230250000022
2025-09-18,20.0,4.734756000000018
2025-09-18,30.0,4.775696000000007
2025-09-19,0.08333333333333333,4.233890250000005
2025-09-19,0.25,4.070602250000022
2025-09-19,0.5,3.8462902500000062
2025-09-19,1.0,3.6324000000000023
2025-09-19,2.0,3.6018622499999875
2025-09-19,3.0,3.591684000000006
2025-09-19,5.0,3.7138560000000043
2025-09-19,7.0,3.917636000000013
2025-09-19,10.0,4.1828489999999885
2025-09-19,20.0,4.765460249999998
2025-09-19,30.0,4.806406249999995
2025-09-22,0.08333333333333333,4.213472250000017
2025-09-22,0.25,4.039999999999999
2025-09-22,0.5,3.8462902500000062
2025-09-22,1.0,3.6425802499999715
2025-09-22,2.0,3.6425802499999715
2025-09-22,3.0,3.6222202499999856
2025-09-22,5.0,3.7444102500000076
2025-09-22,7.0,3.9380250000000228
2025-09-22,10.0,4.193056250000016
2025-09-22,20.0,4.785932249999991
2025-09-22,30.0,4.826882249999986
2025-09-23,0.08333333333333333,4.2032639999999954
2025-09-23,0.25,4.039999999999999
2025-09-23,0.5,3.8462902500000062
2025-09-23,1.0,3.6425802499999715
2025-09-23,2.0,3.5611522499999992
2025-09-23,3.0,3.6018622499999875
2025-09-23,5.0,3.7138560000000043
2025-09-23,7.0,3.907442249999993
2025-09-23,10.0,4.162435999999992
2025-09-23,20.0,4.755225000000007
2025-09-23,30.0,4.785932249999991
2025-09-24,0.08333333333333333,4.22368099999999
2025-09-24,0.25,4.060401000000002
2025-09-24,0.5,3.8564809999999783
2025-09-24,1.0,3.6629422499999675
2025-09-24,2.0,3.6018622499999875
2025-09-24,3.0,3.6324000000000023
2025-09-24,5.0,3.734225000000002
2025-09-24,7.0,3.9482202499999897
2025-09-24,10.0,4.2032639999999954
2025-09-24,20.0,4.785932249999991
2025-09-24,30.0,4.816644000000014
2025-09-25,0.08333333333333333,4.284944000000013
2025-09-25,0.25,4.080803999999993
2025-09-25,0.5,3.8870562499999872
2025-09-25,1.0,3.7138560000000043
2025-09-25,2.0,3.6731239999999943
2025-09-25,3.0,3.6934889999999942
2025-09-25,5.0,3.785156249999999
2025-09-25,7.0,3.9788090000000054
2025-09-25,10.0,4.22368099999999
2025-09-25,20.0,4.785932249999991
2025-09-25,30.0,4.806406249999995
2025-09-26,0.08333333333333333,4.264520999999988
2025-09-26,0.25,4.060401000000002
2025-09-26,0.5,3.8666722499999917
2025-09-26,1.0,3.703672250000012
2025-09-26,2.0,3.6629422499999675
2025-09-26,3.0,3.6934889999999942
2025-09-26,5.0,3.7953439999999894
2025-09-26,7.0,3.9992040000000006
2025-09-26,10.0,4.244099999999973
2025-09-26,20.0,4.796169000000017
2025-09-26,30.0,4.826882249999986
2025-09-29,0.08333333333333333,4.264520999999988
2025-09-29,0.25,4.080803999999993
2025-09-29,0.5,3.8768640000000243
2025-09-29,1.0,3.683306250000018
2025-09-29,2.0,3.6629422499999675
2025-09-29,3.0,3.6629422499999675
2025-09-29,5.0,3.7749689999999836
2025-09-29,7.0,3.95841600000002
2025-09-29,10.0,4.193056250000016
2025-09-29,20.0,4.744990249999992
2025-09-29,30.0,4.765460249999998
2025-09-30,0.08333333333333333,4.244099999999973
2025-09-30,0.25,4.060401000000002
2025-09-30,0.5,3.8666722499999917
2025-09-30,1.0,3.7138560000000043
2025-09-30,2.0,3.6324000000000023
2025-09-30,3.0,3.6425802499999715
2025-09-30,5.0,3.7749689999999836
2025-09-30,7.0,3.968612249999981
2025-09-30,10.0,4.2032639999999954
2025-09-30,20.0,4.765460249999998
2025-09-30,30.0,4.785932249999991
2025-10-01,0.08333333333333333,4.213472250000017
2025-10-01,0.25,4.05020024999998
2025-10-01,0.5,3.8360999999999867
2025-10-01,1.0,3.6527610000000044
2025-10-01,2.0,3.5815062499999772
2025-10-01,3.0,3.591684000000006
2025-10-01,5.0,3.7138560000000043
2025-10-01,7.0,3.917636000000013
2025-10-01,10.0,4.162435999999992
2025-10-01,20.0,4.744990249999992
2025-10-01,30.0,4.775696000000007
2025-10-02,0.08333333333333333,4.274732249999991
2025-10-02,0.25,4.060401000000002
2025-10-02,0.5,3.8462902500000062
2025-10-02,1.0,3.6527610000000044
2025-10-02,2.0,3.5815062499999772
2025-10-02,3.0,3.591684000000006
2025-10-02,5.0,3.703672250000012
2025-10-02,7.0,3.8972490000000137
2025-10-02,10.0,4.1420249999999825
2025-10-02,20.0,4.714289000000016
2025-10-02,30.0,4.744990249999992
2025-10-03,0.08333333333333333,4.284944000000013
2025-10-03,0.25,4.070602250000022
2025-10-03,0.5,3.8564809999999783
2025-10-03,1.0,3.6731239999999943
2025-10-03,2.0,3.6120410000000103
2025-10-03,3.0,3.6222202499999856
2025-10-03,5.0,3.754595999999988
2025-10-03,7.0,3.9380250000000228
2025-10-03,10.0,4.172642250000003
2025-10-03,20.0,4.744990249999992
2025-10-03,30.0,4.765460249999998
2025-10-06,0.08333333333333333,4.264520999999988
2025-10-06,0.25,4.060401000000002
2025-10-06,0.5,3.8462902500000062
2025-10-06,1.0,3.6934889999999942
2025-10-06,2.0,3.6324000000000023
2025-10-06,3.0,3.6629422499999675
2025-10-06,5.0,3.785156249999999
2025-10-06,7.0,3.9890062499999823
2025-10-06,10.0,4.22368099999999
2025-10-06,20.0,4.785932249999991
2025-10-06,30.0,4.816644000000014
2025-10-07,0.08333333333333333,4.244099999999973
2025-10-07,0.25,4.05020024999998
2025-10-07,0.5,3.8462902500000062
2025-10-07,1.0,3.683306250000018
2025-10-07,2.0,3.6018622499999875
2025-10-07,3.0,3.591684000000006
2025-10-07,5.0,3.7444102500000076
2025-10-07,7.0,3.9380250000000228
2025-10-07,10.0,4.1828489999999885
2025-10-07,20.0,4.755225000000007
2025-10-07,30.0,4.785932249999991
2025-10-08,0.08333333333333333,4.244099999999973
2025-10-08,0.25,4.05020024999998
2025-10-08,0.5,3.8564809999999783
2025-10-08,1.0,3.6934889999999942
2025-10-08,2.0,3.6120410000000103
2025-10-08,3.0,3.6120410000000103
2025-10-08,5.0,3.754595999999988
2025-10-08,7.0,3.9482202499999897
2025-10-08,10.0,4.172642250000003
2025-10-08,20.0,4.744990249999992
2025-10-08,30.0,4.775696000000007
2025-10-09,0.08333333333333333,4.244099999999973
2025-10-09,0.25,4.070602250000022
2025-10-09,0.5,3.8666722499999917
2025-10-09,1.0,3.6934889999999942
2025-10-09,2.0,3.6324000000000023
2025-10-09,3.0,3.6222202499999856
2025-10-09,5.0,3.7749689999999836
2025-10-09,7.0,3.95841600000002
2025-10-09,10.0,4.1828489999999885
2025-10-09,20.0,4.755225000000007
2025-10-09,30.0,4.775696000000007
2025-10-10,0.08333333333333333,4.233890250000005
2025-10-10,0.25,4.060401000000002
2025-10-10,0.5,3.8462902500000062
2025-10-10,1.0,3.6324000000000023
2025-10-10,2.0,3.5509760000000057
2025-10-10,3.0,3.5509760000000057
2025-10-10,5.0,3.683306250000018
2025-10-10,7.0,3.8666722499999917
2025-10-10,10.0,4.091006250000029
2025-10-10,20.0,4.652899999999982
2025-10-10,30.0,4.6835922499999905
2025-10-14,0.08333333333333333,4.233890250000005
2025-10-14,0.25,4.060401000000002
2025-10-14,0.5,3.8360999999999867
2025-10-14,1.0,3.6120410000000103
2025-10-14,2.0,3.5102760000000233
2025-10-14,3.0,3.5001022499999923
2025-10-14,5.0,3.6324000000000023
2025-10-14,7.0,3.8259102500000086
2025-10-14,10.0,4.070602250000022
2025-10-14,20.0,4.642670250000003
2025-10-14,30.0,4.673360999999976
2025-10-15,0.08333333333333333,4.244099999999973
2025-10-15,0.25,4.070602250000022
2025-10-15,0.5,3.8564809999999783
2025-10-15,1.0,3.6425802499999715
2025-10-15,2.0,3.5306250000000095
2025-10-15,3.0,3.540800249999987
2025-10-15,5.0,3.6629422499999675
2025-10-15,7.0,3.8564809999999783
2025-10-15,10.0,4.091006250000029
2025-10-15,20.0,4.663130250000003
2025-10-15,30.0,4.693824000000024
2025-10-16,0.08333333333333333,4.244099999999973
2025-10-16,0.25,4.060401000000002
2025-10-16,0.5,3.8259102500000086
2025-10-16,1.0,3.571329000000012
2025-10-16,2.0,3.439070250000009
2025-10-16,3.0,3.4492409999999696
2025-10-16,5.0,3.5815062499999772
2025-10-16,7.0,3.7749689999999836
2025-10-16,10.0,4.029800249999993
2025-10-16,20.0,4.61198399999998
2025-10-16,30.0,4.632440999999976
2025-10-17,0.08333333333333333,4.22368099999999
2025-10-17,0.25,4.039999999999999
2025-10-17,0.5,3.8259102500000086
2025-10-17,1.0,3.591684000000006
2025-10-17,2.0,3.489929000000025
2025-10-17,3.0,3.5001022499999923
2025-10-17,5.0,3.6222202499999856
2025-10-17,7.0,3.815720999999983
2025-10-17,10.0,4.060401000000002
2025-10-17,20.0,4.632440999999976
2025-10-17,30.0,4.652899999999982
2025-10-20,0.08333333333333333,4.193056250000016
2025-10-20,0.25,4.009402249999994
2025-10-20,0.5,3.815720999999983
2025-10-20,1.0,3.5815062499999772
2025-10-20,2.0,3.489929000000025
2025-10-20,3.0,3.5001022499999923
2025-10-20,5.0,3.6120410000000103
2025-10-20,7.0,3.805532249999999
2025-10-20,10.0,4.039999999999999
2025-10-20,20.0,4.61198399999998
2025-10-20,30.0,4.632440999999976
2025-10-21,0.08333333333333333,4.162435999999992
2025-10-21,0.25,3.9992040000000006
2025-10-21,0.5,3.815720999999983
2025-10-21,1.0,3.591684000000006
2025-10-21,2.0,3.479756249999988
2025-10-21,3.0,3.489929000000025
2025-10-21,5.0,3.591684000000006
2025-10-21,7.0,3.7749689999999836
2025-10-21,10.0,4.019601000000006
2025-10-21,20.0,4.581302250000019
2025-10-21,30.0,4.601756250000011
2025-10-22,0.08333333333333333,4.152230250000022
2025-10-22,0.25,3.9992040000000006
2025-10-22,0.5,3.815720999999983
2025-10-22,1.0,3.5815062499999772
2025-10-22,2.0,3.479756249999988
2025-10-22,3.0,3.4695840000000144
2025-10-22,5.0,3.591684000000006
2025-10-22,7.0,3.7749689999999836
2025-10-22,10.0,4.009402249999994
2025-10-22,20.0,4.571075999999996
2025-10-22,30.0,4.591528999999994
2025-10-23,0.08333333333333333,4.162435999999992
2025-10-23,0.25,3.9890062499999823
2025-10-23,0.5,3.815720999999983
2025-10-23,1.0,3.6222202499999856
2025-10-23,2.0,3.5102760000000233
2025-10-23,3.0,3.5204502499999846
2025-10-23,5.0,3.6425802499999715
2025-10-23,7.0,3.8259102500000086
2025-10-23,10.0,4.05020024999998
2025-10-23,20.0,4.601756250000011
2025-10-23,30.0,4.632440999999976
2025-10-24,0.08333333333333333,4.152230250000022
2025-10-24,0.25,3.968612249999981
2025-10-24,0.5,3.7953439999999894
2025-10-24,1.0,3.6120410000000103
2025-10-24,2.0,3.5102760000000233
2025-10-24,3.0,3.5204502499999846
2025-10-24,5.0,3.6425802499999715
2025-10-24,7.0,3.8259102500000086
2025-10-24,10.0,4.060401000000002
2025-10-24,20.0,4.61198399999998
2025-10-24,30.0,4.642670250000003
2025-10-27,0.08333333333333333,4.131820250000007
2025-10-27,0.25,3.927830249999986
2025-10-27,0.5,3.7647822500000094
2025-10-27,1.0,3.6222202499999856
2025-10-27,2.0,3.5102760000000233
2025-10-27,3.0,3.5306250000000095
2025-10-27,5.0,3.6425802499999715
2025-10-27,7.0,3.8259102500000086
2025-10-27,10.0,4.05020024999998
2025-10-27,20.0,4.601756250000011
2025-10-27,30.0,4.622212250000013
2025-10-28,0.08333333333333333,4.111412250000024
2025-10-28,0.25,3.927830249999986
2025-10-28,0.5,3.754595999999988
2025-10-28,1.0,3.6222202499999856
2025-10-28,2.0,3.5001022499999923
2025-10-28,3.0,3.5306250000000095
2025-10-28,5.0,3.6324000000000023
2025-10-28,7.0,3.805532249999999
2025-10-28,10.0,4.029800249999993
2025-10-28,20.0,4.581302250000019
2025-10-28,30.0,4.601756250000011
2025-10-29,0.08333333333333333,4.070602250000022
2025-10-29,0.25,3.968612249999981
2025-10-29,0.5,3.8259102500000086
2025-10-29,1.0,3.734225000000002
2025-10-29,2.0,3.6222202499999856
2025-10-29,3.0,3.6324000000000023
2025-10-29,5.0,3.734225000000002
2025-10-29,7.0,3.907442249999993
2025-10-29,10.0,4.121616000000006
2025-10-29,20.0,4.642670250000003
2025-10-29,30.0,4.663130250000003
2025-10-30,0.08333333333333333,4.091006250000029
2025-10-30,0.25,3.95841600000002
2025-10-30,0.5,3.8259102500000086
2025-10-30,1.0,3.734225000000002
2025-10-30,2.0,3.6425802499999715
2025-10-30,3.0,3.6425802499999715
2025-10-30,5.0,3.754595999999988
2025-10-30,7.0,3.9380250000000228
2025-10-30,10.0,4.152230250000022
2025-10-30,20.0,4.693824000000024
2025-10-30,30.0,4.704056249999988
2025-10-31,0.08333333333333333,4.1012089999999946
2025-10-31,0.25,3.927830249999986
2025-10-31,0.5,3.8259102500000086
2025-10-31,1.0,3.734225000000002
2025-10-31,2.0,3.6324000000000023
2025-10-31,3.0,3.6324000000000023
2025-10-31,5.0,3.7444102500000076
2025-10-31,7.0,3.927830249999986
2025-10-31,10.0,4.152230250000022
2025-10-31,20.0,4.704056249999988
2025-10-31,30.0,4.724522249999996
2025-11-03,0.08333333333333333,4.1012089999999946
2025-11-03,0.25,4.019601000000006
2025-11-03,0.5,3.8360999999999867
2025-11-03,1.0,3.734225000000002
2025-11-03,2.0,3.6324000000000023
2025-11-03,3.0,3.6425802499999715
2025-11-03,5.0,3.754595999999988
2025-11-03,7.0,3.9380250000000228
2025-11-03,10.0,4.172642250000003
2025-11-03,20.0,4.724522249999996
2025-11-03,30.0,4.744990249999992
2025-11-04,0.08333333333333333,4.060401000000002
2025-11-04,0.25,3.9992040000000006
2025-11-04,0.5,3.815720999999983
2025-11-04,1.0,3.703672250000012
2025-11-04,2.0,3.6120410000000103
2025-11-04,3.0,3.6222202499999856
2025-11-04,5.0,3.724040250000016
2025-11-04,7.0,3.917636000000013
2025-11-04,10.0,4.1420249999999825
2025-11-04,20.0,4.704056249999988
2025-11-04,30.0,4.724522249999996
2025-11-05,0.08333333333333333,4.039999999999999
2025-11-05,0.25,3.9992040000000006
2025-11-05,0.5,3.8259102500000086
2025-11-05,1.0,3.7444102500000076
2025-11-05,2.0,3.6629422499999675
2025-11-05,3.0,3.683306250000018
2025-11-05,5.0,3.7953439999999894
2025-11-05,7.0,3.9890062499999823
2025-11-05,10.0,4.213472250000017
2025-11-05,20.0,4.775696000000007
2025-11-05,30.0,4.796169000000017
2025-11-06,0.08333333333333333,4.060401000000002
2025-11-06,0.25,3.968612249999981
2025-11-06,0.5,3.7953439999999894
2025-11-06,1.0,3.683306250000018
2025-11-06,2.0,3.6018622499999875
2025-11-06,3.0,3.6120410000000103
2025-11-06,5.0,3.724040250000016
2025-11-06,7.0,3.907442249999993
2025-11-06,10.0,4.152230250000022
2025-11-06,20.0,4.724522249999996
2025-11-06,30.0,4.744990249999992
2025-11-07,0.08333333333333333,4.05020024999998
2025-11-07,0.25,3.95841600000002
2025-11-07,0.5,3.7953439999999894
2025-11-07,1.0,3.6629422499999675
2025-11-07,2.0,3.5815062499999772
2025-11-07,3.0,3.6018622499999875
2025-11-07,5.0,3.703672250000012
2025-11-07,7.0,3.907442249999993
2025-11-07,10.0,4.152230250000022
2025-11-07,20.0,4.734756000000018
2025-11-07,30.0,4.755225000000007
2025-11-10,0.08333333333333333,4.080803999999993
2025-11-10,0.25,3.9890062499999823
2025-11-10,0.5,3.8259102500000086
2025-11-10,1.0,3.6934889999999942
2025-11-10,2.0,3.6120410000000103
2025-11-10,3.0,3.591684000000006
2025-11-10,5.0,3.754595999999988
2025-11-10,7.0,3.9380250000000228
2025-11-10,10.0,4.172642250000003
2025-11-10,20.0,4.744990249999992
2025-11-10,30.0,4.765460249999998
2025-11-12,0.08333333333333333,4.070602250000022
2025-11-12,0.25,3.9890062499999823
2025-11-12,0.5,3.815720999999983
2025-11-12,1.0,3.683306250000018
2025-11-12,2.0,3.591684000000006
2025-11-12,3.0,3.5815062499999772
2025-11-12,5.0,3.7138560000000043
2025-11-12,7.0,3.8972490000000137
2025-11-12,10.0,4.121616000000006
2025-11-12,20.0,4.704056249999988
2025-11-12,30.0,4.724522249999996
2025-11-13,0.08333333333333333,4.091006250000029
2025-11-13,0.25,3.9992040000000006
2025-11-13,0.5,3.8360999999999867
2025-11-13,1.0,3.7138560000000043
2025-11-13,2.0,3.6120410000000103
2025-11-13,3.0,3.6018622499999875
2025-11-13,5.0,3.7444102500000076
2025-11-13,7.0,3.927830249999986
2025-11-13,10.0,4.152230250000022
2025-11-13,20.0,4.744990249999992
2025-11-13,30.0,4.755225000000007
2025-11-14,0.08333333333333333,4.080803999999993
2025-11-14,0.25,3.9890062499999823
2025-11-14,0.5,3.8360999999999867
2025-11-14,1.0,3.734225000000002
2025-11-14,2.0,3.6527610000000044
2025-11-14,3.0,3.6425802499999715
2025-11-14,5.0,3.7749689999999836
2025-11-14,7.0,3.95841600000002
2025-11-14,10.0,4.1828489999999885
2025-11-14,20.0,4.785932249999991
2025-11-14,30.0,4.796169000000017
2025-11-17,0.08333333333333333,4.080803999999993
2025-11-17,0.25,4.009402249999994
2025-11-17,0.5,3.8462902500000062
2025-11-17,1.0,3.724040250000016
2025-11-17,2.0,3.6324000000000023
2025-11-17,3.0,3.6324000000000023
2025-11-17,5.0,3.754595999999988
2025-11-17,7.0,3.9380250000000228
2025-11-17,10.0,4.172642250000003
2025-11-17,20.0,4.765460249999998
2025-11-17,30.0,4.785932249999991
2025-11-18,0.08333333333333333,4.060401000000002
2025-11-18,0.25,3.9788090000000054
2025-11-18,0.5,3.8259102500000086
2025-11-18,1.0,3.703672250000012
2025-11-18,2.0,3.6120410000000103
2025-11-18,3.0,3.6120410000000103
2025-11-18,5.0,3.734225000000002
2025-11-18,7.0,3.927830249999986
2025-11-18,10.0,4.162435999999992
2025-11-18,20.0,4.775696000000007
2025-11-18,30.0,4.796169000000017
2025-11-19,0.08333333333333333,4.05020024999998
2025-11-19,0.25,3.9890062499999823
2025-11-19,0.5,3.8360999999999867
2025-11-19,1.0,3.7138560000000043
2025-11-19,2.0,3.6120410000000103
2025-11-19,3.0,3.6222202499999856
2025-11-19,5.0,3.7444102500000076
2025-11-19,7.0,3.9380250000000228
2025-11-19,10.0,4.172642250000003
2025-11-19,20.0,4.765460249999998
2025-11-19,30.0,4.806406249999995
2025-11-20,0.08333333333333333,4.080803999999993
2025-11-20,0.25,3.9788090000000054
2025-11-20,0.5,3.8259102500000086
2025-11-20,1.0,3.683306250000018
2025-11-20,2.0,3.5815062499999772
2025-11-20,3.0,3.591684000000006
2025-11-20,5.0,3.7138560000000043
2025-11-20,7.0,3.907442249999993
2025-11-20,10.0,4.1420249999999825
2025-11-20,20.0,4.734756000000018
2025-11-20,30.0,4.785932249999991
2025-11-21,0.08333333333333333,4.070602250000022
2025-11-21,0.25,3.9380250000000228
2025-11-21,0.5,3.785156249999999
2025-11-21,1.0,3.6527610000000044
2025-11-21,2.0,3.540800249999987
2025-11-21,3.0,3.5306250000000095
2025-11-21,5.0,3.6527610000000044
2025-11-21,7.0,3.8564809999999783
2025-11-21,10.0,4.1012089999999946
2025-11-21,20.0,4.724522249999996
2025-11-21,30.0,4.765460249999998
2025-11-24,0.08333333333333333,4.070602250000022
2025-11-24,0.25,3.9482202499999897
2025-11-24,0.5,3.7953439999999894
2025-11-24,1.0,3.6425802499999715
2025-11-24,2.0,3.489929000000025
2025-11-24,3.0,3.5204502499999846
2025-11-24,5.0,3.6425802499999715
2025-11-24,7.0,3.8360999999999867
2025-11-24,10.0,4.080803999999993
2025-11-24,20.0,4.693824000000024
2025-11-24,30.0,4.734756000000018
2025-11-25,0.08333333333333333,4.080803999999993
2025-11-25,0.25,3.9380250000000228
2025-11-25,0.5,3.785156249999999
2025-11-25,1.0,3.6324000000000023
2025-11-25,2.0,3.4594122499999935
2025-11-25,3.0,3.489929000000025
2025-11-25,5.0,3.5815062499999772
2025-11-25,7.0,3.805532249999999
2025-11-25,10.0,4.05020024999998
2025-11-25,20.0,4.673360999999976
2025-11-25,30.0,4.724522249999996
2025-11-26,0.08333333333333333,4.1012089999999946
2025-11-26,0.25,3.95841600000002
2025-11-26,0.5,3.7953439999999894
2025-11-26,1.0,3.6425802499999715
2025-11-26,2.0,3.479756249999988
2025-11-26,3.0,3.5001022499999923
2025-11-26,5.0,3.591684000000006
2025-11-26,7.0,3.785156249999999
2025-11-26,10.0,4.039999999999999
2025-11-26,20.0,4.652899999999982
2025-11-26,30.0,4.693824000000024
2025-11-28,0.08333333333333333,4.091006250000029
2025-11-28,0.25,3.917636000000013
2025-11-28,0.5,3.7749689999999836
2025-11-28,1.0,3.6425802499999715
2025-11-28,2.0,3.5001022499999923
2025-11-28,3.0,3.5204502499999846
2025-11-28,5.0,3.6222202499999856
2025-11-28,7.0,3.815720999999983
2025-11-28,10.0,4.060401000000002
2025-11-28,20.0,4.673360999999976
2025-11-28,30.0,4.724522249999996
2025-12-01,0.08333333333333333,4.019601000000006
2025-12-01,0.25,3.8462902500000062
2025-12-01,0.5,3.785156249999999
2025-12-01,1.0,3.6527610000000044
2025-12-01,2.0,3.571329000000012
2025-12-01,3.0,3.5815062499999772
2025-12-01,5.0,3.703672250000012
2025-12-01,7.0,3.8972490000000137
2025-12-01,10.0,4.131820250000007
2025-12-01,20.0,4.765460249999998
2025-12-01,30.0,4.796169000000017
2025-12-02,0.08333333333333333,3.9380250000000228
2025-12-02,0.25,3.805532249999999
2025-12-02,0.5,3.754595999999988
2025-12-02,1.0,3.6222202499999856
2025-12-02,2.0,3.540800249999987
2025-12-02,3.0,3.571329000000012
2025-12-02,5.0,3.6934889999999942
2025-12-02,7.0,3.8870562499999872
2025-12-02,10.0,4.131820250000007
2025-12-02,20.0,4.755225000000007
2025-12-02,30.0,4.796169000000017
2025-12-03,0.08333333333333333,3.8666722499999917
2025-12-03,0.25,3.754595999999988
2025-12-03,0.5,3.7138560000000043
2025-12-03,1.0,3.6018622499999875
2025-12-03,2.0,3.5204502499999846
2025-12-03,3.0,3.5306250000000095
2025-12-03,5.0,3.6527610000000044
2025-12-03,7.0,3.8564809999999783
2025-12-03,10.0,4.1012089999999946
2025-12-03,20.0,4.734756000000018
2025-12-03,30.0,4.785932249999991
2025-12-04,0.08333333333333333,3.8666722499999917
2025-12-04,0.25,3.7444102500000076
2025-12-04,0.5,3.724040250000016
2025-12-04,1.0,3.6324000000000023
2025-12-04,2.0,3.5509760000000057
2025-12-04,3.0,3.5815062499999772
2025-12-04,5.0,3.7138560000000043
2025-12-04,7.0,3.907442249999993
2025-12-04,10.0,4.152230250000022
2025-12-04,20.0,4.775696000000007
2025-12-04,30.0,4.816644000000014
2025-12-05,0.08333333333333333,3.8564809999999783
2025-12-05,0.25,3.7444102500000076
2025-12-05,0.5,3.7138560000000043
2025-12-05,1.0,3.6425802499999715
2025-12-05,2.0,3.591684000000006
2025-12-05,3.0,3.6222202499999856
2025-12-05,5.0,3.754595999999988
2025-12-05,7.0,3.9380250000000228
2025-12-05,10.0,4.1828489999999885
2025-12-05,20.0,4.806406249999995
2025-12-05,30.0,4.847360249999988
2025-12-08,0.08333333333333333,3.8564809999999783
2025-12-08,0.25,3.7647822500000094
2025-12-08,0.5,3.724040250000016
2025-12-08,1.0,3.6425802499999715
2025-12-08,2.0,3.6018622499999875
2025-12-08,3.0,3.6222202499999856
2025-12-08,5.0,3.785156249999999
2025-12-08,7.0,3.9788090000000054
2025-12-08,10.0,4.213472250000017
2025-12-08,20.0,4.837121
2025-12-08,30.0,4.867840249999977
2025-12-09,0.08333333333333333,3.8462902500000062
2025-12-09,0.25,3.7647822500000094
2025-12-09,0.5,3.734225000000002
2025-12-09,1.0,3.6629422499999675
2025-12-09,2.0,3.6425802499999715
2025-12-09,3.0,3.6527610000000044
2025-12-09,5.0,3.815720999999983
2025-12-09,7.0,3.9992040000000006
2025-12-09,10.0,4.22368099999999
2025-12-09,20.0,4.826882249999986
2025-12-09,30.0,4.857599999999995
2025-12-10,0.08333333333333333,3.8259102500000086
2025-12-10,0.25,3.724040250000016
2025-12-10,0.5,3.6934889999999942
2025-12-10,1.0,3.6120410000000103
2025-12-10,2.0,3.571329000000012
2025-12-10,3.0,3.591684000000006
2025-12-10,5.0,3.754595999999988
2025-12-10,7.0,3.95841600000002
2025-12-10,10.0,4.172642250000003
2025-12-10,20.0,4.796169000000017
2025-12-10,30.0,4.837121
2025-12-11,0.08333333333333333,3.805532249999999
2025-12-11,0.25,3.6934889999999942
2025-12-11,0.5,3.6527610000000044
2025-12-11,1.0,3.591684000000006
2025-12-11,2.0,3.5509760000000057
2025-12-11,3.0,3.5815062499999772
2025-12-11,5.0,3.754595999999988
2025-12-11,7.0,3.9482202499999897
2025-12-11,10.0,4.1828489999999885
2025-12-11,20.0,4.806406249999995
2025-12-11,30.0,4.847360249999988
2025-12-12,0.08333333333333333,3.7953439999999894
2025-12-12,0.25,3.6629422499999675
2025-12-12,0.5,3.6120410000000103
2025-12-12,1.0,3.571329000000012
2025-12-12,2.0,3.5509760000000057
2025-12-12,3.0,3.6120410000000103
2025-12-12,5.0,3.785156249999999
2025-12-12,7.0,3.9890062499999823
2025-12-12,10.0,4.233890250000005
2025-12-12,20.0,4.878081000000001
2025-12-12,30.0,4.908806250000031
2025-12-15,0.08333333333333333,3.805532249999999
2025-12-15,0.25,3.683306250000018
2025-12-15,0.5,3.6324000000000023
2025-12-15,1.0,3.5509760000000057
2025-12-15,2.0,3.540800249999987
2025-12-15,3.0,3.591684000000006
2025-12-15,5.0,3.7647822500000094
2025-12-15,7.0,3.9788090000000054
2025-12-15,10.0,4.22368099999999
2025-12-15,20.0,4.857599999999995
2025-12-15,30.0,4.898563999999994
2025-12-16,0.08333333333333333,3.7953439999999894
2025-12-16,0.25,3.6731239999999943
2025-12-16,0.5,3.6324000000000023
2025-12-16,1.0,3.540800249999987
2025-12-16,2.0,3.5102760000000233
2025-12-16,3.0,3.5509760000000057
2025-12-16,5.0,3.724040250000016
2025-12-16,7.0,3.9380250000000228
2025-12-16,10.0,4.193056250000016
2025-12-16,20.0,4.826882249999986
2025-12-16,30.0,4.878081000000001
2025-12-17,0.08333333333333333,3.7647822500000094
2025-12-17,0.25,3.6731239999999943
2025-12-17,0.5,3.6222202499999856
2025-12-17,1.0,3.540800249999987
2025-12-17,2.0,3.5204502499999846
2025-12-17,3.0,3.5611522499999992
2025-12-17,5.0,3.734225000000002
2025-12-17,7.0,3.9482202499999897
2025-12-17,10.0,4.2032639999999954
2025-12-17,20.0,4.837121
2025-12-17,30.0,4.888322249999977
2025-12-18,0.08333333333333333,3.7444102500000076
2025-12-18,0.25,3.6527610000000044
2025-12-18,0.5,3.6120410000000103
2025-12-18,1.0,3.5204502499999846
2025-12-18,2.0,3.489929000000025
2025-12-18,3.0,3.5306250000000095
2025-12-18,5.0,3.6934889999999942
2025-12-18,7.0,3.907442249999993
2025-12-18,10.0,4.162435999999992
2025-12-18,20.0,4.796169000000017
2025-12-18,30.0,4.857599999999995
2025-12-19,0.08333333333333333,3.7444102500000076
2025-12-19,0.25,3.6527610000000044
2025-12-19,0.5,3.6324000000000023
2025-12-19,1.0,3.540800249999987
2025-12-19,2.0,3.5102760000000233
2025-12-19,3.0,3.5611522499999992
2025-12-19,5.0,3.734225000000002
2025-12-19,7.0,3.9482202499999897
2025-12-19,10.0,4.2032639999999954
2025-12-19,20.0,4.826882249999986
2025-12-19,30.0,4.878081000000001
2025-12-22,0.08333333333333333,3.754595999999988
2025-12-22,0.25,3.6731239999999943
2025-12-22,0.5,3.6324000000000023
2025-12-22,1.0,3.5611522499999992
2025-12-22,2.0,3.4695840000000144
2025-12-22,3.0,3.591684000000006
2025-12-22,5.0,3.7444102500000076
2025-12-22,7.0,3.968612249999981
2025-12-22,10.0,4.213472250000017
2025-12-22,20.0,4.837121
2025-12-22,30.0,4.898563999999994
2025-12-23,0.08333333333333333,3.7444102500000076
2025-12-23,0.25,3.683306250000018
2025-12-23,0.5,3.6222202499999856
2025-12-23,1.0,3.5509760000000057
2025-12-23,2.0,3.5102760000000233
2025-12-23,3.0,3.6120410000000103
2025-12-23,5.0,3.754595999999988
2025-12-23,7.0,3.9788090000000054
2025-12-23,10.0,4.22368099999999
2025-12-23,20.0,4.837121
2025-12-23,30.0,4.888322249999977
2025-12-24,0.08333333333333333,3.754595999999988
2025-12-24,0.25,3.724040250000016
2025-12-24,0.5,3.6222202499999856
2025-12-24,1.0,3.5306250000000095
2025-12-24,2.0,3.5001022499999923
2025-12-24,3.0,3.591684000000006
2025-12-24,5.0,3.734225000000002
2025-12-24,7.0,3.9482202499999897
2025-12-24,10.0,4.193056250000016
2025-12-24,20.0,4.806406249999995
2025-12-24,30.0,4.847360249999988
2025-12-26,0.08333333333333333,3.734225000000002
2025-12-26,0.25,3.6731239999999943
2025-12-26,0.5,3.6120410000000103
2025-12-26,1.0,3.5204502499999846
2025-12-26,2.0,3.489929000000025
2025-12-26,3.0,3.571329000000012
2025-12-26,5.0,3.7138560000000043
2025-12-26,7.0,3.927830249999986
2025-12-26,10.0,4.1828489999999885
2025-12-26,20.0,4.816644000000014
2025-12-26,30.0,4.867840249999977
2025-12-29,0.08333333333333333,3.724040250000016
2025-12-29,0.25,3.7138560000000043
2025-12-29,0.5,3.6222202499999856
2025-12-29,1.0,3.5102760000000233
2025-12-29,2.0,3.479756249999988
2025-12-29,3.0,3.540800249999987
2025-12-29,5.0,3.703672250000012
2025-12-29,7.0,3.917636000000013
2025-12-29,10.0,4.162435999999992
2025-12-29,20.0,4.806406249999995
2025-12-29,30.0,4.857599999999995
2025-12-30,0.08333333333333333,3.683306250000018
2025-12-30,0.25,3.683306250000018
2025-12-30,0.5,3.6222202499999856
2025-12-30,1.0,3.5001022499999923
2025-12-30,2.0,3.479756249999988
2025-12-30,3.0,3.5306250000000095
2025-12-30,5.0,3.7138560000000043
2025-12-30,7.0,3.927830249999986
2025-12-30,10.0,4.1828489999999885
2025-12-30,20.0,4.816644000000014
2025-12-30,30.0,4.867840249999977
2025-12-31,0.08333333333333333,3.7749689999999836
2025-12-31,0.25,3.703672250000012
2025-12-31,0.5,3.6222202499999856
2025-12-31,1.0,3.5102760000000233
2025-12-31,2.0,3.5001022499999923
2025-12-31,3.0,3.5815062499999772
2025-12-31,5.0,3.7647822500000094
2025-12-31,7.0,3.9788090000000054
2025-12-31,10.0,4.22368099999999
2025-12-31,20.0,4.847360249999988
2025-12-31,30.0,4.898563999999994
2026-01-02,0.08333333333333333,3.754595999999988
2026-01-02,0.25,3.683306250000018
2026-01-02,0.5,3.6120410000000103
2026-01-02,1.0,3.5001022499999923
2026-01-02,2.0,3.5001022499999923
2026-01-02,3.0,3.5815062499999772
2026-01-02,5.0,3.7749689999999836
2026-01-02,7.0,3.9890062499999823
2026-01-02,10.0,4.233890250000005
2026-01-02,20.0,4.867840249999977
2026-01-02,30.0,4.919048999999998
2026-01-05,0.08333333333333333,3.7444102500000076
2026-01-05,0.25,3.6731239999999943
2026-01-05,0.5,3.6018622499999875
2026-01-05,1.0,3.5001022499999923
2026-01-05,2.0,3.489929000000025
2026-01-05,3.0,3.5611522499999992
2026-01-05,5.0,3.7444102500000076
2026-01-05,7.0,3.95841600000002
2026-01-05,10.0,4.213472250000017
2026-01-05,20.0,4.847360249999988
2026-01-05,30.0,4.908806250000031
2026-01-06,0.08333333333333333,3.734225000000002
2026-01-06,0.25,3.6629422499999675
2026-01-06,0.5,3.591684000000006
2026-01-06,1.0,3.5102760000000233
2026-01-06,2.0,3.5001022499999923
2026-01-06,3.0,3.571329000000012
2026-01-06,5.0,3.754595999999988
2026-01-06,7.0,3.968612249999981
2026-01-06,10.0,4.22368099999999
2026-01-06,20.0,4.857599999999995
2026-01-06,30.0,4.919048999999998
2026-01-07,0.08333333333333333,3.734225000000002
2026-01-07,0.25,3.6527610000000044
2026-01-07,0.5,3.591684000000006
2026-01-07,1.0,3.5102760000000233
2026-01-07,2.0,3.5001022499999923
2026-01-07,3.0,3.5611522499999992
2026-01-07,5.0,3.734225000000002
2026-01-07,7.0,3.9482202499999897
2026-01-07,10.0,4.193056250000016
2026-01-07,20.0,4.816644000000014
2026-01-07,30.0,4.878081000000001
2026-01-08,0.08333333333333333,3.734225000000002
2026-01-08,0.25,3.6527610000000044
2026-01-08,0.5,3.591684000000006
2026-01-08,1.0,3.5102760000000233
2026-01-08,2.0,3.5204502499999846
2026-01-08,3.0,3.591684000000006
2026-01-08,5.0,3.7749689999999836
2026-01-08,7.0,3.9890062499999823
2026-01-08,10.0,4.233890250000005
2026-01-08,20.0,4.847360249999988
2026-01-08,30.0,4.908806250000031
2026-01-09,0.08333333333333333,3.734225000000002
2026-01-09,0.25,3.6527610000000044
2026-01-09,0.5,3.6018622499999875
2026-01-09,1.0,3.5509760000000057
2026-01-09,2.0,3.571329000000012
2026-01-09,3.0,3.6222202499999856
2026-01-09,5.0,3.785156249999999
2026-01-09,7.0,3.9890062499999823
2026-01-09,10.0,4.22368099999999
2026-01-09,20.0,4.816644000000014
2026-01-09,30.0,4.878081000000001
2026-01-12,0.08333333333333333,3.7444102500000076
2026-01-12,0.25,3.703672250000012
2026-01-12,0.5,3.6120410000000103
2026-01-12,1.0,3.5611522499999992
2026-01-12,2.0,3.571329000000012
2026-01-12,3.0,3.6222202499999856
2026-01-12,5.0,3.805532249999999
2026-01-12,7.0,4.009402249999994
2026-01-12,10.0,4.233890250000005
2026-01-12,20.0,4.837121
2026-01-12,30.0,4.888322249999977
2026-01-13,0.08333333333333333,3.754595999999988
2026-01-13,0.25,3.703672250000012
2026-01-13,0.5,3.6222202499999856
2026-01-13,1.0,3.540800249999987
2026-01-13,2.0,3.5611522499999992
2026-01-13,3.0,3.6018622499999875
2026-01-13,5.0,3.785156249999999
2026-01-13,7.0,3.9890062499999823
2026-01-13,10.0,4.22368099999999
2026-01-13,20.0,4.826882249999986
2026-01-13,30.0,4.888322249999977
2026-01-14,0.08333333333333333,3.754595999999988
2026-01-14,0.25,3.703672250000012
2026-01-14,0.5,3.6120410000000103
2026-01-14,1.0,3.5306250000000095
2026-01-14,2.0,3.540800249999987
2026-01-14,3.0,3.591684000000006
2026-01-14,5.0,3.754595999999988
2026-01-14,7.0,3.95841600000002
2026-01-14,10.0,4.193056250000016
2026-01-14,20.0,4.785932249999991
2026-01-14,30.0,4.847360249999988
2026-01-15,0.08333333333333333,3.785156249999999
2026-01-15,0.25,3.7138560000000043
2026-01-15,0.5,3.6324000000000023
2026-01-15,1.0,3.571329000000012
2026-01-15,2.0,3.591684000000006
2026-01-15,3.0,3.6527610000000044
2026-01-15,5.0,3.805532249999999
2026-01-15,7.0,3.9992040000000006
2026-01-15,10.0,4.213472250000017
2026-01-15,20.0,4.796169000000017
2026-01-15,30.0,4.847360249999988
2026-01-16,0.08333333333333333,3.785156249999999
2026-01-16,0.25,3.703672250000012
2026-01-16,0.5,3.6324000000000023
2026-01-16,1.0,3.5815062499999772
2026-01-16,2.0,3.6222202499999856
2026-01-16,3.0,3.703672250000012
2026-01-16,5.0,3.8564809999999783
2026-01-16,7.0,4.060401000000002
2026-01-16,10.0,4.284944000000013
2026-01-16,20.0,4.847360249999988
2026-01-16,30.0,4.888322249999977
2026-01-20,0.08333333333333333,3.785156249999999
2026-01-20,0.25,3.734225000000002
2026-01-20,0.5,3.6425802499999715
2026-01-20,1.0,3.5611522499999992
2026-01-20,2.0,3.6324000000000023
2026-01-20,3.0,3.7138560000000043
2026-01-20,5.0,3.8972490000000137
2026-01-20,7.0,4.121616000000006
2026-01-20,10.0,4.346225000000015
2026-01-20,20.0,4.929292250000028
2026-01-20,30.0,4.970270250000008
2026-01-21,0.08333333333333333,3.785156249999999
2026-01-21,0.25,3.734225000000002
2026-01-21,0.5,3.6527610000000044
2026-01-21,1.0,3.5611522499999992
2026-01-21,2.0,3.6324000000000023
2026-01-21,3.0,3.6934889999999942
2026-01-21,5.0,3.8666722499999917
2026-01-21,7.0,4.080803999999993
2026-01-21,10.0,4.3053690000000255
2026-01-21,20.0,4.878081000000001
2026-01-21,30.0,4.929292250000028
2026-01-22,0.08333333333333333,3.8259102500000086
2026-01-22,0.25,3.7444102500000076
2026-01-22,0.5,3.6425802499999715
2026-01-22,1.0,3.5611522499999992
2026-01-22,2.0,3.6425802499999715
2026-01-22,3.0,3.7138560000000043
2026-01-22,5.0,3.8870562499999872
2026-01-22,7.0,4.091006250000029
2026-01-22,10.0,4.3053690000000255
2026-01-22,20.0,4.847360249999988
2026-01-22,30.0,4.898563999999994
2026-01-23,0.08333333333333333,3.815720999999983
2026-01-23,0.25,3.734225000000002
2026-01-23,0.5,3.6425802499999715
2026-01-23,1.0,3.5611522499999992
2026-01-23,2.0,3.6324000000000023
2026-01-23,3.0,3.703672250000012
2026-01-23,5.0,3.8768640000000243
2026-01-23,7.0,4.070602250000022
2026-01-23,10.0,4.284944000000013
2026-01-23,20.0,4.837121
2026-01-23,30.0,4.878081000000001
2026-01-26,0.08333333333333333,3.805532249999999
2026-01-26,0.25,3.703672250000012
2026-01-26,0.5,3.6527610000000044
2026-01-26,1.0,3.5509760000000057
2026-01-26,2.0,3.591684000000006
2026-01-26,3.0,3.6934889999999942
2026-01-26,5.0,3.8564809999999783
2026-01-26,7.0,4.060401000000002
2026-01-26,10.0,4.264520999999988
2026-01-26,20.0,4.806406249999995
2026-01-26,30.0,4.857599999999995
2026-01-27,0.08333333333333333,3.805532249999999
2026-01-27,0.25,3.703672250000012
2026-01-27,0.5,3.6425802499999715
2026-01-27,1.0,3.5306250000000095
2026-01-27,2.0,3.5611522499999992
2026-01-27,3.0,3.683306250000018
2026-01-27,5.0,3.8462902500000062
2026-01-27,7.0,4.070602250000022
2026-01-27,10.0,4.284944000000013
2026-01-27,20.0,4.847360249999988
2026-01-27,30.0,4.888322249999977
2026-01-28,0.08333333333333333,3.7953439999999894
2026-01-28,0.25,3.7138560000000043
2026-01-28,0.5,3.6629422499999675
2026-01-28,1.0,3.5509760000000057
2026-01-28,2.0,3.591684000000006
2026-01-28,3.0,3.6934889999999942
2026-01-28,5.0,3.8666722499999917
2026-01-28,7.0,4.091006250000029
2026-01-28,10.0,4.3053690000000255
2026-01-28,20.0,4.867840249999977
2026-01-28,30.0,4.908806250000031
2026-01-29,0.08333333333333333,3.754595999999988
2026-01-29,0.25,3.703672250000012
2026-01-29,0.5,3.6527610000000044
2026-01-29,1.0,3.5306250000000095
2026-01-29,2.0,3.5611522499999992
2026-01-29,3.0,3.6629422499999675
2026-01-29,5.0,3.8360999999999867
2026-01-29,7.0,4.05020024999998
2026-01-29,10.0,4.284944000000013
2026-01-29,20.0,4.857599999999995
2026-01-29,30.0,4.908806250000031
2026-01-30,0.08333333333333333,3.754595999999988
2026-01-30,0.25,3.703672250000012
2026-01-30,0.5,3.6425802499999715
2026-01-30,1.0,3.5102760000000233
2026-01-30,2.0,3.5509760000000057
2026-01-30,3.0,3.6324000000000023
2026-01-30,5.0,3.8259102500000086
2026-01-30,7.0,4.05020024999998
2026-01-30,10.0,4.3053690000000255
2026-01-30,20.0,4.878081000000001
2026-01-30,30.0,4.929292250000028
2026-02-02,0.08333333333333333,3.754595999999988
2026-02-02,0.25,3.724040250000016
2026-02-02,0.5,3.6527610000000044
2026-02-02,1.0,3.5204502499999846
2026-02-02,2.0,3.6018622499999875
2026-02-02,3.0,3.6731239999999943
2026-02-02,5.0,3.8666722499999917
2026-02-02,7.0,4.091006250000029
2026-02-02,10.0,4.336010249999989
2026-02-02,20.0,4.908806250000031
2026-02-02,30.0,4.96002499999999
2026-02-03,0.08333333333333333,3.754595999999988
2026-02-03,0.25,3.724040250000016
2026-02-03,0.5,3.6527610000000044
2026-02-03,1.0,3.5204502499999846
2026-02-03,2.0,3.6018622499999875
2026-02-03,3.0,3.6731239999999943
2026-02-03,5.0,3.8666722499999917
2026-02-03,7.0,4.080803999999993
2026-02-03,10.0,4.325796000000026
2026-02-03,20.0,4.908806250000031
2026-02-03,30.0,4.96002499999999
2026-02-04,0.08333333333333333,3.754595999999988
2026-02-04,0.25,3.724040250000016
2026-02-04,0.5,3.6527610000000044
2026-02-04,1.0,3.5204502499999846
2026-02-04,2.0,3.6018622499999875
2026-02-04,3.0,3.6731239999999943
2026-02-04,5.0,3.8666722499999917
2026-02-04,7.0,4.091006250000029
2026-02-04,10.0,4.336010249999989
2026-02-04,20.0,4.919048999999998
2026-02-04,30.0,4.970270250000008
2026-02-05,0.08333333333333333,3.754595999999988
2026-02-05,0.25,3.703672250000012
2026-02-05,0.5,3.6120410000000103
2026-02-05,1.0,3.4695840000000144
2026-02-05,2.0,3.5001022499999923
2026-02-05,3.0,3.5815062499999772
2026-02-05,5.0,3.7749689999999836
2026-02-05,7.0,4.009402249999994
2026-02-05,10.0,4.254310250000004
2026-02-05,20.0,4.847360249999988
2026-02-05,30.0,4.908806250000031
2026-02-06,0.08333333333333333,3.754595999999988
2026-02-06,0.25,3.7138560000000043
2026-02-06,0.5,3.6222202499999856
2026-02-06,1.0,3.479756249999988
2026-02-06,2.0,3.5306250000000095
2026-02-06,3.0,3.6018622499999875
2026-02-06,5.0,3.7953439999999894
2026-02-06,7.0,4.019601000000006
2026-02-06,10.0,4.264520999999988
2026-02-06,20.0,4.857599999999995
2026-02-06,30.0,4.908806250000031
2026-02-09,0.08333333333333333,3.754595999999988
2026-02-09,0.25,3.724040250000016
2026-02-09,0.5,3.6222202499999856
2026-02-09,1.0,3.4594122499999935
2026-02-09,2.0,3.5102760000000233
2026-02-09,3.0,3.591684000000006
2026-02-09,5.0,3.785156249999999
2026-02-09,7.0,4.009402249999994
2026-02-09,10.0,4.264520999999988
2026-02-09,20.0,4.847360249999988
2026-02-09,30.0,4.908806250000031
2026-02-10,0.08333333333333333,3.754595999999988
2026-02-10,0.25,3.724040250000016
2026-02-10,0.5,3.6120410000000103
2026-02-10,1.0,3.428899999999979
2026-02-10,2.0,3.479756249999988
2026-02-10,3.0,3.5306250000000095
2026-02-10,5.0,3.734225000000002
2026-02-10,7.0,3.95841600000002
2026-02-10,10.0,4.2032639999999954
2026-02-10,20.0,4.785932249999991
2026-02-10,30.0,4.837121
2026-02-11,0.08333333333333333,3.7444102500000076
2026-02-11,0.25,3.734225000000002
2026-02-11,0.5,3.6324000000000023
2026-02-11,1.0,3.5001022499999923
2026-02-11,2.0,3.5509760000000057
2026-02-11,3.0,3.5815062499999772
2026-02-11,5.0,3.785156249999999
2026-02-11,7.0,3.9992040000000006
2026-02-11,10.0,4.22368099999999
2026-02-11,20.0,4.816644000000014
2026-02-11,30.0,4.878081000000001
2026-02-12,0.08333333333333333,3.754595999999988
2026-02-12,0.25,3.734225000000002
2026-02-12,0.5,3.6120410000000103
2026-02-12,1.0,3.479756249999988
2026-02-12,2.0,3.5001022499999923
2026-02-12,3.0,3.5204502499999846
2026-02-12,5.0,3.703672250000012
2026-02-12,7.0,3.907442249999993
2026-02-12,10.0,4.131820250000007
2026-02-12,20.0,4.734756000000018
2026-02-12,30.0,4.775696000000007
2026-02-13,0.08333333333333333,3.754595999999988
2026-02-13,0.25,3.7138560000000043
2026-02-13,0.5,3.6222202499999856
2026-02-13,1.0,3.4492409999999696
2026-02-13,2.0,3.428899999999979
2026-02-13,3.0,3.4594122499999935
2026-02-13,5.0,3.6425802499999715
2026-02-13,7.0,3.8462902500000062
2026-02-13,10.0,4.080803999999993
2026-02-13,20.0,4.693824000000024
2026-02-13,30.0,4.744990249999992
2026-02-17,0.08333333333333333,3.754595999999988
2026-02-17,0.25,3.724040250000016
2026-02-17,0.5,3.6222202499999856
2026-02-17,1.0,3.5102760000000233
2026-02-17,2.0,3.4594122499999935
2026-02-17,3.0,3.5001022499999923
2026-02-17,5.0,3.6629422499999675
2026-02-17,7.0,3.8564809999999783
2026-02-17,10.0,4.091006250000029
2026-02-17,20.0,4.6835922499999905
2026-02-17,30.0,4.734756000000018
2026-02-18,0.08333333333333333,3.7444102500000076
2026-02-18,0.25,3.734225000000002
2026-02-18,0.5,3.6324000000000023
2026-02-18,1.0,3.5204502499999846
2026-02-18,2.0,3.5001022499999923
2026-02-18,3.0,3.5306250000000095
2026-02-18,5.0,3.6934889999999942
2026-02-18,7.0,3.8972490000000137
2026-02-18,10.0,4.131820250000007
2026-02-18,20.0,4.704056249999988
2026-02-18,30.0,4.765460249999998
2026-02-19,0.08333333333333333,3.754595999999988
2026-02-19,0.25,3.724040250000016
2026-02-19,0.5,3.6324000000000023
2026-02-19,1.0,3.5306250000000095
2026-02-19,2.0,3.5001022499999923
2026-02-19,3.0,3.5306250000000095
2026-02-19,5.0,3.683306250000018
2026-02-19,7.0,3.8870562499999872
2026-02-19,10.0,4.121616000000006
2026-02-19,20.0,4.693824000000024
2026-02-19,30.0,4.755225000000007
2026-02-20,0.08333333333333333,3.754595999999988
2026-02-20,0.25,3.724040250000016
2026-02-20,0.5,3.6425802499999715
2026-02-20,1.0,3.540800249999987
2026-02-20,2.0,3.5102760000000233
2026-02-20,3.0,3.5306250000000095
2026-02-20,5.0,3.683306250000018
2026-02-20,7.0,3.8870562499999872
2026-02-20,10.0,4.121616000000006
2026-02-20,20.0,4.714289000000016
2026-02-20,30.0,4.775696000000007
2026-02-23,0.08333333333333333,3.754595999999988
2026-02-23,0.25,3.724040250000016
2026-02-23,0.5,3.6527610000000044
2026-02-23,1.0,3.5306250000000095
2026-02-23,2.0,3.4594122499999935
2026-02-23,3.0,3.479756249999988
2026-02-23,5.0,3.6222202499999856
2026-02-23,7.0,3.8259102500000086
2026-02-23,10.0,4.070602250000022
2026-02-23,20.0,4.6835922499999905
2026-02-23,30.0,4.755225000000007
2026-02-24,0.08333333333333333,3.754595999999988
2026-02-24,0.25,3.724040250000016
2026-02-24,0.5,3.6527610000000044
2026-02-24,1.0,3.5509760000000057
2026-02-24,2.0,3.4594122499999935
2026-02-24,3.0,3.5001022499999923
2026-02-24,5.0,3.6425802499999715
2026-02-24,7.0,3.8462902500000062
2026-02-24,10.0,4.080803999999993
2026-02-24,20.0,4.6835922499999905
2026-02-24,30.0,4.755225000000007
2026-02-25,0.08333333333333333,3.7444102500000076
2026-02-25,0.25,3.724040250000016
2026-02-25,0.5,3.6527610000000044
2026-02-25,1.0,3.5611522499999992
2026-02-25,2.0,3.479756249999988
2026-02-25,3.0,3.5204502499999846
2026-02-25,5.0,3.6425802499999715
2026-02-25,7.0,3.8564809999999783
2026-02-25,10.0,4.091006250000029
2026-02-25,20.0,4.6835922499999905
2026-02-25,30.0,4.755225000000007
2026-02-26,0.08333333333333333,3.7749689999999836
2026-02-26,0.25,3.7138560000000043
2026-02-26,0.5,3.6425802499999715
2026-02-26,1.0,3.5509760000000057
2026-02-26,2.0,3.4492409999999696
2026-02-26,3.0,3.489929000000025
2026-02-26,5.0,3.6018622499999875
2026-02-26,7.0,3.815720999999983
2026-02-26,10.0,4.060401000000002
2026-02-26,20.0,4.652899999999982
2026-02-26,30.0,4.724522249999996
2026-02-27,0.08333333333333333,3.7749689999999836
2026-02-27,0.25,3.703672250000012
2026-02-27,0.5,3.6324000000000023
2026-02-27,1.0,3.5102760000000233
2026-02-27,2.0,3.4085609999999766
2026-02-27,3.0,3.4187302500000127
2026-02-27,5.0,3.540800249999987
2026-02-27,7.0,3.754595999999988
2026-02-27,10.0,4.009402249999994
2026-02-27,20.0,4.622212250000013
2026-02-27,30.0,4.693824000000024
2026-03-02,0.08333333333333333,3.7749689999999836
2026-03-02,0.25,3.754595999999988
2026-03-02,0.5,3.7138560000000043
2026-03-02,1.0,3.571329000000012
2026-03-02,2.0,3.5001022499999923
2026-03-02,3.0,3.5204502499999846
2026-03-02,5.0,3.6527610000000044
2026-03-02,7.0,3.8564809999999783
2026-03-02,10.0,4.091006250000029
2026-03-02,20.0,4.693824000000024
2026-03-02,30.0,4.755225000000007
2026-03-03,0.08333333333333333,3.785156249999999
2026-03-03,0.25,3.7444102500000076
2026-03-03,0.5,3.7138560000000043
2026-03-03,1.0,3.5815062499999772
2026-03-03,2.0,3.540800249999987
2026-03-03,3.0,3.5306250000000095
2026-03-03,5.0,3.6629422499999675
2026-03-03,7.0,3.8666722499999917
2026-03-03,10.0,4.1012089999999946
2026-03-03,20.0,4.704056249999988
2026-03-03,30.0,4.755225000000007
2026-03-04,0.08333333333333333,3.785156249999999
2026-03-04,0.25,3.7444102500000076
2026-03-04,0.5,3.7138560000000043
2026-03-04,1.0,3.6120410000000103
2026-03-04,2.0,3.571329000000012
2026-03-04,3.0,3.5815062499999772
2026-03-04,5.0,3.703672250000012
2026-03-04,7.0,3.907442249999993
2026-03-04,10.0,4.131820250000007
2026-03-04,20.0,4.724522249999996
2026-03-04,30.0,4.775696000000007
2026-03-05,0.08333333333333333,3.785156249999999
2026-03-05,0.25,3.734225000000002
2026-03-05,0.5,3.7138560000000043
2026-03-05,1.0,3.6222202499999856
2026-03-05,2.0,3.6018622499999875
2026-03-05,3.0,3.6222202499999856
2026-03-05,5.0,3.754595999999988
2026-03-05,7.0,3.95841600000002
2026-03-05,10.0,4.172642250000003
2026-03-05,20.0,4.765460249999998
2026-03-05,30.0,4.796169000000017
2026-03-06,0.08333333333333333,3.785156249999999
2026-03-06,0.25,3.724040250000016
2026-03-06,0.5,3.6934889999999942
2026-03-06,1.0,3.5815062499999772
2026-03-06,2.0,3.591684000000006
2026-03-06,3.0,3.6222202499999856
2026-03-06,5.0,3.754595999999988
2026-03-06,7.0,3.968612249999981
2026-03-06,10.0,4.193056250000016
2026-03-06,20.0,4.796169000000017
2026-03-06,30.0,4.826882249999986
2026-03-09,0.08333333333333333,3.785156249999999
2026-03-09,0.25,3.7444102500000076
2026-03-09,0.5,3.7138560000000043
2026-03-09,1.0,3.591684000000006
2026-03-09,2.0,3.591684000000006
2026-03-09,3.0,3.6120410000000103
2026-03-09,5.0,3.7444102500000076
2026-03-09,7.0,3.9380250000000228
2026-03-09,10.0,4.162435999999992
2026-03-09,20.0,4.755225000000007
2026-03-09,30.0,4.775696000000007
2026-03-10,0.08333333333333333,3.785156249999999
2026-03-10,0.25,3.7444102500000076
2026-03-10,0.5,3.7138560000000043
2026-03-10,1.0,3.591684000000006
2026-03-10,2.0,3.6018622499999875
2026-03-10,3.0,3.6120410000000103
2026-03-10,5.0,3.7647822500000094
2026-03-10,7.0,3.968612249999981
2026-03-10,10.0,4.193056250000016
2026-03-10,20.0,4.796169000000017
2026-03-10,30.0,4.837121
2026-03-11,0.08333333333333333,3.785156249999999
2026-03-11,0.25,3.7444102500000076
2026-03-11,0.5,3.7138560000000043
2026-03-11,1.0,3.6324000000000023
2026-03-11,2.0,3.6731239999999943
2026-03-11,3.0,3.6731239999999943
2026-03-11,5.0,3.8259102500000086
2026-03-11,7.0,4.019601000000006
2026-03-11,10.0,4.254310250000004
2026-03-11,20.0,4.878081000000001
2026-03-11,30.0,4.919048999999998
2026-03-12,0.08333333333333333,3.7953439999999894
2026-03-12,0.25,3.754595999999988
2026-03-12,0.5,3.734225000000002
2026-03-12,1.0,3.6934889999999942
2026-03-12,2.0,3.7953439999999894
2026-03-12,3.0,3.785156249999999
2026-03-12,5.0,3.917636000000013
2026-03-12,7.0,4.1012089999999946
2026-03-12,10.0,4.315582249999994
2026-03-12,20.0,4.919048999999998
2026-03-12,30.0,4.939535999999989
2026-03-13,0.08333333333333333,3.785156249999999
2026-03-13,0.25,3.754595999999988
2026-03-13,0.5,3.734225000000002
2026-03-13,1.0,3.6934889999999942
2026-03-13,2.0,3.7647822500000094
2026-03-13,3.0,3.7749689999999836
2026-03-13,5.0,3.907442249999993
2026-03-13,7.0,4.111412250000024
2026-03-13,10.0,4.325796000000026
2026-03-13,20.0,4.949780250000013
2026-03-13,30.0,4.96002499999999
2026-03-16,0.08333333333333333,3.785156249999999
2026-03-16,0.25,3.754595999999988
2026-03-16,0.5,3.754595999999988
2026-03-16,1.0,3.6731239999999943
2026-03-16,2.0,3.7138560000000043
2026-03-16,3.0,3.724040250000016
2026-03-16,5.0,3.8360999999999867
2026-03-16,7.0,4.039999999999999
2026-03-16,10.0,4.274732249999991
2026-03-16,20.0,4.888322249999977
2026-03-16,30.0,4.919048999999998
2026-03-17,0.08333333333333333,3.7749689999999836
2026-03-17,0.25,3.754595999999988
2026-03-17,0.5,3.7444102500000076
2026-03-17,1.0,3.6629422499999675
2026-03-17,2.0,3.7138560000000043
2026-03-17,3.0,3.7138560000000043
2026-03-17,5.0,3.8259102500000086
2026-03-17,7.0,4.019601000000006
2026-03-17,10.0,4.244099999999973
2026-03-17,20.0,4.867840249999977
2026-03-17,30.0,4.908806250000031
2026-03-18,0.08333333333333333,3.7647822500000094
2026-03-18,0.25,3.7647822500000094
2026-03-18,0.5,3.7749689999999836
2026-03-18,1.0,3.7138560000000043
2026-03-18,2.0,3.7953439999999894
2026-03-18,3.0,3.7953439999999894
2026-03-18,5.0,3.907442249999993
2026-03-18,7.0,4.091006250000029
2026-03-18,10.0,4.3053690000000255
2026-03-18,20.0,4.898563999999994
2026-03-18,30.0,4.939535999999989
2026-03-19,0.08333333333333333,3.7647822500000094
2026-03-19,0.25,3.7647822500000094
2026-03-19,0.5,3.7953439999999894
2026-03-19,1.0,3.7647822500000094
2026-03-19,2.0,3.8259102500000086
2026-03-19,3.0,3.8259102500000086
2026-03-19,5.0,3.917636000000013
2026-03-19,7.0,4.1012089999999946
2026-03-19,10.0,4.295156249999987
2026-03-19,20.0,4.878081000000001
2026-03-19,30.0,4.888322249999977
2026-03-20,0.08333333333333333,3.7647822500000094
2026-03-20,0.25,3.7749689999999836
2026-03-20,0.5,3.8259102500000086
2026-03-20,1.0,3.8360999999999867
2026-03-20,2.0,3.917636000000013
2026-03-20,3.0,3.9380250000000228
2026-03-20,5.0,4.05020024999998
2026-03-20,7.0,4.244099999999973
2026-03-20,10.0,4.438180249999979
2026-03-20,20.0,5.03175225000001
2026-03-20,30.0,5.021503999999988
2026-03-23,0.08333333333333333,3.7647822500000094
2026-03-23,0.25,3.7749689999999836
2026-03-23,0.5,3.805532249999999
2026-03-23,1.0,3.7953439999999894
2026-03-23,2.0,3.8666722499999917
2026-03-23,3.0,3.8870562499999872
2026-03-23,5.0,3.9890062499999823
2026-03-23,7.0,4.193056250000016
2026-03-23,10.0,4.387089000000022
2026-03-23,20.0,4.990762250000014
2026-03-23,30.0,4.970270250000008
2026-03-24,0.08333333333333333,3.7749689999999836
2026-03-24,0.25,3.7749689999999836
2026-03-24,0.5,3.815720999999983
2026-03-24,1.0,3.8462902500000062
2026-03-24,2.0,3.9380250000000228
2026-03-24,3.0,3.968612249999981
2026-03-24,5.0,4.070602250000022
2026-03-24,7.0,4.254310250000004
2026-03-24,10.0,4.438180249999979
2026-03-24,20.0,5.011256250000007
2026-03-24,30.0,5.0010089999999785
2026-03-25,0.08333333333333333,3.7647822500000094
2026-03-25,0.25,3.7647822500000094
2026-03-25,0.5,3.7953439999999894
2026-03-25,1.0,3.805532249999999
2026-03-25,2.0,3.8768640000000243
2026-03-25,3.0,3.917636000000013
2026-03-25,5.0,3.9992040000000006
2026-03-25,7.0,4.193056250000016
2026-03-25,10.0,4.376872249999986
2026-03-25,20.0,4.96002499999999
2026-03-25,30.0,4.949780250000013
2026-03-26,0.08333333333333333,3.7749689999999836
2026-03-26,0.25,3.7647822500000094
2026-03-26,0.5,3.805532249999999
2026-03-26,1.0,3.8666722499999917
2026-03-26,2.0,3.9992040000000006
2026-03-26,3.0,4.039999999999999
2026-03-26,5.0,4.121616000000006
2026-03-26,7.0,4.295156249999987
2026-03-26,10.0,4.468841000000001
2026-03-26,20.0,5.021503999999988
2026-03-26,30.0,4.990762250000014
2026-03-27,0.08333333333333333,3.7749689999999836
2026-03-27,0.25,3.7647822500000094
2026-03-27,0.5,3.785156249999999
2026-03-27,1.0,3.805532249999999
2026-03-27,2.0,3.917636000000013
2026-03-27,3.0,3.9788090000000054
2026-03-27,5.0,4.1012089999999946
2026-03-27,7.0,4.295156249999987
2026-03-27,10.0,4.489283999999993
2026-03-27,20.0,5.052250250000001
2026-03-27,30.0,5.042000999999985
2026-03-30,0.08333333333333333,3.7749689999999836
2026-03-30,0.25,3.7444102500000076
2026-03-30,0.5,3.7647822500000094
2026-03-30,1.0,3.7444102500000076
2026-03-30,2.0,3.8564809999999783
2026-03-30,3.0,3.8870562499999872
2026-03-30,5.0,4.009402249999994
2026-03-30,7.0,4.2032639999999954
2026-03-30,10.0,4.397306249999988
2026-03-30,20.0,4.9805160000000015
2026-03-30,30.0,4.970270250000008
2026-03-31,0.08333333333333333,3.7749689999999836
2026-03-31,0.25,3.734225000000002
2026-03-31,0.5,3.754595999999988
2026-03-31,1.0,3.7138560000000043
2026-03-31,2.0,3.8259102500000086
2026-03-31,3.0,3.8462902500000062
2026-03-31,5.0,3.95841600000002
2026-03-31,7.0,4.152230250000022
2026-03-31,10.0,4.346225000000015
2026-03-31,20.0,4.939535999999989
2026-03-31,30.0,4.939535999999989
2026-04-01,0.08333333333333333,3.7749689999999836
2026-04-01,0.25,3.734225000000002
2026-04-01,0.5,3.754595999999988
2026-04-01,1.0,3.7138560000000043
2026-04-01,2.0,3.8462902500000062
2026-04-01,3.0,3.8768640000000243
2026-04-01,5.0,4.009402249999994
2026-04-01,7.0,4.193056250000016
2026-04-01,10.0,4.376872249999986
2026-04-01,20.0,4.970270250000008
2026-04-01,30.0,4.970270250000008
2026-04-02,0.08333333333333333,3.754595999999988
2026-04-02,0.25,3.734225000000002
2026-04-02,0.5,3.754595999999988
2026-04-02,1.0,3.7138560000000043
2026-04-02,2.0,3.8259102500000086
2026-04-02,3.0,3.8564809999999783
2026-04-02,5.0,3.9788090000000054
2026-04-02,7.0,4.162435999999992
2026-04-02,10.0,4.356440249999993
2026-04-02,20.0,4.939535999999989
2026-04-02,30.0,4.939535999999989
2026-04-03,0.08333333333333333,3.7444102500000076
2026-04-03,0.25,3.7444102500000076
2026-04-03,0.5,3.7647822500000094
2026-04-03,1.0,3.754595999999988
2026-04-03,2.0,3.8768640000000243
2026-04-03,3.0,3.917636000000013
2026-04-03,5.0,4.029800249999993
2026-04-03,7.0,4.213472250000017
2026-04-03,10.0,4.397306249999988
2026-04-03,20.0,4.970270250000008
2026-04-03,30.0,4.970270250000008
2026-04-06,0.08333333333333333,3.754595999999988
2026-04-06,0.25,3.754595999999988
2026-04-06,0.5,3.7749689999999836
2026-04-06,1.0,3.754595999999988
2026-04-06,2.0,3.8768640000000243
2026-04-06,3.0,3.917636000000013
2026-04-06,5.0,4.019601000000006
2026-04-06,7.0,4.2032639999999954
2026-04-06,10.0,4.387089000000022
2026-04-06,20.0,4.949780250000013
2026-04-06,30.0,4.949780250000013
2026-04-07,0.08333333333333333,3.7138560000000043
2026-04-07,0.25,3.7444102500000076
2026-04-07,0.5,3.7647822500000094
2026-04-07,1.0,3.7138560000000043
2026-04-07,2.0,3.8462902500000062
2026-04-07,3.0,3.8564809999999783
2026-04-07,5.0,3.9890062499999823
2026-04-07,7.0,4.172642250000003
2026-04-07,10.0,4.376872249999986
2026-04-07,20.0,4.96002499999999
2026-04-07,30.0,4.96002499999999
2026-04-08,0.08333333333333333,3.703672250000012
2026-04-08,0.25,3.724040250000016
2026-04-08,0.5,3.7647822500000094
2026-04-08,1.0,3.724040250000016
2026-04-08,2.0,3.8259102500000086
2026-04-08,3.0,3.815720999999983
2026-04-08,5.0,3.95841600000002
2026-04-08,7.0,4.1420249999999825
2026-04-08,10.0,4.336010249999989
2026-04-08,20.0,4.929292250000028
2026-04-08,30.0,4.949780250000013
2026-04-09,0.08333333333333333,3.6934889999999942
2026-04-09,0.25,3.7138560000000043
2026-04-09,0.5,3.7444102500000076
2026-04-09,1.0,3.7138560000000043
2026-04-09,2.0,3.815720999999983
2026-04-09,3.0,3.805532249999999
2026-04-09,5.0,3.9482202499999897
2026-04-09,7.0,4.1420249999999825
2026-04-09,10.0,4.336010249999989
2026-04-09,20.0,4.939535999999989
2026-04-09,30.0,4.96002499999999
2026-04-10,0.08333333333333333,3.703672250000012
2026-04-10,0.25,3.724040250000016
2026-04-10,0.5,3.754595999999988
2026-04-10,1.0,3.734225000000002
2026-04-10,2.0,3.8462902500000062
2026-04-10,3.0,3.8360999999999867
2026-04-10,5.0,3.9788090000000054
2026-04-10,7.0,4.162435999999992
2026-04-10,10.0,4.356440249999993
2026-04-10,20.0,4.949780250000013
2026-04-10,30.0,4.970270250000008
2026-04-13,0.08333333333333333,3.724040250000016
2026-04-13,0.25,3.7444102500000076
2026-04-13,0.5,3.7749689999999836
2026-04-13,1.0,3.734225000000002
2026-04-13,2.0,3.815720999999983
2026-04-13,3.0,3.8259102500000086
2026-04-13,5.0,3.95841600000002
2026-04-13,7.0,4.1420249999999825
2026-04-13,10.0,4.346225000000015
2026-04-13,20.0,4.939535999999989
2026-04-13,30.0,4.96002499999999
2026-04-14,0.08333333333333333,3.7444102500000076
2026-04-14,0.25,3.7444102500000076
2026-04-14,0.5,3.7647822500000094
2026-04-14,1.0,3.7444102500000076
2026-04-14,2.0,3.7953439999999894
2026-04-14,3.0,3.7953439999999894
2026-04-14,5.0,3.907442249999993
2026-04-14,7.0,4.1012089999999946
2026-04-14,10.0,4.3053690000000255
2026-04-14,20.0,4.898563999999994
2026-04-14,30.0,4.929292250000028
2026-04-15,0.08333333333333333,3.754595999999988
2026-04-15,0.25,3.7444102500000076
2026-04-15,0.5,3.754595999999988
2026-04-15,1.0,3.734225000000002
2026-04-15,2.0,3.7953439999999894
2026-04-15,3.0,3.8259102500000086
2026-04-15,5.0,3.9380250000000228
2026-04-15,7.0,4.121616000000006
2026-04-15,10.0,4.336010249999989
2026-04-15,20.0,4.929292250000028
2026-04-15,30.0,4.949780250000013
2026-04-16,0.08333333333333333,3.724040250000016
2026-04-16,0.25,3.734225000000002
2026-04-16,0.5,3.7444102500000076
2026-04-16,1.0,3.724040250000016
2026-04-16,2.0,3.815720999999983
2026-04-16,3.0,3.8360999999999867
2026-04-16,5.0,3.9482202499999897
2026-04-16,7.0,4.1420249999999825
2026-04-16,10.0,4.366656000000013
2026-04-16,20.0,4.96002499999999
2026-04-16,30.0,4.990762250000014
2026-04-17,0.08333333333333333,3.724040250000016
2026-04-17,0.25,3.734225000000002
2026-04-17,0.5,3.724040250000016
2026-04-17,1.0,3.6731239999999943
2026-04-17,2.0,3.7444102500000076
2026-04-17,3.0,3.754595999999988
2026-04-17,5.0,3.8768640000000243
2026-04-17,7.0,4.080803999999993
2026-04-17,10.0,4.3053690000000255
2026-04-17,20.0,4.908806250000031
2026-04-17,30.0,4.939535999999989
2026-04-20,0.08333333333333333,3.724040250000016
2026-04-20,0.25,3.7444102500000076
2026-04-20,0.5,3.754595999999988
2026-04-20,1.0,3.683306250000018
2026-04-20,2.0,3.754595999999988
2026-04-20,3.0,3.7647822500000094
2026-04-20,5.0,3.8972490000000137
2026-04-20,7.0,4.080803999999993
2026-04-20,10.0,4.3053690000000255
2026-04-20,20.0,4.908806250000031
2026-04-20,30.0,4.939535999999989
2026-04-21,0.08333333333333333,3.703672250000012
2026-04-21,0.25,3.724040250000016
2026-04-21,0.5,3.7647822500000094
2026-04-21,1.0,3.724040250000016
2026-04-21,2.0,3.815720999999983
2026-04-21,3.0,3.8360999999999867
2026-04-21,5.0,3.9482202499999897
2026-04-21,7.0,4.131820250000007
2026-04-21,10.0,4.346225000000015
2026-04-21,20.0,4.929292250000028
2026-04-21,30.0,4.949780250000013
2026-04-22,0.08333333333333333,3.7138560000000043
2026-04-22,0.25,3.724040250000016
2026-04-22,0.5,3.754595999999988
2026-04-22,1.0,3.724040250000016
2026-04-22,2.0,3.8259102500000086
2026-04-22,3.0,3.8462902500000062
2026-04-22,5.0,3.9482202499999897
2026-04-22,7.0,4.1420249999999825
2026-04-22,10.0,4.346225000000015
2026-04-22,20.0,4.929292250000028
2026-04-22,30.0,4.96002499999999
2026-04-23,0.08333333333333333,3.724040250000016
2026-04-23,0.25,3.724040250000016
2026-04-23,0.5,3.754595999999988
2026-04-23,1.0,3.734225000000002
2026-04-23,2.0,3.8666722499999917
2026-04-23,3.0,3.8768640000000243
2026-04-23,5.0,3.9992040000000006
2026-04-23,7.0,4.172642250000003
2026-04-23,10.0,4.387089000000022
2026-04-23,20.0,4.96002499999999
2026-04-23,30.0,4.9805160000000015
2026-04-24,0.08333333333333333,3.724040250000016
2026-04-24,0.25,3.724040250000016
2026-04-24,0.5,3.7444102500000076
2026-04-24,1.0,3.703672250000012
2026-04-24,2.0,3.815720999999983
2026-04-24,3.0,3.8360999999999867
2026-04-24,5.0,3.95841600000002
2026-04-24,7.0,4.1420249999999825
2026-04-24,10.0,4.356440249999993
2026-04-24,20.0,4.939535999999989
2026-04-24,30.0,4.970270250000008
2026-04-27,0.08333333333333333,3.734225000000002
2026-04-27,0.25,3.7138560000000043
2026-04-27,0.5,3.754595999999988
2026-04-27,1.0,3.724040250000016
2026-04-27,2.0,3.815720999999983
2026-04-27,3.0,3.8666722499999917
2026-04-27,5.0,3.9788090000000054
2026-04-27,7.0,4.1828489999999885
2026-04-27,10.0,4.397306249999988
2026-04-27,20.0,4.9805160000000015
2026-04-27,30.0,5.0010089999999785
2026-04-28,0.08333333333333333,3.7138560000000043
2026-04-28,0.25,3.7138560000000043
2026-04-28,0.5,3.754595999999988
2026-04-28,1.0,3.7444102500000076
2026-04-28,2.0,3.8768640000000243
2026-04-28,3.0,3.8972490000000137
2026-04-28,5.0,4.009402249999994
2026-04-28,7.0,4.2032639999999954
2026-04-28,10.0,4.407524000000018
2026-04-28,20.0,4.9805160000000015
2026-04-28,30.0,5.0010089999999785
2026-04-29,0.08333333333333333,3.7138560000000043
2026-04-29,0.25,3.7138560000000043
2026-04-29,0.5,3.7647822500000094
2026-04-29,1.0,3.785156249999999
2026-04-29,2.0,3.95841600000002
2026-04-29,3.0,3.9788090000000054
2026-04-29,5.0,4.091006250000029
2026-04-29,7.0,4.274732249999991
2026-04-29,10.0,4.468841000000001
2026-04-29,20.0,5.03175225000001
2026-04-29,30.0,5.042000999999985
2026-04-30,0.08333333333333333,3.754595999999988
2026-04-30,0.25,3.7138560000000043
2026-04-30,0.5,3.7444102500000076
2026-04-30,1.0,3.754595999999988
2026-04-30,2.0,3.917636000000013
2026-04-30,3.0,3.9482202499999897
2026-04-30,5.0,4.060401000000002
2026-04-30,7.0,4.244099999999973
2026-04-30,10.0,4.448399999999997
2026-04-30,20.0,5.03175225000001
2026-04-30,30.0,5.042000999999985
2026-05-01,0.08333333333333333,3.7444102500000076
2026-05-01,0.25,3.7138560000000043
2026-05-01,0.5,3.7444102500000076
2026-05-01,1.0,3.7647822500000094
2026-05-01,2.0,3.917636000000013
2026-05-01,3.0,3.9482202499999897
2026-05-01,5.0,4.060401000000002
2026-05-01,7.0,4.244099999999973
2026-05-01,10.0,4.438180249999979
2026-05-01,20.0,5.021503999999988
2026-05-01,30.0,5.03175225000001
2026-05-04,0.08333333333333333,3.7444102500000076
2026-05-04,0.25,3.734225000000002
2026-05-04,0.5,3.7953439999999894
2026-05-04,1.0,3.815720999999983
2026-05-04,2.0,3.9890062499999823
2026-05-04,3.0,4.019601000000006
2026-05-04,5.0,4.121616000000006
2026-05-04,7.0,4.3053690000000255
2026-05-04,10.0,4.499506250000018
2026-05-04,20.0,5.072750250000002
2026-05-04,30.0,5.083000999999987
2026-05-05,0.08333333333333333,3.734225000000002
2026-05-05,0.25,3.724040250000016
2026-05-05,0.5,3.785156249999999
2026-05-05,1.0,3.805532249999999
2026-05-05,2.0,3.968612249999981
2026-05-05,3.0,4.009402249999994
2026-05-05,5.0,4.121616000000006
2026-05-05,7.0,4.295156249999987
2026-05-05,10.0,4.479062249999988
2026-05-05,20.0,5.042000999999985
2026-05-05,30.0,5.042000999999985
2026-05-06,0.08333333333333333,3.734225000000002
2026-05-06,0.25,3.724040250000016
2026-05-06,0.5,3.7749689999999836
2026-05-06,1.0,3.7647822500000094
2026-05-06,2.0,3.907442249999993
2026-05-06,3.0,3.927830249999986
2026-05-06,5.0,4.029800249999993
2026-05-06,7.0,4.213472250000017
2026-05-06,10.0,4.407524000000018
2026-05-06,20.0,4.9805160000000015
2026-05-06,30.0,5.0010089999999785
2026-05-07,0.08333333333333333,3.754595999999988
2026-05-07,0.25,3.724040250000016
2026-05-07,0.5,3.7749689999999836
2026-05-07,1.0,3.7953439999999894
2026-05-07,2.0,3.95841600000002
2026-05-07,3.0,3.9788090000000054
2026-05-07,5.0,4.080803999999993
2026-05-07,7.0,4.264520999999988
2026-05-07,10.0,4.458620249999989
2026-05-07,20.0,5.021503999999988
2026-05-07,30.0,5.03175225000001
2026-05-08,0.08333333333333333,3.7444102500000076
2026-05-08,0.25,3.724040250000016
2026-05-08,0.5,3.7749689999999836
2026-05-08,1.0,3.785156249999999
2026-05-08,2.0,3.9380250000000228
2026-05-08,3.0,3.95841600000002
2026-05-08,5.0,4.060401000000002
2026-05-08,7.0,4.233890250000005
2026-05-08,10.0,4.4279610000000025
2026-05-08,20.0,4.990762250000014
2026-05-08,30.0,5.011256250000007
2026-05-11,0.08333333333333333,3.7444102500000076
2026-05-11,0.25,3.734225000000002
2026-05-11,0.5,3.805532249999999
2026-05-11,1.0,3.8259102500000086
2026-05-11,2.0,3.9890062499999823
2026-05-11,3.0,3.9992040000000006
2026-05-11,5.0,4.111412250000024
2026-05-11,7.0,4.284944000000013
2026-05-11,10.0,4.468841000000001
2026-05-11,20.0,5.03175225000001
2026-05-11,30.0,5.042000999999985
2026-05-12,0.08333333333333333,3.7444102500000076
2026-05-12,0.25,3.734225000000002
2026-05-12,0.5,3.805532249999999
2026-05-12,1.0,3.8360999999999867
2026-05-12,2.0,4.039999999999999
2026-05-12,3.0,4.05020024999998
2026-05-12,5.0,4.162435999999992
2026-05-12,7.0,4.336010249999989
2026-05-12,10.0,4.509728999999996
2026-05-12,20.0,5.083000999999987
2026-05-12,30.0,5.093252249999991
2026-05-13,0.08333333333333333,3.7444102500000076
2026-05-13,0.25,3.724040250000016
2026-05-13,0.5,3.805532249999999
2026-05-13,1.0,3.8259102500000086
2026-05-13,2.0,4.019601000000006
2026-05-13,3.0,4.039999999999999
2026-05-13,5.0,4.162435999999992
2026-05-13,7.0,4.325796000000026
2026-05-13,10.0,4.509728999999996
2026-05-13,20.0,5.093252249999991
2026-05-13,30.0,5.093252249999991
2026-05-14,0.08333333333333333,3.754595999999988
2026-05-14,0.25,3.724040250000016
2026-05-14,0.5,3.7953439999999894
2026-05-14,1.0,3.8259102500000086
2026-05-14,2.0,4.039999999999999
2026-05-14,3.0,4.080803999999993
2026-05-14,5.0,4.172642250000003
2026-05-14,7.0,4.336010249999989
2026-05-14,10.0,4.519952250000014
2026-05-14,20.0,5.072750250000002
2026-05-14,30.0,5.083000999999987
2026-05-15,0.08333333333333333,3.7444102500000076
2026-05-15,0.25,3.724040250000016
2026-05-15,0.5,3.805532249999999
2026-05-15,1.0,3.8564809999999783
2026-05-15,2.0,4.131820250000007
2026-05-15,3.0,4.1828489999999885
2026-05-15,5.0,4.3053690000000255
2026-05-15,7.0,4.479062249999988
2026-05-15,10.0,4.642670250000003
2026-05-15,20.0,5.206049000000013
2026-05-15,30.0,5.185536000000024
2026-05-18,0.08333333333333333,3.724040250000016
2026-05-18,0.25,3.7138560000000043
2026-05-18,0.5,3.805532249999999
2026-05-18,1.0,3.8462902500000062
2026-05-18,2.0,4.111412250000024
2026-05-18,3.0,4.1828489999999885
2026-05-18,5.0,4.315582249999994
2026-05-18,7.0,4.479062249999988
2026-05-18,10.0,4.663130250000003
2026-05-18,20.0,5.206049000000013
2026-05-18,30.0,5.206049000000013
2026-05-19,0.08333333333333333,3.6934889999999942
2026-05-19,0.25,3.703672250000012
2026-05-19,0.5,3.805532249999999
2026-05-19,1.0,3.8666722499999917
2026-05-19,2.0,4.172642250000003
2026-05-19,3.0,4.244099999999973
2026-05-19,5.0,4.366656000000013
2026-05-19,7.0,4.550624999999986
2026-05-19,10.0,4.724522249999996
2026-05-19,20.0,5.2573402499999755
2026-05-19,30.0,5.247080999999998
2026-05-20,0.08333333333333333,3.683306250000018
2026-05-20,0.25,3.683306250000018
2026-05-20,0.5,3.785156249999999
2026-05-20,1.0,3.8259102500000086
2026-05-20,2.0,4.080803999999993
2026-05-20,3.0,4.152230250000022
2026-05-20,5.0,4.264520999999988
2026-05-20,7.0,4.438180249999979
2026-05-20,10.0,4.622212250000013
2026-05-20,20.0,5.165025000000023
2026-05-20,30.0,5.175280250000003
2026-05-21,0.08333333333333333,3.754595999999988
2026-05-21,0.25,3.7138560000000043
2026-05-21,0.5,3.815720999999983
2026-05-21,1.0,3.8666722499999917
2026-05-21,2.0,4.121616000000006
2026-05-21,3.0,4.172642250000003
2026-05-21,5.0,4.295156249999987
2026-05-21,7.0,4.458620249999989
2026-05-21,10.0,4.622212250000013
2026-05-21,20.0,5.154770249999996
2026-05-21,30.0,5.165025000000023
2026-05-22,0.08333333333333333,3.754595999999988
2026-05-22,0.25,3.7138560000000043
2026-05-22,0.5,3.8259102500000086
2026-05-22,1.0,3.8972490000000137
2026-05-22,2.0,4.172642250000003
2026-05-22,3.0,4.22368099999999
2026-05-22,5.0,4.315582249999994
2026-05-22,7.0,4.458620249999989
2026-05-22,10.0,4.61198399999998
2026-05-22,20.0,5.124009000000029
2026-05-22,30.0,5.134262249999999
2026-05-26,0.08333333333333333,3.754595999999988
2026-05-26,0.25,3.7138560000000043
2026-05-26,0.5,3.8360999999999867
2026-05-26,1.0,3.8564809999999783
2026-05-26,2.0,4.05020024999998
2026-05-26,3.0,4.1420249999999825
2026-05-26,5.0,4.233890250000005
2026-05-26,7.0,4.376872249999986
2026-05-26,10.0,4.550624999999986
2026-05-26,20.0,5.093252249999991
2026-05-26,30.0,5.093252249999991
2026-05-27,0.08333333333333333,3.754595999999988
2026-05-27,0.25,3.7138560000000043
2026-05-27,0.5,3.8259102500000086
2026-05-27,1.0,3.8360999999999867
2026-05-27,2.0,4.039999999999999
2026-05-27,3.0,4.131820250000007
2026-05-27,5.0,4.213472250000017
2026-05-27,7.0,4.366656000000013
2026-05-27,10.0,4.530175999999986
2026-05-27,20.0,5.072750250000002
2026-05-27,30.0,5.072750250000002
2026-05-28,0.08333333333333333,3.754595999999988
2026-05-28,0.25,3.724040250000016
2026-05-28,0.5,3.8259102500000086
2026-05-28,1.0,3.8360999999999867
2026-05-28,2.0,4.029800249999993
2026-05-28,3.0,4.111412250000024
2026-05-28,5.0,4.193056250000016
2026-05-28,7.0,4.336010249999989
2026-05-28,10.0,4.499506250000018
2026-05-28,20.0,5.042000999999985
2026-05-28,30.0,5.042000999999985
2026-05-29,0.08333333333333333,3.754595999999988
2026-05-29,0.25,3.724040250000016
2026-05-29,0.5,3.815720999999983
2026-05-29,1.0,3.8259102500000086
2026-05-29,2.0,4.019601000000006
2026-05-29,3.0,4.1012089999999946
2026-05-29,5.0,4.172642250000003
2026-05-29,7.0,4.315582249999994
2026-05-29,10.0,4.499506250000018
2026-05-29,20.0,5.042000999999985
2026-05-29,30.0,5.052250250000001
2026-06-01,0.08333333333333333,3.754595999999988
2026-06-01,0.25,3.815720999999983
2026-06-01,0.5,3.8259102500000086
2026-06-01,1.0,3.8666722499999917
2026-06-01,2.0,4.091006250000029
2026-06-01,3.0,4.131820250000007
2026-06-01,5.0,4.22368099999999
2026-06-01,7.0,4.366656000000013
2026-06-01,10.0,4.519952250000014
2026-06-01,20.0,5.052250250000001
2026-06-01,30.0,5.052250250000001
2026-06-02,0.08333333333333333,3.754595999999988
2026-06-02,0.25,3.805532249999999
2026-06-02,0.5,3.815720999999983
2026-06-02,1.0,3.8564809999999783
2026-06-02,2.0,4.091006250000029
2026-06-02,3.0,4.131820250000007
2026-06-02,5.0,4.213472250000017
2026-06-02,7.0,4.356440249999993
2026-06-02,10.0,4.509728999999996
2026-06-02,20.0,5.03175225000001
2026-06-02,30.0,5.03175225000001
2026-06-03,0.08333333333333333,3.7444102500000076
2026-06-03,0.25,3.815720999999983
2026-06-03,0.5,3.815720999999983
2026-06-03,1.0,3.8768640000000243
2026-06-03,2.0,4.121616000000006
2026-06-03,3.0,4.1828489999999885
2026-06-03,5.0,4.254310250000004
2026-06-03,7.0,4.387089000000022
2026-06-03,10.0,4.540400250000021
2026-06-03,20.0,5.062499999999992
2026-06-03,30.0,5.052250250000001
2026-06-04,0.08333333333333333,3.7444102500000076
2026-06-04,0.25,3.815720999999983
2026-06-04,0.5,3.815720999999983
2026-06-04,1.0,3.8564809999999783
2026-06-04,2.0,4.091006250000029
2026-06-04,3.0,4.1420249999999825
2026-06-04,5.0,4.22368099999999
2026-06-04,7.0,4.366656000000013
2026-06-04,10.0,4.519952250000014
2026-06-04,20.0,5.042000999999985
2026-06-04,30.0,5.03175225000001
2026-06-05,0.08333333333333333,3.7444102500000076
2026-06-05,0.25,3.815720999999983
2026-06-05,0.5,3.8462902500000062
2026-06-05,1.0,3.917636000000013
2026-06-05,2.0,4.213472250000017
2026-06-05,3.0,4.264520999999988
2026-06-05,5.0,4.336010249999989
2026-06-05,7.0,4.458620249999989
2026-06-05,10.0,4.601756250000011
2026-06-05,20.0,5.093252249999991
2026-06-05,30.0,5.072750250000002
2026-06-08,0.08333333333333333,3.734225000000002
2026-06-08,0.25,3.8360999999999867
2026-06-08,0.5,3.8666722499999917
2026-06-08,1.0,3.8870562499999872
2026-06-08,2.0,4.193056250000016
2026-06-08,3.0,4.254310250000004
2026-06-08,5.0,4.336010249999989
2026-06-08,7.0,4.468841000000001
2026-06-08,10.0,4.61198399999998
2026-06-08,20.0,5.11375624999999
2026-06-08,30.0,5.093252249999991
2026-06-09,0.08333333333333333,3.724040250000016
2026-06-09,0.25,3.8259102500000086
2026-06-09,0.5,3.8564809999999783
2026-06-09,1.0,3.9380250000000228
2026-06-09,2.0,4.172642250000003
2026-06-09,3.0,4.2032639999999954
2026-06-09,5.0,4.3053690000000255
2026-06-09,7.0,4.438180249999979
2026-06-09,10.0,4.581302250000019
2026-06-09,20.0,5.083000999999987
2026-06-09,30.0,5.072750250000002
2026-06-10,0.08333333333333333,3.724040250000016
2026-06-10,0.25,3.8259102500000086
2026-06-10,0.5,3.8564809999999783
2026-06-10,1.0,3.9380250000000228
2026-06-10,2.0,4.172642250000003
2026-06-10,3.0,4.213472250000017
2026-06-10,5.0,4.315582249999994
2026-06-10,7.0,4.448399999999997
2026-06-10,10.0,4.601756250000011
2026-06-10,20.0,5.10350399999997
2026-06-10,30.0,5.093252249999991
2026-06-11,0.08333333333333333,3.724040250000016
2026-06-11,0.25,3.815720999999983
2026-06-11,0.5,3.8462902500000062
2026-06-11,1.0,3.8870562499999872
2026-06-11,2.0,4.091006250000029
2026-06-11,3.0,4.131820250000007
2026-06-11,5.0,4.22368099999999
2026-06-11,7.0,4.356440249999993
2026-06-11,10.0,4.499506250000018
2026-06-11,20.0,5.021503999999988
2026-06-11,30.0,5.011256250000007
2026-06-12,0.08333333333333333,3.724040250000016
2026-06-12,0.25,3.815720999999983
2026-06-12,0.5,3.8564809999999783
2026-06-12,1.0,3.8972490000000137
2026-06-12,2.0,4.131820250000007
2026-06-12,3.0,4.162435999999992
2026-06-12,5.0,4.254310250000004
2026-06-12,7.0,4.387089000000022
2026-06-12,10.0,4.530175999999986
2026-06-12,20.0,5.042000999999985
2026-06-12,30.0,5.03175225000001
2026-06-15,0.08333333333333333,3.724040250000016
2026-06-15,0.25,3.8259102500000086
2026-06-15,0.5,3.8462902500000062
2026-06-15,1.0,3.8768640000000243
2026-06-15,2.0,4.111412250000024
2026-06-15,3.0,4.1420249999999825
2026-06-15,5.0,4.22368099999999
2026-06-15,7.0,4.366656000000013
2026-06-15,10.0,4.519952250000014
2026-06-15,20.0,5.03175225000001
2026-06-15,30.0,5.03175225000001
2026-06-16,0.08333333333333333,3.703672250000012
2026-06-16,0.25,3.8259102500000086
2026-06-16,0.5,3.8462902500000062
2026-06-16,1.0,3.8768640000000243
2026-06-16,2.0,4.091006250000029
2026-06-16,3.0,4.121616000000006
2026-06-16,5.0,4.2032639999999954
2026-06-16,7.0,4.325796000000026
2026-06-16,10.0,4.479062249999988
2026-06-16,20.0,4.9805160000000015
2026-06-16,30.0,4.990762250000014
2026-06-17,0.08333333333333333,3.7138560000000043
2026-06-17,0.25,3.8666722499999917
2026-06-17,0.5,3.9482202499999897
2026-06-17,1.0,4.019601000000006
2026-06-17,2.0,4.244099999999973
2026-06-17,3.0,4.274732249999991
2026-06-17,5.0,4.315582249999994
2026-06-17,7.0,4.4177422499999786
2026-06-17,10.0,4.540400250000021
2026-06-17,20.0,5.011256250000007
2026-06-17,30.0,4.990762250000014
2026-06-18,0.08333333333333333,3.724040250000016
2026-06-18,0.25,3.8666722499999917
2026-06-18,0.5,3.95841600000002
2026-06-18,1.0,4.039999999999999
2026-06-18,2.0,4.233890250000005
2026-06-18,3.0,4.233890250000005
2026-06-18,5.0,4.274732249999991
2026-06-18,7.0,4.387089000000022
2026-06-18,10.0,4.509728999999996
2026-06-18,20.0,4.970270250000008
2026-06-18,30.0,4.96002499999999
2026-06-22,0.08333333333333333,3.6934889999999942
2026-06-22,0.25,3.8870562499999872
2026-06-22,0.5,4.019601000000006
2026-06-22,1.0,4.080803999999993
2026-06-22,2.0,4.284944000000013
2026-06-22,3.0,4.295156249999987
2026-06-22,5.0,4.336010249999989
2026-06-22,7.0,4.438180249999979
2026-06-22,10.0,4.560850250000015
2026-06-22,20.0,5.03175225000001
2026-06-22,30.0,5.011256250000007
2026-06-23,0.08333333333333333,3.683306250000018
2026-06-23,0.25,3.8870562499999872
2026-06-23,0.5,3.9992040000000006
2026-06-23,1.0,4.05020024999998
2026-06-23,2.0,4.2032639999999954
2026-06-23,3.0,4.264520999999988
2026-06-23,5.0,4.315582249999994
2026-06-23,7.0,4.4279610000000025
2026-06-23,10.0,4.550624999999986
2026-06-23,20.0,5.021503999999988
2026-06-23,30.0,5.0010089999999785
2026-06-24,0.08333333333333333,3.6934889999999942
2026-06-24,0.25,3.8870562499999872
2026-06-24,0.5,3.9890062499999823
2026-06-24,1.0,4.029800249999993
2026-06-24,2.0,4.152230250000022
2026-06-24,3.0,4.193056250000016
2026-06-24,5.0,4.213472250000017
2026-06-24,7.0,4.325796000000026
2026-06-24,10.0,4.458620249999989
2026-06-24,20.0,4.929292250000028
2026-06-24,30.0,4.919048999999998
2026-06-25,0.08333333333333333,3.734225000000002
2026-06-25,0.25,3.8768640000000243
2026-06-25,0.5,3.9890062499999823
2026-06-25,1.0,3.9992040000000006
2026-06-25,2.0,4.131820250000007
2026-06-25,3.0,4.172642250000003
2026-06-25,5.0,4.193056250000016
2026-06-25,7.0,4.3053690000000255
2026-06-25,10.0,4.448399999999997
2026-06-25,20.0,4.929292250000028
2026-06-25,30.0,4.919048999999998
2026-06-26,0.08333333333333333,3.734225000000002
2026-06-26,0.25,3.8666722499999917
2026-06-26,0.5,3.9788090000000054
2026-06-26,1.0,3.9788090000000054
2026-06-26,2.0,4.111412250000024
2026-06-26,3.0,4.131820250000007
2026-06-26,5.0,4.162435999999992
2026-06-26,7.0,4.274732249999991
2026-06-26,10.0,4.4279610000000025
2026-06-26,20.0,4.929292250000028
2026-06-26,30.0,4.929292250000028
2026-06-29,0.08333333333333333,3.7444102500000076
2026-06-29,0.25,3.907442249999993
2026-06-29,0.5,4.039999999999999
2026-06-29,1.0,4.009402249999994
2026-06-29,2.0,4.1420249999999825
2026-06-29,3.0,4.1420249999999825
2026-06-29,5.0,4.1828489999999885
2026-06-29,7.0,4.284944000000013
2026-06-29,10.0,4.4279610000000025
2026-06-29,20.0,4.919048999999998
2026-06-29,30.0,4.919048999999998
2026-06-30,0.08333333333333333,3.734225000000002
2026-06-30,0.25,3.907442249999993
2026-06-30,0.5,4.05020024999998
2026-06-30,1.0,4.019601000000006
2026-06-30,2.0,4.1828489999999885
2026-06-30,3.0,4.193056250000016
2026-06-30,5.0,4.233890250000005
2026-06-30,7.0,4.346225000000015
2026-06-30,10.0,4.489283999999993
2026-06-30,20.0,4.990762250000014
2026-06-30,30.0,4.970270250000008
2026-07-01,0.08333333333333333,3.703672250000012
2026-07-01,0.25,3.8870562499999872
2026-07-01,0.5,4.039999999999999
2026-07-01,1.0,4.039999999999999
2026-07-01,2.0,4.213472250000017
2026-07-01,3.0,4.233890250000005
2026-07-01,5.0,4.284944000000013
2026-07-01,7.0,4.397306249999988
2026-07-01,10.0,4.530175999999986
2026-07-01,20.0,5.03175225000001
2026-07-01,30.0,5.03175225000001
2026-07-02,0.08333333333333333,3.734225000000002
2026-07-02,0.25,3.8564809999999783
2026-07-02,0.5,4.019601000000006
2026-07-02,1.0,3.9992040000000006
2026-07-02,2.0,4.1828489999999885
2026-07-02,3.0,4.2032639999999954
2026-07-02,5.0,4.274732249999991
2026-07-02,7.0,4.397306249999988
2026-07-02,10.0,4.540400250000021
2026-07-02,20.0,5.052250250000001
2026-07-02,30.0,5.042000999999985
2026-07-06,0.08333333333333333,3.724040250000016
2026-07-06,0.25,3.907442249999993
2026-07-06,0.5,4.019601000000006
2026-07-06,1.0,3.9890062499999823
2026-07-06,2.0,4.172642250000003
2026-07-06,3.0,4.1828489999999885
2026-07-06,5.0,4.254310250000004
2026-07-06,7.0,4.376872249999986
2026-07-06,10.0,4.530175999999986
2026-07-06,20.0,5.052250250000001
2026-07-06,30.0,5.052250250000001
2026-07-07,0.08333333333333333,3.724040250000016
2026-07-07,0.25,3.8972490000000137
2026-07-07,0.5,4.029800249999993
2026-07-07,1.0,4.1012089999999946
2026-07-07,2.0,4.233890250000005
2026-07-07,3.0,4.22368099999999
2026-07-07,5.0,4.315582249999994
2026-07-07,7.0,4.448399999999997
2026-07-07,10.0,4.601756250000011
2026-07-07,20.0,5.11375624999999
2026-07-07,30.0,5.11375624999999
2026-07-08,0.08333333333333333,3.703672250000012
2026-07-08,0.25,3.907442249999993
2026-07-08,0.5,4.029800249999993
2026-07-08,1.0,4.1012089999999946
2026-07-08,2.0,4.254310250000004
2026-07-08,3.0,4.254310250000004
2026-07-08,5.0,4.356440249999993
2026-07-08,7.0,4.479062249999988
2026-07-08,10.0,4.61198399999998
2026-07-08,20.0,5.134262249999999
2026-07-08,30.0,5.124009000000029
2026-07-09,0.08333333333333333,3.754595999999988
2026-07-09,0.25,3.8666722499999917
2026-07-09,0.5,3.9992040000000006
2026-07-09,1.0,4.060401000000002
2026-07-09,2.0,4.2032639999999954
2026-07-09,3.0,4.22368099999999
2026-07-09,5.0,4.315582249999994
2026-07-09,7.0,4.448399999999997
2026-07-09,10.0,4.591528999999994
2026-07-09,20.0,5.124009000000029
2026-07-09,30.0,5.11375624999999
2026-07-10,0.08333333333333333,3.7444102500000076
2026-07-10,0.25,3.8870562499999872
2026-07-10,0.5,4.029800249999993
2026-07-10,1.0,4.1012089999999946
2026-07-10,2.0,4.254310250000004
2026-07-10,3.0,4.264520999999988
2026-07-10,5.0,4.346225000000015
2026-07-10,7.0,4.468841000000001
2026-07-10,10.0,4.61198399999998
2026-07-10,20.0,5.14451600000001
2026-07-10,30.0,5.124009000000029
2026-07-13,0.08333333333333333,3.7647822500000094
2026-07-13,0.25,3.927830249999986
2026-07-13,0.5,4.070602250000022
2026-07-13,1.0,4.162435999999992
2026-07-13,2.0,4.3053690000000255
2026-07-13,3.0,4.346225000000015
2026-07-13,5.0,4.4177422499999786
2026-07-13,7.0,4.530175999999986
2026-07-13,10.0,4.673360999999976
2026-07-13,20.0,5.175280250000003
2026-07-13,30.0,5.165025000000023
2026-07-14,0.08333333333333333,3.7647822500000094
2026-07-14,0.25,3.8768640000000243
2026-07-14,0.5,3.9890062499999823
2026-07-14,1.0,4.060401000000002
2026-07-14,2.0,4.22368099999999
2026-07-14,3.0,4.274732249999991
2026-07-14,5.0,4.356440249999993
2026-07-14,7.0,4.489283999999993
2026-07-14,10.0,4.632440999999976
2026-07-14,20.0,5.154770249999996
2026-07-14,30.0,5.14451600000001
2026-07-15,0.08333333333333333,3.7647822500000094
2026-07-15,0.25,3.8666722499999917
2026-07-15,0.5,3.968612249999981
2026-07-15,1.0,4.009402249999994
2026-07-15,2.0,4.172642250000003
2026-07-15,3.0,4.22368099999999
2026-07-15,5.0,4.3053690000000255
2026-07-15,7.0,4.438180249999979
2026-07-15,10.0,4.601756250000011
2026-07-15,20.0,5.134262249999999
2026-07-15,30.0,5.14451600000001
2026-07-16,0.08333333333333333,3.7953439999999894
2026-07-16,0.25,3.8768640000000243
2026-07-16,0.5,3.9788090000000054
2026-07-16,1.0,4.029800249999993
2026-07-16,2.0,4.2032639999999954
2026-07-16,3.0,4.244099999999973
2026-07-16,5.0,4.325796000000026
2026-07-16,7.0,4.458620249999989
2026-07-16,10.0,4.622212250000013
2026-07-16,20.0,5.154770249999996
2026-07-16,30.0,5.154770249999996
2026-07-17,0.08333333333333333,3.7647822500000094
2026-07-17,0.25,3.8870562499999872
2026-07-17,0.5,3.9992040000000006
2026-07-17,1.0,4.05020024999998
2026-07-17,2.0,4.22368099999999
2026-07-17,3.0,4.254310250000004
2026-07-17,5.0,4.325796000000026
2026-07-17,7.0,4.448399999999997
2026-07-17,10.0,4.601756250000011
2026-07-17,20.0,5.134262249999999
2026-07-17,30.0,5.124009000000029
2026-07-20,0.08333333333333333,3.754595999999988
2026-07-20,0.25,3.8972490000000137
2026-07-20,0.5,4.039999999999999
2026-07-20,1.0,4.070602250000022
2026-07-20,2.0,4.254310250000004
2026-07-20,3.0,4.295156249999987
2026-07-20,5.0,4.376872249999986
2026-07-20,7.0,4.499506250000018
2026-07-20,10.0,4.652899999999982
2026-07-20,20.0,5.185536000000024
2026-07-20,30.0,5.175280250000003
2026-07-21,0.08333333333333333,3.785156249999999
2026-07-21,0.25,3.907442249999993
2026-07-21,0.5,4.060401000000002
2026-07-21,1.0,4.121616000000006
2026-07-21,2.0,4.3053690000000255
2026-07-21,3.0,4.356440249999993
2026-07-21,5.0,4.4177422499999786
2026-07-21,7.0,4.550624999999986
2026-07-21,10.0,4.6835922499999905
2026-07-21,20.0,5.206049000000013
2026-07-21,30.0,5.195792249999998
